{
  "type": "FeatureCollection",
  "features": [
    {
      "type": "Feature",
      "properties": {
        "name": "28/09/2026 17:46:59",
        "COORD": "-1,2133,39,4007",
        "DATE": "2026-09-28",
        "TIME": "17:46",
        "MXI": "-7,46 kA.",
        "STR": "0",
        "SMA": "0,228 Km.",
        "SMI": "0,16999993 Km.",
        "CHI": "1,1",
        "metvlc_time_utc": "2026-09-28T15:46:00+00:00",
        "metvlc_time_source": "date+time",
        "metvlc_has_real_time": true,
        "metvlc_captura_utc": "2026-09-28T20:33:42+00:00",
        "metvlc_last_seen_utc": "2026-09-28T20:33:42+00:00",
        "metvlc_fuente": "SIGIF/GVA Rayos 24h KMZ"
      },
      "geometry": {
        "type": "Point",
        "coordinates": [
          -1.2133,
          39.4007
        ]
      }
    },
    {
      "type": "Feature",
      "properties": {
        "name": "28/09/2026 17:49:53",
        "COORD": "-0,4127,38,8535",
        "DATE": "2026-09-28",
        "TIME": "17:49",
        "MXI": "-13,96 kA.",
        "STR": "0",
        "SMA": "0,199 Km.",
        "SMI": "0,13699998 Km.",
        "CHI": "0,3",
        "metvlc_time_utc": "2026-09-28T15:49:00+00:00",
        "metvlc_time_source": "date+time",
        "metvlc_has_real_time": true,
        "metvlc_captura_utc": "2026-09-28T20:33:42+00:00",
        "metvlc_last_seen_utc": "2026-09-28T20:33:42+00:00",
        "metvlc_fuente": "SIGIF/GVA Rayos 24h KMZ"
      },
      "geometry": {
        "type": "Point",
        "coordinates": [
          -0.4127,
          38.8535
        ]
      }
    },
    {
      "type": "Feature",
      "properties": {
        "name": "28/09/2026 17:55:09",
        "COORD": "-0,4129,38,8926",
        "DATE": "2026-09-28",
        "TIME": "17:55",
        "MXI": "-12,53 kA.",
        "STR": "0",
        "SMA": "0,235 Km.",
        "SMI": "0,14099997 Km.",
        "CHI": "0,2",
        "metvlc_time_utc": "2026-09-28T15:55:00+00:00",
        "metvlc_time_source": "date+time",
        "metvlc_has_real_time": true,
        "metvlc_captura_utc": "2026-09-28T20:33:42+00:00",
        "metvlc_last_seen_utc": "2026-09-28T20:33:42+00:00",
        "metvlc_fuente": "SIGIF/GVA Rayos 24h KMZ"
      },
      "geometry": {
        "type": "Point",
        "coordinates": [
          -0.4129,
          38.8926
        ]
      }
    },
    {
      "type": "Feature",
      "properties": {
        "name": "28/09/2026 17:56:20",
        "COORD": "-0,3884,38,8699",
        "DATE": "2026-09-28",
        "TIME": "17:56",
        "MXI": "-8,83 kA.",
        "STR": "0",
        "SMA": "0,237 Km.",
        "SMI": "0,17099999 Km.",
        "CHI": "0,2",
        "metvlc_time_utc": "2026-09-28T15:56:00+00:00",
        "metvlc_time_source": "date+time",
        "metvlc_has_real_time": true,
        "metvlc_captura_utc": "2026-09-28T20:33:42+00:00",
        "metvlc_last_seen_utc": "2026-09-28T20:33:42+00:00",
        "metvlc_fuente": "SIGIF/GVA Rayos 24h KMZ"
      },
      "geometry": {
        "type": "Point",
        "coordinates": [
          -0.3884,
          38.8699
        ]
      }
    },
    {
      "type": "Feature",
      "properties": {
        "name": "28/09/2026 17:56:20",
        "COORD": "-0,3763,38,8915",
        "DATE": "2026-09-28",
        "TIME": "17:56",
        "MXI": "-6,99 kA.",
        "STR": "0",
        "SMA": "0,734 Km.",
        "SMI": "0,207 Km.",
        "CHI": "0,4",
        "metvlc_time_utc": "2026-09-28T15:56:00+00:00",
        "metvlc_time_source": "date+time",
        "metvlc_has_real_time": true,
        "metvlc_captura_utc": "2026-09-28T20:33:42+00:00",
        "metvlc_last_seen_utc": "2026-09-28T20:33:42+00:00",
        "metvlc_fuente": "SIGIF/GVA Rayos 24h KMZ"
      },
      "geometry": {
        "type": "Point",
        "coordinates": [
          -0.3763,
          38.8915
        ]
      }
    },
    {
      "type": "Feature",
      "properties": {
        "name": "28/09/2026 17:56:20",
        "COORD": "-0,3755,38,8917",
        "DATE": "2026-09-28",
        "TIME": "17:56",
        "MXI": "-14,47 kA.",
        "STR": "0",
        "SMA": "0,189 Km.",
        "SMI": "0,13000001 Km.",
        "CHI": "0,1",
        "metvlc_time_utc": "2026-09-28T15:56:00+00:00",
        "metvlc_time_source": "date+time",
        "metvlc_has_real_time": true,
        "metvlc_captura_utc": "2026-09-28T20:33:42+00:00",
        "metvlc_last_seen_utc": "2026-09-28T20:33:42+00:00",
        "metvlc_fuente": "SIGIF/GVA Rayos 24h KMZ"
      },
      "geometry": {
        "type": "Point",
        "coordinates": [
          -0.3755,
          38.8917
        ]
      }
    },
    {
      "type": "Feature",
      "properties": {
        "name": "28/09/2026 17:57:54",
        "COORD": "-0,3717,38,8771",
        "DATE": "2026-09-28",
        "TIME": "17:57",
        "MXI": "-11,08 kA.",
        "STR": "0",
        "SMA": "0,235 Km.",
        "SMI": "0,13400002 Km.",
        "CHI": "0,1",
        "metvlc_time_utc": "2026-09-28T15:57:00+00:00",
        "metvlc_time_source": "date+time",
        "metvlc_has_real_time": true,
        "metvlc_captura_utc": "2026-09-28T20:33:42+00:00",
        "metvlc_last_seen_utc": "2026-09-28T20:33:42+00:00",
        "metvlc_fuente": "SIGIF/GVA Rayos 24h KMZ"
      },
      "geometry": {
        "type": "Point",
        "coordinates": [
          -0.3717,
          38.8771
        ]
      }
    },
    {
      "type": "Feature",
      "properties": {
        "name": "28/09/2026 17:57:54",
        "COORD": "-0,4154,38,8756",
        "DATE": "2026-09-28",
        "TIME": "17:57",
        "MXI": "-10,02 kA.",
        "STR": "0",
        "SMA": "0,239 Km.",
        "SMI": "0,15000002 Km.",
        "CHI": "0,1",
        "metvlc_time_utc": "2026-09-28T15:57:00+00:00",
        "metvlc_time_source": "date+time",
        "metvlc_has_real_time": true,
        "metvlc_captura_utc": "2026-09-28T20:33:42+00:00",
        "metvlc_last_seen_utc": "2026-09-28T20:33:42+00:00",
        "metvlc_fuente": "SIGIF/GVA Rayos 24h KMZ"
      },
      "geometry": {
        "type": "Point",
        "coordinates": [
          -0.4154,
          38.8756
        ]
      }
    },
    {
      "type": "Feature",
      "properties": {
        "name": "28/09/2026 17:57:54",
        "COORD": "-0,3728,38,9",
        "DATE": "2026-09-28",
        "TIME": "17:57",
        "MXI": "-11,2 kA.",
        "STR": "0",
        "SMA": "0,221 Km.",
        "SMI": "0,14900005 Km.",
        "CHI": "0,4",
        "metvlc_time_utc": "2026-09-28T15:57:00+00:00",
        "metvlc_time_source": "date+time",
        "metvlc_has_real_time": true,
        "metvlc_captura_utc": "2026-09-28T20:33:42+00:00",
        "metvlc_last_seen_utc": "2026-09-28T20:33:42+00:00",
        "metvlc_fuente": "SIGIF/GVA Rayos 24h KMZ"
      },
      "geometry": {
        "type": "Point",
        "coordinates": [
          -0.3728,
          38.9
        ]
      }
    },
    {
      "type": "Feature",
      "properties": {
        "name": "28/09/2026 18:00:01",
        "COORD": "-0,3757,38,8947",
        "DATE": "2026-09-28",
        "TIME": "18:00",
        "MXI": "-9,19 kA.",
        "STR": "0",
        "SMA": "0,219 Km.",
        "SMI": "0,17000005 Km.",
        "CHI": "0,2",
        "metvlc_time_utc": "2026-09-28T16:00:00+00:00",
        "metvlc_time_source": "date+time",
        "metvlc_has_real_time": true,
        "metvlc_captura_utc": "2026-09-28T20:33:42+00:00",
        "metvlc_last_seen_utc": "2026-09-28T20:33:42+00:00",
        "metvlc_fuente": "SIGIF/GVA Rayos 24h KMZ"
      },
      "geometry": {
        "type": "Point",
        "coordinates": [
          -0.3757,
          38.8947
        ]
      }
    },
    {
      "type": "Feature",
      "properties": {
        "name": "28/09/2026 18:00:01",
        "COORD": "-0,3748,38,8732",
        "DATE": "2026-09-28",
        "TIME": "18:00",
        "MXI": "-7,96 kA.",
        "STR": "0",
        "SMA": "0,257 Km.",
        "SMI": "0,17600003 Km.",
        "CHI": "0,2",
        "metvlc_time_utc": "2026-09-28T16:00:00+00:00",
        "metvlc_time_source": "date+time",
        "metvlc_has_real_time": true,
        "metvlc_captura_utc": "2026-09-28T20:33:42+00:00",
        "metvlc_last_seen_utc": "2026-09-28T20:33:42+00:00",
        "metvlc_fuente": "SIGIF/GVA Rayos 24h KMZ"
      },
      "geometry": {
        "type": "Point",
        "coordinates": [
          -0.3748,
          38.8732
        ]
      }
    },
    {
      "type": "Feature",
      "properties": {
        "name": "28/09/2026 18:00:02",
        "COORD": "-0,3748,38,8737",
        "DATE": "2026-09-28",
        "TIME": "18:00",
        "MXI": "-23,46 kA.",
        "STR": "0",
        "SMA": "0,329 Km.",
        "SMI": "0,12899998 Km.",
        "CHI": "0,4",
        "metvlc_time_utc": "2026-09-28T16:00:00+00:00",
        "metvlc_time_source": "date+time",
        "metvlc_has_real_time": true,
        "metvlc_captura_utc": "2026-09-28T20:33:42+00:00",
        "metvlc_last_seen_utc": "2026-09-28T20:33:42+00:00",
        "metvlc_fuente": "SIGIF/GVA Rayos 24h KMZ"
      },
      "geometry": {
        "type": "Point",
        "coordinates": [
          -0.3748,
          38.8737
        ]
      }
    },
    {
      "type": "Feature",
      "properties": {
        "name": "28/09/2026 18:02:52",
        "COORD": "-1,1655,39,4295",
        "DATE": "2026-09-28",
        "TIME": "18:02",
        "MXI": "-11,24 kA.",
        "STR": "0",
        "SMA": "0,165 Km.",
        "SMI": "0,12599999 Km.",
        "CHI": "0,5",
        "metvlc_time_utc": "2026-09-28T16:02:00+00:00",
        "metvlc_time_source": "date+time",
        "metvlc_has_real_time": true,
        "metvlc_captura_utc": "2026-09-28T20:33:42+00:00",
        "metvlc_last_seen_utc": "2026-09-28T20:33:42+00:00",
        "metvlc_fuente": "SIGIF/GVA Rayos 24h KMZ"
      },
      "geometry": {
        "type": "Point",
        "coordinates": [
          -1.1655,
          39.4295
        ]
      }
    },
    {
      "type": "Feature",
      "properties": {
        "name": "28/09/2026 18:02:52",
        "COORD": "-1,1654,39,4294",
        "DATE": "2026-09-28",
        "TIME": "18:02",
        "MXI": "-14,05 kA.",
        "STR": "0",
        "SMA": "0,165 Km.",
        "SMI": "0,12599999 Km.",
        "CHI": "0,8",
        "metvlc_time_utc": "2026-09-28T16:02:00+00:00",
        "metvlc_time_source": "date+time",
        "metvlc_has_real_time": true,
        "metvlc_captura_utc": "2026-09-28T20:33:42+00:00",
        "metvlc_last_seen_utc": "2026-09-28T20:33:42+00:00",
        "metvlc_fuente": "SIGIF/GVA Rayos 24h KMZ"
      },
      "geometry": {
        "type": "Point",
        "coordinates": [
          -1.1654,
          39.4294
        ]
      }
    },
    {
      "type": "Feature",
      "properties": {
        "name": "28/09/2026 18:04:02",
        "COORD": "-1,1834,39,4461",
        "DATE": "2026-09-28",
        "TIME": "18:04",
        "MXI": "-8,01 kA.",
        "STR": "0",
        "SMA": "0,238 Km.",
        "SMI": "0,20399995 Km.",
        "CHI": "1,2",
        "metvlc_time_utc": "2026-09-28T16:04:00+00:00",
        "metvlc_time_source": "date+time",
        "metvlc_has_real_time": true,
        "metvlc_captura_utc": "2026-09-28T20:33:42+00:00",
        "metvlc_last_seen_utc": "2026-09-28T20:33:42+00:00",
        "metvlc_fuente": "SIGIF/GVA Rayos 24h KMZ"
      },
      "geometry": {
        "type": "Point",
        "coordinates": [
          -1.1834,
          39.4461
        ]
      }
    },
    {
      "type": "Feature",
      "properties": {
        "name": "28/09/2026 18:07:05",
        "COORD": "-1,1709,39,458",
        "DATE": "2026-09-28",
        "TIME": "18:07",
        "MXI": "-13,85 kA.",
        "STR": "0",
        "SMA": "0,162 Km.",
        "SMI": "0,12399996 Km.",
        "CHI": "0,6",
        "metvlc_time_utc": "2026-09-28T16:07:00+00:00",
        "metvlc_time_source": "date+time",
        "metvlc_has_real_time": true,
        "metvlc_captura_utc": "2026-09-28T20:33:42+00:00",
        "metvlc_last_seen_utc": "2026-09-28T20:33:42+00:00",
        "metvlc_fuente": "SIGIF/GVA Rayos 24h KMZ"
      },
      "geometry": {
        "type": "Point",
        "coordinates": [
          -1.1709,
          39.458
        ]
      }
    },
    {
      "type": "Feature",
      "properties": {
        "name": "28/09/2026 18:07:05",
        "COORD": "-1,1636,39,4131",
        "DATE": "2026-09-28",
        "TIME": "18:07",
        "MXI": "-31,02 kA.",
        "STR": "0",
        "SMA": "0,166 Km.",
        "SMI": "0,12799999 Km.",
        "CHI": "0,9",
        "metvlc_time_utc": "2026-09-28T16:07:00+00:00",
        "metvlc_time_source": "date+time",
        "metvlc_has_real_time": true,
        "metvlc_captura_utc": "2026-09-28T20:33:42+00:00",
        "metvlc_last_seen_utc": "2026-09-28T20:33:42+00:00",
        "metvlc_fuente": "SIGIF/GVA Rayos 24h KMZ"
      },
      "geometry": {
        "type": "Point",
        "coordinates": [
          -1.1636,
          39.4131
        ]
      }
    },
    {
      "type": "Feature",
      "properties": {
        "name": "28/09/2026 18:07:05",
        "COORD": "-1,1642,39,4144",
        "DATE": "2026-09-28",
        "TIME": "18:07",
        "MXI": "-6,29 kA.",
        "STR": "0",
        "SMA": "0,43 Km.",
        "SMI": "0,22000006 Km.",
        "CHI": "1,9",
        "metvlc_time_utc": "2026-09-28T16:07:00+00:00",
        "metvlc_time_source": "date+time",
        "metvlc_has_real_time": true,
        "metvlc_captura_utc": "2026-09-28T20:33:42+00:00",
        "metvlc_last_seen_utc": "2026-09-28T20:33:42+00:00",
        "metvlc_fuente": "SIGIF/GVA Rayos 24h KMZ"
      },
      "geometry": {
        "type": "Point",
        "coordinates": [
          -1.1642,
          39.4144
        ]
      }
    },
    {
      "type": "Feature",
      "properties": {
        "name": "28/09/2026 18:07:05",
        "COORD": "-1,1643,39,4143",
        "DATE": "2026-09-28",
        "TIME": "18:07",
        "MXI": "-5,22 kA.",
        "STR": "0",
        "SMA": "0,424 Km.",
        "SMI": "0,22199999 Km.",
        "CHI": "1,5",
        "metvlc_time_utc": "2026-09-28T16:07:00+00:00",
        "metvlc_time_source": "date+time",
        "metvlc_has_real_time": true,
        "metvlc_captura_utc": "2026-09-28T20:33:42+00:00",
        "metvlc_last_seen_utc": "2026-09-28T20:33:42+00:00",
        "metvlc_fuente": "SIGIF/GVA Rayos 24h KMZ"
      },
      "geometry": {
        "type": "Point",
        "coordinates": [
          -1.1643,
          39.4143
        ]
      }
    },
    {
      "type": "Feature",
      "properties": {
        "name": "28/09/2026 18:09:56",
        "COORD": "-1,1331,39,4424",
        "DATE": "2026-09-28",
        "TIME": "18:09",
        "MXI": "-18,92 kA.",
        "STR": "0",
        "SMA": "0,165 Km.",
        "SMI": "0,12400002 Km.",
        "CHI": "1",
        "metvlc_time_utc": "2026-09-28T16:09:00+00:00",
        "metvlc_time_source": "date+time",
        "metvlc_has_real_time": true,
        "metvlc_captura_utc": "2026-09-28T20:33:42+00:00",
        "metvlc_last_seen_utc": "2026-09-28T20:33:42+00:00",
        "metvlc_fuente": "SIGIF/GVA Rayos 24h KMZ"
      },
      "geometry": {
        "type": "Point",
        "coordinates": [
          -1.1331,
          39.4424
        ]
      }
    },
    {
      "type": "Feature",
      "properties": {
        "name": "28/09/2026 18:09:56",
        "COORD": "-1,1522,39,3907",
        "DATE": "2026-09-28",
        "TIME": "18:09",
        "MXI": "-10,2 kA.",
        "STR": "0",
        "SMA": "0,175 Km.",
        "SMI": "0,138 Km.",
        "CHI": "0,6",
        "metvlc_time_utc": "2026-09-28T16:09:00+00:00",
        "metvlc_time_source": "date+time",
        "metvlc_has_real_time": true,
        "metvlc_captura_utc": "2026-09-28T20:33:42+00:00",
        "metvlc_last_seen_utc": "2026-09-28T20:33:42+00:00",
        "metvlc_fuente": "SIGIF/GVA Rayos 24h KMZ"
      },
      "geometry": {
        "type": "Point",
        "coordinates": [
          -1.1522,
          39.3907
        ]
      }
    },
    {
      "type": "Feature",
      "properties": {
        "name": "28/09/2026 18:11:18",
        "COORD": "-1,1735,39,4709",
        "DATE": "2026-09-28",
        "TIME": "18:11",
        "MXI": "-6,07 kA.",
        "STR": "0",
        "SMA": "0,455 Km.",
        "SMI": "0,218 Km.",
        "CHI": "1,8",
        "metvlc_time_utc": "2026-09-28T16:11:00+00:00",
        "metvlc_time_source": "date+time",
        "metvlc_has_real_time": true,
        "metvlc_captura_utc": "2026-09-28T20:33:42+00:00",
        "metvlc_last_seen_utc": "2026-09-28T20:33:42+00:00",
        "metvlc_fuente": "SIGIF/GVA Rayos 24h KMZ"
      },
      "geometry": {
        "type": "Point",
        "coordinates": [
          -1.1735,
          39.4709
        ]
      }
    },
    {
      "type": "Feature",
      "properties": {
        "name": "28/09/2026 18:11:19",
        "COORD": "-1,1289,39,4859",
        "DATE": "2026-09-28",
        "TIME": "18:11",
        "MXI": "-9,16 kA.",
        "STR": "0",
        "SMA": "0,179 Km.",
        "SMI": "0,14000005 Km.",
        "CHI": "0,3",
        "metvlc_time_utc": "2026-09-28T16:11:00+00:00",
        "metvlc_time_source": "date+time",
        "metvlc_has_real_time": true,
        "metvlc_captura_utc": "2026-09-28T20:33:42+00:00",
        "metvlc_last_seen_utc": "2026-09-28T20:33:42+00:00",
        "metvlc_fuente": "SIGIF/GVA Rayos 24h KMZ"
      },
      "geometry": {
        "type": "Point",
        "coordinates": [
          -1.1289,
          39.4859
        ]
      }
    },
    {
      "type": "Feature",
      "properties": {
        "name": "28/09/2026 18:13:01",
        "COORD": "-1,1731,39,4472",
        "DATE": "2026-09-28",
        "TIME": "18:13",
        "MXI": "-27,56 kA.",
        "STR": "0",
        "SMA": "0,163 Km.",
        "SMI": "0,12799996 Km.",
        "CHI": "0,8",
        "metvlc_time_utc": "2026-09-28T16:13:00+00:00",
        "metvlc_time_source": "date+time",
        "metvlc_has_real_time": true,
        "metvlc_captura_utc": "2026-09-28T20:33:42+00:00",
        "metvlc_last_seen_utc": "2026-09-28T20:33:42+00:00",
        "metvlc_fuente": "SIGIF/GVA Rayos 24h KMZ"
      },
      "geometry": {
        "type": "Point",
        "coordinates": [
          -1.1731,
          39.4472
        ]
      }
    },
    {
      "type": "Feature",
      "properties": {
        "name": "28/09/2026 18:13:01",
        "COORD": "-1,1731,39,4473",
        "DATE": "2026-09-28",
        "TIME": "18:13",
        "MXI": "-15,64 kA.",
        "STR": "0",
        "SMA": "0,165 Km.",
        "SMI": "0,12599999 Km.",
        "CHI": "0,6",
        "metvlc_time_utc": "2026-09-28T16:13:00+00:00",
        "metvlc_time_source": "date+time",
        "metvlc_has_real_time": true,
        "metvlc_captura_utc": "2026-09-28T20:33:42+00:00",
        "metvlc_last_seen_utc": "2026-09-28T20:33:42+00:00",
        "metvlc_fuente": "SIGIF/GVA Rayos 24h KMZ"
      },
      "geometry": {
        "type": "Point",
        "coordinates": [
          -1.1731,
          39.4473
        ]
      }
    },
    {
      "type": "Feature",
      "properties": {
        "name": "28/09/2026 18:13:02",
        "COORD": "-1,1732,39,4469",
        "DATE": "2026-09-28",
        "TIME": "18:13",
        "MXI": "-44,58 kA.",
        "STR": "0",
        "SMA": "0,165 Km.",
        "SMI": "0,116999954 Km.",
        "CHI": "0,8",
        "metvlc_time_utc": "2026-09-28T16:13:00+00:00",
        "metvlc_time_source": "date+time",
        "metvlc_has_real_time": true,
        "metvlc_captura_utc": "2026-09-28T20:33:42+00:00",
        "metvlc_last_seen_utc": "2026-09-28T20:33:42+00:00",
        "metvlc_fuente": "SIGIF/GVA Rayos 24h KMZ"
      },
      "geometry": {
        "type": "Point",
        "coordinates": [
          -1.1732,
          39.4469
        ]
      }
    },
    {
      "type": "Feature",
      "properties": {
        "name": "28/09/2026 18:14:28",
        "COORD": "-1,155,39,4712",
        "DATE": "2026-09-28",
        "TIME": "18:14",
        "MXI": "-12,96 kA.",
        "STR": "0",
        "SMA": "0,162 Km.",
        "SMI": "0,125 Km.",
        "CHI": "0,8",
        "metvlc_time_utc": "2026-09-28T16:14:00+00:00",
        "metvlc_time_source": "date+time",
        "metvlc_has_real_time": true,
        "metvlc_captura_utc": "2026-09-28T20:33:42+00:00",
        "metvlc_last_seen_utc": "2026-09-28T20:33:42+00:00",
        "metvlc_fuente": "SIGIF/GVA Rayos 24h KMZ"
      },
      "geometry": {
        "type": "Point",
        "coordinates": [
          -1.155,
          39.4712
        ]
      }
    },
    {
      "type": "Feature",
      "properties": {
        "name": "28/09/2026 18:15:38",
        "COORD": "-1,1496,39,4505",
        "DATE": "2026-09-28",
        "TIME": "18:15",
        "MXI": "-17,44 kA.",
        "STR": "0",
        "SMA": "0,162 Km.",
        "SMI": "0,125 Km.",
        "CHI": "0,8",
        "metvlc_time_utc": "2026-09-28T16:15:00+00:00",
        "metvlc_time_source": "date+time",
        "metvlc_has_real_time": true,
        "metvlc_captura_utc": "2026-09-28T20:33:42+00:00",
        "metvlc_last_seen_utc": "2026-09-28T20:33:42+00:00",
        "metvlc_fuente": "SIGIF/GVA Rayos 24h KMZ"
      },
      "geometry": {
        "type": "Point",
        "coordinates": [
          -1.1496,
          39.4505
        ]
      }
    },
    {
      "type": "Feature",
      "properties": {
        "name": "28/09/2026 18:15:38",
        "COORD": "-1,1443,39,4586",
        "DATE": "2026-09-28",
        "TIME": "18:15",
        "MXI": "-17,65 kA.",
        "STR": "0",
        "SMA": "0,164 Km.",
        "SMI": "0,125 Km.",
        "CHI": "0,8",
        "metvlc_time_utc": "2026-09-28T16:15:00+00:00",
        "metvlc_time_source": "date+time",
        "metvlc_has_real_time": true,
        "metvlc_captura_utc": "2026-09-28T20:33:42+00:00",
        "metvlc_last_seen_utc": "2026-09-28T20:33:42+00:00",
        "metvlc_fuente": "SIGIF/GVA Rayos 24h KMZ"
      },
      "geometry": {
        "type": "Point",
        "coordinates": [
          -1.1443,
          39.4586
        ]
      }
    },
    {
      "type": "Feature",
      "properties": {
        "name": "28/09/2026 18:15:38",
        "COORD": "-1,1599,39,4513",
        "DATE": "2026-09-28",
        "TIME": "18:15",
        "MXI": "-18,39 kA.",
        "STR": "0",
        "SMA": "0,167 Km.",
        "SMI": "0,12599997 Km.",
        "CHI": "0,5",
        "metvlc_time_utc": "2026-09-28T16:15:00+00:00",
        "metvlc_time_source": "date+time",
        "metvlc_has_real_time": true,
        "metvlc_captura_utc": "2026-09-28T20:33:42+00:00",
        "metvlc_last_seen_utc": "2026-09-28T20:33:42+00:00",
        "metvlc_fuente": "SIGIF/GVA Rayos 24h KMZ"
      },
      "geometry": {
        "type": "Point",
        "coordinates": [
          -1.1599,
          39.4513
        ]
      }
    },
    {
      "type": "Feature",
      "properties": {
        "name": "28/09/2026 18:15:39",
        "COORD": "-1,1891,39,4091",
        "DATE": "2026-09-28",
        "TIME": "18:15",
        "MXI": "-9,49 kA.",
        "STR": "0",
        "SMA": "0,225 Km.",
        "SMI": "0,14300005 Km.",
        "CHI": "0,7",
        "metvlc_time_utc": "2026-09-28T16:15:00+00:00",
        "metvlc_time_source": "date+time",
        "metvlc_has_real_time": true,
        "metvlc_captura_utc": "2026-09-28T20:33:42+00:00",
        "metvlc_last_seen_utc": "2026-09-28T20:33:42+00:00",
        "metvlc_fuente": "SIGIF/GVA Rayos 24h KMZ"
      },
      "geometry": {
        "type": "Point",
        "coordinates": [
          -1.1891,
          39.4091
        ]
      }
    },
    {
      "type": "Feature",
      "properties": {
        "name": "28/09/2026 18:17:47",
        "COORD": "-1,0573,39,409",
        "DATE": "2026-09-28",
        "TIME": "18:17",
        "MXI": "-23,49 kA.",
        "STR": "0",
        "SMA": "0,166 Km.",
        "SMI": "0,12700005 Km.",
        "CHI": "0,8",
        "metvlc_time_utc": "2026-09-28T16:17:00+00:00",
        "metvlc_time_source": "date+time",
        "metvlc_has_real_time": true,
        "metvlc_captura_utc": "2026-09-28T20:33:42+00:00",
        "metvlc_last_seen_utc": "2026-09-28T20:33:42+00:00",
        "metvlc_fuente": "SIGIF/GVA Rayos 24h KMZ"
      },
      "geometry": {
        "type": "Point",
        "coordinates": [
          -1.0573,
          39.409
        ]
      }
    },
    {
      "type": "Feature",
      "properties": {
        "name": "28/09/2026 18:18:18",
        "COORD": "-1,1427,39,4946",
        "DATE": "2026-09-28",
        "TIME": "18:18",
        "MXI": "-10,79 kA.",
        "STR": "0",
        "SMA": "0,176 Km.",
        "SMI": "0,15400003 Km.",
        "CHI": "0,2",
        "metvlc_time_utc": "2026-09-28T16:18:00+00:00",
        "metvlc_time_source": "date+time",
        "metvlc_has_real_time": true,
        "metvlc_captura_utc": "2026-09-28T20:33:42+00:00",
        "metvlc_last_seen_utc": "2026-09-28T20:33:42+00:00",
        "metvlc_fuente": "SIGIF/GVA Rayos 24h KMZ"
      },
      "geometry": {
        "type": "Point",
        "coordinates": [
          -1.1427,
          39.4946
        ]
      }
    },
    {
      "type": "Feature",
      "properties": {
        "name": "28/09/2026 18:19:24",
        "COORD": "-1,1907,39,4521",
        "DATE": "2026-09-28",
        "TIME": "18:19",
        "MXI": "-15,22 kA.",
        "STR": "0",
        "SMA": "0,162 Km.",
        "SMI": "0,12600003 Km.",
        "CHI": "0,7",
        "metvlc_time_utc": "2026-09-28T16:19:00+00:00",
        "metvlc_time_source": "date+time",
        "metvlc_has_real_time": true,
        "metvlc_captura_utc": "2026-09-28T20:33:42+00:00",
        "metvlc_last_seen_utc": "2026-09-28T20:33:42+00:00",
        "metvlc_fuente": "SIGIF/GVA Rayos 24h KMZ"
      },
      "geometry": {
        "type": "Point",
        "coordinates": [
          -1.1907,
          39.4521
        ]
      }
    },
    {
      "type": "Feature",
      "properties": {
        "name": "28/09/2026 18:21:11",
        "COORD": "-1,1979,39,3583",
        "DATE": "2026-09-28",
        "TIME": "18:21",
        "MXI": "-7,22 kA.",
        "STR": "0",
        "SMA": "0,242 Km.",
        "SMI": "0,17399995 Km.",
        "CHI": "1,2",
        "metvlc_time_utc": "2026-09-28T16:21:00+00:00",
        "metvlc_time_source": "date+time",
        "metvlc_has_real_time": true,
        "metvlc_captura_utc": "2026-09-28T20:33:42+00:00",
        "metvlc_last_seen_utc": "2026-09-28T20:33:42+00:00",
        "metvlc_fuente": "SIGIF/GVA Rayos 24h KMZ"
      },
      "geometry": {
        "type": "Point",
        "coordinates": [
          -1.1979,
          39.3583
        ]
      }
    },
    {
      "type": "Feature",
      "properties": {
        "name": "28/09/2026 18:21:11",
        "COORD": "-1,2173,39,3741",
        "DATE": "2026-09-28",
        "TIME": "18:21",
        "MXI": "-9,12 kA.",
        "STR": "0",
        "SMA": "0,183 Km.",
        "SMI": "0,147 Km.",
        "CHI": "0,5",
        "metvlc_time_utc": "2026-09-28T16:21:00+00:00",
        "metvlc_time_source": "date+time",
        "metvlc_has_real_time": true,
        "metvlc_captura_utc": "2026-09-28T20:33:42+00:00",
        "metvlc_last_seen_utc": "2026-09-28T20:33:42+00:00",
        "metvlc_fuente": "SIGIF/GVA Rayos 24h KMZ"
      },
      "geometry": {
        "type": "Point",
        "coordinates": [
          -1.2173,
          39.3741
        ]
      }
    },
    {
      "type": "Feature",
      "properties": {
        "name": "28/09/2026 18:21:39",
        "COORD": "-1,3544,39,9505",
        "DATE": "2026-09-28",
        "TIME": "18:21",
        "MXI": "-12,82 kA.",
        "STR": "0",
        "SMA": "0,157 Km.",
        "SMI": "0,13300002 Km.",
        "CHI": "0,4",
        "metvlc_time_utc": "2026-09-28T16:21:00+00:00",
        "metvlc_time_source": "date+time",
        "metvlc_has_real_time": true,
        "metvlc_captura_utc": "2026-09-28T20:33:42+00:00",
        "metvlc_last_seen_utc": "2026-09-28T20:33:42+00:00",
        "metvlc_fuente": "SIGIF/GVA Rayos 24h KMZ"
      },
      "geometry": {
        "type": "Point",
        "coordinates": [
          -1.3544,
          39.9505
        ]
      }
    },
    {
      "type": "Feature",
      "properties": {
        "name": "28/09/2026 18:22:52",
        "COORD": "-1,1643,39,4546",
        "DATE": "2026-09-28",
        "TIME": "18:22",
        "MXI": "-7,65 kA.",
        "STR": "0",
        "SMA": "0,239 Km.",
        "SMI": "0,17999996 Km.",
        "CHI": "0,7",
        "metvlc_time_utc": "2026-09-28T16:22:00+00:00",
        "metvlc_time_source": "date+time",
        "metvlc_has_real_time": true,
        "metvlc_captura_utc": "2026-09-28T20:33:42+00:00",
        "metvlc_last_seen_utc": "2026-09-28T20:33:42+00:00",
        "metvlc_fuente": "SIGIF/GVA Rayos 24h KMZ"
      },
      "geometry": {
        "type": "Point",
        "coordinates": [
          -1.1643,
          39.4546
        ]
      }
    },
    {
      "type": "Feature",
      "properties": {
        "name": "28/09/2026 18:24:31",
        "COORD": "-1,2531,39,4284",
        "DATE": "2026-09-28",
        "TIME": "18:24",
        "MXI": "-26,01 kA.",
        "STR": "0",
        "SMA": "0,175 Km.",
        "SMI": "0,13400002 Km.",
        "CHI": "1,2",
        "metvlc_time_utc": "2026-09-28T16:24:00+00:00",
        "metvlc_time_source": "date+time",
        "metvlc_has_real_time": true,
        "metvlc_captura_utc": "2026-09-28T20:33:42+00:00",
        "metvlc_last_seen_utc": "2026-09-28T20:33:42+00:00",
        "metvlc_fuente": "SIGIF/GVA Rayos 24h KMZ"
      },
      "geometry": {
        "type": "Point",
        "coordinates": [
          -1.2531,
          39.4284
        ]
      }
    },
    {
      "type": "Feature",
      "properties": {
        "name": "28/09/2026 18:25:58",
        "COORD": "-1,2329,39,4593",
        "DATE": "2026-09-28",
        "TIME": "18:25",
        "MXI": "-24,15 kA.",
        "STR": "0",
        "SMA": "0,172 Km.",
        "SMI": "0,13200003 Km.",
        "CHI": "0,9",
        "metvlc_time_utc": "2026-09-28T16:25:00+00:00",
        "metvlc_time_source": "date+time",
        "metvlc_has_real_time": true,
        "metvlc_captura_utc": "2026-09-28T20:33:42+00:00",
        "metvlc_last_seen_utc": "2026-09-28T20:33:42+00:00",
        "metvlc_fuente": "SIGIF/GVA Rayos 24h KMZ"
      },
      "geometry": {
        "type": "Point",
        "coordinates": [
          -1.2329,
          39.4593
        ]
      }
    },
    {
      "type": "Feature",
      "properties": {
        "name": "28/09/2026 18:27:19",
        "COORD": "-1,1634,39,4681",
        "DATE": "2026-09-28",
        "TIME": "18:27",
        "MXI": "-10,61 kA.",
        "STR": "0",
        "SMA": "0,204 Km.",
        "SMI": "0,16099997 Km.",
        "CHI": "0,3",
        "metvlc_time_utc": "2026-09-28T16:27:00+00:00",
        "metvlc_time_source": "date+time",
        "metvlc_has_real_time": true,
        "metvlc_captura_utc": "2026-09-28T20:33:42+00:00",
        "metvlc_last_seen_utc": "2026-09-28T20:33:42+00:00",
        "metvlc_fuente": "SIGIF/GVA Rayos 24h KMZ"
      },
      "geometry": {
        "type": "Point",
        "coordinates": [
          -1.1634,
          39.4681
        ]
      }
    },
    {
      "type": "Feature",
      "properties": {
        "name": "28/09/2026 18:27:19",
        "COORD": "-1,1631,39,4688",
        "DATE": "2026-09-28",
        "TIME": "18:27",
        "MXI": "-23,84 kA.",
        "STR": "0",
        "SMA": "0,162 Km.",
        "SMI": "0,12600003 Km.",
        "CHI": "0,9",
        "metvlc_time_utc": "2026-09-28T16:27:00+00:00",
        "metvlc_time_source": "date+time",
        "metvlc_has_real_time": true,
        "metvlc_captura_utc": "2026-09-28T20:33:42+00:00",
        "metvlc_last_seen_utc": "2026-09-28T20:33:42+00:00",
        "metvlc_fuente": "SIGIF/GVA Rayos 24h KMZ"
      },
      "geometry": {
        "type": "Point",
        "coordinates": [
          -1.1631,
          39.4688
        ]
      }
    },
    {
      "type": "Feature",
      "properties": {
        "name": "28/09/2026 18:27:19",
        "COORD": "-1,1692,39,5039",
        "DATE": "2026-09-28",
        "TIME": "18:27",
        "MXI": "-4,58 kA.",
        "STR": "0",
        "SMA": "2,402 Km.",
        "SMI": "0,221 Km.",
        "CHI": "0",
        "metvlc_time_utc": "2026-09-28T16:27:00+00:00",
        "metvlc_time_source": "date+time",
        "metvlc_has_real_time": true,
        "metvlc_captura_utc": "2026-09-28T20:33:42+00:00",
        "metvlc_last_seen_utc": "2026-09-28T20:33:42+00:00",
        "metvlc_fuente": "SIGIF/GVA Rayos 24h KMZ"
      },
      "geometry": {
        "type": "Point",
        "coordinates": [
          -1.1692,
          39.5039
        ]
      }
    },
    {
      "type": "Feature",
      "properties": {
        "name": "28/09/2026 18:30:05",
        "COORD": "-1,2151,39,4723",
        "DATE": "2026-09-28",
        "TIME": "18:30",
        "MXI": "-20,2 kA.",
        "STR": "0",
        "SMA": "0,163 Km.",
        "SMI": "0,12799996 Km.",
        "CHI": "0,8",
        "metvlc_time_utc": "2026-09-28T16:30:00+00:00",
        "metvlc_time_source": "date+time",
        "metvlc_has_real_time": true,
        "metvlc_captura_utc": "2026-09-28T20:33:42+00:00",
        "metvlc_last_seen_utc": "2026-09-28T20:33:42+00:00",
        "metvlc_fuente": "SIGIF/GVA Rayos 24h KMZ"
      },
      "geometry": {
        "type": "Point",
        "coordinates": [
          -1.2151,
          39.4723
        ]
      }
    },
    {
      "type": "Feature",
      "properties": {
        "name": "28/09/2026 18:30:55",
        "COORD": "-1,1661,39,4545",
        "DATE": "2026-09-28",
        "TIME": "18:30",
        "MXI": "-5,75 kA.",
        "STR": "0",
        "SMA": "0,443 Km.",
        "SMI": "0,21599999 Km.",
        "CHI": "1,4",
        "metvlc_time_utc": "2026-09-28T16:30:00+00:00",
        "metvlc_time_source": "date+time",
        "metvlc_has_real_time": true,
        "metvlc_captura_utc": "2026-09-28T20:33:42+00:00",
        "metvlc_last_seen_utc": "2026-09-28T20:33:42+00:00",
        "metvlc_fuente": "SIGIF/GVA Rayos 24h KMZ"
      },
      "geometry": {
        "type": "Point",
        "coordinates": [
          -1.1661,
          39.4545
        ]
      }
    },
    {
      "type": "Feature",
      "properties": {
        "name": "28/09/2026 18:34:50",
        "COORD": "-1,1819,39,3986",
        "DATE": "2026-09-28",
        "TIME": "18:34",
        "MXI": "-11,32 kA.",
        "STR": "0",
        "SMA": "0,175 Km.",
        "SMI": "0,14200005 Km.",
        "CHI": "0,5",
        "metvlc_time_utc": "2026-09-28T16:34:00+00:00",
        "metvlc_time_source": "date+time",
        "metvlc_has_real_time": true,
        "metvlc_captura_utc": "2026-09-28T20:33:42+00:00",
        "metvlc_last_seen_utc": "2026-09-28T20:33:42+00:00",
        "metvlc_fuente": "SIGIF/GVA Rayos 24h KMZ"
      },
      "geometry": {
        "type": "Point",
        "coordinates": [
          -1.1819,
          39.3986
        ]
      }
    },
    {
      "type": "Feature",
      "properties": {
        "name": "28/09/2026 18:34:50",
        "COORD": "-1,1817,39,3985",
        "DATE": "2026-09-28",
        "TIME": "18:34",
        "MXI": "-20,74 kA.",
        "STR": "0",
        "SMA": "0,174 Km.",
        "SMI": "0,12999995 Km.",
        "CHI": "1",
        "metvlc_time_utc": "2026-09-28T16:34:00+00:00",
        "metvlc_time_source": "date+time",
        "metvlc_has_real_time": true,
        "metvlc_captura_utc": "2026-09-28T20:33:42+00:00",
        "metvlc_last_seen_utc": "2026-09-28T20:33:42+00:00",
        "metvlc_fuente": "SIGIF/GVA Rayos 24h KMZ"
      },
      "geometry": {
        "type": "Point",
        "coordinates": [
          -1.1817,
          39.3985
        ]
      }
    },
    {
      "type": "Feature",
      "properties": {
        "name": "28/09/2026 18:34:50",
        "COORD": "-1,1818,39,399",
        "DATE": "2026-09-28",
        "TIME": "18:34",
        "MXI": "-9,32 kA.",
        "STR": "0",
        "SMA": "0,227 Km.",
        "SMI": "0,14699997 Km.",
        "CHI": "0,8",
        "metvlc_time_utc": "2026-09-28T16:34:00+00:00",
        "metvlc_time_source": "date+time",
        "metvlc_has_real_time": true,
        "metvlc_captura_utc": "2026-09-28T20:33:42+00:00",
        "metvlc_last_seen_utc": "2026-09-28T20:33:42+00:00",
        "metvlc_fuente": "SIGIF/GVA Rayos 24h KMZ"
      },
      "geometry": {
        "type": "Point",
        "coordinates": [
          -1.1818,
          39.399
        ]
      }
    },
    {
      "type": "Feature",
      "properties": {
        "name": "28/09/2026 18:34:50",
        "COORD": "-1,1827,39,3996",
        "DATE": "2026-09-28",
        "TIME": "18:34",
        "MXI": "-6,74 kA.",
        "STR": "0",
        "SMA": "0,417 Km.",
        "SMI": "0,217 Km.",
        "CHI": "1,6",
        "metvlc_time_utc": "2026-09-28T16:34:00+00:00",
        "metvlc_time_source": "date+time",
        "metvlc_has_real_time": true,
        "metvlc_captura_utc": "2026-09-28T20:33:42+00:00",
        "metvlc_last_seen_utc": "2026-09-28T20:33:42+00:00",
        "metvlc_fuente": "SIGIF/GVA Rayos 24h KMZ"
      },
      "geometry": {
        "type": "Point",
        "coordinates": [
          -1.1827,
          39.3996
        ]
      }
    },
    {
      "type": "Feature",
      "properties": {
        "name": "28/09/2026 18:34:59",
        "COORD": "-0,8198,38,9886",
        "DATE": "2026-09-28",
        "TIME": "18:34",
        "MXI": "-11,14 kA.",
        "STR": "0",
        "SMA": "0,176 Km.",
        "SMI": "0,13399997 Km.",
        "CHI": "0,3",
        "metvlc_time_utc": "2026-09-28T16:34:00+00:00",
        "metvlc_time_source": "date+time",
        "metvlc_has_real_time": true,
        "metvlc_captura_utc": "2026-09-28T20:33:42+00:00",
        "metvlc_last_seen_utc": "2026-09-28T20:33:42+00:00",
        "metvlc_fuente": "SIGIF/GVA Rayos 24h KMZ"
      },
      "geometry": {
        "type": "Point",
        "coordinates": [
          -0.8198,
          38.9886
        ]
      }
    },
    {
      "type": "Feature",
      "properties": {
        "name": "28/09/2026 18:35:24",
        "COORD": "-1,1513,39,4512",
        "DATE": "2026-09-28",
        "TIME": "18:35",
        "MXI": "-17,37 kA.",
        "STR": "0",
        "SMA": "0,165 Km.",
        "SMI": "0,12699996 Km.",
        "CHI": "0,5",
        "metvlc_time_utc": "2026-09-28T16:35:00+00:00",
        "metvlc_time_source": "date+time",
        "metvlc_has_real_time": true,
        "metvlc_captura_utc": "2026-09-28T20:33:42+00:00",
        "metvlc_last_seen_utc": "2026-09-28T20:33:42+00:00",
        "metvlc_fuente": "SIGIF/GVA Rayos 24h KMZ"
      },
      "geometry": {
        "type": "Point",
        "coordinates": [
          -1.1513,
          39.4512
        ]
      }
    },
    {
      "type": "Feature",
      "properties": {
        "name": "28/09/2026 18:35:42",
        "COORD": "-1,1945,39,3739",
        "DATE": "2026-09-28",
        "TIME": "18:35",
        "MXI": "-16,8 kA.",
        "STR": "0",
        "SMA": "0,166 Km.",
        "SMI": "0,12799999 Km.",
        "CHI": "1",
        "metvlc_time_utc": "2026-09-28T16:35:00+00:00",
        "metvlc_time_source": "date+time",
        "metvlc_has_real_time": true,
        "metvlc_captura_utc": "2026-09-28T20:33:42+00:00",
        "metvlc_last_seen_utc": "2026-09-28T20:33:42+00:00",
        "metvlc_fuente": "SIGIF/GVA Rayos 24h KMZ"
      },
      "geometry": {
        "type": "Point",
        "coordinates": [
          -1.1945,
          39.3739
        ]
      }
    },
    {
      "type": "Feature",
      "properties": {
        "name": "28/09/2026 18:35:49",
        "COORD": "-1,1794,39,413",
        "DATE": "2026-09-28",
        "TIME": "18:35",
        "MXI": "-13,18 kA.",
        "STR": "0",
        "SMA": "0,164 Km.",
        "SMI": "0,125 Km.",
        "CHI": "0,6",
        "metvlc_time_utc": "2026-09-28T16:35:00+00:00",
        "metvlc_time_source": "date+time",
        "metvlc_has_real_time": true,
        "metvlc_captura_utc": "2026-09-28T20:33:42+00:00",
        "metvlc_last_seen_utc": "2026-09-28T20:33:42+00:00",
        "metvlc_fuente": "SIGIF/GVA Rayos 24h KMZ"
      },
      "geometry": {
        "type": "Point",
        "coordinates": [
          -1.1794,
          39.413
        ]
      }
    },
    {
      "type": "Feature",
      "properties": {
        "name": "28/09/2026 18:35:49",
        "COORD": "-1,1792,39,4124",
        "DATE": "2026-09-28",
        "TIME": "18:35",
        "MXI": "-26,31 kA.",
        "STR": "0",
        "SMA": "0,162 Km.",
        "SMI": "0,125 Km.",
        "CHI": "0,8",
        "metvlc_time_utc": "2026-09-28T16:35:00+00:00",
        "metvlc_time_source": "date+time",
        "metvlc_has_real_time": true,
        "metvlc_captura_utc": "2026-09-28T20:33:42+00:00",
        "metvlc_last_seen_utc": "2026-09-28T20:33:42+00:00",
        "metvlc_fuente": "SIGIF/GVA Rayos 24h KMZ"
      },
      "geometry": {
        "type": "Point",
        "coordinates": [
          -1.1792,
          39.4124
        ]
      }
    },
    {
      "type": "Feature",
      "properties": {
        "name": "28/09/2026 18:35:49",
        "COORD": "-1,1785,39,4128",
        "DATE": "2026-09-28",
        "TIME": "18:35",
        "MXI": "-10,4 kA.",
        "STR": "0",
        "SMA": "0,167 Km.",
        "SMI": "0,14000002 Km.",
        "CHI": "0,5",
        "metvlc_time_utc": "2026-09-28T16:35:00+00:00",
        "metvlc_time_source": "date+time",
        "metvlc_has_real_time": true,
        "metvlc_captura_utc": "2026-09-28T20:33:42+00:00",
        "metvlc_last_seen_utc": "2026-09-28T20:33:42+00:00",
        "metvlc_fuente": "SIGIF/GVA Rayos 24h KMZ"
      },
      "geometry": {
        "type": "Point",
        "coordinates": [
          -1.1785,
          39.4128
        ]
      }
    },
    {
      "type": "Feature",
      "properties": {
        "name": "28/09/2026 18:35:49",
        "COORD": "-1,1792,39,4126",
        "DATE": "2026-09-28",
        "TIME": "18:35",
        "MXI": "-15,93 kA.",
        "STR": "0",
        "SMA": "0,166 Km.",
        "SMI": "0,12600003 Km.",
        "CHI": "0,9",
        "metvlc_time_utc": "2026-09-28T16:35:00+00:00",
        "metvlc_time_source": "date+time",
        "metvlc_has_real_time": true,
        "metvlc_captura_utc": "2026-09-28T20:33:42+00:00",
        "metvlc_last_seen_utc": "2026-09-28T20:33:42+00:00",
        "metvlc_fuente": "SIGIF/GVA Rayos 24h KMZ"
      },
      "geometry": {
        "type": "Point",
        "coordinates": [
          -1.1792,
          39.4126
        ]
      }
    },
    {
      "type": "Feature",
      "properties": {
        "name": "28/09/2026 18:35:49",
        "COORD": "-1,179,39,4133",
        "DATE": "2026-09-28",
        "TIME": "18:35",
        "MXI": "-9,75 kA.",
        "STR": "0",
        "SMA": "0,168 Km.",
        "SMI": "0,14300002 Km.",
        "CHI": "0,4",
        "metvlc_time_utc": "2026-09-28T16:35:00+00:00",
        "metvlc_time_source": "date+time",
        "metvlc_has_real_time": true,
        "metvlc_captura_utc": "2026-09-28T20:33:42+00:00",
        "metvlc_last_seen_utc": "2026-09-28T20:33:42+00:00",
        "metvlc_fuente": "SIGIF/GVA Rayos 24h KMZ"
      },
      "geometry": {
        "type": "Point",
        "coordinates": [
          -1.179,
          39.4133
        ]
      }
    },
    {
      "type": "Feature",
      "properties": {
        "name": "28/09/2026 18:35:49",
        "COORD": "-1,1798,39,413",
        "DATE": "2026-09-28",
        "TIME": "18:35",
        "MXI": "-9,16 kA.",
        "STR": "0",
        "SMA": "0,25 Km.",
        "SMI": "0,14299998 Km.",
        "CHI": "0,5",
        "metvlc_time_utc": "2026-09-28T16:35:00+00:00",
        "metvlc_time_source": "date+time",
        "metvlc_has_real_time": true,
        "metvlc_captura_utc": "2026-09-28T20:33:42+00:00",
        "metvlc_last_seen_utc": "2026-09-28T20:33:42+00:00",
        "metvlc_fuente": "SIGIF/GVA Rayos 24h KMZ"
      },
      "geometry": {
        "type": "Point",
        "coordinates": [
          -1.1798,
          39.413
        ]
      }
    },
    {
      "type": "Feature",
      "properties": {
        "name": "28/09/2026 18:35:49",
        "COORD": "-1,1802,39,4133",
        "DATE": "2026-09-28",
        "TIME": "18:35",
        "MXI": "-6,24 kA.",
        "STR": "0",
        "SMA": "0,237 Km.",
        "SMI": "0,20600007 Km.",
        "CHI": "1",
        "metvlc_time_utc": "2026-09-28T16:35:00+00:00",
        "metvlc_time_source": "date+time",
        "metvlc_has_real_time": true,
        "metvlc_captura_utc": "2026-09-28T20:33:42+00:00",
        "metvlc_last_seen_utc": "2026-09-28T20:33:42+00:00",
        "metvlc_fuente": "SIGIF/GVA Rayos 24h KMZ"
      },
      "geometry": {
        "type": "Point",
        "coordinates": [
          -1.1802,
          39.4133
        ]
      }
    },
    {
      "type": "Feature",
      "properties": {
        "name": "28/09/2026 18:35:49",
        "COORD": "-1,1793,39,4129",
        "DATE": "2026-09-28",
        "TIME": "18:35",
        "MXI": "-10,49 kA.",
        "STR": "0",
        "SMA": "0,165 Km.",
        "SMI": "0,12400002 Km.",
        "CHI": "0,5",
        "metvlc_time_utc": "2026-09-28T16:35:00+00:00",
        "metvlc_time_source": "date+time",
        "metvlc_has_real_time": true,
        "metvlc_captura_utc": "2026-09-28T20:33:42+00:00",
        "metvlc_last_seen_utc": "2026-09-28T20:33:42+00:00",
        "metvlc_fuente": "SIGIF/GVA Rayos 24h KMZ"
      },
      "geometry": {
        "type": "Point",
        "coordinates": [
          -1.1793,
          39.4129
        ]
      }
    },
    {
      "type": "Feature",
      "properties": {
        "name": "28/09/2026 18:35:49",
        "COORD": "-1,1803,39,4136",
        "DATE": "2026-09-28",
        "TIME": "18:35",
        "MXI": "-8,86 kA.",
        "STR": "0",
        "SMA": "0,238 Km.",
        "SMI": "0,151 Km.",
        "CHI": "0,6",
        "metvlc_time_utc": "2026-09-28T16:35:00+00:00",
        "metvlc_time_source": "date+time",
        "metvlc_has_real_time": true,
        "metvlc_captura_utc": "2026-09-28T20:33:42+00:00",
        "metvlc_last_seen_utc": "2026-09-28T20:33:42+00:00",
        "metvlc_fuente": "SIGIF/GVA Rayos 24h KMZ"
      },
      "geometry": {
        "type": "Point",
        "coordinates": [
          -1.1803,
          39.4136
        ]
      }
    },
    {
      "type": "Feature",
      "properties": {
        "name": "28/09/2026 18:35:49",
        "COORD": "-1,1787,39,413",
        "DATE": "2026-09-28",
        "TIME": "18:35",
        "MXI": "-10,18 kA.",
        "STR": "0",
        "SMA": "0,165 Km.",
        "SMI": "0,12999998 Km.",
        "CHI": "0,4",
        "metvlc_time_utc": "2026-09-28T16:35:00+00:00",
        "metvlc_time_source": "date+time",
        "metvlc_has_real_time": true,
        "metvlc_captura_utc": "2026-09-28T20:33:42+00:00",
        "metvlc_last_seen_utc": "2026-09-28T20:33:42+00:00",
        "metvlc_fuente": "SIGIF/GVA Rayos 24h KMZ"
      },
      "geometry": {
        "type": "Point",
        "coordinates": [
          -1.1787,
          39.413
        ]
      }
    },
    {
      "type": "Feature",
      "properties": {
        "name": "28/09/2026 18:35:55",
        "COORD": "-1,2189,39,3655",
        "DATE": "2026-09-28",
        "TIME": "18:35",
        "MXI": "-6,44 kA.",
        "STR": "0",
        "SMA": "0,311 Km.",
        "SMI": "0,199 Km.",
        "CHI": "0,9",
        "metvlc_time_utc": "2026-09-28T16:35:00+00:00",
        "metvlc_time_source": "date+time",
        "metvlc_has_real_time": true,
        "metvlc_captura_utc": "2026-09-28T20:33:42+00:00",
        "metvlc_last_seen_utc": "2026-09-28T20:33:42+00:00",
        "metvlc_fuente": "SIGIF/GVA Rayos 24h KMZ"
      },
      "geometry": {
        "type": "Point",
        "coordinates": [
          -1.2189,
          39.3655
        ]
      }
    },
    {
      "type": "Feature",
      "properties": {
        "name": "28/09/2026 18:36:11",
        "COORD": "-1,2105,39,3884",
        "DATE": "2026-09-28",
        "TIME": "18:36",
        "MXI": "-16,24 kA.",
        "STR": "0",
        "SMA": "0,166 Km.",
        "SMI": "0,12899996 Km.",
        "CHI": "0,9",
        "metvlc_time_utc": "2026-09-28T16:36:00+00:00",
        "metvlc_time_source": "date+time",
        "metvlc_has_real_time": true,
        "metvlc_captura_utc": "2026-09-28T20:33:42+00:00",
        "metvlc_last_seen_utc": "2026-09-28T20:33:42+00:00",
        "metvlc_fuente": "SIGIF/GVA Rayos 24h KMZ"
      },
      "geometry": {
        "type": "Point",
        "coordinates": [
          -1.2105,
          39.3884
        ]
      }
    },
    {
      "type": "Feature",
      "properties": {
        "name": "28/09/2026 18:36:11",
        "COORD": "-1,2116,39,3885",
        "DATE": "2026-09-28",
        "TIME": "18:36",
        "MXI": "-6,19 kA.",
        "STR": "0",
        "SMA": "0,412 Km.",
        "SMI": "0,21399997 Km.",
        "CHI": "1,3",
        "metvlc_time_utc": "2026-09-28T16:36:00+00:00",
        "metvlc_time_source": "date+time",
        "metvlc_has_real_time": true,
        "metvlc_captura_utc": "2026-09-28T20:33:42+00:00",
        "metvlc_last_seen_utc": "2026-09-28T20:33:42+00:00",
        "metvlc_fuente": "SIGIF/GVA Rayos 24h KMZ"
      },
      "geometry": {
        "type": "Point",
        "coordinates": [
          -1.2116,
          39.3885
        ]
      }
    },
    {
      "type": "Feature",
      "properties": {
        "name": "28/09/2026 18:36:11",
        "COORD": "-1,2111,39,389",
        "DATE": "2026-09-28",
        "TIME": "18:36",
        "MXI": "-7,92 kA.",
        "STR": "0",
        "SMA": "0,243 Km.",
        "SMI": "0,15200002 Km.",
        "CHI": "0,6",
        "metvlc_time_utc": "2026-09-28T16:36:00+00:00",
        "metvlc_time_source": "date+time",
        "metvlc_has_real_time": true,
        "metvlc_captura_utc": "2026-09-28T20:33:42+00:00",
        "metvlc_last_seen_utc": "2026-09-28T20:33:42+00:00",
        "metvlc_fuente": "SIGIF/GVA Rayos 24h KMZ"
      },
      "geometry": {
        "type": "Point",
        "coordinates": [
          -1.2111,
          39.389
        ]
      }
    },
    {
      "type": "Feature",
      "properties": {
        "name": "28/09/2026 18:36:25",
        "COORD": "-1,1654,39,4125",
        "DATE": "2026-09-28",
        "TIME": "18:36",
        "MXI": "-13,59 kA.",
        "STR": "0",
        "SMA": "0,166 Km.",
        "SMI": "0,12399997 Km.",
        "CHI": "0,6",
        "metvlc_time_utc": "2026-09-28T16:36:00+00:00",
        "metvlc_time_source": "date+time",
        "metvlc_has_real_time": true,
        "metvlc_captura_utc": "2026-09-28T20:33:42+00:00",
        "metvlc_last_seen_utc": "2026-09-28T20:33:42+00:00",
        "metvlc_fuente": "SIGIF/GVA Rayos 24h KMZ"
      },
      "geometry": {
        "type": "Point",
        "coordinates": [
          -1.1654,
          39.4125
        ]
      }
    },
    {
      "type": "Feature",
      "properties": {
        "name": "28/09/2026 18:36:25",
        "COORD": "-1,1643,39,4125",
        "DATE": "2026-09-28",
        "TIME": "18:36",
        "MXI": "-10,14 kA.",
        "STR": "0",
        "SMA": "0,186 Km.",
        "SMI": "0,13899995 Km.",
        "CHI": "0,6",
        "metvlc_time_utc": "2026-09-28T16:36:00+00:00",
        "metvlc_time_source": "date+time",
        "metvlc_has_real_time": true,
        "metvlc_captura_utc": "2026-09-28T20:33:42+00:00",
        "metvlc_last_seen_utc": "2026-09-28T20:33:42+00:00",
        "metvlc_fuente": "SIGIF/GVA Rayos 24h KMZ"
      },
      "geometry": {
        "type": "Point",
        "coordinates": [
          -1.1643,
          39.4125
        ]
      }
    },
    {
      "type": "Feature",
      "properties": {
        "name": "28/09/2026 18:36:25",
        "COORD": "-1,1636,39,4124",
        "DATE": "2026-09-28",
        "TIME": "18:36",
        "MXI": "-12,41 kA.",
        "STR": "0",
        "SMA": "0,166 Km.",
        "SMI": "0,125 Km.",
        "CHI": "0,7",
        "metvlc_time_utc": "2026-09-28T16:36:00+00:00",
        "metvlc_time_source": "date+time",
        "metvlc_has_real_time": true,
        "metvlc_captura_utc": "2026-09-28T20:33:42+00:00",
        "metvlc_last_seen_utc": "2026-09-28T20:33:42+00:00",
        "metvlc_fuente": "SIGIF/GVA Rayos 24h KMZ"
      },
      "geometry": {
        "type": "Point",
        "coordinates": [
          -1.1636,
          39.4124
        ]
      }
    },
    {
      "type": "Feature",
      "properties": {
        "name": "28/09/2026 18:36:53",
        "COORD": "-1,1854,39,412",
        "DATE": "2026-09-28",
        "TIME": "18:36",
        "MXI": "-13,17 kA.",
        "STR": "0",
        "SMA": "0,165 Km.",
        "SMI": "0,12899998 Km.",
        "CHI": "0,6",
        "metvlc_time_utc": "2026-09-28T16:36:00+00:00",
        "metvlc_time_source": "date+time",
        "metvlc_has_real_time": true,
        "metvlc_captura_utc": "2026-09-28T20:33:42+00:00",
        "metvlc_last_seen_utc": "2026-09-28T20:33:42+00:00",
        "metvlc_fuente": "SIGIF/GVA Rayos 24h KMZ"
      },
      "geometry": {
        "type": "Point",
        "coordinates": [
          -1.1854,
          39.412
        ]
      }
    },
    {
      "type": "Feature",
      "properties": {
        "name": "28/09/2026 18:36:53",
        "COORD": "-1,1804,39,4126",
        "DATE": "2026-09-28",
        "TIME": "18:36",
        "MXI": "-10,58 kA.",
        "STR": "0",
        "SMA": "0,159 Km.",
        "SMI": "0,13499998 Km.",
        "CHI": "0,6",
        "metvlc_time_utc": "2026-09-28T16:36:00+00:00",
        "metvlc_time_source": "date+time",
        "metvlc_has_real_time": true,
        "metvlc_captura_utc": "2026-09-28T20:33:42+00:00",
        "metvlc_last_seen_utc": "2026-09-28T20:33:42+00:00",
        "metvlc_fuente": "SIGIF/GVA Rayos 24h KMZ"
      },
      "geometry": {
        "type": "Point",
        "coordinates": [
          -1.1804,
          39.4126
        ]
      }
    },
    {
      "type": "Feature",
      "properties": {
        "name": "28/09/2026 18:36:53",
        "COORD": "-1,1812,39,4132",
        "DATE": "2026-09-28",
        "TIME": "18:36",
        "MXI": "-5,54 kA.",
        "STR": "0",
        "SMA": "0,416 Km.",
        "SMI": "0,221 Km.",
        "CHI": "1,1",
        "metvlc_time_utc": "2026-09-28T16:36:00+00:00",
        "metvlc_time_source": "date+time",
        "metvlc_has_real_time": true,
        "metvlc_captura_utc": "2026-09-28T20:33:42+00:00",
        "metvlc_last_seen_utc": "2026-09-28T20:33:42+00:00",
        "metvlc_fuente": "SIGIF/GVA Rayos 24h KMZ"
      },
      "geometry": {
        "type": "Point",
        "coordinates": [
          -1.1812,
          39.4132
        ]
      }
    },
    {
      "type": "Feature",
      "properties": {
        "name": "28/09/2026 18:36:54",
        "COORD": "-1,1798,39,4142",
        "DATE": "2026-09-28",
        "TIME": "18:36",
        "MXI": "-10,07 kA.",
        "STR": "0",
        "SMA": "0,158 Km.",
        "SMI": "0,13599998 Km.",
        "CHI": "0,7",
        "metvlc_time_utc": "2026-09-28T16:36:00+00:00",
        "metvlc_time_source": "date+time",
        "metvlc_has_real_time": true,
        "metvlc_captura_utc": "2026-09-28T20:33:42+00:00",
        "metvlc_last_seen_utc": "2026-09-28T20:33:42+00:00",
        "metvlc_fuente": "SIGIF/GVA Rayos 24h KMZ"
      },
      "geometry": {
        "type": "Point",
        "coordinates": [
          -1.1798,
          39.4142
        ]
      }
    },
    {
      "type": "Feature",
      "properties": {
        "name": "28/09/2026 18:36:54",
        "COORD": "-1,1794,39,4141",
        "DATE": "2026-09-28",
        "TIME": "18:36",
        "MXI": "-11,5 kA.",
        "STR": "0",
        "SMA": "0,17 Km.",
        "SMI": "0,12699997 Km.",
        "CHI": "0,5",
        "metvlc_time_utc": "2026-09-28T16:36:00+00:00",
        "metvlc_time_source": "date+time",
        "metvlc_has_real_time": true,
        "metvlc_captura_utc": "2026-09-28T20:33:42+00:00",
        "metvlc_last_seen_utc": "2026-09-28T20:33:42+00:00",
        "metvlc_fuente": "SIGIF/GVA Rayos 24h KMZ"
      },
      "geometry": {
        "type": "Point",
        "coordinates": [
          -1.1794,
          39.4141
        ]
      }
    },
    {
      "type": "Feature",
      "properties": {
        "name": "28/09/2026 18:37:14",
        "COORD": "-0,8263,38,9994",
        "DATE": "2026-09-28",
        "TIME": "18:37",
        "MXI": "-10,62 kA.",
        "STR": "0",
        "SMA": "0,196 Km.",
        "SMI": "0,13799998 Km.",
        "CHI": "0,3",
        "metvlc_time_utc": "2026-09-28T16:37:00+00:00",
        "metvlc_time_source": "date+time",
        "metvlc_has_real_time": true,
        "metvlc_captura_utc": "2026-09-28T20:33:42+00:00",
        "metvlc_last_seen_utc": "2026-09-28T20:33:42+00:00",
        "metvlc_fuente": "SIGIF/GVA Rayos 24h KMZ"
      },
      "geometry": {
        "type": "Point",
        "coordinates": [
          -0.8263,
          38.9994
        ]
      }
    },
    {
      "type": "Feature",
      "properties": {
        "name": "28/09/2026 18:37:14",
        "COORD": "-0,8,39,0014",
        "DATE": "2026-09-28",
        "TIME": "18:37",
        "MXI": "-9,35 kA.",
        "STR": "0",
        "SMA": "0,234 Km.",
        "SMI": "0,16499998 Km.",
        "CHI": "0,2",
        "metvlc_time_utc": "2026-09-28T16:37:00+00:00",
        "metvlc_time_source": "date+time",
        "metvlc_has_real_time": true,
        "metvlc_captura_utc": "2026-09-28T20:33:42+00:00",
        "metvlc_last_seen_utc": "2026-09-28T20:33:42+00:00",
        "metvlc_fuente": "SIGIF/GVA Rayos 24h KMZ"
      },
      "geometry": {
        "type": "Point",
        "coordinates": [
          -0.8,
          39.0014
        ]
      }
    },
    {
      "type": "Feature",
      "properties": {
        "name": "28/09/2026 18:37:40",
        "COORD": "-1,166,39,4256",
        "DATE": "2026-09-28",
        "TIME": "18:37",
        "MXI": "-24,47 kA.",
        "STR": "0",
        "SMA": "0,167 Km.",
        "SMI": "0,12699996 Km.",
        "CHI": "0,9",
        "metvlc_time_utc": "2026-09-28T16:37:00+00:00",
        "metvlc_time_source": "date+time",
        "metvlc_has_real_time": true,
        "metvlc_captura_utc": "2026-09-28T20:33:42+00:00",
        "metvlc_last_seen_utc": "2026-09-28T20:33:42+00:00",
        "metvlc_fuente": "SIGIF/GVA Rayos 24h KMZ"
      },
      "geometry": {
        "type": "Point",
        "coordinates": [
          -1.166,
          39.4256
        ]
      }
    },
    {
      "type": "Feature",
      "properties": {
        "name": "28/09/2026 18:38:00",
        "COORD": "-0,8166,39,0263",
        "DATE": "2026-09-28",
        "TIME": "18:38",
        "MXI": "-13,17 kA.",
        "STR": "0",
        "SMA": "0,194 Km.",
        "SMI": "0,12999998 Km.",
        "CHI": "0,4",
        "metvlc_time_utc": "2026-09-28T16:38:00+00:00",
        "metvlc_time_source": "date+time",
        "metvlc_has_real_time": true,
        "metvlc_captura_utc": "2026-09-28T20:33:42+00:00",
        "metvlc_last_seen_utc": "2026-09-28T20:33:42+00:00",
        "metvlc_fuente": "SIGIF/GVA Rayos 24h KMZ"
      },
      "geometry": {
        "type": "Point",
        "coordinates": [
          -0.8166,
          39.0263
        ]
      }
    },
    {
      "type": "Feature",
      "properties": {
        "name": "28/09/2026 18:38:45",
        "COORD": "-0,7772,39,0475",
        "DATE": "2026-09-28",
        "TIME": "18:38",
        "MXI": "-11,92 kA.",
        "STR": "0",
        "SMA": "0,196 Km.",
        "SMI": "0,13300002 Km.",
        "CHI": "0,5",
        "metvlc_time_utc": "2026-09-28T16:38:00+00:00",
        "metvlc_time_source": "date+time",
        "metvlc_has_real_time": true,
        "metvlc_captura_utc": "2026-09-28T20:33:42+00:00",
        "metvlc_last_seen_utc": "2026-09-28T20:33:42+00:00",
        "metvlc_fuente": "SIGIF/GVA Rayos 24h KMZ"
      },
      "geometry": {
        "type": "Point",
        "coordinates": [
          -0.7772,
          39.0475
        ]
      }
    },
    {
      "type": "Feature",
      "properties": {
        "name": "28/09/2026 18:38:45",
        "COORD": "-0,7776,39,047",
        "DATE": "2026-09-28",
        "TIME": "18:38",
        "MXI": "-12,77 kA.",
        "STR": "0",
        "SMA": "0,19 Km.",
        "SMI": "0,13400005 Km.",
        "CHI": "0,4",
        "metvlc_time_utc": "2026-09-28T16:38:00+00:00",
        "metvlc_time_source": "date+time",
        "metvlc_has_real_time": true,
        "metvlc_captura_utc": "2026-09-28T20:33:42+00:00",
        "metvlc_last_seen_utc": "2026-09-28T20:33:42+00:00",
        "metvlc_fuente": "SIGIF/GVA Rayos 24h KMZ"
      },
      "geometry": {
        "type": "Point",
        "coordinates": [
          -0.7776,
          39.047
        ]
      }
    },
    {
      "type": "Feature",
      "properties": {
        "name": "28/09/2026 18:39:08",
        "COORD": "-1,1773,39,4187",
        "DATE": "2026-09-28",
        "TIME": "18:39",
        "MXI": "-14,91 kA.",
        "STR": "0",
        "SMA": "0,165 Km.",
        "SMI": "0,125 Km.",
        "CHI": "0,5",
        "metvlc_time_utc": "2026-09-28T16:39:00+00:00",
        "metvlc_time_source": "date+time",
        "metvlc_has_real_time": true,
        "metvlc_captura_utc": "2026-09-28T20:33:42+00:00",
        "metvlc_last_seen_utc": "2026-09-28T20:33:42+00:00",
        "metvlc_fuente": "SIGIF/GVA Rayos 24h KMZ"
      },
      "geometry": {
        "type": "Point",
        "coordinates": [
          -1.1773,
          39.4187
        ]
      }
    },
    {
      "type": "Feature",
      "properties": {
        "name": "28/09/2026 18:39:08",
        "COORD": "-1,1777,39,4183",
        "DATE": "2026-09-28",
        "TIME": "18:39",
        "MXI": "-9,38 kA.",
        "STR": "0",
        "SMA": "0,206 Km.",
        "SMI": "0,15400004 Km.",
        "CHI": "0,6",
        "metvlc_time_utc": "2026-09-28T16:39:00+00:00",
        "metvlc_time_source": "date+time",
        "metvlc_has_real_time": true,
        "metvlc_captura_utc": "2026-09-28T20:33:42+00:00",
        "metvlc_last_seen_utc": "2026-09-28T20:33:42+00:00",
        "metvlc_fuente": "SIGIF/GVA Rayos 24h KMZ"
      },
      "geometry": {
        "type": "Point",
        "coordinates": [
          -1.1777,
          39.4183
        ]
      }
    },
    {
      "type": "Feature",
      "properties": {
        "name": "28/09/2026 18:39:54",
        "COORD": "-0,792,39,0139",
        "DATE": "2026-09-28",
        "TIME": "18:39",
        "MXI": "-12,72 kA.",
        "STR": "0",
        "SMA": "0,239 Km.",
        "SMI": "0,12400002 Km.",
        "CHI": "0,4",
        "metvlc_time_utc": "2026-09-28T16:39:00+00:00",
        "metvlc_time_source": "date+time",
        "metvlc_has_real_time": true,
        "metvlc_captura_utc": "2026-09-28T20:33:42+00:00",
        "metvlc_last_seen_utc": "2026-09-28T20:33:42+00:00",
        "metvlc_fuente": "SIGIF/GVA Rayos 24h KMZ"
      },
      "geometry": {
        "type": "Point",
        "coordinates": [
          -0.792,
          39.0139
        ]
      }
    },
    {
      "type": "Feature",
      "properties": {
        "name": "28/09/2026 18:39:54",
        "COORD": "-0,7942,39,0343",
        "DATE": "2026-09-28",
        "TIME": "18:39",
        "MXI": "-12,51 kA.",
        "STR": "0",
        "SMA": "0,185 Km.",
        "SMI": "0,13200001 Km.",
        "CHI": "0,2",
        "metvlc_time_utc": "2026-09-28T16:39:00+00:00",
        "metvlc_time_source": "date+time",
        "metvlc_has_real_time": true,
        "metvlc_captura_utc": "2026-09-28T20:33:42+00:00",
        "metvlc_last_seen_utc": "2026-09-28T20:33:42+00:00",
        "metvlc_fuente": "SIGIF/GVA Rayos 24h KMZ"
      },
      "geometry": {
        "type": "Point",
        "coordinates": [
          -0.7942,
          39.0343
        ]
      }
    },
    {
      "type": "Feature",
      "properties": {
        "name": "28/09/2026 18:39:55",
        "COORD": "-0,7938,39,0343",
        "DATE": "2026-09-28",
        "TIME": "18:39",
        "MXI": "-36,23 kA.",
        "STR": "0",
        "SMA": "0,181 Km.",
        "SMI": "0,13600004 Km.",
        "CHI": "0,9",
        "metvlc_time_utc": "2026-09-28T16:39:00+00:00",
        "metvlc_time_source": "date+time",
        "metvlc_has_real_time": true,
        "metvlc_captura_utc": "2026-09-28T20:33:42+00:00",
        "metvlc_last_seen_utc": "2026-09-28T20:33:42+00:00",
        "metvlc_fuente": "SIGIF/GVA Rayos 24h KMZ"
      },
      "geometry": {
        "type": "Point",
        "coordinates": [
          -0.7938,
          39.0343
        ]
      }
    },
    {
      "type": "Feature",
      "properties": {
        "name": "28/09/2026 18:40:07",
        "COORD": "-1,1377,39,4658",
        "DATE": "2026-09-28",
        "TIME": "18:40",
        "MXI": "-45,81 kA.",
        "STR": "0",
        "SMA": "0,182 Km.",
        "SMI": "0,12600005 Km.",
        "CHI": "1,7",
        "metvlc_time_utc": "2026-09-28T16:40:00+00:00",
        "metvlc_time_source": "date+time",
        "metvlc_has_real_time": true,
        "metvlc_captura_utc": "2026-09-28T20:33:42+00:00",
        "metvlc_last_seen_utc": "2026-09-28T20:33:42+00:00",
        "metvlc_fuente": "SIGIF/GVA Rayos 24h KMZ"
      },
      "geometry": {
        "type": "Point",
        "coordinates": [
          -1.1377,
          39.4658
        ]
      }
    },
    {
      "type": "Feature",
      "properties": {
        "name": "28/09/2026 18:40:48",
        "COORD": "-1,0641,39,4619",
        "DATE": "2026-09-28",
        "TIME": "18:40",
        "MXI": "-6,21 kA.",
        "STR": "0",
        "SMA": "4,687 Km.",
        "SMI": "0,618 Km.",
        "CHI": "0,1",
        "metvlc_time_utc": "2026-09-28T16:40:00+00:00",
        "metvlc_time_source": "date+time",
        "metvlc_has_real_time": true,
        "metvlc_captura_utc": "2026-09-28T20:33:42+00:00",
        "metvlc_last_seen_utc": "2026-09-28T20:33:42+00:00",
        "metvlc_fuente": "SIGIF/GVA Rayos 24h KMZ"
      },
      "geometry": {
        "type": "Point",
        "coordinates": [
          -1.0641,
          39.4619
        ]
      }
    },
    {
      "type": "Feature",
      "properties": {
        "name": "28/09/2026 18:41:45",
        "COORD": "-1,1613,39,4376",
        "DATE": "2026-09-28",
        "TIME": "18:41",
        "MXI": "-13,38 kA.",
        "STR": "0",
        "SMA": "0,163 Km.",
        "SMI": "0,12799996 Km.",
        "CHI": "0,6",
        "metvlc_time_utc": "2026-09-28T16:41:00+00:00",
        "metvlc_time_source": "date+time",
        "metvlc_has_real_time": true,
        "metvlc_captura_utc": "2026-09-28T20:33:42+00:00",
        "metvlc_last_seen_utc": "2026-09-28T20:33:42+00:00",
        "metvlc_fuente": "SIGIF/GVA Rayos 24h KMZ"
      },
      "geometry": {
        "type": "Point",
        "coordinates": [
          -1.1613,
          39.4376
        ]
      }
    },
    {
      "type": "Feature",
      "properties": {
        "name": "28/09/2026 18:41:45",
        "COORD": "-1,1584,39,4394",
        "DATE": "2026-09-28",
        "TIME": "18:41",
        "MXI": "-21,49 kA.",
        "STR": "0",
        "SMA": "0,168 Km.",
        "SMI": "0,125 Km.",
        "CHI": "0,7",
        "metvlc_time_utc": "2026-09-28T16:41:00+00:00",
        "metvlc_time_source": "date+time",
        "metvlc_has_real_time": true,
        "metvlc_captura_utc": "2026-09-28T20:33:42+00:00",
        "metvlc_last_seen_utc": "2026-09-28T20:33:42+00:00",
        "metvlc_fuente": "SIGIF/GVA Rayos 24h KMZ"
      },
      "geometry": {
        "type": "Point",
        "coordinates": [
          -1.1584,
          39.4394
        ]
      }
    },
    {
      "type": "Feature",
      "properties": {
        "name": "28/09/2026 18:41:46",
        "COORD": "-1,1777,39,4344",
        "DATE": "2026-09-28",
        "TIME": "18:41",
        "MXI": "-17,31 kA.",
        "STR": "0",
        "SMA": "0,165 Km.",
        "SMI": "0,12599999 Km.",
        "CHI": "0,7",
        "metvlc_time_utc": "2026-09-28T16:41:00+00:00",
        "metvlc_time_source": "date+time",
        "metvlc_has_real_time": true,
        "metvlc_captura_utc": "2026-09-28T20:33:42+00:00",
        "metvlc_last_seen_utc": "2026-09-28T20:33:42+00:00",
        "metvlc_fuente": "SIGIF/GVA Rayos 24h KMZ"
      },
      "geometry": {
        "type": "Point",
        "coordinates": [
          -1.1777,
          39.4344
        ]
      }
    },
    {
      "type": "Feature",
      "properties": {
        "name": "28/09/2026 18:41:49",
        "COORD": "-0,7836,39,0436",
        "DATE": "2026-09-28",
        "TIME": "18:41",
        "MXI": "-8,83 kA.",
        "STR": "0",
        "SMA": "0,283 Km.",
        "SMI": "0,18400005 Km.",
        "CHI": "0,2",
        "metvlc_time_utc": "2026-09-28T16:41:00+00:00",
        "metvlc_time_source": "date+time",
        "metvlc_has_real_time": true,
        "metvlc_captura_utc": "2026-09-28T20:33:42+00:00",
        "metvlc_last_seen_utc": "2026-09-28T20:33:42+00:00",
        "metvlc_fuente": "SIGIF/GVA Rayos 24h KMZ"
      },
      "geometry": {
        "type": "Point",
        "coordinates": [
          -0.7836,
          39.0436
        ]
      }
    },
    {
      "type": "Feature",
      "properties": {
        "name": "28/09/2026 18:42:11",
        "COORD": "-1,1594,39,3746",
        "DATE": "2026-09-28",
        "TIME": "18:42",
        "MXI": "-22,02 kA.",
        "STR": "0",
        "SMA": "0,183 Km.",
        "SMI": "0,12699999 Km.",
        "CHI": "0,7",
        "metvlc_time_utc": "2026-09-28T16:42:00+00:00",
        "metvlc_time_source": "date+time",
        "metvlc_has_real_time": true,
        "metvlc_captura_utc": "2026-09-28T20:33:42+00:00",
        "metvlc_last_seen_utc": "2026-09-28T20:33:42+00:00",
        "metvlc_fuente": "SIGIF/GVA Rayos 24h KMZ"
      },
      "geometry": {
        "type": "Point",
        "coordinates": [
          -1.1594,
          39.3746
        ]
      }
    },
    {
      "type": "Feature",
      "properties": {
        "name": "28/09/2026 18:42:11",
        "COORD": "-1,1597,39,3746",
        "DATE": "2026-09-28",
        "TIME": "18:42",
        "MXI": "-10,93 kA.",
        "STR": "0",
        "SMA": "0,196 Km.",
        "SMI": "0,14900002 Km.",
        "CHI": "0,2",
        "metvlc_time_utc": "2026-09-28T16:42:00+00:00",
        "metvlc_time_source": "date+time",
        "metvlc_has_real_time": true,
        "metvlc_captura_utc": "2026-09-28T20:33:42+00:00",
        "metvlc_last_seen_utc": "2026-09-28T20:33:42+00:00",
        "metvlc_fuente": "SIGIF/GVA Rayos 24h KMZ"
      },
      "geometry": {
        "type": "Point",
        "coordinates": [
          -1.1597,
          39.3746
        ]
      }
    },
    {
      "type": "Feature",
      "properties": {
        "name": "28/09/2026 18:42:11",
        "COORD": "-1,1605,39,3752",
        "DATE": "2026-09-28",
        "TIME": "18:42",
        "MXI": "-10,28 kA.",
        "STR": "0",
        "SMA": "0,244 Km.",
        "SMI": "0,15300003 Km.",
        "CHI": "0,7",
        "metvlc_time_utc": "2026-09-28T16:42:00+00:00",
        "metvlc_time_source": "date+time",
        "metvlc_has_real_time": true,
        "metvlc_captura_utc": "2026-09-28T20:33:42+00:00",
        "metvlc_last_seen_utc": "2026-09-28T20:33:42+00:00",
        "metvlc_fuente": "SIGIF/GVA Rayos 24h KMZ"
      },
      "geometry": {
        "type": "Point",
        "coordinates": [
          -1.1605,
          39.3752
        ]
      }
    },
    {
      "type": "Feature",
      "properties": {
        "name": "28/09/2026 18:43:02",
        "COORD": "-1,2005,39,4063",
        "DATE": "2026-09-28",
        "TIME": "18:43",
        "MXI": "-8,78 kA.",
        "STR": "0",
        "SMA": "0,164 Km.",
        "SMI": "0,14800002 Km.",
        "CHI": "0,2",
        "metvlc_time_utc": "2026-09-28T16:43:00+00:00",
        "metvlc_time_source": "date+time",
        "metvlc_has_real_time": true,
        "metvlc_captura_utc": "2026-09-28T20:33:42+00:00",
        "metvlc_last_seen_utc": "2026-09-28T20:33:42+00:00",
        "metvlc_fuente": "SIGIF/GVA Rayos 24h KMZ"
      },
      "geometry": {
        "type": "Point",
        "coordinates": [
          -1.2005,
          39.4063
        ]
      }
    },
    {
      "type": "Feature",
      "properties": {
        "name": "28/09/2026 18:43:30",
        "COORD": "-1,1509,39,4411",
        "DATE": "2026-09-28",
        "TIME": "18:43",
        "MXI": "-10,53 kA.",
        "STR": "0",
        "SMA": "0,166 Km.",
        "SMI": "0,14000003 Km.",
        "CHI": "0,6",
        "metvlc_time_utc": "2026-09-28T16:43:00+00:00",
        "metvlc_time_source": "date+time",
        "metvlc_has_real_time": true,
        "metvlc_captura_utc": "2026-09-28T20:33:42+00:00",
        "metvlc_last_seen_utc": "2026-09-28T20:33:42+00:00",
        "metvlc_fuente": "SIGIF/GVA Rayos 24h KMZ"
      },
      "geometry": {
        "type": "Point",
        "coordinates": [
          -1.1509,
          39.4411
        ]
      }
    },
    {
      "type": "Feature",
      "properties": {
        "name": "28/09/2026 18:43:30",
        "COORD": "-1,1504,39,4405",
        "DATE": "2026-09-28",
        "TIME": "18:43",
        "MXI": "-21,27 kA.",
        "STR": "0",
        "SMA": "0,173 Km.",
        "SMI": "0,13099997 Km.",
        "CHI": "0,7",
        "metvlc_time_utc": "2026-09-28T16:43:00+00:00",
        "metvlc_time_source": "date+time",
        "metvlc_has_real_time": true,
        "metvlc_captura_utc": "2026-09-28T20:33:42+00:00",
        "metvlc_last_seen_utc": "2026-09-28T20:33:42+00:00",
        "metvlc_fuente": "SIGIF/GVA Rayos 24h KMZ"
      },
      "geometry": {
        "type": "Point",
        "coordinates": [
          -1.1504,
          39.4405
        ]
      }
    },
    {
      "type": "Feature",
      "properties": {
        "name": "28/09/2026 18:43:30",
        "COORD": "-1,1511,39,4413",
        "DATE": "2026-09-28",
        "TIME": "18:43",
        "MXI": "-9,17 kA.",
        "STR": "0",
        "SMA": "0,238 Km.",
        "SMI": "0,15299995 Km.",
        "CHI": "1,2",
        "metvlc_time_utc": "2026-09-28T16:43:00+00:00",
        "metvlc_time_source": "date+time",
        "metvlc_has_real_time": true,
        "metvlc_captura_utc": "2026-09-28T20:33:42+00:00",
        "metvlc_last_seen_utc": "2026-09-28T20:33:42+00:00",
        "metvlc_fuente": "SIGIF/GVA Rayos 24h KMZ"
      },
      "geometry": {
        "type": "Point",
        "coordinates": [
          -1.1511,
          39.4413
        ]
      }
    },
    {
      "type": "Feature",
      "properties": {
        "name": "28/09/2026 18:43:30",
        "COORD": "-1,1512,39,4407",
        "DATE": "2026-09-28",
        "TIME": "18:43",
        "MXI": "-6,85 kA.",
        "STR": "0",
        "SMA": "0,284 Km.",
        "SMI": "0,18999998 Km.",
        "CHI": "0,1",
        "metvlc_time_utc": "2026-09-28T16:43:00+00:00",
        "metvlc_time_source": "date+time",
        "metvlc_has_real_time": true,
        "metvlc_captura_utc": "2026-09-28T20:33:42+00:00",
        "metvlc_last_seen_utc": "2026-09-28T20:33:42+00:00",
        "metvlc_fuente": "SIGIF/GVA Rayos 24h KMZ"
      },
      "geometry": {
        "type": "Point",
        "coordinates": [
          -1.1512,
          39.4407
        ]
      }
    },
    {
      "type": "Feature",
      "properties": {
        "name": "28/09/2026 18:43:30",
        "COORD": "-1,1504,39,4409",
        "DATE": "2026-09-28",
        "TIME": "18:43",
        "MXI": "-9,55 kA.",
        "STR": "0",
        "SMA": "0,19 Km.",
        "SMI": "0,14399993 Km.",
        "CHI": "0,8",
        "metvlc_time_utc": "2026-09-28T16:43:00+00:00",
        "metvlc_time_source": "date+time",
        "metvlc_has_real_time": true,
        "metvlc_captura_utc": "2026-09-28T20:33:42+00:00",
        "metvlc_last_seen_utc": "2026-09-28T20:33:42+00:00",
        "metvlc_fuente": "SIGIF/GVA Rayos 24h KMZ"
      },
      "geometry": {
        "type": "Point",
        "coordinates": [
          -1.1504,
          39.4409
        ]
      }
    },
    {
      "type": "Feature",
      "properties": {
        "name": "28/09/2026 18:43:30",
        "COORD": "-1,1512,39,4423",
        "DATE": "2026-09-28",
        "TIME": "18:43",
        "MXI": "-5,39 kA.",
        "STR": "0",
        "SMA": "0,457 Km.",
        "SMI": "0,21500003 Km.",
        "CHI": "1,6",
        "metvlc_time_utc": "2026-09-28T16:43:00+00:00",
        "metvlc_time_source": "date+time",
        "metvlc_has_real_time": true,
        "metvlc_captura_utc": "2026-09-28T20:33:42+00:00",
        "metvlc_last_seen_utc": "2026-09-28T20:33:42+00:00",
        "metvlc_fuente": "SIGIF/GVA Rayos 24h KMZ"
      },
      "geometry": {
        "type": "Point",
        "coordinates": [
          -1.1512,
          39.4423
        ]
      }
    },
    {
      "type": "Feature",
      "properties": {
        "name": "28/09/2026 18:43:30",
        "COORD": "-1,1079,39,4737",
        "DATE": "2026-09-28",
        "TIME": "18:43",
        "MXI": "-7,59 kA.",
        "STR": "0",
        "SMA": "2,289 Km.",
        "SMI": "0,281 Km.",
        "CHI": "0,6",
        "metvlc_time_utc": "2026-09-28T16:43:00+00:00",
        "metvlc_time_source": "date+time",
        "metvlc_has_real_time": true,
        "metvlc_captura_utc": "2026-09-28T20:33:42+00:00",
        "metvlc_last_seen_utc": "2026-09-28T20:33:42+00:00",
        "metvlc_fuente": "SIGIF/GVA Rayos 24h KMZ"
      },
      "geometry": {
        "type": "Point",
        "coordinates": [
          -1.1079,
          39.4737
        ]
      }
    },
    {
      "type": "Feature",
      "properties": {
        "name": "28/09/2026 18:43:31",
        "COORD": "-1,1507,39,4411",
        "DATE": "2026-09-28",
        "TIME": "18:43",
        "MXI": "-16,41 kA.",
        "STR": "0",
        "SMA": "0,163 Km.",
        "SMI": "0,125 Km.",
        "CHI": "0,8",
        "metvlc_time_utc": "2026-09-28T16:43:00+00:00",
        "metvlc_time_source": "date+time",
        "metvlc_has_real_time": true,
        "metvlc_captura_utc": "2026-09-28T20:33:42+00:00",
        "metvlc_last_seen_utc": "2026-09-28T20:33:42+00:00",
        "metvlc_fuente": "SIGIF/GVA Rayos 24h KMZ"
      },
      "geometry": {
        "type": "Point",
        "coordinates": [
          -1.1507,
          39.4411
        ]
      }
    },
    {
      "type": "Feature",
      "properties": {
        "name": "28/09/2026 18:44:20",
        "COORD": "-1,1416,39,4616",
        "DATE": "2026-09-28",
        "TIME": "18:44",
        "MXI": "-14,22 kA.",
        "STR": "0",
        "SMA": "0,164 Km.",
        "SMI": "0,125 Km.",
        "CHI": "0,5",
        "metvlc_time_utc": "2026-09-28T16:44:00+00:00",
        "metvlc_time_source": "date+time",
        "metvlc_has_real_time": true,
        "metvlc_captura_utc": "2026-09-28T20:33:42+00:00",
        "metvlc_last_seen_utc": "2026-09-28T20:33:42+00:00",
        "metvlc_fuente": "SIGIF/GVA Rayos 24h KMZ"
      },
      "geometry": {
        "type": "Point",
        "coordinates": [
          -1.1416,
          39.4616
        ]
      }
    },
    {
      "type": "Feature",
      "properties": {
        "name": "28/09/2026 18:44:20",
        "COORD": "-1,1373,39,4654",
        "DATE": "2026-09-28",
        "TIME": "18:44",
        "MXI": "-37,96 kA.",
        "STR": "0",
        "SMA": "0,161 Km.",
        "SMI": "0,12699994 Km.",
        "CHI": "1,3",
        "metvlc_time_utc": "2026-09-28T16:44:00+00:00",
        "metvlc_time_source": "date+time",
        "metvlc_has_real_time": true,
        "metvlc_captura_utc": "2026-09-28T20:33:42+00:00",
        "metvlc_last_seen_utc": "2026-09-28T20:33:42+00:00",
        "metvlc_fuente": "SIGIF/GVA Rayos 24h KMZ"
      },
      "geometry": {
        "type": "Point",
        "coordinates": [
          -1.1373,
          39.4654
        ]
      }
    },
    {
      "type": "Feature",
      "properties": {
        "name": "28/09/2026 18:44:21",
        "COORD": "-1,1372,39,465",
        "DATE": "2026-09-28",
        "TIME": "18:44",
        "MXI": "-28,34 kA.",
        "STR": "0",
        "SMA": "0,167 Km.",
        "SMI": "0,125 Km.",
        "CHI": "0,9",
        "metvlc_time_utc": "2026-09-28T16:44:00+00:00",
        "metvlc_time_source": "date+time",
        "metvlc_has_real_time": true,
        "metvlc_captura_utc": "2026-09-28T20:33:42+00:00",
        "metvlc_last_seen_utc": "2026-09-28T20:33:42+00:00",
        "metvlc_fuente": "SIGIF/GVA Rayos 24h KMZ"
      },
      "geometry": {
        "type": "Point",
        "coordinates": [
          -1.1372,
          39.465
        ]
      }
    },
    {
      "type": "Feature",
      "properties": {
        "name": "28/09/2026 18:44:21",
        "COORD": "-1,1375,39,4655",
        "DATE": "2026-09-28",
        "TIME": "18:44",
        "MXI": "-18,56 kA.",
        "STR": "0",
        "SMA": "0,162 Km.",
        "SMI": "0,12399996 Km.",
        "CHI": "0,7",
        "metvlc_time_utc": "2026-09-28T16:44:00+00:00",
        "metvlc_time_source": "date+time",
        "metvlc_has_real_time": true,
        "metvlc_captura_utc": "2026-09-28T20:33:42+00:00",
        "metvlc_last_seen_utc": "2026-09-28T20:33:42+00:00",
        "metvlc_fuente": "SIGIF/GVA Rayos 24h KMZ"
      },
      "geometry": {
        "type": "Point",
        "coordinates": [
          -1.1375,
          39.4655
        ]
      }
    },
    {
      "type": "Feature",
      "properties": {
        "name": "28/09/2026 18:44:21",
        "COORD": "-1,1374,39,4649",
        "DATE": "2026-09-28",
        "TIME": "18:44",
        "MXI": "-39,62 kA.",
        "STR": "0",
        "SMA": "0,164 Km.",
        "SMI": "0,129 Km.",
        "CHI": "1,5",
        "metvlc_time_utc": "2026-09-28T16:44:00+00:00",
        "metvlc_time_source": "date+time",
        "metvlc_has_real_time": true,
        "metvlc_captura_utc": "2026-09-28T20:33:42+00:00",
        "metvlc_last_seen_utc": "2026-09-28T20:33:42+00:00",
        "metvlc_fuente": "SIGIF/GVA Rayos 24h KMZ"
      },
      "geometry": {
        "type": "Point",
        "coordinates": [
          -1.1374,
          39.4649
        ]
      }
    },
    {
      "type": "Feature",
      "properties": {
        "name": "28/09/2026 18:44:34",
        "COORD": "-1,139,39,4387",
        "DATE": "2026-09-28",
        "TIME": "18:44",
        "MXI": "-19,51 kA.",
        "STR": "0",
        "SMA": "0,405 Km.",
        "SMI": "0,17600003 Km.",
        "CHI": "0,6",
        "metvlc_time_utc": "2026-09-28T16:44:00+00:00",
        "metvlc_time_source": "date+time",
        "metvlc_has_real_time": true,
        "metvlc_captura_utc": "2026-09-28T20:33:42+00:00",
        "metvlc_last_seen_utc": "2026-09-28T20:33:42+00:00",
        "metvlc_fuente": "SIGIF/GVA Rayos 24h KMZ"
      },
      "geometry": {
        "type": "Point",
        "coordinates": [
          -1.139,
          39.4387
        ]
      }
    },
    {
      "type": "Feature",
      "properties": {
        "name": "28/09/2026 18:45:11",
        "COORD": "-0,8039,39,0743",
        "DATE": "2026-09-28",
        "TIME": "18:45",
        "MXI": "-14,24 kA.",
        "STR": "0",
        "SMA": "0,184 Km.",
        "SMI": "0,12899996 Km.",
        "CHI": "0,3",
        "metvlc_time_utc": "2026-09-28T16:45:00+00:00",
        "metvlc_time_source": "date+time",
        "metvlc_has_real_time": true,
        "metvlc_captura_utc": "2026-09-28T20:33:42+00:00",
        "metvlc_last_seen_utc": "2026-09-28T20:33:42+00:00",
        "metvlc_fuente": "SIGIF/GVA Rayos 24h KMZ"
      },
      "geometry": {
        "type": "Point",
        "coordinates": [
          -0.8039,
          39.0743
        ]
      }
    },
    {
      "type": "Feature",
      "properties": {
        "name": "28/09/2026 18:45:14",
        "COORD": "-1,1216,39,4165",
        "DATE": "2026-09-28",
        "TIME": "18:45",
        "MXI": "-14,12 kA.",
        "STR": "0",
        "SMA": "0,213 Km.",
        "SMI": "0,13999997 Km.",
        "CHI": "0,4",
        "metvlc_time_utc": "2026-09-28T16:45:00+00:00",
        "metvlc_time_source": "date+time",
        "metvlc_has_real_time": true,
        "metvlc_captura_utc": "2026-09-28T20:33:42+00:00",
        "metvlc_last_seen_utc": "2026-09-28T20:33:42+00:00",
        "metvlc_fuente": "SIGIF/GVA Rayos 24h KMZ"
      },
      "geometry": {
        "type": "Point",
        "coordinates": [
          -1.1216,
          39.4165
        ]
      }
    },
    {
      "type": "Feature",
      "properties": {
        "name": "28/09/2026 18:46:13",
        "COORD": "-1,209,39,4284",
        "DATE": "2026-09-28",
        "TIME": "18:46",
        "MXI": "-15,1 kA.",
        "STR": "0",
        "SMA": "0,168 Km.",
        "SMI": "0,12799999 Km.",
        "CHI": "0,7",
        "metvlc_time_utc": "2026-09-28T16:46:00+00:00",
        "metvlc_time_source": "date+time",
        "metvlc_has_real_time": true,
        "metvlc_captura_utc": "2026-09-28T20:33:42+00:00",
        "metvlc_last_seen_utc": "2026-09-28T20:33:42+00:00",
        "metvlc_fuente": "SIGIF/GVA Rayos 24h KMZ"
      },
      "geometry": {
        "type": "Point",
        "coordinates": [
          -1.209,
          39.4284
        ]
      }
    },
    {
      "type": "Feature",
      "properties": {
        "name": "28/09/2026 18:46:24",
        "COORD": "-1,1318,39,4068",
        "DATE": "2026-09-28",
        "TIME": "18:46",
        "MXI": "-34,81 kA.",
        "STR": "0",
        "SMA": "0,167 Km.",
        "SMI": "0,125 Km.",
        "CHI": "1,4",
        "metvlc_time_utc": "2026-09-28T16:46:00+00:00",
        "metvlc_time_source": "date+time",
        "metvlc_has_real_time": true,
        "metvlc_captura_utc": "2026-09-28T20:33:42+00:00",
        "metvlc_last_seen_utc": "2026-09-28T20:33:42+00:00",
        "metvlc_fuente": "SIGIF/GVA Rayos 24h KMZ"
      },
      "geometry": {
        "type": "Point",
        "coordinates": [
          -1.1318,
          39.4068
        ]
      }
    },
    {
      "type": "Feature",
      "properties": {
        "name": "28/09/2026 18:46:35",
        "COORD": "-0,7997,39,0279",
        "DATE": "2026-09-28",
        "TIME": "18:46",
        "MXI": "-6,54 kA.",
        "STR": "0",
        "SMA": "0,311 Km.",
        "SMI": "0,19199996 Km.",
        "CHI": "1,2",
        "metvlc_time_utc": "2026-09-28T16:46:00+00:00",
        "metvlc_time_source": "date+time",
        "metvlc_has_real_time": true,
        "metvlc_captura_utc": "2026-09-28T20:33:42+00:00",
        "metvlc_last_seen_utc": "2026-09-28T20:33:42+00:00",
        "metvlc_fuente": "SIGIF/GVA Rayos 24h KMZ"
      },
      "geometry": {
        "type": "Point",
        "coordinates": [
          -0.7997,
          39.0279
        ]
      }
    },
    {
      "type": "Feature",
      "properties": {
        "name": "28/09/2026 18:46:50",
        "COORD": "-1,1893,39,431",
        "DATE": "2026-09-28",
        "TIME": "18:46",
        "MXI": "-20,25 kA.",
        "STR": "0",
        "SMA": "0,165 Km.",
        "SMI": "0,12899998 Km.",
        "CHI": "0,8",
        "metvlc_time_utc": "2026-09-28T16:46:00+00:00",
        "metvlc_time_source": "date+time",
        "metvlc_has_real_time": true,
        "metvlc_captura_utc": "2026-09-28T20:33:42+00:00",
        "metvlc_last_seen_utc": "2026-09-28T20:33:42+00:00",
        "metvlc_fuente": "SIGIF/GVA Rayos 24h KMZ"
      },
      "geometry": {
        "type": "Point",
        "coordinates": [
          -1.1893,
          39.431
        ]
      }
    },
    {
      "type": "Feature",
      "properties": {
        "name": "28/09/2026 18:46:50",
        "COORD": "-1,1892,39,431",
        "DATE": "2026-09-28",
        "TIME": "18:46",
        "MXI": "-18,15 kA.",
        "STR": "0",
        "SMA": "0,164 Km.",
        "SMI": "0,12699996 Km.",
        "CHI": "1,3",
        "metvlc_time_utc": "2026-09-28T16:46:00+00:00",
        "metvlc_time_source": "date+time",
        "metvlc_has_real_time": true,
        "metvlc_captura_utc": "2026-09-28T20:33:42+00:00",
        "metvlc_last_seen_utc": "2026-09-28T20:33:42+00:00",
        "metvlc_fuente": "SIGIF/GVA Rayos 24h KMZ"
      },
      "geometry": {
        "type": "Point",
        "coordinates": [
          -1.1892,
          39.431
        ]
      }
    },
    {
      "type": "Feature",
      "properties": {
        "name": "28/09/2026 18:46:50",
        "COORD": "-1,1897,39,4303",
        "DATE": "2026-09-28",
        "TIME": "18:46",
        "MXI": "-35,66 kA.",
        "STR": "0",
        "SMA": "0,192 Km.",
        "SMI": "0,11699998 Km.",
        "CHI": "0,8",
        "metvlc_time_utc": "2026-09-28T16:46:00+00:00",
        "metvlc_time_source": "date+time",
        "metvlc_has_real_time": true,
        "metvlc_captura_utc": "2026-09-28T20:33:42+00:00",
        "metvlc_last_seen_utc": "2026-09-28T20:33:42+00:00",
        "metvlc_fuente": "SIGIF/GVA Rayos 24h KMZ"
      },
      "geometry": {
        "type": "Point",
        "coordinates": [
          -1.1897,
          39.4303
        ]
      }
    },
    {
      "type": "Feature",
      "properties": {
        "name": "28/09/2026 18:46:51",
        "COORD": "-1,1899,39,432",
        "DATE": "2026-09-28",
        "TIME": "18:46",
        "MXI": "-8,4 kA.",
        "STR": "0",
        "SMA": "0,318 Km.",
        "SMI": "0,16199999 Km.",
        "CHI": "0,6",
        "metvlc_time_utc": "2026-09-28T16:46:00+00:00",
        "metvlc_time_source": "date+time",
        "metvlc_has_real_time": true,
        "metvlc_captura_utc": "2026-09-28T20:33:42+00:00",
        "metvlc_last_seen_utc": "2026-09-28T20:33:42+00:00",
        "metvlc_fuente": "SIGIF/GVA Rayos 24h KMZ"
      },
      "geometry": {
        "type": "Point",
        "coordinates": [
          -1.1899,
          39.432
        ]
      }
    },
    {
      "type": "Feature",
      "properties": {
        "name": "28/09/2026 18:46:51",
        "COORD": "-1,1899,39,4316",
        "DATE": "2026-09-28",
        "TIME": "18:46",
        "MXI": "-5,19 kA.",
        "STR": "0",
        "SMA": "0,422 Km.",
        "SMI": "0,21499996 Km.",
        "CHI": "1,3",
        "metvlc_time_utc": "2026-09-28T16:46:00+00:00",
        "metvlc_time_source": "date+time",
        "metvlc_has_real_time": true,
        "metvlc_captura_utc": "2026-09-28T20:33:42+00:00",
        "metvlc_last_seen_utc": "2026-09-28T20:33:42+00:00",
        "metvlc_fuente": "SIGIF/GVA Rayos 24h KMZ"
      },
      "geometry": {
        "type": "Point",
        "coordinates": [
          -1.1899,
          39.4316
        ]
      }
    },
    {
      "type": "Feature",
      "properties": {
        "name": "28/09/2026 18:47:00",
        "COORD": "-1,1706,39,4232",
        "DATE": "2026-09-28",
        "TIME": "18:47",
        "MXI": "-20,09 kA.",
        "STR": "0",
        "SMA": "0,167 Km.",
        "SMI": "0,12800005 Km.",
        "CHI": "1,1",
        "metvlc_time_utc": "2026-09-28T16:47:00+00:00",
        "metvlc_time_source": "date+time",
        "metvlc_has_real_time": true,
        "metvlc_captura_utc": "2026-09-28T20:33:42+00:00",
        "metvlc_last_seen_utc": "2026-09-28T20:33:42+00:00",
        "metvlc_fuente": "SIGIF/GVA Rayos 24h KMZ"
      },
      "geometry": {
        "type": "Point",
        "coordinates": [
          -1.1706,
          39.4232
        ]
      }
    },
    {
      "type": "Feature",
      "properties": {
        "name": "28/09/2026 18:47:09",
        "COORD": "-1,1563,39,4162",
        "DATE": "2026-09-28",
        "TIME": "18:47",
        "MXI": "-40,98 kA.",
        "STR": "0",
        "SMA": "0,167 Km.",
        "SMI": "0,12699996 Km.",
        "CHI": "1,3",
        "metvlc_time_utc": "2026-09-28T16:47:00+00:00",
        "metvlc_time_source": "date+time",
        "metvlc_has_real_time": true,
        "metvlc_captura_utc": "2026-09-28T20:33:42+00:00",
        "metvlc_last_seen_utc": "2026-09-28T20:33:42+00:00",
        "metvlc_fuente": "SIGIF/GVA Rayos 24h KMZ"
      },
      "geometry": {
        "type": "Point",
        "coordinates": [
          -1.1563,
          39.4162
        ]
      }
    },
    {
      "type": "Feature",
      "properties": {
        "name": "28/09/2026 18:47:09",
        "COORD": "-1,1561,39,4163",
        "DATE": "2026-09-28",
        "TIME": "18:47",
        "MXI": "-52,38 kA.",
        "STR": "0",
        "SMA": "0,167 Km.",
        "SMI": "0,13000003 Km.",
        "CHI": "1",
        "metvlc_time_utc": "2026-09-28T16:47:00+00:00",
        "metvlc_time_source": "date+time",
        "metvlc_has_real_time": true,
        "metvlc_captura_utc": "2026-09-28T20:33:42+00:00",
        "metvlc_last_seen_utc": "2026-09-28T20:33:42+00:00",
        "metvlc_fuente": "SIGIF/GVA Rayos 24h KMZ"
      },
      "geometry": {
        "type": "Point",
        "coordinates": [
          -1.1561,
          39.4163
        ]
      }
    },
    {
      "type": "Feature",
      "properties": {
        "name": "28/09/2026 18:47:09",
        "COORD": "-1,1579,39,4175",
        "DATE": "2026-09-28",
        "TIME": "18:47",
        "MXI": "-6,34 kA.",
        "STR": "0",
        "SMA": "0,241 Km.",
        "SMI": "0,20300002 Km.",
        "CHI": "1",
        "metvlc_time_utc": "2026-09-28T16:47:00+00:00",
        "metvlc_time_source": "date+time",
        "metvlc_has_real_time": true,
        "metvlc_captura_utc": "2026-09-28T20:33:42+00:00",
        "metvlc_last_seen_utc": "2026-09-28T20:33:42+00:00",
        "metvlc_fuente": "SIGIF/GVA Rayos 24h KMZ"
      },
      "geometry": {
        "type": "Point",
        "coordinates": [
          -1.1579,
          39.4175
        ]
      }
    },
    {
      "type": "Feature",
      "properties": {
        "name": "28/09/2026 18:47:09",
        "COORD": "-1,1566,39,4167",
        "DATE": "2026-09-28",
        "TIME": "18:47",
        "MXI": "-13,67 kA.",
        "STR": "0",
        "SMA": "0,166 Km.",
        "SMI": "0,125 Km.",
        "CHI": "0,4",
        "metvlc_time_utc": "2026-09-28T16:47:00+00:00",
        "metvlc_time_source": "date+time",
        "metvlc_has_real_time": true,
        "metvlc_captura_utc": "2026-09-28T20:33:42+00:00",
        "metvlc_last_seen_utc": "2026-09-28T20:33:42+00:00",
        "metvlc_fuente": "SIGIF/GVA Rayos 24h KMZ"
      },
      "geometry": {
        "type": "Point",
        "coordinates": [
          -1.1566,
          39.4167
        ]
      }
    },
    {
      "type": "Feature",
      "properties": {
        "name": "28/09/2026 18:47:09",
        "COORD": "-1,1564,39,417",
        "DATE": "2026-09-28",
        "TIME": "18:47",
        "MXI": "-33,67 kA.",
        "STR": "0",
        "SMA": "0,194 Km.",
        "SMI": "0,13299997 Km.",
        "CHI": "0,7",
        "metvlc_time_utc": "2026-09-28T16:47:00+00:00",
        "metvlc_time_source": "date+time",
        "metvlc_has_real_time": true,
        "metvlc_captura_utc": "2026-09-28T20:33:42+00:00",
        "metvlc_last_seen_utc": "2026-09-28T20:33:42+00:00",
        "metvlc_fuente": "SIGIF/GVA Rayos 24h KMZ"
      },
      "geometry": {
        "type": "Point",
        "coordinates": [
          -1.1564,
          39.417
        ]
      }
    },
    {
      "type": "Feature",
      "properties": {
        "name": "28/09/2026 18:47:09",
        "COORD": "-1,1575,39,4169",
        "DATE": "2026-09-28",
        "TIME": "18:47",
        "MXI": "-9,36 kA.",
        "STR": "0",
        "SMA": "0,241 Km.",
        "SMI": "0,15200002 Km.",
        "CHI": "0,8",
        "metvlc_time_utc": "2026-09-28T16:47:00+00:00",
        "metvlc_time_source": "date+time",
        "metvlc_has_real_time": true,
        "metvlc_captura_utc": "2026-09-28T20:33:42+00:00",
        "metvlc_last_seen_utc": "2026-09-28T20:33:42+00:00",
        "metvlc_fuente": "SIGIF/GVA Rayos 24h KMZ"
      },
      "geometry": {
        "type": "Point",
        "coordinates": [
          -1.1575,
          39.4169
        ]
      }
    },
    {
      "type": "Feature",
      "properties": {
        "name": "28/09/2026 18:47:09",
        "COORD": "-1,1557,39,4167",
        "DATE": "2026-09-28",
        "TIME": "18:47",
        "MXI": "-8,21 kA.",
        "STR": "0",
        "SMA": "0,197 Km.",
        "SMI": "0,15499997 Km.",
        "CHI": "0,2",
        "metvlc_time_utc": "2026-09-28T16:47:00+00:00",
        "metvlc_time_source": "date+time",
        "metvlc_has_real_time": true,
        "metvlc_captura_utc": "2026-09-28T20:33:42+00:00",
        "metvlc_last_seen_utc": "2026-09-28T20:33:42+00:00",
        "metvlc_fuente": "SIGIF/GVA Rayos 24h KMZ"
      },
      "geometry": {
        "type": "Point",
        "coordinates": [
          -1.1557,
          39.4167
        ]
      }
    },
    {
      "type": "Feature",
      "properties": {
        "name": "28/09/2026 18:47:09",
        "COORD": "-1,1564,39,4167",
        "DATE": "2026-09-28",
        "TIME": "18:47",
        "MXI": "-18,76 kA.",
        "STR": "0",
        "SMA": "0,167 Km.",
        "SMI": "0,12699996 Km.",
        "CHI": "0,7",
        "metvlc_time_utc": "2026-09-28T16:47:00+00:00",
        "metvlc_time_source": "date+time",
        "metvlc_has_real_time": true,
        "metvlc_captura_utc": "2026-09-28T20:33:42+00:00",
        "metvlc_last_seen_utc": "2026-09-28T20:33:42+00:00",
        "metvlc_fuente": "SIGIF/GVA Rayos 24h KMZ"
      },
      "geometry": {
        "type": "Point",
        "coordinates": [
          -1.1564,
          39.4167
        ]
      }
    },
    {
      "type": "Feature",
      "properties": {
        "name": "28/09/2026 18:47:23",
        "COORD": "-1,1409,39,4309",
        "DATE": "2026-09-28",
        "TIME": "18:47",
        "MXI": "-22,47 kA.",
        "STR": "0",
        "SMA": "0,169 Km.",
        "SMI": "0,125 Km.",
        "CHI": "0,9",
        "metvlc_time_utc": "2026-09-28T16:47:00+00:00",
        "metvlc_time_source": "date+time",
        "metvlc_has_real_time": true,
        "metvlc_captura_utc": "2026-09-28T20:33:42+00:00",
        "metvlc_last_seen_utc": "2026-09-28T20:33:42+00:00",
        "metvlc_fuente": "SIGIF/GVA Rayos 24h KMZ"
      },
      "geometry": {
        "type": "Point",
        "coordinates": [
          -1.1409,
          39.4309
        ]
      }
    },
    {
      "type": "Feature",
      "properties": {
        "name": "28/09/2026 18:47:23",
        "COORD": "-1,1411,39,4306",
        "DATE": "2026-09-28",
        "TIME": "18:47",
        "MXI": "-15,96 kA.",
        "STR": "0",
        "SMA": "0,166 Km.",
        "SMI": "0,125 Km.",
        "CHI": "0,2",
        "metvlc_time_utc": "2026-09-28T16:47:00+00:00",
        "metvlc_time_source": "date+time",
        "metvlc_has_real_time": true,
        "metvlc_captura_utc": "2026-09-28T20:33:42+00:00",
        "metvlc_last_seen_utc": "2026-09-28T20:33:42+00:00",
        "metvlc_fuente": "SIGIF/GVA Rayos 24h KMZ"
      },
      "geometry": {
        "type": "Point",
        "coordinates": [
          -1.1411,
          39.4306
        ]
      }
    },
    {
      "type": "Feature",
      "properties": {
        "name": "28/09/2026 18:47:23",
        "COORD": "-1,1413,39,4319",
        "DATE": "2026-09-28",
        "TIME": "18:47",
        "MXI": "-4,98 kA.",
        "STR": "0",
        "SMA": "0,433 Km.",
        "SMI": "0,21799995 Km.",
        "CHI": "1,8",
        "metvlc_time_utc": "2026-09-28T16:47:00+00:00",
        "metvlc_time_source": "date+time",
        "metvlc_has_real_time": true,
        "metvlc_captura_utc": "2026-09-28T20:33:42+00:00",
        "metvlc_last_seen_utc": "2026-09-28T20:33:42+00:00",
        "metvlc_fuente": "SIGIF/GVA Rayos 24h KMZ"
      },
      "geometry": {
        "type": "Point",
        "coordinates": [
          -1.1413,
          39.4319
        ]
      }
    },
    {
      "type": "Feature",
      "properties": {
        "name": "28/09/2026 18:47:33",
        "COORD": "-1,1442,39,4191",
        "DATE": "2026-09-28",
        "TIME": "18:47",
        "MXI": "-25,05 kA.",
        "STR": "0",
        "SMA": "0,164 Km.",
        "SMI": "0,12200003 Km.",
        "CHI": "0,8",
        "metvlc_time_utc": "2026-09-28T16:47:00+00:00",
        "metvlc_time_source": "date+time",
        "metvlc_has_real_time": true,
        "metvlc_captura_utc": "2026-09-28T20:33:42+00:00",
        "metvlc_last_seen_utc": "2026-09-28T20:33:42+00:00",
        "metvlc_fuente": "SIGIF/GVA Rayos 24h KMZ"
      },
      "geometry": {
        "type": "Point",
        "coordinates": [
          -1.1442,
          39.4191
        ]
      }
    },
    {
      "type": "Feature",
      "properties": {
        "name": "28/09/2026 18:47:33",
        "COORD": "-1,1444,39,4196",
        "DATE": "2026-09-28",
        "TIME": "18:47",
        "MXI": "-13,09 kA.",
        "STR": "0",
        "SMA": "0,166 Km.",
        "SMI": "0,125 Km.",
        "CHI": "0,6",
        "metvlc_time_utc": "2026-09-28T16:47:00+00:00",
        "metvlc_time_source": "date+time",
        "metvlc_has_real_time": true,
        "metvlc_captura_utc": "2026-09-28T20:33:42+00:00",
        "metvlc_last_seen_utc": "2026-09-28T20:33:42+00:00",
        "metvlc_fuente": "SIGIF/GVA Rayos 24h KMZ"
      },
      "geometry": {
        "type": "Point",
        "coordinates": [
          -1.1444,
          39.4196
        ]
      }
    },
    {
      "type": "Feature",
      "properties": {
        "name": "28/09/2026 18:47:36",
        "COORD": "-0,7785,39,0267",
        "DATE": "2026-09-28",
        "TIME": "18:47",
        "MXI": "-23,48 kA.",
        "STR": "0",
        "SMA": "0,177 Km.",
        "SMI": "0,13399994 Km.",
        "CHI": "0,7",
        "metvlc_time_utc": "2026-09-28T16:47:00+00:00",
        "metvlc_time_source": "date+time",
        "metvlc_has_real_time": true,
        "metvlc_captura_utc": "2026-09-28T20:33:42+00:00",
        "metvlc_last_seen_utc": "2026-09-28T20:33:42+00:00",
        "metvlc_fuente": "SIGIF/GVA Rayos 24h KMZ"
      },
      "geometry": {
        "type": "Point",
        "coordinates": [
          -0.7785,
          39.0267
        ]
      }
    },
    {
      "type": "Feature",
      "properties": {
        "name": "28/09/2026 18:47:36",
        "COORD": "-0,7784,39,0269",
        "DATE": "2026-09-28",
        "TIME": "18:47",
        "MXI": "-11,87 kA.",
        "STR": "0",
        "SMA": "0,183 Km.",
        "SMI": "0,13600002 Km.",
        "CHI": "0,3",
        "metvlc_time_utc": "2026-09-28T16:47:00+00:00",
        "metvlc_time_source": "date+time",
        "metvlc_has_real_time": true,
        "metvlc_captura_utc": "2026-09-28T20:33:42+00:00",
        "metvlc_last_seen_utc": "2026-09-28T20:33:42+00:00",
        "metvlc_fuente": "SIGIF/GVA Rayos 24h KMZ"
      },
      "geometry": {
        "type": "Point",
        "coordinates": [
          -0.7784,
          39.0269
        ]
      }
    },
    {
      "type": "Feature",
      "properties": {
        "name": "28/09/2026 18:47:36",
        "COORD": "-0,7788,39,0264",
        "DATE": "2026-09-28",
        "TIME": "18:47",
        "MXI": "-11,6 kA.",
        "STR": "0",
        "SMA": "0,187 Km.",
        "SMI": "0,15699999 Km.",
        "CHI": "0,2",
        "metvlc_time_utc": "2026-09-28T16:47:00+00:00",
        "metvlc_time_source": "date+time",
        "metvlc_has_real_time": true,
        "metvlc_captura_utc": "2026-09-28T20:33:42+00:00",
        "metvlc_last_seen_utc": "2026-09-28T20:33:42+00:00",
        "metvlc_fuente": "SIGIF/GVA Rayos 24h KMZ"
      },
      "geometry": {
        "type": "Point",
        "coordinates": [
          -0.7788,
          39.0264
        ]
      }
    },
    {
      "type": "Feature",
      "properties": {
        "name": "28/09/2026 18:47:47",
        "COORD": "-1,1463,39,4737",
        "DATE": "2026-09-28",
        "TIME": "18:47",
        "MXI": "-11,84 kA.",
        "STR": "0",
        "SMA": "0,172 Km.",
        "SMI": "0,152 Km.",
        "CHI": "0,8",
        "metvlc_time_utc": "2026-09-28T16:47:00+00:00",
        "metvlc_time_source": "date+time",
        "metvlc_has_real_time": true,
        "metvlc_captura_utc": "2026-09-28T20:33:42+00:00",
        "metvlc_last_seen_utc": "2026-09-28T20:33:42+00:00",
        "metvlc_fuente": "SIGIF/GVA Rayos 24h KMZ"
      },
      "geometry": {
        "type": "Point",
        "coordinates": [
          -1.1463,
          39.4737
        ]
      }
    },
    {
      "type": "Feature",
      "properties": {
        "name": "28/09/2026 18:47:59",
        "COORD": "-1,1483,39,4203",
        "DATE": "2026-09-28",
        "TIME": "18:47",
        "MXI": "-53,44 kA.",
        "STR": "0",
        "SMA": "0,162 Km.",
        "SMI": "0,125 Km.",
        "CHI": "1",
        "metvlc_time_utc": "2026-09-28T16:47:00+00:00",
        "metvlc_time_source": "date+time",
        "metvlc_has_real_time": true,
        "metvlc_captura_utc": "2026-09-28T20:33:42+00:00",
        "metvlc_last_seen_utc": "2026-09-28T20:33:42+00:00",
        "metvlc_fuente": "SIGIF/GVA Rayos 24h KMZ"
      },
      "geometry": {
        "type": "Point",
        "coordinates": [
          -1.1483,
          39.4203
        ]
      }
    },
    {
      "type": "Feature",
      "properties": {
        "name": "28/09/2026 18:47:59",
        "COORD": "-1,157,39,4165",
        "DATE": "2026-09-28",
        "TIME": "18:47",
        "MXI": "-21,31 kA.",
        "STR": "0",
        "SMA": "0,165 Km.",
        "SMI": "0,12699996 Km.",
        "CHI": "1,2",
        "metvlc_time_utc": "2026-09-28T16:47:00+00:00",
        "metvlc_time_source": "date+time",
        "metvlc_has_real_time": true,
        "metvlc_captura_utc": "2026-09-28T20:33:42+00:00",
        "metvlc_last_seen_utc": "2026-09-28T20:33:42+00:00",
        "metvlc_fuente": "SIGIF/GVA Rayos 24h KMZ"
      },
      "geometry": {
        "type": "Point",
        "coordinates": [
          -1.157,
          39.4165
        ]
      }
    },
    {
      "type": "Feature",
      "properties": {
        "name": "28/09/2026 18:48:11",
        "COORD": "-1,1195,39,4314",
        "DATE": "2026-09-28",
        "TIME": "18:48",
        "MXI": "-45,41 kA.",
        "STR": "0",
        "SMA": "0,161 Km.",
        "SMI": "0,123 Km.",
        "CHI": "0,8",
        "metvlc_time_utc": "2026-09-28T16:48:00+00:00",
        "metvlc_time_source": "date+time",
        "metvlc_has_real_time": true,
        "metvlc_captura_utc": "2026-09-28T20:33:42+00:00",
        "metvlc_last_seen_utc": "2026-09-28T20:33:42+00:00",
        "metvlc_fuente": "SIGIF/GVA Rayos 24h KMZ"
      },
      "geometry": {
        "type": "Point",
        "coordinates": [
          -1.1195,
          39.4314
        ]
      }
    },
    {
      "type": "Feature",
      "properties": {
        "name": "28/09/2026 18:48:11",
        "COORD": "-1,1199,39,4314",
        "DATE": "2026-09-28",
        "TIME": "18:48",
        "MXI": "-11,52 kA.",
        "STR": "0",
        "SMA": "0,264 Km.",
        "SMI": "0,16 Km.",
        "CHI": "0,5",
        "metvlc_time_utc": "2026-09-28T16:48:00+00:00",
        "metvlc_time_source": "date+time",
        "metvlc_has_real_time": true,
        "metvlc_captura_utc": "2026-09-28T20:33:42+00:00",
        "metvlc_last_seen_utc": "2026-09-28T20:33:42+00:00",
        "metvlc_fuente": "SIGIF/GVA Rayos 24h KMZ"
      },
      "geometry": {
        "type": "Point",
        "coordinates": [
          -1.1199,
          39.4314
        ]
      }
    },
    {
      "type": "Feature",
      "properties": {
        "name": "28/09/2026 18:48:11",
        "COORD": "-1,0223,39,4644",
        "DATE": "2026-09-28",
        "TIME": "18:48",
        "MXI": "-10,86 kA.",
        "STR": "0",
        "SMA": "3,717 Km.",
        "SMI": "0,443 Km.",
        "CHI": "0,1",
        "metvlc_time_utc": "2026-09-28T16:48:00+00:00",
        "metvlc_time_source": "date+time",
        "metvlc_has_real_time": true,
        "metvlc_captura_utc": "2026-09-28T20:33:42+00:00",
        "metvlc_last_seen_utc": "2026-09-28T20:33:42+00:00",
        "metvlc_fuente": "SIGIF/GVA Rayos 24h KMZ"
      },
      "geometry": {
        "type": "Point",
        "coordinates": [
          -1.0223,
          39.4644
        ]
      }
    },
    {
      "type": "Feature",
      "properties": {
        "name": "28/09/2026 18:48:11",
        "COORD": "-1,1415,39,4625",
        "DATE": "2026-09-28",
        "TIME": "18:48",
        "MXI": "-24,4 kA.",
        "STR": "0",
        "SMA": "0,58 Km.",
        "SMI": "0,203 Km.",
        "CHI": "1,3",
        "metvlc_time_utc": "2026-09-28T16:48:00+00:00",
        "metvlc_time_source": "date+time",
        "metvlc_has_real_time": true,
        "metvlc_captura_utc": "2026-09-28T20:33:42+00:00",
        "metvlc_last_seen_utc": "2026-09-28T20:33:42+00:00",
        "metvlc_fuente": "SIGIF/GVA Rayos 24h KMZ"
      },
      "geometry": {
        "type": "Point",
        "coordinates": [
          -1.1415,
          39.4625
        ]
      }
    },
    {
      "type": "Feature",
      "properties": {
        "name": "28/09/2026 18:48:27",
        "COORD": "-1,183,39,4324",
        "DATE": "2026-09-28",
        "TIME": "18:48",
        "MXI": "-25,57 kA.",
        "STR": "0",
        "SMA": "0,167 Km.",
        "SMI": "0,125 Km.",
        "CHI": "0,7",
        "metvlc_time_utc": "2026-09-28T16:48:00+00:00",
        "metvlc_time_source": "date+time",
        "metvlc_has_real_time": true,
        "metvlc_captura_utc": "2026-09-28T20:33:42+00:00",
        "metvlc_last_seen_utc": "2026-09-28T20:33:42+00:00",
        "metvlc_fuente": "SIGIF/GVA Rayos 24h KMZ"
      },
      "geometry": {
        "type": "Point",
        "coordinates": [
          -1.183,
          39.4324
        ]
      }
    },
    {
      "type": "Feature",
      "properties": {
        "name": "28/09/2026 18:48:27",
        "COORD": "-1,1844,39,4328",
        "DATE": "2026-09-28",
        "TIME": "18:48",
        "MXI": "-6,6 kA.",
        "STR": "0",
        "SMA": "0,241 Km.",
        "SMI": "0,20799997 Km.",
        "CHI": "1,7",
        "metvlc_time_utc": "2026-09-28T16:48:00+00:00",
        "metvlc_time_source": "date+time",
        "metvlc_has_real_time": true,
        "metvlc_captura_utc": "2026-09-28T20:33:42+00:00",
        "metvlc_last_seen_utc": "2026-09-28T20:33:42+00:00",
        "metvlc_fuente": "SIGIF/GVA Rayos 24h KMZ"
      },
      "geometry": {
        "type": "Point",
        "coordinates": [
          -1.1844,
          39.4328
        ]
      }
    },
    {
      "type": "Feature",
      "properties": {
        "name": "28/09/2026 18:48:48",
        "COORD": "-1,1159,39,3984",
        "DATE": "2026-09-28",
        "TIME": "18:48",
        "MXI": "-30,6 kA.",
        "STR": "0",
        "SMA": "0,165 Km.",
        "SMI": "0,12599999 Km.",
        "CHI": "1,3",
        "metvlc_time_utc": "2026-09-28T16:48:00+00:00",
        "metvlc_time_source": "date+time",
        "metvlc_has_real_time": true,
        "metvlc_captura_utc": "2026-09-28T20:33:42+00:00",
        "metvlc_last_seen_utc": "2026-09-28T20:33:42+00:00",
        "metvlc_fuente": "SIGIF/GVA Rayos 24h KMZ"
      },
      "geometry": {
        "type": "Point",
        "coordinates": [
          -1.1159,
          39.3984
        ]
      }
    },
    {
      "type": "Feature",
      "properties": {
        "name": "28/09/2026 18:48:48",
        "COORD": "-1,2062,39,4423",
        "DATE": "2026-09-28",
        "TIME": "18:48",
        "MXI": "-16,19 kA.",
        "STR": "0",
        "SMA": "0,165 Km.",
        "SMI": "0,12800005 Km.",
        "CHI": "0,6",
        "metvlc_time_utc": "2026-09-28T16:48:00+00:00",
        "metvlc_time_source": "date+time",
        "metvlc_has_real_time": true,
        "metvlc_captura_utc": "2026-09-28T20:33:42+00:00",
        "metvlc_last_seen_utc": "2026-09-28T20:33:42+00:00",
        "metvlc_fuente": "SIGIF/GVA Rayos 24h KMZ"
      },
      "geometry": {
        "type": "Point",
        "coordinates": [
          -1.2062,
          39.4423
        ]
      }
    },
    {
      "type": "Feature",
      "properties": {
        "name": "28/09/2026 18:48:56",
        "COORD": "-1,1409,39,4534",
        "DATE": "2026-09-28",
        "TIME": "18:48",
        "MXI": "-31,79 kA.",
        "STR": "0",
        "SMA": "0,162 Km.",
        "SMI": "0,12699996 Km.",
        "CHI": "1",
        "metvlc_time_utc": "2026-09-28T16:48:00+00:00",
        "metvlc_time_source": "date+time",
        "metvlc_has_real_time": true,
        "metvlc_captura_utc": "2026-09-28T20:33:42+00:00",
        "metvlc_last_seen_utc": "2026-09-28T20:33:42+00:00",
        "metvlc_fuente": "SIGIF/GVA Rayos 24h KMZ"
      },
      "geometry": {
        "type": "Point",
        "coordinates": [
          -1.1409,
          39.4534
        ]
      }
    },
    {
      "type": "Feature",
      "properties": {
        "name": "28/09/2026 18:49:03",
        "COORD": "-1,171,39,4034",
        "DATE": "2026-09-28",
        "TIME": "18:49",
        "MXI": "-30,33 kA.",
        "STR": "0",
        "SMA": "0,172 Km.",
        "SMI": "0,128 Km.",
        "CHI": "1,2",
        "metvlc_time_utc": "2026-09-28T16:49:00+00:00",
        "metvlc_time_source": "date+time",
        "metvlc_has_real_time": true,
        "metvlc_captura_utc": "2026-09-28T20:33:42+00:00",
        "metvlc_last_seen_utc": "2026-09-28T20:33:42+00:00",
        "metvlc_fuente": "SIGIF/GVA Rayos 24h KMZ"
      },
      "geometry": {
        "type": "Point",
        "coordinates": [
          -1.171,
          39.4034
        ]
      }
    },
    {
      "type": "Feature",
      "properties": {
        "name": "28/09/2026 18:49:03",
        "COORD": "-1,1705,39,4035",
        "DATE": "2026-09-28",
        "TIME": "18:49",
        "MXI": "-15,62 kA.",
        "STR": "0",
        "SMA": "0,163 Km.",
        "SMI": "0,12400002 Km.",
        "CHI": "0,5",
        "metvlc_time_utc": "2026-09-28T16:49:00+00:00",
        "metvlc_time_source": "date+time",
        "metvlc_has_real_time": true,
        "metvlc_captura_utc": "2026-09-28T20:33:42+00:00",
        "metvlc_last_seen_utc": "2026-09-28T20:33:42+00:00",
        "metvlc_fuente": "SIGIF/GVA Rayos 24h KMZ"
      },
      "geometry": {
        "type": "Point",
        "coordinates": [
          -1.1705,
          39.4035
        ]
      }
    },
    {
      "type": "Feature",
      "properties": {
        "name": "28/09/2026 18:49:03",
        "COORD": "-1,17,39,403",
        "DATE": "2026-09-28",
        "TIME": "18:49",
        "MXI": "-23,17 kA.",
        "STR": "0",
        "SMA": "0,165 Km.",
        "SMI": "0,12699996 Km.",
        "CHI": "1",
        "metvlc_time_utc": "2026-09-28T16:49:00+00:00",
        "metvlc_time_source": "date+time",
        "metvlc_has_real_time": true,
        "metvlc_captura_utc": "2026-09-28T20:33:42+00:00",
        "metvlc_last_seen_utc": "2026-09-28T20:33:42+00:00",
        "metvlc_fuente": "SIGIF/GVA Rayos 24h KMZ"
      },
      "geometry": {
        "type": "Point",
        "coordinates": [
          -1.17,
          39.403
        ]
      }
    },
    {
      "type": "Feature",
      "properties": {
        "name": "28/09/2026 18:49:04",
        "COORD": "-1,1702,39,4028",
        "DATE": "2026-09-28",
        "TIME": "18:49",
        "MXI": "-22,76 kA.",
        "STR": "0",
        "SMA": "0,162 Km.",
        "SMI": "0,12399996 Km.",
        "CHI": "0,6",
        "metvlc_time_utc": "2026-09-28T16:49:00+00:00",
        "metvlc_time_source": "date+time",
        "metvlc_has_real_time": true,
        "metvlc_captura_utc": "2026-09-28T20:33:42+00:00",
        "metvlc_last_seen_utc": "2026-09-28T20:33:42+00:00",
        "metvlc_fuente": "SIGIF/GVA Rayos 24h KMZ"
      },
      "geometry": {
        "type": "Point",
        "coordinates": [
          -1.1702,
          39.4028
        ]
      }
    },
    {
      "type": "Feature",
      "properties": {
        "name": "28/09/2026 18:49:14",
        "COORD": "-1,1474,39,4495",
        "DATE": "2026-09-28",
        "TIME": "18:49",
        "MXI": "-25,14 kA.",
        "STR": "0",
        "SMA": "0,173 Km.",
        "SMI": "0,132 Km.",
        "CHI": "0,8",
        "metvlc_time_utc": "2026-09-28T16:49:00+00:00",
        "metvlc_time_source": "date+time",
        "metvlc_has_real_time": true,
        "metvlc_captura_utc": "2026-09-28T20:33:42+00:00",
        "metvlc_last_seen_utc": "2026-09-28T20:33:42+00:00",
        "metvlc_fuente": "SIGIF/GVA Rayos 24h KMZ"
      },
      "geometry": {
        "type": "Point",
        "coordinates": [
          -1.1474,
          39.4495
        ]
      }
    },
    {
      "type": "Feature",
      "properties": {
        "name": "28/09/2026 18:49:14",
        "COORD": "-1,1476,39,4493",
        "DATE": "2026-09-28",
        "TIME": "18:49",
        "MXI": "-16,04 kA.",
        "STR": "0",
        "SMA": "0,173 Km.",
        "SMI": "0,132 Km.",
        "CHI": "0,3",
        "metvlc_time_utc": "2026-09-28T16:49:00+00:00",
        "metvlc_time_source": "date+time",
        "metvlc_has_real_time": true,
        "metvlc_captura_utc": "2026-09-28T20:33:42+00:00",
        "metvlc_last_seen_utc": "2026-09-28T20:33:42+00:00",
        "metvlc_fuente": "SIGIF/GVA Rayos 24h KMZ"
      },
      "geometry": {
        "type": "Point",
        "coordinates": [
          -1.1476,
          39.4493
        ]
      }
    },
    {
      "type": "Feature",
      "properties": {
        "name": "28/09/2026 18:49:14",
        "COORD": "-1,1476,39,4495",
        "DATE": "2026-09-28",
        "TIME": "18:49",
        "MXI": "-44,94 kA.",
        "STR": "0",
        "SMA": "0,16 Km.",
        "SMI": "0,123 Km.",
        "CHI": "1,1",
        "metvlc_time_utc": "2026-09-28T16:49:00+00:00",
        "metvlc_time_source": "date+time",
        "metvlc_has_real_time": true,
        "metvlc_captura_utc": "2026-09-28T20:33:42+00:00",
        "metvlc_last_seen_utc": "2026-09-28T20:33:42+00:00",
        "metvlc_fuente": "SIGIF/GVA Rayos 24h KMZ"
      },
      "geometry": {
        "type": "Point",
        "coordinates": [
          -1.1476,
          39.4495
        ]
      }
    },
    {
      "type": "Feature",
      "properties": {
        "name": "28/09/2026 18:49:14",
        "COORD": "-1,1481,39,45",
        "DATE": "2026-09-28",
        "TIME": "18:49",
        "MXI": "-8,61 kA.",
        "STR": "0",
        "SMA": "0,222 Km.",
        "SMI": "0,14299996 Km.",
        "CHI": "0,8",
        "metvlc_time_utc": "2026-09-28T16:49:00+00:00",
        "metvlc_time_source": "date+time",
        "metvlc_has_real_time": true,
        "metvlc_captura_utc": "2026-09-28T20:33:42+00:00",
        "metvlc_last_seen_utc": "2026-09-28T20:33:42+00:00",
        "metvlc_fuente": "SIGIF/GVA Rayos 24h KMZ"
      },
      "geometry": {
        "type": "Point",
        "coordinates": [
          -1.1481,
          39.45
        ]
      }
    },
    {
      "type": "Feature",
      "properties": {
        "name": "28/09/2026 18:49:14",
        "COORD": "-1,1481,39,4504",
        "DATE": "2026-09-28",
        "TIME": "18:49",
        "MXI": "-4,65 kA.",
        "STR": "0",
        "SMA": "0,429 Km.",
        "SMI": "0,21999998 Km.",
        "CHI": "1,1",
        "metvlc_time_utc": "2026-09-28T16:49:00+00:00",
        "metvlc_time_source": "date+time",
        "metvlc_has_real_time": true,
        "metvlc_captura_utc": "2026-09-28T20:33:42+00:00",
        "metvlc_last_seen_utc": "2026-09-28T20:33:42+00:00",
        "metvlc_fuente": "SIGIF/GVA Rayos 24h KMZ"
      },
      "geometry": {
        "type": "Point",
        "coordinates": [
          -1.1481,
          39.4504
        ]
      }
    },
    {
      "type": "Feature",
      "properties": {
        "name": "28/09/2026 18:49:14",
        "COORD": "-1,1484,39,4509",
        "DATE": "2026-09-28",
        "TIME": "18:49",
        "MXI": "-7,28 kA.",
        "STR": "0",
        "SMA": "0,243 Km.",
        "SMI": "0,20800003 Km.",
        "CHI": "1,6",
        "metvlc_time_utc": "2026-09-28T16:49:00+00:00",
        "metvlc_time_source": "date+time",
        "metvlc_has_real_time": true,
        "metvlc_captura_utc": "2026-09-28T20:33:42+00:00",
        "metvlc_last_seen_utc": "2026-09-28T20:33:42+00:00",
        "metvlc_fuente": "SIGIF/GVA Rayos 24h KMZ"
      },
      "geometry": {
        "type": "Point",
        "coordinates": [
          -1.1484,
          39.4509
        ]
      }
    },
    {
      "type": "Feature",
      "properties": {
        "name": "28/09/2026 18:49:14",
        "COORD": "-1,1478,39,4498",
        "DATE": "2026-09-28",
        "TIME": "18:49",
        "MXI": "-13,43 kA.",
        "STR": "0",
        "SMA": "0,164 Km.",
        "SMI": "0,12699996 Km.",
        "CHI": "0,4",
        "metvlc_time_utc": "2026-09-28T16:49:00+00:00",
        "metvlc_time_source": "date+time",
        "metvlc_has_real_time": true,
        "metvlc_captura_utc": "2026-09-28T20:33:42+00:00",
        "metvlc_last_seen_utc": "2026-09-28T20:33:42+00:00",
        "metvlc_fuente": "SIGIF/GVA Rayos 24h KMZ"
      },
      "geometry": {
        "type": "Point",
        "coordinates": [
          -1.1478,
          39.4498
        ]
      }
    },
    {
      "type": "Feature",
      "properties": {
        "name": "28/09/2026 18:49:14",
        "COORD": "-1,1478,39,4494",
        "DATE": "2026-09-28",
        "TIME": "18:49",
        "MXI": "-13,34 kA.",
        "STR": "0",
        "SMA": "0,173 Km.",
        "SMI": "0,12900002 Km.",
        "CHI": "0,4",
        "metvlc_time_utc": "2026-09-28T16:49:00+00:00",
        "metvlc_time_source": "date+time",
        "metvlc_has_real_time": true,
        "metvlc_captura_utc": "2026-09-28T20:33:42+00:00",
        "metvlc_last_seen_utc": "2026-09-28T20:33:42+00:00",
        "metvlc_fuente": "SIGIF/GVA Rayos 24h KMZ"
      },
      "geometry": {
        "type": "Point",
        "coordinates": [
          -1.1478,
          39.4494
        ]
      }
    },
    {
      "type": "Feature",
      "properties": {
        "name": "28/09/2026 18:49:45",
        "COORD": "-1,1846,39,4464",
        "DATE": "2026-09-28",
        "TIME": "18:49",
        "MXI": "-11,94 kA.",
        "STR": "0",
        "SMA": "0,174 Km.",
        "SMI": "0,13299996 Km.",
        "CHI": "0,3",
        "metvlc_time_utc": "2026-09-28T16:49:00+00:00",
        "metvlc_time_source": "date+time",
        "metvlc_has_real_time": true,
        "metvlc_captura_utc": "2026-09-28T20:33:42+00:00",
        "metvlc_last_seen_utc": "2026-09-28T20:33:42+00:00",
        "metvlc_fuente": "SIGIF/GVA Rayos 24h KMZ"
      },
      "geometry": {
        "type": "Point",
        "coordinates": [
          -1.1846,
          39.4464
        ]
      }
    },
    {
      "type": "Feature",
      "properties": {
        "name": "28/09/2026 18:49:45",
        "COORD": "-1,1791,39,4459",
        "DATE": "2026-09-28",
        "TIME": "18:49",
        "MXI": "-21,13 kA.",
        "STR": "0",
        "SMA": "0,165 Km.",
        "SMI": "0,12599999 Km.",
        "CHI": "1,1",
        "metvlc_time_utc": "2026-09-28T16:49:00+00:00",
        "metvlc_time_source": "date+time",
        "metvlc_has_real_time": true,
        "metvlc_captura_utc": "2026-09-28T20:33:42+00:00",
        "metvlc_last_seen_utc": "2026-09-28T20:33:42+00:00",
        "metvlc_fuente": "SIGIF/GVA Rayos 24h KMZ"
      },
      "geometry": {
        "type": "Point",
        "coordinates": [
          -1.1791,
          39.4459
        ]
      }
    },
    {
      "type": "Feature",
      "properties": {
        "name": "28/09/2026 18:49:45",
        "COORD": "-1,1792,39,4454",
        "DATE": "2026-09-28",
        "TIME": "18:49",
        "MXI": "-12,65 kA.",
        "STR": "0",
        "SMA": "0,165 Km.",
        "SMI": "0,14099997 Km.",
        "CHI": "0,2",
        "metvlc_time_utc": "2026-09-28T16:49:00+00:00",
        "metvlc_time_source": "date+time",
        "metvlc_has_real_time": true,
        "metvlc_captura_utc": "2026-09-28T20:33:42+00:00",
        "metvlc_last_seen_utc": "2026-09-28T20:33:42+00:00",
        "metvlc_fuente": "SIGIF/GVA Rayos 24h KMZ"
      },
      "geometry": {
        "type": "Point",
        "coordinates": [
          -1.1792,
          39.4454
        ]
      }
    },
    {
      "type": "Feature",
      "properties": {
        "name": "28/09/2026 18:49:53",
        "COORD": "-0,7853,39,0947",
        "DATE": "2026-09-28",
        "TIME": "18:49",
        "MXI": "-8,8 kA.",
        "STR": "0",
        "SMA": "0,232 Km.",
        "SMI": "0,16800004 Km.",
        "CHI": "0,6",
        "metvlc_time_utc": "2026-09-28T16:49:00+00:00",
        "metvlc_time_source": "date+time",
        "metvlc_has_real_time": true,
        "metvlc_captura_utc": "2026-09-28T20:33:42+00:00",
        "metvlc_last_seen_utc": "2026-09-28T20:33:42+00:00",
        "metvlc_fuente": "SIGIF/GVA Rayos 24h KMZ"
      },
      "geometry": {
        "type": "Point",
        "coordinates": [
          -0.7853,
          39.0947
        ]
      }
    },
    {
      "type": "Feature",
      "properties": {
        "name": "28/09/2026 18:50:00",
        "COORD": "-1,1066,39,4079",
        "DATE": "2026-09-28",
        "TIME": "18:50",
        "MXI": "-45,6 kA.",
        "STR": "0",
        "SMA": "0,17 Km.",
        "SMI": "0,125 Km.",
        "CHI": "1,2",
        "metvlc_time_utc": "2026-09-28T16:50:00+00:00",
        "metvlc_time_source": "date+time",
        "metvlc_has_real_time": true,
        "metvlc_captura_utc": "2026-09-28T20:33:42+00:00",
        "metvlc_last_seen_utc": "2026-09-28T20:33:42+00:00",
        "metvlc_fuente": "SIGIF/GVA Rayos 24h KMZ"
      },
      "geometry": {
        "type": "Point",
        "coordinates": [
          -1.1066,
          39.4079
        ]
      }
    },
    {
      "type": "Feature",
      "properties": {
        "name": "28/09/2026 18:50:14",
        "COORD": "-0,9336,39,0701",
        "DATE": "2026-09-28",
        "TIME": "18:50",
        "MXI": "-16,55 kA.",
        "STR": "0",
        "SMA": "0,191 Km.",
        "SMI": "0,12999998 Km.",
        "CHI": "0,5",
        "metvlc_time_utc": "2026-09-28T16:50:00+00:00",
        "metvlc_time_source": "date+time",
        "metvlc_has_real_time": true,
        "metvlc_captura_utc": "2026-09-28T20:33:42+00:00",
        "metvlc_last_seen_utc": "2026-09-28T20:33:42+00:00",
        "metvlc_fuente": "SIGIF/GVA Rayos 24h KMZ"
      },
      "geometry": {
        "type": "Point",
        "coordinates": [
          -0.9336,
          39.0701
        ]
      }
    },
    {
      "type": "Feature",
      "properties": {
        "name": "28/09/2026 18:50:14",
        "COORD": "-0,9194,39,089",
        "DATE": "2026-09-28",
        "TIME": "18:50",
        "MXI": "-8,43 kA.",
        "STR": "0",
        "SMA": "0,181 Km.",
        "SMI": "0,14700006 Km.",
        "CHI": "0,4",
        "metvlc_time_utc": "2026-09-28T16:50:00+00:00",
        "metvlc_time_source": "date+time",
        "metvlc_has_real_time": true,
        "metvlc_captura_utc": "2026-09-28T20:33:42+00:00",
        "metvlc_last_seen_utc": "2026-09-28T20:33:42+00:00",
        "metvlc_fuente": "SIGIF/GVA Rayos 24h KMZ"
      },
      "geometry": {
        "type": "Point",
        "coordinates": [
          -0.9194,
          39.089
        ]
      }
    },
    {
      "type": "Feature",
      "properties": {
        "name": "28/09/2026 18:50:15",
        "COORD": "-1,1372,39,4712",
        "DATE": "2026-09-28",
        "TIME": "18:50",
        "MXI": "-20,15 kA.",
        "STR": "0",
        "SMA": "0,163 Km.",
        "SMI": "0,12599999 Km.",
        "CHI": "0,9",
        "metvlc_time_utc": "2026-09-28T16:50:00+00:00",
        "metvlc_time_source": "date+time",
        "metvlc_has_real_time": true,
        "metvlc_captura_utc": "2026-09-28T20:33:42+00:00",
        "metvlc_last_seen_utc": "2026-09-28T20:33:42+00:00",
        "metvlc_fuente": "SIGIF/GVA Rayos 24h KMZ"
      },
      "geometry": {
        "type": "Point",
        "coordinates": [
          -1.1372,
          39.4712
        ]
      }
    },
    {
      "type": "Feature",
      "properties": {
        "name": "28/09/2026 18:50:15",
        "COORD": "-1,1206,39,4593",
        "DATE": "2026-09-28",
        "TIME": "18:50",
        "MXI": "-22,32 kA.",
        "STR": "0",
        "SMA": "0,165 Km.",
        "SMI": "0,125 Km.",
        "CHI": "1",
        "metvlc_time_utc": "2026-09-28T16:50:00+00:00",
        "metvlc_time_source": "date+time",
        "metvlc_has_real_time": true,
        "metvlc_captura_utc": "2026-09-28T20:33:42+00:00",
        "metvlc_last_seen_utc": "2026-09-28T20:33:42+00:00",
        "metvlc_fuente": "SIGIF/GVA Rayos 24h KMZ"
      },
      "geometry": {
        "type": "Point",
        "coordinates": [
          -1.1206,
          39.4593
        ]
      }
    },
    {
      "type": "Feature",
      "properties": {
        "name": "28/09/2026 18:50:15",
        "COORD": "-1,121,39,4686",
        "DATE": "2026-09-28",
        "TIME": "18:50",
        "MXI": "-32,63 kA.",
        "STR": "0",
        "SMA": "0,166 Km.",
        "SMI": "0,12700005 Km.",
        "CHI": "1",
        "metvlc_time_utc": "2026-09-28T16:50:00+00:00",
        "metvlc_time_source": "date+time",
        "metvlc_has_real_time": true,
        "metvlc_captura_utc": "2026-09-28T20:33:42+00:00",
        "metvlc_last_seen_utc": "2026-09-28T20:33:42+00:00",
        "metvlc_fuente": "SIGIF/GVA Rayos 24h KMZ"
      },
      "geometry": {
        "type": "Point",
        "coordinates": [
          -1.121,
          39.4686
        ]
      }
    },
    {
      "type": "Feature",
      "properties": {
        "name": "28/09/2026 18:50:15",
        "COORD": "-1,1408,39,475",
        "DATE": "2026-09-28",
        "TIME": "18:50",
        "MXI": "-36,23 kA.",
        "STR": "0",
        "SMA": "0,16 Km.",
        "SMI": "0,12399995 Km.",
        "CHI": "1,2",
        "metvlc_time_utc": "2026-09-28T16:50:00+00:00",
        "metvlc_time_source": "date+time",
        "metvlc_has_real_time": true,
        "metvlc_captura_utc": "2026-09-28T20:33:42+00:00",
        "metvlc_last_seen_utc": "2026-09-28T20:33:42+00:00",
        "metvlc_fuente": "SIGIF/GVA Rayos 24h KMZ"
      },
      "geometry": {
        "type": "Point",
        "coordinates": [
          -1.1408,
          39.475
        ]
      }
    },
    {
      "type": "Feature",
      "properties": {
        "name": "28/09/2026 18:50:15",
        "COORD": "-1,1208,39,4691",
        "DATE": "2026-09-28",
        "TIME": "18:50",
        "MXI": "-4,78 kA.",
        "STR": "0",
        "SMA": "0,439 Km.",
        "SMI": "0,22199994 Km.",
        "CHI": "0,9",
        "metvlc_time_utc": "2026-09-28T16:50:00+00:00",
        "metvlc_time_source": "date+time",
        "metvlc_has_real_time": true,
        "metvlc_captura_utc": "2026-09-28T20:33:42+00:00",
        "metvlc_last_seen_utc": "2026-09-28T20:33:42+00:00",
        "metvlc_fuente": "SIGIF/GVA Rayos 24h KMZ"
      },
      "geometry": {
        "type": "Point",
        "coordinates": [
          -1.1208,
          39.4691
        ]
      }
    },
    {
      "type": "Feature",
      "properties": {
        "name": "28/09/2026 18:50:33",
        "COORD": "-1,1618,39,406",
        "DATE": "2026-09-28",
        "TIME": "18:50",
        "MXI": "-42,62 kA.",
        "STR": "0",
        "SMA": "0,164 Km.",
        "SMI": "0,125 Km.",
        "CHI": "1,4",
        "metvlc_time_utc": "2026-09-28T16:50:00+00:00",
        "metvlc_time_source": "date+time",
        "metvlc_has_real_time": true,
        "metvlc_captura_utc": "2026-09-28T20:33:42+00:00",
        "metvlc_last_seen_utc": "2026-09-28T20:33:42+00:00",
        "metvlc_fuente": "SIGIF/GVA Rayos 24h KMZ"
      },
      "geometry": {
        "type": "Point",
        "coordinates": [
          -1.1618,
          39.406
        ]
      }
    },
    {
      "type": "Feature",
      "properties": {
        "name": "28/09/2026 18:50:33",
        "COORD": "-1,1618,39,4055",
        "DATE": "2026-09-28",
        "TIME": "18:50",
        "MXI": "-21,83 kA.",
        "STR": "0",
        "SMA": "0,167 Km.",
        "SMI": "0,13700001 Km.",
        "CHI": "0,7",
        "metvlc_time_utc": "2026-09-28T16:50:00+00:00",
        "metvlc_time_source": "date+time",
        "metvlc_has_real_time": true,
        "metvlc_captura_utc": "2026-09-28T20:33:42+00:00",
        "metvlc_last_seen_utc": "2026-09-28T20:33:42+00:00",
        "metvlc_fuente": "SIGIF/GVA Rayos 24h KMZ"
      },
      "geometry": {
        "type": "Point",
        "coordinates": [
          -1.1618,
          39.4055
        ]
      }
    },
    {
      "type": "Feature",
      "properties": {
        "name": "28/09/2026 18:50:53",
        "COORD": "-1,1123,39,451",
        "DATE": "2026-09-28",
        "TIME": "18:50",
        "MXI": "-43,27 kA.",
        "STR": "0",
        "SMA": "0,248 Km.",
        "SMI": "0,13899997 Km.",
        "CHI": "0,4",
        "metvlc_time_utc": "2026-09-28T16:50:00+00:00",
        "metvlc_time_source": "date+time",
        "metvlc_has_real_time": true,
        "metvlc_captura_utc": "2026-09-28T20:33:42+00:00",
        "metvlc_last_seen_utc": "2026-09-28T20:33:42+00:00",
        "metvlc_fuente": "SIGIF/GVA Rayos 24h KMZ"
      },
      "geometry": {
        "type": "Point",
        "coordinates": [
          -1.1123,
          39.451
        ]
      }
    },
    {
      "type": "Feature",
      "properties": {
        "name": "28/09/2026 18:50:53",
        "COORD": "-1,1114,39,4518",
        "DATE": "2026-09-28",
        "TIME": "18:50",
        "MXI": "-4,4 kA.",
        "STR": "0",
        "SMA": "0,432 Km.",
        "SMI": "0,21699993 Km.",
        "CHI": "1,3",
        "metvlc_time_utc": "2026-09-28T16:50:00+00:00",
        "metvlc_time_source": "date+time",
        "metvlc_has_real_time": true,
        "metvlc_captura_utc": "2026-09-28T20:33:42+00:00",
        "metvlc_last_seen_utc": "2026-09-28T20:33:42+00:00",
        "metvlc_fuente": "SIGIF/GVA Rayos 24h KMZ"
      },
      "geometry": {
        "type": "Point",
        "coordinates": [
          -1.1114,
          39.4518
        ]
      }
    },
    {
      "type": "Feature",
      "properties": {
        "name": "28/09/2026 18:51:01",
        "COORD": "-0,9249,39,0927",
        "DATE": "2026-09-28",
        "TIME": "18:51",
        "MXI": "-12,41 kA.",
        "STR": "0",
        "SMA": "0,282 Km.",
        "SMI": "0,12600002 Km.",
        "CHI": "0,5",
        "metvlc_time_utc": "2026-09-28T16:51:00+00:00",
        "metvlc_time_source": "date+time",
        "metvlc_has_real_time": true,
        "metvlc_captura_utc": "2026-09-28T20:33:42+00:00",
        "metvlc_last_seen_utc": "2026-09-28T20:33:42+00:00",
        "metvlc_fuente": "SIGIF/GVA Rayos 24h KMZ"
      },
      "geometry": {
        "type": "Point",
        "coordinates": [
          -0.9249,
          39.0927
        ]
      }
    },
    {
      "type": "Feature",
      "properties": {
        "name": "28/09/2026 18:51:01",
        "COORD": "-0,9397,39,0741",
        "DATE": "2026-09-28",
        "TIME": "18:51",
        "MXI": "-17,29 kA.",
        "STR": "0",
        "SMA": "0,185 Km.",
        "SMI": "0,13 Km.",
        "CHI": "0,7",
        "metvlc_time_utc": "2026-09-28T16:51:00+00:00",
        "metvlc_time_source": "date+time",
        "metvlc_has_real_time": true,
        "metvlc_captura_utc": "2026-09-28T20:33:42+00:00",
        "metvlc_last_seen_utc": "2026-09-28T20:33:42+00:00",
        "metvlc_fuente": "SIGIF/GVA Rayos 24h KMZ"
      },
      "geometry": {
        "type": "Point",
        "coordinates": [
          -0.9397,
          39.0741
        ]
      }
    },
    {
      "type": "Feature",
      "properties": {
        "name": "28/09/2026 18:51:12",
        "COORD": "-1,1271,39,453",
        "DATE": "2026-09-28",
        "TIME": "18:51",
        "MXI": "-37,04 kA.",
        "STR": "0",
        "SMA": "0,164 Km.",
        "SMI": "0,12399997 Km.",
        "CHI": "1,3",
        "metvlc_time_utc": "2026-09-28T16:51:00+00:00",
        "metvlc_time_source": "date+time",
        "metvlc_has_real_time": true,
        "metvlc_captura_utc": "2026-09-28T20:33:42+00:00",
        "metvlc_last_seen_utc": "2026-09-28T20:33:42+00:00",
        "metvlc_fuente": "SIGIF/GVA Rayos 24h KMZ"
      },
      "geometry": {
        "type": "Point",
        "coordinates": [
          -1.1271,
          39.453
        ]
      }
    },
    {
      "type": "Feature",
      "properties": {
        "name": "28/09/2026 18:51:13",
        "COORD": "-1,1271,39,4532",
        "DATE": "2026-09-28",
        "TIME": "18:51",
        "MXI": "-12,06 kA.",
        "STR": "0",
        "SMA": "0,163 Km.",
        "SMI": "0,12400002 Km.",
        "CHI": "0,6",
        "metvlc_time_utc": "2026-09-28T16:51:00+00:00",
        "metvlc_time_source": "date+time",
        "metvlc_has_real_time": true,
        "metvlc_captura_utc": "2026-09-28T20:33:42+00:00",
        "metvlc_last_seen_utc": "2026-09-28T20:33:42+00:00",
        "metvlc_fuente": "SIGIF/GVA Rayos 24h KMZ"
      },
      "geometry": {
        "type": "Point",
        "coordinates": [
          -1.1271,
          39.4532
        ]
      }
    },
    {
      "type": "Feature",
      "properties": {
        "name": "28/09/2026 18:51:13",
        "COORD": "-1,1275,39,4556",
        "DATE": "2026-09-28",
        "TIME": "18:51",
        "MXI": "-5,02 kA.",
        "STR": "0",
        "SMA": "0,44 Km.",
        "SMI": "0,22 Km.",
        "CHI": "1,3",
        "metvlc_time_utc": "2026-09-28T16:51:00+00:00",
        "metvlc_time_source": "date+time",
        "metvlc_has_real_time": true,
        "metvlc_captura_utc": "2026-09-28T20:33:42+00:00",
        "metvlc_last_seen_utc": "2026-09-28T20:33:42+00:00",
        "metvlc_fuente": "SIGIF/GVA Rayos 24h KMZ"
      },
      "geometry": {
        "type": "Point",
        "coordinates": [
          -1.1275,
          39.4556
        ]
      }
    },
    {
      "type": "Feature",
      "properties": {
        "name": "28/09/2026 18:51:31",
        "COORD": "-1,1087,39,4348",
        "DATE": "2026-09-28",
        "TIME": "18:51",
        "MXI": "-21,07 kA.",
        "STR": "0",
        "SMA": "0,167 Km.",
        "SMI": "0,12599997 Km.",
        "CHI": "0,8",
        "metvlc_time_utc": "2026-09-28T16:51:00+00:00",
        "metvlc_time_source": "date+time",
        "metvlc_has_real_time": true,
        "metvlc_captura_utc": "2026-09-28T20:33:42+00:00",
        "metvlc_last_seen_utc": "2026-09-28T20:33:42+00:00",
        "metvlc_fuente": "SIGIF/GVA Rayos 24h KMZ"
      },
      "geometry": {
        "type": "Point",
        "coordinates": [
          -1.1087,
          39.4348
        ]
      }
    },
    {
      "type": "Feature",
      "properties": {
        "name": "28/09/2026 18:51:38",
        "COORD": "-1,1392,39,4617",
        "DATE": "2026-09-28",
        "TIME": "18:51",
        "MXI": "-14 kA.",
        "STR": "0",
        "SMA": "0,164 Km.",
        "SMI": "0,12699996 Km.",
        "CHI": "0,5",
        "metvlc_time_utc": "2026-09-28T16:51:00+00:00",
        "metvlc_time_source": "date+time",
        "metvlc_has_real_time": true,
        "metvlc_captura_utc": "2026-09-28T20:33:42+00:00",
        "metvlc_last_seen_utc": "2026-09-28T20:33:42+00:00",
        "metvlc_fuente": "SIGIF/GVA Rayos 24h KMZ"
      },
      "geometry": {
        "type": "Point",
        "coordinates": [
          -1.1392,
          39.4617
        ]
      }
    },
    {
      "type": "Feature",
      "properties": {
        "name": "28/09/2026 18:51:38",
        "COORD": "-1,139,39,4617",
        "DATE": "2026-09-28",
        "TIME": "18:51",
        "MXI": "-14,15 kA.",
        "STR": "0",
        "SMA": "0,164 Km.",
        "SMI": "0,125 Km.",
        "CHI": "0,7",
        "metvlc_time_utc": "2026-09-28T16:51:00+00:00",
        "metvlc_time_source": "date+time",
        "metvlc_has_real_time": true,
        "metvlc_captura_utc": "2026-09-28T20:33:42+00:00",
        "metvlc_last_seen_utc": "2026-09-28T20:33:42+00:00",
        "metvlc_fuente": "SIGIF/GVA Rayos 24h KMZ"
      },
      "geometry": {
        "type": "Point",
        "coordinates": [
          -1.139,
          39.4617
        ]
      }
    },
    {
      "type": "Feature",
      "properties": {
        "name": "28/09/2026 18:51:38",
        "COORD": "-1,1384,39,4615",
        "DATE": "2026-09-28",
        "TIME": "18:51",
        "MXI": "-10,81 kA.",
        "STR": "0",
        "SMA": "0,168 Km.",
        "SMI": "0,14199995 Km.",
        "CHI": "0,6",
        "metvlc_time_utc": "2026-09-28T16:51:00+00:00",
        "metvlc_time_source": "date+time",
        "metvlc_has_real_time": true,
        "metvlc_captura_utc": "2026-09-28T20:33:42+00:00",
        "metvlc_last_seen_utc": "2026-09-28T20:33:42+00:00",
        "metvlc_fuente": "SIGIF/GVA Rayos 24h KMZ"
      },
      "geometry": {
        "type": "Point",
        "coordinates": [
          -1.1384,
          39.4615
        ]
      }
    },
    {
      "type": "Feature",
      "properties": {
        "name": "28/09/2026 18:51:38",
        "COORD": "-1,1391,39,4615",
        "DATE": "2026-09-28",
        "TIME": "18:51",
        "MXI": "-8,32 kA.",
        "STR": "0",
        "SMA": "0,196 Km.",
        "SMI": "0,13100001 Km.",
        "CHI": "0,5",
        "metvlc_time_utc": "2026-09-28T16:51:00+00:00",
        "metvlc_time_source": "date+time",
        "metvlc_has_real_time": true,
        "metvlc_captura_utc": "2026-09-28T20:33:42+00:00",
        "metvlc_last_seen_utc": "2026-09-28T20:33:42+00:00",
        "metvlc_fuente": "SIGIF/GVA Rayos 24h KMZ"
      },
      "geometry": {
        "type": "Point",
        "coordinates": [
          -1.1391,
          39.4615
        ]
      }
    },
    {
      "type": "Feature",
      "properties": {
        "name": "28/09/2026 18:51:38",
        "COORD": "-1,1386,39,4616",
        "DATE": "2026-09-28",
        "TIME": "18:51",
        "MXI": "-21,44 kA.",
        "STR": "0",
        "SMA": "0,162 Km.",
        "SMI": "0,12300002 Km.",
        "CHI": "0,7",
        "metvlc_time_utc": "2026-09-28T16:51:00+00:00",
        "metvlc_time_source": "date+time",
        "metvlc_has_real_time": true,
        "metvlc_captura_utc": "2026-09-28T20:33:42+00:00",
        "metvlc_last_seen_utc": "2026-09-28T20:33:42+00:00",
        "metvlc_fuente": "SIGIF/GVA Rayos 24h KMZ"
      },
      "geometry": {
        "type": "Point",
        "coordinates": [
          -1.1386,
          39.4616
        ]
      }
    },
    {
      "type": "Feature",
      "properties": {
        "name": "28/09/2026 18:51:47",
        "COORD": "-1,1307,39,4793",
        "DATE": "2026-09-28",
        "TIME": "18:51",
        "MXI": "-10 kA.",
        "STR": "0",
        "SMA": "0,16 Km.",
        "SMI": "0,13399997 Km.",
        "CHI": "0,6",
        "metvlc_time_utc": "2026-09-28T16:51:00+00:00",
        "metvlc_time_source": "date+time",
        "metvlc_has_real_time": true,
        "metvlc_captura_utc": "2026-09-28T20:33:42+00:00",
        "metvlc_last_seen_utc": "2026-09-28T20:33:42+00:00",
        "metvlc_fuente": "SIGIF/GVA Rayos 24h KMZ"
      },
      "geometry": {
        "type": "Point",
        "coordinates": [
          -1.1307,
          39.4793
        ]
      }
    },
    {
      "type": "Feature",
      "properties": {
        "name": "28/09/2026 18:51:47",
        "COORD": "-1,1322,39,4791",
        "DATE": "2026-09-28",
        "TIME": "18:51",
        "MXI": "-16,65 kA.",
        "STR": "0",
        "SMA": "0,163 Km.",
        "SMI": "0,12400002 Km.",
        "CHI": "0,8",
        "metvlc_time_utc": "2026-09-28T16:51:00+00:00",
        "metvlc_time_source": "date+time",
        "metvlc_has_real_time": true,
        "metvlc_captura_utc": "2026-09-28T20:33:42+00:00",
        "metvlc_last_seen_utc": "2026-09-28T20:33:42+00:00",
        "metvlc_fuente": "SIGIF/GVA Rayos 24h KMZ"
      },
      "geometry": {
        "type": "Point",
        "coordinates": [
          -1.1322,
          39.4791
        ]
      }
    },
    {
      "type": "Feature",
      "properties": {
        "name": "28/09/2026 18:51:47",
        "COORD": "-1,1319,39,4794",
        "DATE": "2026-09-28",
        "TIME": "18:51",
        "MXI": "-10,67 kA.",
        "STR": "0",
        "SMA": "0,16 Km.",
        "SMI": "0,13300006 Km.",
        "CHI": "0,5",
        "metvlc_time_utc": "2026-09-28T16:51:00+00:00",
        "metvlc_time_source": "date+time",
        "metvlc_has_real_time": true,
        "metvlc_captura_utc": "2026-09-28T20:33:42+00:00",
        "metvlc_last_seen_utc": "2026-09-28T20:33:42+00:00",
        "metvlc_fuente": "SIGIF/GVA Rayos 24h KMZ"
      },
      "geometry": {
        "type": "Point",
        "coordinates": [
          -1.1319,
          39.4794
        ]
      }
    },
    {
      "type": "Feature",
      "properties": {
        "name": "28/09/2026 18:51:47",
        "COORD": "-1,1314,39,4785",
        "DATE": "2026-09-28",
        "TIME": "18:51",
        "MXI": "-10,36 kA.",
        "STR": "0",
        "SMA": "0,195 Km.",
        "SMI": "0,14899997 Km.",
        "CHI": "0,2",
        "metvlc_time_utc": "2026-09-28T16:51:00+00:00",
        "metvlc_time_source": "date+time",
        "metvlc_has_real_time": true,
        "metvlc_captura_utc": "2026-09-28T20:33:42+00:00",
        "metvlc_last_seen_utc": "2026-09-28T20:33:42+00:00",
        "metvlc_fuente": "SIGIF/GVA Rayos 24h KMZ"
      },
      "geometry": {
        "type": "Point",
        "coordinates": [
          -1.1314,
          39.4785
        ]
      }
    },
    {
      "type": "Feature",
      "properties": {
        "name": "28/09/2026 18:51:47",
        "COORD": "-1,1315,39,4788",
        "DATE": "2026-09-28",
        "TIME": "18:51",
        "MXI": "-17,58 kA.",
        "STR": "0",
        "SMA": "0,164 Km.",
        "SMI": "0,125 Km.",
        "CHI": "0,5",
        "metvlc_time_utc": "2026-09-28T16:51:00+00:00",
        "metvlc_time_source": "date+time",
        "metvlc_has_real_time": true,
        "metvlc_captura_utc": "2026-09-28T20:33:42+00:00",
        "metvlc_last_seen_utc": "2026-09-28T20:33:42+00:00",
        "metvlc_fuente": "SIGIF/GVA Rayos 24h KMZ"
      },
      "geometry": {
        "type": "Point",
        "coordinates": [
          -1.1315,
          39.4788
        ]
      }
    },
    {
      "type": "Feature",
      "properties": {
        "name": "28/09/2026 18:51:47",
        "COORD": "-1,1315,39,4787",
        "DATE": "2026-09-28",
        "TIME": "18:51",
        "MXI": "-13,64 kA.",
        "STR": "0",
        "SMA": "0,165 Km.",
        "SMI": "0,12400002 Km.",
        "CHI": "0,3",
        "metvlc_time_utc": "2026-09-28T16:51:00+00:00",
        "metvlc_time_source": "date+time",
        "metvlc_has_real_time": true,
        "metvlc_captura_utc": "2026-09-28T20:33:42+00:00",
        "metvlc_last_seen_utc": "2026-09-28T20:33:42+00:00",
        "metvlc_fuente": "SIGIF/GVA Rayos 24h KMZ"
      },
      "geometry": {
        "type": "Point",
        "coordinates": [
          -1.1315,
          39.4787
        ]
      }
    },
    {
      "type": "Feature",
      "properties": {
        "name": "28/09/2026 18:51:47",
        "COORD": "-1,1321,39,4819",
        "DATE": "2026-09-28",
        "TIME": "18:51",
        "MXI": "-6,16 kA.",
        "STR": "0",
        "SMA": "0,487 Km.",
        "SMI": "0,22000004 Km.",
        "CHI": "2,1",
        "metvlc_time_utc": "2026-09-28T16:51:00+00:00",
        "metvlc_time_source": "date+time",
        "metvlc_has_real_time": true,
        "metvlc_captura_utc": "2026-09-28T20:33:42+00:00",
        "metvlc_last_seen_utc": "2026-09-28T20:33:42+00:00",
        "metvlc_fuente": "SIGIF/GVA Rayos 24h KMZ"
      },
      "geometry": {
        "type": "Point",
        "coordinates": [
          -1.1321,
          39.4819
        ]
      }
    },
    {
      "type": "Feature",
      "properties": {
        "name": "28/09/2026 18:51:51",
        "COORD": "-0,9375,39,0836",
        "DATE": "2026-09-28",
        "TIME": "18:51",
        "MXI": "-20,12 kA.",
        "STR": "0",
        "SMA": "0,189 Km.",
        "SMI": "0,13100001 Km.",
        "CHI": "0,8",
        "metvlc_time_utc": "2026-09-28T16:51:00+00:00",
        "metvlc_time_source": "date+time",
        "metvlc_has_real_time": true,
        "metvlc_captura_utc": "2026-09-28T20:33:42+00:00",
        "metvlc_last_seen_utc": "2026-09-28T20:33:42+00:00",
        "metvlc_fuente": "SIGIF/GVA Rayos 24h KMZ"
      },
      "geometry": {
        "type": "Point",
        "coordinates": [
          -0.9375,
          39.0836
        ]
      }
    },
    {
      "type": "Feature",
      "properties": {
        "name": "28/09/2026 18:51:55",
        "COORD": "-1,1177,39,4834",
        "DATE": "2026-09-28",
        "TIME": "18:51",
        "MXI": "-14,82 kA.",
        "STR": "0",
        "SMA": "0,194 Km.",
        "SMI": "0,16199999 Km.",
        "CHI": "0,7",
        "metvlc_time_utc": "2026-09-28T16:51:00+00:00",
        "metvlc_time_source": "date+time",
        "metvlc_has_real_time": true,
        "metvlc_captura_utc": "2026-09-28T20:33:42+00:00",
        "metvlc_last_seen_utc": "2026-09-28T20:33:42+00:00",
        "metvlc_fuente": "SIGIF/GVA Rayos 24h KMZ"
      },
      "geometry": {
        "type": "Point",
        "coordinates": [
          -1.1177,
          39.4834
        ]
      }
    },
    {
      "type": "Feature",
      "properties": {
        "name": "28/09/2026 18:51:55",
        "COORD": "-1,1448,39,467",
        "DATE": "2026-09-28",
        "TIME": "18:51",
        "MXI": "-20,16 kA.",
        "STR": "0",
        "SMA": "0,164 Km.",
        "SMI": "0,12399997 Km.",
        "CHI": "1,2",
        "metvlc_time_utc": "2026-09-28T16:51:00+00:00",
        "metvlc_time_source": "date+time",
        "metvlc_has_real_time": true,
        "metvlc_captura_utc": "2026-09-28T20:33:42+00:00",
        "metvlc_last_seen_utc": "2026-09-28T20:33:42+00:00",
        "metvlc_fuente": "SIGIF/GVA Rayos 24h KMZ"
      },
      "geometry": {
        "type": "Point",
        "coordinates": [
          -1.1448,
          39.467
        ]
      }
    },
    {
      "type": "Feature",
      "properties": {
        "name": "28/09/2026 18:52:05",
        "COORD": "-1,1862,39,4385",
        "DATE": "2026-09-28",
        "TIME": "18:52",
        "MXI": "-12,07 kA.",
        "STR": "0",
        "SMA": "0,163 Km.",
        "SMI": "0,12400002 Km.",
        "CHI": "0,5",
        "metvlc_time_utc": "2026-09-28T16:52:00+00:00",
        "metvlc_time_source": "date+time",
        "metvlc_has_real_time": true,
        "metvlc_captura_utc": "2026-09-28T20:33:42+00:00",
        "metvlc_last_seen_utc": "2026-09-28T20:33:42+00:00",
        "metvlc_fuente": "SIGIF/GVA Rayos 24h KMZ"
      },
      "geometry": {
        "type": "Point",
        "coordinates": [
          -1.1862,
          39.4385
        ]
      }
    },
    {
      "type": "Feature",
      "properties": {
        "name": "28/09/2026 18:52:05",
        "COORD": "-1,109,39,4512",
        "DATE": "2026-09-28",
        "TIME": "18:52",
        "MXI": "-41,59 kA.",
        "STR": "0",
        "SMA": "0,162 Km.",
        "SMI": "0,12399996 Km.",
        "CHI": "1,5",
        "metvlc_time_utc": "2026-09-28T16:52:00+00:00",
        "metvlc_time_source": "date+time",
        "metvlc_has_real_time": true,
        "metvlc_captura_utc": "2026-09-28T20:33:42+00:00",
        "metvlc_last_seen_utc": "2026-09-28T20:33:42+00:00",
        "metvlc_fuente": "SIGIF/GVA Rayos 24h KMZ"
      },
      "geometry": {
        "type": "Point",
        "coordinates": [
          -1.109,
          39.4512
        ]
      }
    },
    {
      "type": "Feature",
      "properties": {
        "name": "28/09/2026 18:52:05",
        "COORD": "-1,1088,39,4512",
        "DATE": "2026-09-28",
        "TIME": "18:52",
        "MXI": "-18,27 kA.",
        "STR": "0",
        "SMA": "0,163 Km.",
        "SMI": "0,121999964 Km.",
        "CHI": "0,8",
        "metvlc_time_utc": "2026-09-28T16:52:00+00:00",
        "metvlc_time_source": "date+time",
        "metvlc_has_real_time": true,
        "metvlc_captura_utc": "2026-09-28T20:33:42+00:00",
        "metvlc_last_seen_utc": "2026-09-28T20:33:42+00:00",
        "metvlc_fuente": "SIGIF/GVA Rayos 24h KMZ"
      },
      "geometry": {
        "type": "Point",
        "coordinates": [
          -1.1088,
          39.4512
        ]
      }
    },
    {
      "type": "Feature",
      "properties": {
        "name": "28/09/2026 18:52:05",
        "COORD": "-1,1089,39,4508",
        "DATE": "2026-09-28",
        "TIME": "18:52",
        "MXI": "-19,42 kA.",
        "STR": "0",
        "SMA": "0,162 Km.",
        "SMI": "0,12399996 Km.",
        "CHI": "0,7",
        "metvlc_time_utc": "2026-09-28T16:52:00+00:00",
        "metvlc_time_source": "date+time",
        "metvlc_has_real_time": true,
        "metvlc_captura_utc": "2026-09-28T20:33:42+00:00",
        "metvlc_last_seen_utc": "2026-09-28T20:33:42+00:00",
        "metvlc_fuente": "SIGIF/GVA Rayos 24h KMZ"
      },
      "geometry": {
        "type": "Point",
        "coordinates": [
          -1.1089,
          39.4508
        ]
      }
    },
    {
      "type": "Feature",
      "properties": {
        "name": "28/09/2026 18:52:17",
        "COORD": "-0,7701,39,1029",
        "DATE": "2026-09-28",
        "TIME": "18:52",
        "MXI": "-16,76 kA.",
        "STR": "0",
        "SMA": "0,178 Km.",
        "SMI": "0,13700001 Km.",
        "CHI": "0,6",
        "metvlc_time_utc": "2026-09-28T16:52:00+00:00",
        "metvlc_time_source": "date+time",
        "metvlc_has_real_time": true,
        "metvlc_captura_utc": "2026-09-28T20:33:42+00:00",
        "metvlc_last_seen_utc": "2026-09-28T20:33:42+00:00",
        "metvlc_fuente": "SIGIF/GVA Rayos 24h KMZ"
      },
      "geometry": {
        "type": "Point",
        "coordinates": [
          -0.7701,
          39.1029
        ]
      }
    },
    {
      "type": "Feature",
      "properties": {
        "name": "28/09/2026 18:52:24",
        "COORD": "-1,1239,39,4758",
        "DATE": "2026-09-28",
        "TIME": "18:52",
        "MXI": "-12,35 kA.",
        "STR": "0",
        "SMA": "0,164 Km.",
        "SMI": "0,12399997 Km.",
        "CHI": "0,5",
        "metvlc_time_utc": "2026-09-28T16:52:00+00:00",
        "metvlc_time_source": "date+time",
        "metvlc_has_real_time": true,
        "metvlc_captura_utc": "2026-09-28T20:33:42+00:00",
        "metvlc_last_seen_utc": "2026-09-28T20:33:42+00:00",
        "metvlc_fuente": "SIGIF/GVA Rayos 24h KMZ"
      },
      "geometry": {
        "type": "Point",
        "coordinates": [
          -1.1239,
          39.4758
        ]
      }
    },
    {
      "type": "Feature",
      "properties": {
        "name": "28/09/2026 18:52:24",
        "COORD": "-1,1181,39,4914",
        "DATE": "2026-09-28",
        "TIME": "18:52",
        "MXI": "-15,65 kA.",
        "STR": "0",
        "SMA": "0,162 Km.",
        "SMI": "0,12399996 Km.",
        "CHI": "0,9",
        "metvlc_time_utc": "2026-09-28T16:52:00+00:00",
        "metvlc_time_source": "date+time",
        "metvlc_has_real_time": true,
        "metvlc_captura_utc": "2026-09-28T20:33:42+00:00",
        "metvlc_last_seen_utc": "2026-09-28T20:33:42+00:00",
        "metvlc_fuente": "SIGIF/GVA Rayos 24h KMZ"
      },
      "geometry": {
        "type": "Point",
        "coordinates": [
          -1.1181,
          39.4914
        ]
      }
    },
    {
      "type": "Feature",
      "properties": {
        "name": "28/09/2026 18:52:24",
        "COORD": "-1,1596,39,4636",
        "DATE": "2026-09-28",
        "TIME": "18:52",
        "MXI": "-10,28 kA.",
        "STR": "0",
        "SMA": "0,215 Km.",
        "SMI": "0,14399995 Km.",
        "CHI": "0,6",
        "metvlc_time_utc": "2026-09-28T16:52:00+00:00",
        "metvlc_time_source": "date+time",
        "metvlc_has_real_time": true,
        "metvlc_captura_utc": "2026-09-28T20:33:42+00:00",
        "metvlc_last_seen_utc": "2026-09-28T20:33:42+00:00",
        "metvlc_fuente": "SIGIF/GVA Rayos 24h KMZ"
      },
      "geometry": {
        "type": "Point",
        "coordinates": [
          -1.1596,
          39.4636
        ]
      }
    },
    {
      "type": "Feature",
      "properties": {
        "name": "28/09/2026 18:52:35",
        "COORD": "-1,1207,39,4666",
        "DATE": "2026-09-28",
        "TIME": "18:52",
        "MXI": "-26,49 kA.",
        "STR": "0",
        "SMA": "0,162 Km.",
        "SMI": "0,12300002 Km.",
        "CHI": "0,9",
        "metvlc_time_utc": "2026-09-28T16:52:00+00:00",
        "metvlc_time_source": "date+time",
        "metvlc_has_real_time": true,
        "metvlc_captura_utc": "2026-09-28T20:33:42+00:00",
        "metvlc_last_seen_utc": "2026-09-28T20:33:42+00:00",
        "metvlc_fuente": "SIGIF/GVA Rayos 24h KMZ"
      },
      "geometry": {
        "type": "Point",
        "coordinates": [
          -1.1207,
          39.4666
        ]
      }
    },
    {
      "type": "Feature",
      "properties": {
        "name": "28/09/2026 18:52:35",
        "COORD": "-1,2084,39,4575",
        "DATE": "2026-09-28",
        "TIME": "18:52",
        "MXI": "-13,3 kA.",
        "STR": "0",
        "SMA": "0,172 Km.",
        "SMI": "0,13500002 Km.",
        "CHI": "0,9",
        "metvlc_time_utc": "2026-09-28T16:52:00+00:00",
        "metvlc_time_source": "date+time",
        "metvlc_has_real_time": true,
        "metvlc_captura_utc": "2026-09-28T20:33:42+00:00",
        "metvlc_last_seen_utc": "2026-09-28T20:33:42+00:00",
        "metvlc_fuente": "SIGIF/GVA Rayos 24h KMZ"
      },
      "geometry": {
        "type": "Point",
        "coordinates": [
          -1.2084,
          39.4575
        ]
      }
    },
    {
      "type": "Feature",
      "properties": {
        "name": "28/09/2026 18:52:42",
        "COORD": "-0,9192,39,0958",
        "DATE": "2026-09-28",
        "TIME": "18:52",
        "MXI": "-11,99 kA.",
        "STR": "0",
        "SMA": "0,185 Km.",
        "SMI": "0,13200001 Km.",
        "CHI": "0,5",
        "metvlc_time_utc": "2026-09-28T16:52:00+00:00",
        "metvlc_time_source": "date+time",
        "metvlc_has_real_time": true,
        "metvlc_captura_utc": "2026-09-28T20:33:42+00:00",
        "metvlc_last_seen_utc": "2026-09-28T20:33:42+00:00",
        "metvlc_fuente": "SIGIF/GVA Rayos 24h KMZ"
      },
      "geometry": {
        "type": "Point",
        "coordinates": [
          -0.9192,
          39.0958
        ]
      }
    },
    {
      "type": "Feature",
      "properties": {
        "name": "28/09/2026 18:52:42",
        "COORD": "-0,913,39,1112",
        "DATE": "2026-09-28",
        "TIME": "18:52",
        "MXI": "-11,32 kA.",
        "STR": "0",
        "SMA": "0,189 Km.",
        "SMI": "0,13800001 Km.",
        "CHI": "0,4",
        "metvlc_time_utc": "2026-09-28T16:52:00+00:00",
        "metvlc_time_source": "date+time",
        "metvlc_has_real_time": true,
        "metvlc_captura_utc": "2026-09-28T20:33:42+00:00",
        "metvlc_last_seen_utc": "2026-09-28T20:33:42+00:00",
        "metvlc_fuente": "SIGIF/GVA Rayos 24h KMZ"
      },
      "geometry": {
        "type": "Point",
        "coordinates": [
          -0.913,
          39.1112
        ]
      }
    },
    {
      "type": "Feature",
      "properties": {
        "name": "28/09/2026 18:52:51",
        "COORD": "-1,1362,39,4671",
        "DATE": "2026-09-28",
        "TIME": "18:52",
        "MXI": "-16,54 kA.",
        "STR": "0",
        "SMA": "0,167 Km.",
        "SMI": "0,125 Km.",
        "CHI": "0,8",
        "metvlc_time_utc": "2026-09-28T16:52:00+00:00",
        "metvlc_time_source": "date+time",
        "metvlc_has_real_time": true,
        "metvlc_captura_utc": "2026-09-28T20:33:42+00:00",
        "metvlc_last_seen_utc": "2026-09-28T20:33:42+00:00",
        "metvlc_fuente": "SIGIF/GVA Rayos 24h KMZ"
      },
      "geometry": {
        "type": "Point",
        "coordinates": [
          -1.1362,
          39.4671
        ]
      }
    },
    {
      "type": "Feature",
      "properties": {
        "name": "28/09/2026 18:52:52",
        "COORD": "-1,114,39,4316",
        "DATE": "2026-09-28",
        "TIME": "18:52",
        "MXI": "-21,78 kA.",
        "STR": "0",
        "SMA": "0,168 Km.",
        "SMI": "0,125 Km.",
        "CHI": "0,8",
        "metvlc_time_utc": "2026-09-28T16:52:00+00:00",
        "metvlc_time_source": "date+time",
        "metvlc_has_real_time": true,
        "metvlc_captura_utc": "2026-09-28T20:33:42+00:00",
        "metvlc_last_seen_utc": "2026-09-28T20:33:42+00:00",
        "metvlc_fuente": "SIGIF/GVA Rayos 24h KMZ"
      },
      "geometry": {
        "type": "Point",
        "coordinates": [
          -1.114,
          39.4316
        ]
      }
    },
    {
      "type": "Feature",
      "properties": {
        "name": "28/09/2026 18:52:52",
        "COORD": "-1,1149,39,4326",
        "DATE": "2026-09-28",
        "TIME": "18:52",
        "MXI": "-5,22 kA.",
        "STR": "0",
        "SMA": "0,426 Km.",
        "SMI": "0,22800002 Km.",
        "CHI": "1,7",
        "metvlc_time_utc": "2026-09-28T16:52:00+00:00",
        "metvlc_time_source": "date+time",
        "metvlc_has_real_time": true,
        "metvlc_captura_utc": "2026-09-28T20:33:42+00:00",
        "metvlc_last_seen_utc": "2026-09-28T20:33:42+00:00",
        "metvlc_fuente": "SIGIF/GVA Rayos 24h KMZ"
      },
      "geometry": {
        "type": "Point",
        "coordinates": [
          -1.1149,
          39.4326
        ]
      }
    },
    {
      "type": "Feature",
      "properties": {
        "name": "28/09/2026 18:52:52",
        "COORD": "-1,1144,39,4311",
        "DATE": "2026-09-28",
        "TIME": "18:52",
        "MXI": "-10,37 kA.",
        "STR": "0",
        "SMA": "0,199 Km.",
        "SMI": "0,15099998 Km.",
        "CHI": "0,3",
        "metvlc_time_utc": "2026-09-28T16:52:00+00:00",
        "metvlc_time_source": "date+time",
        "metvlc_has_real_time": true,
        "metvlc_captura_utc": "2026-09-28T20:33:42+00:00",
        "metvlc_last_seen_utc": "2026-09-28T20:33:42+00:00",
        "metvlc_fuente": "SIGIF/GVA Rayos 24h KMZ"
      },
      "geometry": {
        "type": "Point",
        "coordinates": [
          -1.1144,
          39.4311
        ]
      }
    },
    {
      "type": "Feature",
      "properties": {
        "name": "28/09/2026 18:53:14",
        "COORD": "-1,111,39,4618",
        "DATE": "2026-09-28",
        "TIME": "18:53",
        "MXI": "-25,91 kA.",
        "STR": "0",
        "SMA": "0,163 Km.",
        "SMI": "0,12599999 Km.",
        "CHI": "1",
        "metvlc_time_utc": "2026-09-28T16:53:00+00:00",
        "metvlc_time_source": "date+time",
        "metvlc_has_real_time": true,
        "metvlc_captura_utc": "2026-09-28T20:33:42+00:00",
        "metvlc_last_seen_utc": "2026-09-28T20:33:42+00:00",
        "metvlc_fuente": "SIGIF/GVA Rayos 24h KMZ"
      },
      "geometry": {
        "type": "Point",
        "coordinates": [
          -1.111,
          39.4618
        ]
      }
    },
    {
      "type": "Feature",
      "properties": {
        "name": "28/09/2026 18:53:15",
        "COORD": "-1,1122,39,4629",
        "DATE": "2026-09-28",
        "TIME": "18:53",
        "MXI": "-6,62 kA.",
        "STR": "0",
        "SMA": "0,239 Km.",
        "SMI": "0,20600002 Km.",
        "CHI": "1,1",
        "metvlc_time_utc": "2026-09-28T16:53:00+00:00",
        "metvlc_time_source": "date+time",
        "metvlc_has_real_time": true,
        "metvlc_captura_utc": "2026-09-28T20:33:42+00:00",
        "metvlc_last_seen_utc": "2026-09-28T20:33:42+00:00",
        "metvlc_fuente": "SIGIF/GVA Rayos 24h KMZ"
      },
      "geometry": {
        "type": "Point",
        "coordinates": [
          -1.1122,
          39.4629
        ]
      }
    },
    {
      "type": "Feature",
      "properties": {
        "name": "28/09/2026 18:53:31",
        "COORD": "-1,1283,39,446",
        "DATE": "2026-09-28",
        "TIME": "18:53",
        "MXI": "15,49 kA.",
        "STR": "0",
        "SMA": "0,175 Km.",
        "SMI": "0,12999998 Km.",
        "CHI": "1,1",
        "metvlc_time_utc": "2026-09-28T16:53:00+00:00",
        "metvlc_time_source": "date+time",
        "metvlc_has_real_time": true,
        "metvlc_captura_utc": "2026-09-28T20:33:42+00:00",
        "metvlc_last_seen_utc": "2026-09-28T20:33:42+00:00",
        "metvlc_fuente": "SIGIF/GVA Rayos 24h KMZ"
      },
      "geometry": {
        "type": "Point",
        "coordinates": [
          -1.1283,
          39.446
        ]
      }
    },
    {
      "type": "Feature",
      "properties": {
        "name": "28/09/2026 18:53:36",
        "COORD": "-0,9449,39,0909",
        "DATE": "2026-09-28",
        "TIME": "18:53",
        "MXI": "-11,12 kA.",
        "STR": "0",
        "SMA": "0,187 Km.",
        "SMI": "0,13899997 Km.",
        "CHI": "0,3",
        "metvlc_time_utc": "2026-09-28T16:53:00+00:00",
        "metvlc_time_source": "date+time",
        "metvlc_has_real_time": true,
        "metvlc_captura_utc": "2026-09-28T20:33:42+00:00",
        "metvlc_last_seen_utc": "2026-09-28T20:33:42+00:00",
        "metvlc_fuente": "SIGIF/GVA Rayos 24h KMZ"
      },
      "geometry": {
        "type": "Point",
        "coordinates": [
          -0.9449,
          39.0909
        ]
      }
    },
    {
      "type": "Feature",
      "properties": {
        "name": "28/09/2026 18:53:36",
        "COORD": "-0,956,39,0863",
        "DATE": "2026-09-28",
        "TIME": "18:53",
        "MXI": "-12,05 kA.",
        "STR": "0",
        "SMA": "0,183 Km.",
        "SMI": "0,13299999 Km.",
        "CHI": "0,6",
        "metvlc_time_utc": "2026-09-28T16:53:00+00:00",
        "metvlc_time_source": "date+time",
        "metvlc_has_real_time": true,
        "metvlc_captura_utc": "2026-09-28T20:33:42+00:00",
        "metvlc_last_seen_utc": "2026-09-28T20:33:42+00:00",
        "metvlc_fuente": "SIGIF/GVA Rayos 24h KMZ"
      },
      "geometry": {
        "type": "Point",
        "coordinates": [
          -0.956,
          39.0863
        ]
      }
    },
    {
      "type": "Feature",
      "properties": {
        "name": "28/09/2026 18:53:36",
        "COORD": "-0,965,39,0832",
        "DATE": "2026-09-28",
        "TIME": "18:53",
        "MXI": "-15,78 kA.",
        "STR": "0",
        "SMA": "0,18 Km.",
        "SMI": "0,128 Km.",
        "CHI": "0,4",
        "metvlc_time_utc": "2026-09-28T16:53:00+00:00",
        "metvlc_time_source": "date+time",
        "metvlc_has_real_time": true,
        "metvlc_captura_utc": "2026-09-28T20:33:42+00:00",
        "metvlc_last_seen_utc": "2026-09-28T20:33:42+00:00",
        "metvlc_fuente": "SIGIF/GVA Rayos 24h KMZ"
      },
      "geometry": {
        "type": "Point",
        "coordinates": [
          -0.965,
          39.0832
        ]
      }
    },
    {
      "type": "Feature",
      "properties": {
        "name": "28/09/2026 18:53:46",
        "COORD": "-1,147,39,4372",
        "DATE": "2026-09-28",
        "TIME": "18:53",
        "MXI": "-30,97 kA.",
        "STR": "0",
        "SMA": "0,164 Km.",
        "SMI": "0,12600003 Km.",
        "CHI": "1,2",
        "metvlc_time_utc": "2026-09-28T16:53:00+00:00",
        "metvlc_time_source": "date+time",
        "metvlc_has_real_time": true,
        "metvlc_captura_utc": "2026-09-28T20:33:42+00:00",
        "metvlc_last_seen_utc": "2026-09-28T20:33:42+00:00",
        "metvlc_fuente": "SIGIF/GVA Rayos 24h KMZ"
      },
      "geometry": {
        "type": "Point",
        "coordinates": [
          -1.147,
          39.4372
        ]
      }
    },
    {
      "type": "Feature",
      "properties": {
        "name": "28/09/2026 18:53:46",
        "COORD": "-1,1457,39,4361",
        "DATE": "2026-09-28",
        "TIME": "18:53",
        "MXI": "-21,63 kA.",
        "STR": "0",
        "SMA": "0,166 Km.",
        "SMI": "0,12399997 Km.",
        "CHI": "0,8",
        "metvlc_time_utc": "2026-09-28T16:53:00+00:00",
        "metvlc_time_source": "date+time",
        "metvlc_has_real_time": true,
        "metvlc_captura_utc": "2026-09-28T20:33:42+00:00",
        "metvlc_last_seen_utc": "2026-09-28T20:33:42+00:00",
        "metvlc_fuente": "SIGIF/GVA Rayos 24h KMZ"
      },
      "geometry": {
        "type": "Point",
        "coordinates": [
          -1.1457,
          39.4361
        ]
      }
    },
    {
      "type": "Feature",
      "properties": {
        "name": "28/09/2026 18:53:47",
        "COORD": "-1,1701,39,4446",
        "DATE": "2026-09-28",
        "TIME": "18:53",
        "MXI": "-17,91 kA.",
        "STR": "0",
        "SMA": "0,169 Km.",
        "SMI": "0,13000001 Km.",
        "CHI": "1",
        "metvlc_time_utc": "2026-09-28T16:53:00+00:00",
        "metvlc_time_source": "date+time",
        "metvlc_has_real_time": true,
        "metvlc_captura_utc": "2026-09-28T20:33:42+00:00",
        "metvlc_last_seen_utc": "2026-09-28T20:33:42+00:00",
        "metvlc_fuente": "SIGIF/GVA Rayos 24h KMZ"
      },
      "geometry": {
        "type": "Point",
        "coordinates": [
          -1.1701,
          39.4446
        ]
      }
    },
    {
      "type": "Feature",
      "properties": {
        "name": "28/09/2026 18:53:47",
        "COORD": "-1,1695,39,444",
        "DATE": "2026-09-28",
        "TIME": "18:53",
        "MXI": "-11,24 kA.",
        "STR": "0",
        "SMA": "0,197 Km.",
        "SMI": "0,157 Km.",
        "CHI": "0,4",
        "metvlc_time_utc": "2026-09-28T16:53:00+00:00",
        "metvlc_time_source": "date+time",
        "metvlc_has_real_time": true,
        "metvlc_captura_utc": "2026-09-28T20:33:42+00:00",
        "metvlc_last_seen_utc": "2026-09-28T20:33:42+00:00",
        "metvlc_fuente": "SIGIF/GVA Rayos 24h KMZ"
      },
      "geometry": {
        "type": "Point",
        "coordinates": [
          -1.1695,
          39.444
        ]
      }
    },
    {
      "type": "Feature",
      "properties": {
        "name": "28/09/2026 18:53:47",
        "COORD": "-1,17,39,4442",
        "DATE": "2026-09-28",
        "TIME": "18:53",
        "MXI": "-14,95 kA.",
        "STR": "0",
        "SMA": "0,163 Km.",
        "SMI": "0,12599999 Km.",
        "CHI": "0,8",
        "metvlc_time_utc": "2026-09-28T16:53:00+00:00",
        "metvlc_time_source": "date+time",
        "metvlc_has_real_time": true,
        "metvlc_captura_utc": "2026-09-28T20:33:42+00:00",
        "metvlc_last_seen_utc": "2026-09-28T20:33:42+00:00",
        "metvlc_fuente": "SIGIF/GVA Rayos 24h KMZ"
      },
      "geometry": {
        "type": "Point",
        "coordinates": [
          -1.17,
          39.4442
        ]
      }
    },
    {
      "type": "Feature",
      "properties": {
        "name": "28/09/2026 18:53:47",
        "COORD": "-1,1699,39,444",
        "DATE": "2026-09-28",
        "TIME": "18:53",
        "MXI": "-11,43 kA.",
        "STR": "0",
        "SMA": "0,155 Km.",
        "SMI": "0,13599999 Km.",
        "CHI": "0,7",
        "metvlc_time_utc": "2026-09-28T16:53:00+00:00",
        "metvlc_time_source": "date+time",
        "metvlc_has_real_time": true,
        "metvlc_captura_utc": "2026-09-28T20:33:42+00:00",
        "metvlc_last_seen_utc": "2026-09-28T20:33:42+00:00",
        "metvlc_fuente": "SIGIF/GVA Rayos 24h KMZ"
      },
      "geometry": {
        "type": "Point",
        "coordinates": [
          -1.1699,
          39.444
        ]
      }
    },
    {
      "type": "Feature",
      "properties": {
        "name": "28/09/2026 18:53:47",
        "COORD": "-1,1707,39,4445",
        "DATE": "2026-09-28",
        "TIME": "18:53",
        "MXI": "-9,69 kA.",
        "STR": "0",
        "SMA": "0,163 Km.",
        "SMI": "0,14800005 Km.",
        "CHI": "0,9",
        "metvlc_time_utc": "2026-09-28T16:53:00+00:00",
        "metvlc_time_source": "date+time",
        "metvlc_has_real_time": true,
        "metvlc_captura_utc": "2026-09-28T20:33:42+00:00",
        "metvlc_last_seen_utc": "2026-09-28T20:33:42+00:00",
        "metvlc_fuente": "SIGIF/GVA Rayos 24h KMZ"
      },
      "geometry": {
        "type": "Point",
        "coordinates": [
          -1.1707,
          39.4445
        ]
      }
    },
    {
      "type": "Feature",
      "properties": {
        "name": "28/09/2026 18:54:00",
        "COORD": "-1,098,39,4368",
        "DATE": "2026-09-28",
        "TIME": "18:54",
        "MXI": "-42,7 kA.",
        "STR": "0",
        "SMA": "0,167 Km.",
        "SMI": "0,12899996 Km.",
        "CHI": "1,1",
        "metvlc_time_utc": "2026-09-28T16:54:00+00:00",
        "metvlc_time_source": "date+time",
        "metvlc_has_real_time": true,
        "metvlc_captura_utc": "2026-09-28T20:33:42+00:00",
        "metvlc_last_seen_utc": "2026-09-28T20:33:42+00:00",
        "metvlc_fuente": "SIGIF/GVA Rayos 24h KMZ"
      },
      "geometry": {
        "type": "Point",
        "coordinates": [
          -1.098,
          39.4368
        ]
      }
    },
    {
      "type": "Feature",
      "properties": {
        "name": "28/09/2026 18:54:00",
        "COORD": "-1,0981,39,4362",
        "DATE": "2026-09-28",
        "TIME": "18:54",
        "MXI": "-21,54 kA.",
        "STR": "0",
        "SMA": "0,205 Km.",
        "SMI": "0,12900002 Km.",
        "CHI": "0,9",
        "metvlc_time_utc": "2026-09-28T16:54:00+00:00",
        "metvlc_time_source": "date+time",
        "metvlc_has_real_time": true,
        "metvlc_captura_utc": "2026-09-28T20:33:42+00:00",
        "metvlc_last_seen_utc": "2026-09-28T20:33:42+00:00",
        "metvlc_fuente": "SIGIF/GVA Rayos 24h KMZ"
      },
      "geometry": {
        "type": "Point",
        "coordinates": [
          -1.0981,
          39.4362
        ]
      }
    },
    {
      "type": "Feature",
      "properties": {
        "name": "28/09/2026 18:54:08",
        "COORD": "-1,1554,39,4651",
        "DATE": "2026-09-28",
        "TIME": "18:54",
        "MXI": "-18,7 kA.",
        "STR": "0",
        "SMA": "0,163 Km.",
        "SMI": "0,125 Km.",
        "CHI": "1",
        "metvlc_time_utc": "2026-09-28T16:54:00+00:00",
        "metvlc_time_source": "date+time",
        "metvlc_has_real_time": true,
        "metvlc_captura_utc": "2026-09-28T20:33:42+00:00",
        "metvlc_last_seen_utc": "2026-09-28T20:33:42+00:00",
        "metvlc_fuente": "SIGIF/GVA Rayos 24h KMZ"
      },
      "geometry": {
        "type": "Point",
        "coordinates": [
          -1.1554,
          39.4651
        ]
      }
    },
    {
      "type": "Feature",
      "properties": {
        "name": "28/09/2026 18:54:08",
        "COORD": "-1,1583,39,4504",
        "DATE": "2026-09-28",
        "TIME": "18:54",
        "MXI": "-21,82 kA.",
        "STR": "0",
        "SMA": "0,165 Km.",
        "SMI": "0,125 Km.",
        "CHI": "0,8",
        "metvlc_time_utc": "2026-09-28T16:54:00+00:00",
        "metvlc_time_source": "date+time",
        "metvlc_has_real_time": true,
        "metvlc_captura_utc": "2026-09-28T20:33:42+00:00",
        "metvlc_last_seen_utc": "2026-09-28T20:33:42+00:00",
        "metvlc_fuente": "SIGIF/GVA Rayos 24h KMZ"
      },
      "geometry": {
        "type": "Point",
        "coordinates": [
          -1.1583,
          39.4504
        ]
      }
    },
    {
      "type": "Feature",
      "properties": {
        "name": "28/09/2026 18:54:08",
        "COORD": "-1,1752,39,457",
        "DATE": "2026-09-28",
        "TIME": "18:54",
        "MXI": "-9,13 kA.",
        "STR": "0",
        "SMA": "0,236 Km.",
        "SMI": "0,15299997 Km.",
        "CHI": "0,8",
        "metvlc_time_utc": "2026-09-28T16:54:00+00:00",
        "metvlc_time_source": "date+time",
        "metvlc_has_real_time": true,
        "metvlc_captura_utc": "2026-09-28T20:33:42+00:00",
        "metvlc_last_seen_utc": "2026-09-28T20:33:42+00:00",
        "metvlc_fuente": "SIGIF/GVA Rayos 24h KMZ"
      },
      "geometry": {
        "type": "Point",
        "coordinates": [
          -1.1752,
          39.457
        ]
      }
    },
    {
      "type": "Feature",
      "properties": {
        "name": "28/09/2026 18:54:15",
        "COORD": "-1,1221,39,4673",
        "DATE": "2026-09-28",
        "TIME": "18:54",
        "MXI": "-19,85 kA.",
        "STR": "0",
        "SMA": "0,166 Km.",
        "SMI": "0,125 Km.",
        "CHI": "0,7",
        "metvlc_time_utc": "2026-09-28T16:54:00+00:00",
        "metvlc_time_source": "date+time",
        "metvlc_has_real_time": true,
        "metvlc_captura_utc": "2026-09-28T20:33:42+00:00",
        "metvlc_last_seen_utc": "2026-09-28T20:33:42+00:00",
        "metvlc_fuente": "SIGIF/GVA Rayos 24h KMZ"
      },
      "geometry": {
        "type": "Point",
        "coordinates": [
          -1.1221,
          39.4673
        ]
      }
    },
    {
      "type": "Feature",
      "properties": {
        "name": "28/09/2026 18:54:15",
        "COORD": "-1,1036,39,4951",
        "DATE": "2026-09-28",
        "TIME": "18:54",
        "MXI": "-14,96 kA.",
        "STR": "0",
        "SMA": "0,165 Km.",
        "SMI": "0,12400002 Km.",
        "CHI": "0,9",
        "metvlc_time_utc": "2026-09-28T16:54:00+00:00",
        "metvlc_time_source": "date+time",
        "metvlc_has_real_time": true,
        "metvlc_captura_utc": "2026-09-28T20:33:42+00:00",
        "metvlc_last_seen_utc": "2026-09-28T20:33:42+00:00",
        "metvlc_fuente": "SIGIF/GVA Rayos 24h KMZ"
      },
      "geometry": {
        "type": "Point",
        "coordinates": [
          -1.1036,
          39.4951
        ]
      }
    },
    {
      "type": "Feature",
      "properties": {
        "name": "28/09/2026 18:54:24",
        "COORD": "-1,1121,39,449",
        "DATE": "2026-09-28",
        "TIME": "18:54",
        "MXI": "-31,91 kA.",
        "STR": "0",
        "SMA": "0,163 Km.",
        "SMI": "0,12400002 Km.",
        "CHI": "1",
        "metvlc_time_utc": "2026-09-28T16:54:00+00:00",
        "metvlc_time_source": "date+time",
        "metvlc_has_real_time": true,
        "metvlc_captura_utc": "2026-09-28T20:33:42+00:00",
        "metvlc_last_seen_utc": "2026-09-28T20:33:42+00:00",
        "metvlc_fuente": "SIGIF/GVA Rayos 24h KMZ"
      },
      "geometry": {
        "type": "Point",
        "coordinates": [
          -1.1121,
          39.449
        ]
      }
    },
    {
      "type": "Feature",
      "properties": {
        "name": "28/09/2026 18:54:24",
        "COORD": "-1,1125,39,4492",
        "DATE": "2026-09-28",
        "TIME": "18:54",
        "MXI": "-13,6 kA.",
        "STR": "0",
        "SMA": "0,165 Km.",
        "SMI": "0,125 Km.",
        "CHI": "0,7",
        "metvlc_time_utc": "2026-09-28T16:54:00+00:00",
        "metvlc_time_source": "date+time",
        "metvlc_has_real_time": true,
        "metvlc_captura_utc": "2026-09-28T20:33:42+00:00",
        "metvlc_last_seen_utc": "2026-09-28T20:33:42+00:00",
        "metvlc_fuente": "SIGIF/GVA Rayos 24h KMZ"
      },
      "geometry": {
        "type": "Point",
        "coordinates": [
          -1.1125,
          39.4492
        ]
      }
    },
    {
      "type": "Feature",
      "properties": {
        "name": "28/09/2026 18:54:24",
        "COORD": "-1,1123,39,4489",
        "DATE": "2026-09-28",
        "TIME": "18:54",
        "MXI": "-8,68 kA.",
        "STR": "0",
        "SMA": "0,177 Km.",
        "SMI": "0,15099992 Km.",
        "CHI": "0,6",
        "metvlc_time_utc": "2026-09-28T16:54:00+00:00",
        "metvlc_time_source": "date+time",
        "metvlc_has_real_time": true,
        "metvlc_captura_utc": "2026-09-28T20:33:42+00:00",
        "metvlc_last_seen_utc": "2026-09-28T20:33:42+00:00",
        "metvlc_fuente": "SIGIF/GVA Rayos 24h KMZ"
      },
      "geometry": {
        "type": "Point",
        "coordinates": [
          -1.1123,
          39.4489
        ]
      }
    },
    {
      "type": "Feature",
      "properties": {
        "name": "28/09/2026 18:54:24",
        "COORD": "-1,1114,39,4478",
        "DATE": "2026-09-28",
        "TIME": "18:54",
        "MXI": "-19,04 kA.",
        "STR": "0",
        "SMA": "0,224 Km.",
        "SMI": "0,12900001 Km.",
        "CHI": "0,5",
        "metvlc_time_utc": "2026-09-28T16:54:00+00:00",
        "metvlc_time_source": "date+time",
        "metvlc_has_real_time": true,
        "metvlc_captura_utc": "2026-09-28T20:33:42+00:00",
        "metvlc_last_seen_utc": "2026-09-28T20:33:42+00:00",
        "metvlc_fuente": "SIGIF/GVA Rayos 24h KMZ"
      },
      "geometry": {
        "type": "Point",
        "coordinates": [
          -1.1114,
          39.4478
        ]
      }
    },
    {
      "type": "Feature",
      "properties": {
        "name": "28/09/2026 18:54:24",
        "COORD": "-1,1119,39,4489",
        "DATE": "2026-09-28",
        "TIME": "18:54",
        "MXI": "-38,14 kA.",
        "STR": "0",
        "SMA": "0,153 Km.",
        "SMI": "0,12300004 Km.",
        "CHI": "1,4",
        "metvlc_time_utc": "2026-09-28T16:54:00+00:00",
        "metvlc_time_source": "date+time",
        "metvlc_has_real_time": true,
        "metvlc_captura_utc": "2026-09-28T20:33:42+00:00",
        "metvlc_last_seen_utc": "2026-09-28T20:33:42+00:00",
        "metvlc_fuente": "SIGIF/GVA Rayos 24h KMZ"
      },
      "geometry": {
        "type": "Point",
        "coordinates": [
          -1.1119,
          39.4489
        ]
      }
    },
    {
      "type": "Feature",
      "properties": {
        "name": "28/09/2026 18:54:24",
        "COORD": "-1,1126,39,4491",
        "DATE": "2026-09-28",
        "TIME": "18:54",
        "MXI": "-13,18 kA.",
        "STR": "0",
        "SMA": "0,165 Km.",
        "SMI": "0,12400002 Km.",
        "CHI": "0,8",
        "metvlc_time_utc": "2026-09-28T16:54:00+00:00",
        "metvlc_time_source": "date+time",
        "metvlc_has_real_time": true,
        "metvlc_captura_utc": "2026-09-28T20:33:42+00:00",
        "metvlc_last_seen_utc": "2026-09-28T20:33:42+00:00",
        "metvlc_fuente": "SIGIF/GVA Rayos 24h KMZ"
      },
      "geometry": {
        "type": "Point",
        "coordinates": [
          -1.1126,
          39.4491
        ]
      }
    },
    {
      "type": "Feature",
      "properties": {
        "name": "28/09/2026 18:54:24",
        "COORD": "-1,1123,39,4495",
        "DATE": "2026-09-28",
        "TIME": "18:54",
        "MXI": "-20,82 kA.",
        "STR": "0",
        "SMA": "0,164 Km.",
        "SMI": "0,125 Km.",
        "CHI": "1,3",
        "metvlc_time_utc": "2026-09-28T16:54:00+00:00",
        "metvlc_time_source": "date+time",
        "metvlc_has_real_time": true,
        "metvlc_captura_utc": "2026-09-28T20:33:42+00:00",
        "metvlc_last_seen_utc": "2026-09-28T20:33:42+00:00",
        "metvlc_fuente": "SIGIF/GVA Rayos 24h KMZ"
      },
      "geometry": {
        "type": "Point",
        "coordinates": [
          -1.1123,
          39.4495
        ]
      }
    },
    {
      "type": "Feature",
      "properties": {
        "name": "28/09/2026 18:54:24",
        "COORD": "-1,1127,39,4497",
        "DATE": "2026-09-28",
        "TIME": "18:54",
        "MXI": "-6,9 kA.",
        "STR": "0",
        "SMA": "0,238 Km.",
        "SMI": "0,17799996 Km.",
        "CHI": "1",
        "metvlc_time_utc": "2026-09-28T16:54:00+00:00",
        "metvlc_time_source": "date+time",
        "metvlc_has_real_time": true,
        "metvlc_captura_utc": "2026-09-28T20:33:42+00:00",
        "metvlc_last_seen_utc": "2026-09-28T20:33:42+00:00",
        "metvlc_fuente": "SIGIF/GVA Rayos 24h KMZ"
      },
      "geometry": {
        "type": "Point",
        "coordinates": [
          -1.1127,
          39.4497
        ]
      }
    },
    {
      "type": "Feature",
      "properties": {
        "name": "28/09/2026 18:54:24",
        "COORD": "-1,1126,39,4495",
        "DATE": "2026-09-28",
        "TIME": "18:54",
        "MXI": "-8,09 kA.",
        "STR": "0",
        "SMA": "0,239 Km.",
        "SMI": "0,17900008 Km.",
        "CHI": "0,8",
        "metvlc_time_utc": "2026-09-28T16:54:00+00:00",
        "metvlc_time_source": "date+time",
        "metvlc_has_real_time": true,
        "metvlc_captura_utc": "2026-09-28T20:33:42+00:00",
        "metvlc_last_seen_utc": "2026-09-28T20:33:42+00:00",
        "metvlc_fuente": "SIGIF/GVA Rayos 24h KMZ"
      },
      "geometry": {
        "type": "Point",
        "coordinates": [
          -1.1126,
          39.4495
        ]
      }
    },
    {
      "type": "Feature",
      "properties": {
        "name": "28/09/2026 18:54:24",
        "COORD": "-1,1117,39,4491",
        "DATE": "2026-09-28",
        "TIME": "18:54",
        "MXI": "-10,69 kA.",
        "STR": "0",
        "SMA": "0,157 Km.",
        "SMI": "0,13700005 Km.",
        "CHI": "0,6",
        "metvlc_time_utc": "2026-09-28T16:54:00+00:00",
        "metvlc_time_source": "date+time",
        "metvlc_has_real_time": true,
        "metvlc_captura_utc": "2026-09-28T20:33:42+00:00",
        "metvlc_last_seen_utc": "2026-09-28T20:33:42+00:00",
        "metvlc_fuente": "SIGIF/GVA Rayos 24h KMZ"
      },
      "geometry": {
        "type": "Point",
        "coordinates": [
          -1.1117,
          39.4491
        ]
      }
    },
    {
      "type": "Feature",
      "properties": {
        "name": "28/09/2026 18:54:24",
        "COORD": "-1,113,39,4493",
        "DATE": "2026-09-28",
        "TIME": "18:54",
        "MXI": "-11,05 kA.",
        "STR": "0",
        "SMA": "0,163 Km.",
        "SMI": "0,12400002 Km.",
        "CHI": "0,2",
        "metvlc_time_utc": "2026-09-28T16:54:00+00:00",
        "metvlc_time_source": "date+time",
        "metvlc_has_real_time": true,
        "metvlc_captura_utc": "2026-09-28T20:33:42+00:00",
        "metvlc_last_seen_utc": "2026-09-28T20:33:42+00:00",
        "metvlc_fuente": "SIGIF/GVA Rayos 24h KMZ"
      },
      "geometry": {
        "type": "Point",
        "coordinates": [
          -1.113,
          39.4493
        ]
      }
    },
    {
      "type": "Feature",
      "properties": {
        "name": "28/09/2026 18:54:24",
        "COORD": "-1,1131,39,4497",
        "DATE": "2026-09-28",
        "TIME": "18:54",
        "MXI": "-5,64 kA.",
        "STR": "0",
        "SMA": "0,238 Km.",
        "SMI": "0,20499992 Km.",
        "CHI": "1,2",
        "metvlc_time_utc": "2026-09-28T16:54:00+00:00",
        "metvlc_time_source": "date+time",
        "metvlc_has_real_time": true,
        "metvlc_captura_utc": "2026-09-28T20:33:42+00:00",
        "metvlc_last_seen_utc": "2026-09-28T20:33:42+00:00",
        "metvlc_fuente": "SIGIF/GVA Rayos 24h KMZ"
      },
      "geometry": {
        "type": "Point",
        "coordinates": [
          -1.1131,
          39.4497
        ]
      }
    },
    {
      "type": "Feature",
      "properties": {
        "name": "28/09/2026 18:54:37",
        "COORD": "-1,1278,39,4822",
        "DATE": "2026-09-28",
        "TIME": "18:54",
        "MXI": "-20,34 kA.",
        "STR": "0",
        "SMA": "0,161 Km.",
        "SMI": "0,123 Km.",
        "CHI": "0,9",
        "metvlc_time_utc": "2026-09-28T16:54:00+00:00",
        "metvlc_time_source": "date+time",
        "metvlc_has_real_time": true,
        "metvlc_captura_utc": "2026-09-28T20:33:42+00:00",
        "metvlc_last_seen_utc": "2026-09-28T20:33:42+00:00",
        "metvlc_fuente": "SIGIF/GVA Rayos 24h KMZ"
      },
      "geometry": {
        "type": "Point",
        "coordinates": [
          -1.1278,
          39.4822
        ]
      }
    },
    {
      "type": "Feature",
      "properties": {
        "name": "28/09/2026 18:54:37",
        "COORD": "-1,1105,39,4944",
        "DATE": "2026-09-28",
        "TIME": "18:54",
        "MXI": "-23,95 kA.",
        "STR": "0",
        "SMA": "0,165 Km.",
        "SMI": "0,12599999 Km.",
        "CHI": "0,9",
        "metvlc_time_utc": "2026-09-28T16:54:00+00:00",
        "metvlc_time_source": "date+time",
        "metvlc_has_real_time": true,
        "metvlc_captura_utc": "2026-09-28T20:33:42+00:00",
        "metvlc_last_seen_utc": "2026-09-28T20:33:42+00:00",
        "metvlc_fuente": "SIGIF/GVA Rayos 24h KMZ"
      },
      "geometry": {
        "type": "Point",
        "coordinates": [
          -1.1105,
          39.4944
        ]
      }
    },
    {
      "type": "Feature",
      "properties": {
        "name": "28/09/2026 18:54:37",
        "COORD": "-1,1811,39,4607",
        "DATE": "2026-09-28",
        "TIME": "18:54",
        "MXI": "-14,78 kA.",
        "STR": "0",
        "SMA": "0,164 Km.",
        "SMI": "0,12600003 Km.",
        "CHI": "0,5",
        "metvlc_time_utc": "2026-09-28T16:54:00+00:00",
        "metvlc_time_source": "date+time",
        "metvlc_has_real_time": true,
        "metvlc_captura_utc": "2026-09-28T20:33:42+00:00",
        "metvlc_last_seen_utc": "2026-09-28T20:33:42+00:00",
        "metvlc_fuente": "SIGIF/GVA Rayos 24h KMZ"
      },
      "geometry": {
        "type": "Point",
        "coordinates": [
          -1.1811,
          39.4607
        ]
      }
    },
    {
      "type": "Feature",
      "properties": {
        "name": "28/09/2026 18:54:47",
        "COORD": "-1,1285,39,4786",
        "DATE": "2026-09-28",
        "TIME": "18:54",
        "MXI": "-21,67 kA.",
        "STR": "0",
        "SMA": "0,163 Km.",
        "SMI": "0,125 Km.",
        "CHI": "1",
        "metvlc_time_utc": "2026-09-28T16:54:00+00:00",
        "metvlc_time_source": "date+time",
        "metvlc_has_real_time": true,
        "metvlc_captura_utc": "2026-09-28T20:33:42+00:00",
        "metvlc_last_seen_utc": "2026-09-28T20:33:42+00:00",
        "metvlc_fuente": "SIGIF/GVA Rayos 24h KMZ"
      },
      "geometry": {
        "type": "Point",
        "coordinates": [
          -1.1285,
          39.4786
        ]
      }
    },
    {
      "type": "Feature",
      "properties": {
        "name": "28/09/2026 18:54:47",
        "COORD": "-1,1452,39,4808",
        "DATE": "2026-09-28",
        "TIME": "18:54",
        "MXI": "-23,47 kA.",
        "STR": "0",
        "SMA": "0,167 Km.",
        "SMI": "0,12800005 Km.",
        "CHI": "1",
        "metvlc_time_utc": "2026-09-28T16:54:00+00:00",
        "metvlc_time_source": "date+time",
        "metvlc_has_real_time": true,
        "metvlc_captura_utc": "2026-09-28T20:33:42+00:00",
        "metvlc_last_seen_utc": "2026-09-28T20:33:42+00:00",
        "metvlc_fuente": "SIGIF/GVA Rayos 24h KMZ"
      },
      "geometry": {
        "type": "Point",
        "coordinates": [
          -1.1452,
          39.4808
        ]
      }
    },
    {
      "type": "Feature",
      "properties": {
        "name": "28/09/2026 18:55:07",
        "COORD": "-1,0851,39,4292",
        "DATE": "2026-09-28",
        "TIME": "18:55",
        "MXI": "-30,01 kA.",
        "STR": "0",
        "SMA": "0,153 Km.",
        "SMI": "0,12599997 Km.",
        "CHI": "0,9",
        "metvlc_time_utc": "2026-09-28T16:55:00+00:00",
        "metvlc_time_source": "date+time",
        "metvlc_has_real_time": true,
        "metvlc_captura_utc": "2026-09-28T20:33:42+00:00",
        "metvlc_last_seen_utc": "2026-09-28T20:33:42+00:00",
        "metvlc_fuente": "SIGIF/GVA Rayos 24h KMZ"
      },
      "geometry": {
        "type": "Point",
        "coordinates": [
          -1.0851,
          39.4292
        ]
      }
    },
    {
      "type": "Feature",
      "properties": {
        "name": "28/09/2026 18:55:07",
        "COORD": "-1,0865,39,4305",
        "DATE": "2026-09-28",
        "TIME": "18:55",
        "MXI": "-6,39 kA.",
        "STR": "0",
        "SMA": "0,701 Km.",
        "SMI": "0,19300002 Km.",
        "CHI": "1",
        "metvlc_time_utc": "2026-09-28T16:55:00+00:00",
        "metvlc_time_source": "date+time",
        "metvlc_has_real_time": true,
        "metvlc_captura_utc": "2026-09-28T20:33:42+00:00",
        "metvlc_last_seen_utc": "2026-09-28T20:33:42+00:00",
        "metvlc_fuente": "SIGIF/GVA Rayos 24h KMZ"
      },
      "geometry": {
        "type": "Point",
        "coordinates": [
          -1.0865,
          39.4305
        ]
      }
    },
    {
      "type": "Feature",
      "properties": {
        "name": "28/09/2026 18:55:07",
        "COORD": "-1,0851,39,4294",
        "DATE": "2026-09-28",
        "TIME": "18:55",
        "MXI": "-35,84 kA.",
        "STR": "0",
        "SMA": "0,168 Km.",
        "SMI": "0,12699997 Km.",
        "CHI": "1,6",
        "metvlc_time_utc": "2026-09-28T16:55:00+00:00",
        "metvlc_time_source": "date+time",
        "metvlc_has_real_time": true,
        "metvlc_captura_utc": "2026-09-28T20:33:42+00:00",
        "metvlc_last_seen_utc": "2026-09-28T20:33:42+00:00",
        "metvlc_fuente": "SIGIF/GVA Rayos 24h KMZ"
      },
      "geometry": {
        "type": "Point",
        "coordinates": [
          -1.0851,
          39.4294
        ]
      }
    },
    {
      "type": "Feature",
      "properties": {
        "name": "28/09/2026 18:55:07",
        "COORD": "-1,0855,39,429",
        "DATE": "2026-09-28",
        "TIME": "18:55",
        "MXI": "-21,73 kA.",
        "STR": "0",
        "SMA": "0,167 Km.",
        "SMI": "0,125 Km.",
        "CHI": "0,9",
        "metvlc_time_utc": "2026-09-28T16:55:00+00:00",
        "metvlc_time_source": "date+time",
        "metvlc_has_real_time": true,
        "metvlc_captura_utc": "2026-09-28T20:33:42+00:00",
        "metvlc_last_seen_utc": "2026-09-28T20:33:42+00:00",
        "metvlc_fuente": "SIGIF/GVA Rayos 24h KMZ"
      },
      "geometry": {
        "type": "Point",
        "coordinates": [
          -1.0855,
          39.429
        ]
      }
    },
    {
      "type": "Feature",
      "properties": {
        "name": "28/09/2026 18:55:08",
        "COORD": "-1,0855,39,4293",
        "DATE": "2026-09-28",
        "TIME": "18:55",
        "MXI": "-15 kA.",
        "STR": "0",
        "SMA": "0,167 Km.",
        "SMI": "0,12699996 Km.",
        "CHI": "0,7",
        "metvlc_time_utc": "2026-09-28T16:55:00+00:00",
        "metvlc_time_source": "date+time",
        "metvlc_has_real_time": true,
        "metvlc_captura_utc": "2026-09-28T20:33:42+00:00",
        "metvlc_last_seen_utc": "2026-09-28T20:33:42+00:00",
        "metvlc_fuente": "SIGIF/GVA Rayos 24h KMZ"
      },
      "geometry": {
        "type": "Point",
        "coordinates": [
          -1.0855,
          39.4293
        ]
      }
    },
    {
      "type": "Feature",
      "properties": {
        "name": "28/09/2026 18:55:34",
        "COORD": "-0,9426,39,1369",
        "DATE": "2026-09-28",
        "TIME": "18:55",
        "MXI": "-12,59 kA.",
        "STR": "0",
        "SMA": "0,178 Km.",
        "SMI": "0,13299999 Km.",
        "CHI": "0,4",
        "metvlc_time_utc": "2026-09-28T16:55:00+00:00",
        "metvlc_time_source": "date+time",
        "metvlc_has_real_time": true,
        "metvlc_captura_utc": "2026-09-28T20:33:42+00:00",
        "metvlc_last_seen_utc": "2026-09-28T20:33:42+00:00",
        "metvlc_fuente": "SIGIF/GVA Rayos 24h KMZ"
      },
      "geometry": {
        "type": "Point",
        "coordinates": [
          -0.9426,
          39.1369
        ]
      }
    },
    {
      "type": "Feature",
      "properties": {
        "name": "28/09/2026 18:55:35",
        "COORD": "-1,1143,39,4446",
        "DATE": "2026-09-28",
        "TIME": "18:55",
        "MXI": "-39,01 kA.",
        "STR": "0",
        "SMA": "0,164 Km.",
        "SMI": "0,12300003 Km.",
        "CHI": "1,3",
        "metvlc_time_utc": "2026-09-28T16:55:00+00:00",
        "metvlc_time_source": "date+time",
        "metvlc_has_real_time": true,
        "metvlc_captura_utc": "2026-09-28T20:33:42+00:00",
        "metvlc_last_seen_utc": "2026-09-28T20:33:42+00:00",
        "metvlc_fuente": "SIGIF/GVA Rayos 24h KMZ"
      },
      "geometry": {
        "type": "Point",
        "coordinates": [
          -1.1143,
          39.4446
        ]
      }
    },
    {
      "type": "Feature",
      "properties": {
        "name": "28/09/2026 18:55:35",
        "COORD": "-1,114,39,4445",
        "DATE": "2026-09-28",
        "TIME": "18:55",
        "MXI": "-44,3 kA.",
        "STR": "0",
        "SMA": "0,164 Km.",
        "SMI": "0,12399997 Km.",
        "CHI": "1,3",
        "metvlc_time_utc": "2026-09-28T16:55:00+00:00",
        "metvlc_time_source": "date+time",
        "metvlc_has_real_time": true,
        "metvlc_captura_utc": "2026-09-28T20:33:42+00:00",
        "metvlc_last_seen_utc": "2026-09-28T20:33:42+00:00",
        "metvlc_fuente": "SIGIF/GVA Rayos 24h KMZ"
      },
      "geometry": {
        "type": "Point",
        "coordinates": [
          -1.114,
          39.4445
        ]
      }
    },
    {
      "type": "Feature",
      "properties": {
        "name": "28/09/2026 18:55:35",
        "COORD": "-1,1143,39,4825",
        "DATE": "2026-09-28",
        "TIME": "18:55",
        "MXI": "-11,68 kA.",
        "STR": "0",
        "SMA": "0,161 Km.",
        "SMI": "0,13499996 Km.",
        "CHI": "0,6",
        "metvlc_time_utc": "2026-09-28T16:55:00+00:00",
        "metvlc_time_source": "date+time",
        "metvlc_has_real_time": true,
        "metvlc_captura_utc": "2026-09-28T20:33:42+00:00",
        "metvlc_last_seen_utc": "2026-09-28T20:33:42+00:00",
        "metvlc_fuente": "SIGIF/GVA Rayos 24h KMZ"
      },
      "geometry": {
        "type": "Point",
        "coordinates": [
          -1.1143,
          39.4825
        ]
      }
    },
    {
      "type": "Feature",
      "properties": {
        "name": "28/09/2026 18:55:35",
        "COORD": "-1,142,39,479",
        "DATE": "2026-09-28",
        "TIME": "18:55",
        "MXI": "-7,49 kA.",
        "STR": "0",
        "SMA": "0,218 Km.",
        "SMI": "0,20400009 Km.",
        "CHI": "1",
        "metvlc_time_utc": "2026-09-28T16:55:00+00:00",
        "metvlc_time_source": "date+time",
        "metvlc_has_real_time": true,
        "metvlc_captura_utc": "2026-09-28T20:33:42+00:00",
        "metvlc_last_seen_utc": "2026-09-28T20:33:42+00:00",
        "metvlc_fuente": "SIGIF/GVA Rayos 24h KMZ"
      },
      "geometry": {
        "type": "Point",
        "coordinates": [
          -1.142,
          39.479
        ]
      }
    },
    {
      "type": "Feature",
      "properties": {
        "name": "28/09/2026 18:55:50",
        "COORD": "-1,0968,39,4381",
        "DATE": "2026-09-28",
        "TIME": "18:55",
        "MXI": "-39,76 kA.",
        "STR": "0",
        "SMA": "0,174 Km.",
        "SMI": "0,12799999 Km.",
        "CHI": "0,8",
        "metvlc_time_utc": "2026-09-28T16:55:00+00:00",
        "metvlc_time_source": "date+time",
        "metvlc_has_real_time": true,
        "metvlc_captura_utc": "2026-09-28T20:33:42+00:00",
        "metvlc_last_seen_utc": "2026-09-28T20:33:42+00:00",
        "metvlc_fuente": "SIGIF/GVA Rayos 24h KMZ"
      },
      "geometry": {
        "type": "Point",
        "coordinates": [
          -1.0968,
          39.4381
        ]
      }
    },
    {
      "type": "Feature",
      "properties": {
        "name": "28/09/2026 18:55:50",
        "COORD": "-1,0973,39,439",
        "DATE": "2026-09-28",
        "TIME": "18:55",
        "MXI": "-19,4 kA.",
        "STR": "0",
        "SMA": "0,159 Km.",
        "SMI": "0,12700005 Km.",
        "CHI": "1,1",
        "metvlc_time_utc": "2026-09-28T16:55:00+00:00",
        "metvlc_time_source": "date+time",
        "metvlc_has_real_time": true,
        "metvlc_captura_utc": "2026-09-28T20:33:42+00:00",
        "metvlc_last_seen_utc": "2026-09-28T20:33:42+00:00",
        "metvlc_fuente": "SIGIF/GVA Rayos 24h KMZ"
      },
      "geometry": {
        "type": "Point",
        "coordinates": [
          -1.0973,
          39.439
        ]
      }
    },
    {
      "type": "Feature",
      "properties": {
        "name": "28/09/2026 18:55:50",
        "COORD": "-1,0971,39,4387",
        "DATE": "2026-09-28",
        "TIME": "18:55",
        "MXI": "-28,91 kA.",
        "STR": "0",
        "SMA": "0,161 Km.",
        "SMI": "0,125 Km.",
        "CHI": "0,9",
        "metvlc_time_utc": "2026-09-28T16:55:00+00:00",
        "metvlc_time_source": "date+time",
        "metvlc_has_real_time": true,
        "metvlc_captura_utc": "2026-09-28T20:33:42+00:00",
        "metvlc_last_seen_utc": "2026-09-28T20:33:42+00:00",
        "metvlc_fuente": "SIGIF/GVA Rayos 24h KMZ"
      },
      "geometry": {
        "type": "Point",
        "coordinates": [
          -1.0971,
          39.4387
        ]
      }
    },
    {
      "type": "Feature",
      "properties": {
        "name": "28/09/2026 18:55:50",
        "COORD": "-1,1558,39,4758",
        "DATE": "2026-09-28",
        "TIME": "18:55",
        "MXI": "-7,13 kA.",
        "STR": "0",
        "SMA": "0,318 Km.",
        "SMI": "0,18299998 Km.",
        "CHI": "1",
        "metvlc_time_utc": "2026-09-28T16:55:00+00:00",
        "metvlc_time_source": "date+time",
        "metvlc_has_real_time": true,
        "metvlc_captura_utc": "2026-09-28T20:33:42+00:00",
        "metvlc_last_seen_utc": "2026-09-28T20:33:42+00:00",
        "metvlc_fuente": "SIGIF/GVA Rayos 24h KMZ"
      },
      "geometry": {
        "type": "Point",
        "coordinates": [
          -1.1558,
          39.4758
        ]
      }
    },
    {
      "type": "Feature",
      "properties": {
        "name": "28/09/2026 18:56:09",
        "COORD": "-1,0857,39,4762",
        "DATE": "2026-09-28",
        "TIME": "18:56",
        "MXI": "-28,85 kA.",
        "STR": "0",
        "SMA": "0,163 Km.",
        "SMI": "0,12699996 Km.",
        "CHI": "0,7",
        "metvlc_time_utc": "2026-09-28T16:56:00+00:00",
        "metvlc_time_source": "date+time",
        "metvlc_has_real_time": true,
        "metvlc_captura_utc": "2026-09-28T20:33:42+00:00",
        "metvlc_last_seen_utc": "2026-09-28T20:33:42+00:00",
        "metvlc_fuente": "SIGIF/GVA Rayos 24h KMZ"
      },
      "geometry": {
        "type": "Point",
        "coordinates": [
          -1.0857,
          39.4762
        ]
      }
    },
    {
      "type": "Feature",
      "properties": {
        "name": "28/09/2026 18:56:09",
        "COORD": "-1,1208,39,4895",
        "DATE": "2026-09-28",
        "TIME": "18:56",
        "MXI": "-13,25 kA.",
        "STR": "0",
        "SMA": "0,165 Km.",
        "SMI": "0,12400002 Km.",
        "CHI": "0,7",
        "metvlc_time_utc": "2026-09-28T16:56:00+00:00",
        "metvlc_time_source": "date+time",
        "metvlc_has_real_time": true,
        "metvlc_captura_utc": "2026-09-28T20:33:42+00:00",
        "metvlc_last_seen_utc": "2026-09-28T20:33:42+00:00",
        "metvlc_fuente": "SIGIF/GVA Rayos 24h KMZ"
      },
      "geometry": {
        "type": "Point",
        "coordinates": [
          -1.1208,
          39.4895
        ]
      }
    },
    {
      "type": "Feature",
      "properties": {
        "name": "28/09/2026 18:56:09",
        "COORD": "-1,1211,39,4919",
        "DATE": "2026-09-28",
        "TIME": "18:56",
        "MXI": "-7,21 kA.",
        "STR": "0",
        "SMA": "0,5 Km.",
        "SMI": "0,21700004 Km.",
        "CHI": "1,7",
        "metvlc_time_utc": "2026-09-28T16:56:00+00:00",
        "metvlc_time_source": "date+time",
        "metvlc_has_real_time": true,
        "metvlc_captura_utc": "2026-09-28T20:33:42+00:00",
        "metvlc_last_seen_utc": "2026-09-28T20:33:42+00:00",
        "metvlc_fuente": "SIGIF/GVA Rayos 24h KMZ"
      },
      "geometry": {
        "type": "Point",
        "coordinates": [
          -1.1211,
          39.4919
        ]
      }
    },
    {
      "type": "Feature",
      "properties": {
        "name": "28/09/2026 18:56:12",
        "COORD": "-0,966,39,1226",
        "DATE": "2026-09-28",
        "TIME": "18:56",
        "MXI": "-26,06 kA.",
        "STR": "0",
        "SMA": "0,176 Km.",
        "SMI": "0,12399998 Km.",
        "CHI": "0,9",
        "metvlc_time_utc": "2026-09-28T16:56:00+00:00",
        "metvlc_time_source": "date+time",
        "metvlc_has_real_time": true,
        "metvlc_captura_utc": "2026-09-28T20:33:42+00:00",
        "metvlc_last_seen_utc": "2026-09-28T20:33:42+00:00",
        "metvlc_fuente": "SIGIF/GVA Rayos 24h KMZ"
      },
      "geometry": {
        "type": "Point",
        "coordinates": [
          -0.966,
          39.1226
        ]
      }
    },
    {
      "type": "Feature",
      "properties": {
        "name": "28/09/2026 18:56:12",
        "COORD": "-0,9654,39,1224",
        "DATE": "2026-09-28",
        "TIME": "18:56",
        "MXI": "-8,72 kA.",
        "STR": "0",
        "SMA": "0,23 Km.",
        "SMI": "0,155 Km.",
        "CHI": "0,2",
        "metvlc_time_utc": "2026-09-28T16:56:00+00:00",
        "metvlc_time_source": "date+time",
        "metvlc_has_real_time": true,
        "metvlc_captura_utc": "2026-09-28T20:33:42+00:00",
        "metvlc_last_seen_utc": "2026-09-28T20:33:42+00:00",
        "metvlc_fuente": "SIGIF/GVA Rayos 24h KMZ"
      },
      "geometry": {
        "type": "Point",
        "coordinates": [
          -0.9654,
          39.1224
        ]
      }
    },
    {
      "type": "Feature",
      "properties": {
        "name": "28/09/2026 18:56:25",
        "COORD": "-1,1641,39,4671",
        "DATE": "2026-09-28",
        "TIME": "18:56",
        "MXI": "-14,75 kA.",
        "STR": "0",
        "SMA": "0,163 Km.",
        "SMI": "0,125 Km.",
        "CHI": "0,8",
        "metvlc_time_utc": "2026-09-28T16:56:00+00:00",
        "metvlc_time_source": "date+time",
        "metvlc_has_real_time": true,
        "metvlc_captura_utc": "2026-09-28T20:33:42+00:00",
        "metvlc_last_seen_utc": "2026-09-28T20:33:42+00:00",
        "metvlc_fuente": "SIGIF/GVA Rayos 24h KMZ"
      },
      "geometry": {
        "type": "Point",
        "coordinates": [
          -1.1641,
          39.4671
        ]
      }
    },
    {
      "type": "Feature",
      "properties": {
        "name": "28/09/2026 18:56:25",
        "COORD": "-1,1571,39,4705",
        "DATE": "2026-09-28",
        "TIME": "18:56",
        "MXI": "-15,34 kA.",
        "STR": "0",
        "SMA": "0,162 Km.",
        "SMI": "0,125 Km.",
        "CHI": "0,6",
        "metvlc_time_utc": "2026-09-28T16:56:00+00:00",
        "metvlc_time_source": "date+time",
        "metvlc_has_real_time": true,
        "metvlc_captura_utc": "2026-09-28T20:33:42+00:00",
        "metvlc_last_seen_utc": "2026-09-28T20:33:42+00:00",
        "metvlc_fuente": "SIGIF/GVA Rayos 24h KMZ"
      },
      "geometry": {
        "type": "Point",
        "coordinates": [
          -1.1571,
          39.4705
        ]
      }
    },
    {
      "type": "Feature",
      "properties": {
        "name": "28/09/2026 18:56:25",
        "COORD": "-1,1572,39,4714",
        "DATE": "2026-09-28",
        "TIME": "18:56",
        "MXI": "-6,53 kA.",
        "STR": "0",
        "SMA": "0,235 Km.",
        "SMI": "0,20699996 Km.",
        "CHI": "1,2",
        "metvlc_time_utc": "2026-09-28T16:56:00+00:00",
        "metvlc_time_source": "date+time",
        "metvlc_has_real_time": true,
        "metvlc_captura_utc": "2026-09-28T20:33:42+00:00",
        "metvlc_last_seen_utc": "2026-09-28T20:33:42+00:00",
        "metvlc_fuente": "SIGIF/GVA Rayos 24h KMZ"
      },
      "geometry": {
        "type": "Point",
        "coordinates": [
          -1.1572,
          39.4714
        ]
      }
    },
    {
      "type": "Feature",
      "properties": {
        "name": "28/09/2026 18:56:25",
        "COORD": "-1,1579,39,4711",
        "DATE": "2026-09-28",
        "TIME": "18:56",
        "MXI": "-7,31 kA.",
        "STR": "0",
        "SMA": "0,237 Km.",
        "SMI": "0,177 Km.",
        "CHI": "0,9",
        "metvlc_time_utc": "2026-09-28T16:56:00+00:00",
        "metvlc_time_source": "date+time",
        "metvlc_has_real_time": true,
        "metvlc_captura_utc": "2026-09-28T20:33:42+00:00",
        "metvlc_last_seen_utc": "2026-09-28T20:33:42+00:00",
        "metvlc_fuente": "SIGIF/GVA Rayos 24h KMZ"
      },
      "geometry": {
        "type": "Point",
        "coordinates": [
          -1.1579,
          39.4711
        ]
      }
    },
    {
      "type": "Feature",
      "properties": {
        "name": "28/09/2026 18:56:25",
        "COORD": "-1,1573,39,4708",
        "DATE": "2026-09-28",
        "TIME": "18:56",
        "MXI": "-11,18 kA.",
        "STR": "0",
        "SMA": "0,19 Km.",
        "SMI": "0,13899994 Km.",
        "CHI": "0,8",
        "metvlc_time_utc": "2026-09-28T16:56:00+00:00",
        "metvlc_time_source": "date+time",
        "metvlc_has_real_time": true,
        "metvlc_captura_utc": "2026-09-28T20:33:42+00:00",
        "metvlc_last_seen_utc": "2026-09-28T20:33:42+00:00",
        "metvlc_fuente": "SIGIF/GVA Rayos 24h KMZ"
      },
      "geometry": {
        "type": "Point",
        "coordinates": [
          -1.1573,
          39.4708
        ]
      }
    },
    {
      "type": "Feature",
      "properties": {
        "name": "28/09/2026 18:56:45",
        "COORD": "-1,1511,39,9448",
        "DATE": "2026-09-28",
        "TIME": "18:56",
        "MXI": "-17,1 kA.",
        "STR": "0",
        "SMA": "0,159 Km.",
        "SMI": "0,13400002 Km.",
        "CHI": "0,7",
        "metvlc_time_utc": "2026-09-28T16:56:00+00:00",
        "metvlc_time_source": "date+time",
        "metvlc_has_real_time": true,
        "metvlc_captura_utc": "2026-09-28T20:33:42+00:00",
        "metvlc_last_seen_utc": "2026-09-28T20:33:42+00:00",
        "metvlc_fuente": "SIGIF/GVA Rayos 24h KMZ"
      },
      "geometry": {
        "type": "Point",
        "coordinates": [
          -1.1511,
          39.9448
        ]
      }
    },
    {
      "type": "Feature",
      "properties": {
        "name": "28/09/2026 18:56:46",
        "COORD": "-1,1439,39,4811",
        "DATE": "2026-09-28",
        "TIME": "18:56",
        "MXI": "-5,86 kA.",
        "STR": "0",
        "SMA": "0,31 Km.",
        "SMI": "0,18499997 Km.",
        "CHI": "1,5",
        "metvlc_time_utc": "2026-09-28T16:56:00+00:00",
        "metvlc_time_source": "date+time",
        "metvlc_has_real_time": true,
        "metvlc_captura_utc": "2026-09-28T20:33:42+00:00",
        "metvlc_last_seen_utc": "2026-09-28T20:33:42+00:00",
        "metvlc_fuente": "SIGIF/GVA Rayos 24h KMZ"
      },
      "geometry": {
        "type": "Point",
        "coordinates": [
          -1.1439,
          39.4811
        ]
      }
    },
    {
      "type": "Feature",
      "properties": {
        "name": "28/09/2026 18:57:06",
        "COORD": "-1,0988,39,4555",
        "DATE": "2026-09-28",
        "TIME": "18:57",
        "MXI": "-83,85 kA.",
        "STR": "0",
        "SMA": "0,164 Km.",
        "SMI": "0,12399997 Km.",
        "CHI": "1,6",
        "metvlc_time_utc": "2026-09-28T16:57:00+00:00",
        "metvlc_time_source": "date+time",
        "metvlc_has_real_time": true,
        "metvlc_captura_utc": "2026-09-28T20:33:42+00:00",
        "metvlc_last_seen_utc": "2026-09-28T20:33:42+00:00",
        "metvlc_fuente": "SIGIF/GVA Rayos 24h KMZ"
      },
      "geometry": {
        "type": "Point",
        "coordinates": [
          -1.0988,
          39.4555
        ]
      }
    },
    {
      "type": "Feature",
      "properties": {
        "name": "28/09/2026 18:57:06",
        "COORD": "-1,1309,39,4409",
        "DATE": "2026-09-28",
        "TIME": "18:57",
        "MXI": "-11,13 kA.",
        "STR": "0",
        "SMA": "2,645 Km.",
        "SMI": "0,42500004 Km.",
        "CHI": "0,4",
        "metvlc_time_utc": "2026-09-28T16:57:00+00:00",
        "metvlc_time_source": "date+time",
        "metvlc_has_real_time": true,
        "metvlc_captura_utc": "2026-09-28T20:33:42+00:00",
        "metvlc_last_seen_utc": "2026-09-28T20:33:42+00:00",
        "metvlc_fuente": "SIGIF/GVA Rayos 24h KMZ"
      },
      "geometry": {
        "type": "Point",
        "coordinates": [
          -1.1309,
          39.4409
        ]
      }
    },
    {
      "type": "Feature",
      "properties": {
        "name": "28/09/2026 18:57:06",
        "COORD": "-1,0989,39,4556",
        "DATE": "2026-09-28",
        "TIME": "18:57",
        "MXI": "-36,91 kA.",
        "STR": "0",
        "SMA": "0,159 Km.",
        "SMI": "0,124 Km.",
        "CHI": "1",
        "metvlc_time_utc": "2026-09-28T16:57:00+00:00",
        "metvlc_time_source": "date+time",
        "metvlc_has_real_time": true,
        "metvlc_captura_utc": "2026-09-28T20:33:42+00:00",
        "metvlc_last_seen_utc": "2026-09-28T20:33:42+00:00",
        "metvlc_fuente": "SIGIF/GVA Rayos 24h KMZ"
      },
      "geometry": {
        "type": "Point",
        "coordinates": [
          -1.0989,
          39.4556
        ]
      }
    },
    {
      "type": "Feature",
      "properties": {
        "name": "28/09/2026 18:57:06",
        "COORD": "-1,0994,39,4565",
        "DATE": "2026-09-28",
        "TIME": "18:57",
        "MXI": "-14,33 kA.",
        "STR": "0",
        "SMA": "0,306 Km.",
        "SMI": "0,11699998 Km.",
        "CHI": "0,3",
        "metvlc_time_utc": "2026-09-28T16:57:00+00:00",
        "metvlc_time_source": "date+time",
        "metvlc_has_real_time": true,
        "metvlc_captura_utc": "2026-09-28T20:33:42+00:00",
        "metvlc_last_seen_utc": "2026-09-28T20:33:42+00:00",
        "metvlc_fuente": "SIGIF/GVA Rayos 24h KMZ"
      },
      "geometry": {
        "type": "Point",
        "coordinates": [
          -1.0994,
          39.4565
        ]
      }
    },
    {
      "type": "Feature",
      "properties": {
        "name": "28/09/2026 18:57:06",
        "COORD": "-1,0983,39,4554",
        "DATE": "2026-09-28",
        "TIME": "18:57",
        "MXI": "-9,91 kA.",
        "STR": "0",
        "SMA": "0,189 Km.",
        "SMI": "0,14100005 Km.",
        "CHI": "0,8",
        "metvlc_time_utc": "2026-09-28T16:57:00+00:00",
        "metvlc_time_source": "date+time",
        "metvlc_has_real_time": true,
        "metvlc_captura_utc": "2026-09-28T20:33:42+00:00",
        "metvlc_last_seen_utc": "2026-09-28T20:33:42+00:00",
        "metvlc_fuente": "SIGIF/GVA Rayos 24h KMZ"
      },
      "geometry": {
        "type": "Point",
        "coordinates": [
          -1.0983,
          39.4554
        ]
      }
    },
    {
      "type": "Feature",
      "properties": {
        "name": "28/09/2026 18:57:38",
        "COORD": "-1,1408,39,4748",
        "DATE": "2026-09-28",
        "TIME": "18:57",
        "MXI": "-25,52 kA.",
        "STR": "0",
        "SMA": "0,161 Km.",
        "SMI": "0,124000005 Km.",
        "CHI": "1",
        "metvlc_time_utc": "2026-09-28T16:57:00+00:00",
        "metvlc_time_source": "date+time",
        "metvlc_has_real_time": true,
        "metvlc_captura_utc": "2026-09-28T20:33:42+00:00",
        "metvlc_last_seen_utc": "2026-09-28T20:33:42+00:00",
        "metvlc_fuente": "SIGIF/GVA Rayos 24h KMZ"
      },
      "geometry": {
        "type": "Point",
        "coordinates": [
          -1.1408,
          39.4748
        ]
      }
    },
    {
      "type": "Feature",
      "properties": {
        "name": "28/09/2026 18:57:38",
        "COORD": "-1,0917,39,4831",
        "DATE": "2026-09-28",
        "TIME": "18:57",
        "MXI": "-28,62 kA.",
        "STR": "0",
        "SMA": "0,163 Km.",
        "SMI": "0,125 Km.",
        "CHI": "1,2",
        "metvlc_time_utc": "2026-09-28T16:57:00+00:00",
        "metvlc_time_source": "date+time",
        "metvlc_has_real_time": true,
        "metvlc_captura_utc": "2026-09-28T20:33:42+00:00",
        "metvlc_last_seen_utc": "2026-09-28T20:33:42+00:00",
        "metvlc_fuente": "SIGIF/GVA Rayos 24h KMZ"
      },
      "geometry": {
        "type": "Point",
        "coordinates": [
          -1.0917,
          39.4831
        ]
      }
    },
    {
      "type": "Feature",
      "properties": {
        "name": "28/09/2026 18:57:38",
        "COORD": "-1,1383,39,4728",
        "DATE": "2026-09-28",
        "TIME": "18:57",
        "MXI": "-16,57 kA.",
        "STR": "0",
        "SMA": "0,162 Km.",
        "SMI": "0,12399996 Km.",
        "CHI": "0,6",
        "metvlc_time_utc": "2026-09-28T16:57:00+00:00",
        "metvlc_time_source": "date+time",
        "metvlc_has_real_time": true,
        "metvlc_captura_utc": "2026-09-28T20:33:42+00:00",
        "metvlc_last_seen_utc": "2026-09-28T20:33:42+00:00",
        "metvlc_fuente": "SIGIF/GVA Rayos 24h KMZ"
      },
      "geometry": {
        "type": "Point",
        "coordinates": [
          -1.1383,
          39.4728
        ]
      }
    },
    {
      "type": "Feature",
      "properties": {
        "name": "28/09/2026 18:57:38",
        "COORD": "-1,1014,39,5039",
        "DATE": "2026-09-28",
        "TIME": "18:57",
        "MXI": "-22,74 kA.",
        "STR": "0",
        "SMA": "0,162 Km.",
        "SMI": "0,12399996 Km.",
        "CHI": "0,7",
        "metvlc_time_utc": "2026-09-28T16:57:00+00:00",
        "metvlc_time_source": "date+time",
        "metvlc_has_real_time": true,
        "metvlc_captura_utc": "2026-09-28T20:33:42+00:00",
        "metvlc_last_seen_utc": "2026-09-28T20:33:42+00:00",
        "metvlc_fuente": "SIGIF/GVA Rayos 24h KMZ"
      },
      "geometry": {
        "type": "Point",
        "coordinates": [
          -1.1014,
          39.5039
        ]
      }
    },
    {
      "type": "Feature",
      "properties": {
        "name": "28/09/2026 18:57:38",
        "COORD": "-1,1427,39,5282",
        "DATE": "2026-09-28",
        "TIME": "18:57",
        "MXI": "-42,49 kA.",
        "STR": "0",
        "SMA": "0,167 Km.",
        "SMI": "0,13000003 Km.",
        "CHI": "1,8",
        "metvlc_time_utc": "2026-09-28T16:57:00+00:00",
        "metvlc_time_source": "date+time",
        "metvlc_has_real_time": true,
        "metvlc_captura_utc": "2026-09-28T20:33:42+00:00",
        "metvlc_last_seen_utc": "2026-09-28T20:33:42+00:00",
        "metvlc_fuente": "SIGIF/GVA Rayos 24h KMZ"
      },
      "geometry": {
        "type": "Point",
        "coordinates": [
          -1.1427,
          39.5282
        ]
      }
    },
    {
      "type": "Feature",
      "properties": {
        "name": "28/09/2026 18:57:38",
        "COORD": "-1,1428,39,5297",
        "DATE": "2026-09-28",
        "TIME": "18:57",
        "MXI": "-5,13 kA.",
        "STR": "0",
        "SMA": "0,495 Km.",
        "SMI": "0,22299999 Km.",
        "CHI": "1,4",
        "metvlc_time_utc": "2026-09-28T16:57:00+00:00",
        "metvlc_time_source": "date+time",
        "metvlc_has_real_time": true,
        "metvlc_captura_utc": "2026-09-28T20:33:42+00:00",
        "metvlc_last_seen_utc": "2026-09-28T20:33:42+00:00",
        "metvlc_fuente": "SIGIF/GVA Rayos 24h KMZ"
      },
      "geometry": {
        "type": "Point",
        "coordinates": [
          -1.1428,
          39.5297
        ]
      }
    },
    {
      "type": "Feature",
      "properties": {
        "name": "28/09/2026 18:57:38",
        "COORD": "-1,1429,39,5282",
        "DATE": "2026-09-28",
        "TIME": "18:57",
        "MXI": "-14,44 kA.",
        "STR": "0",
        "SMA": "0,167 Km.",
        "SMI": "0,12899996 Km.",
        "CHI": "0,9",
        "metvlc_time_utc": "2026-09-28T16:57:00+00:00",
        "metvlc_time_source": "date+time",
        "metvlc_has_real_time": true,
        "metvlc_captura_utc": "2026-09-28T20:33:42+00:00",
        "metvlc_last_seen_utc": "2026-09-28T20:33:42+00:00",
        "metvlc_fuente": "SIGIF/GVA Rayos 24h KMZ"
      },
      "geometry": {
        "type": "Point",
        "coordinates": [
          -1.1429,
          39.5282
        ]
      }
    },
    {
      "type": "Feature",
      "properties": {
        "name": "28/09/2026 18:57:45",
        "COORD": "-1,0888,39,4526",
        "DATE": "2026-09-28",
        "TIME": "18:57",
        "MXI": "-25,69 kA.",
        "STR": "0",
        "SMA": "0,164 Km.",
        "SMI": "0,125 Km.",
        "CHI": "1",
        "metvlc_time_utc": "2026-09-28T16:57:00+00:00",
        "metvlc_time_source": "date+time",
        "metvlc_has_real_time": true,
        "metvlc_captura_utc": "2026-09-28T20:33:42+00:00",
        "metvlc_last_seen_utc": "2026-09-28T20:33:42+00:00",
        "metvlc_fuente": "SIGIF/GVA Rayos 24h KMZ"
      },
      "geometry": {
        "type": "Point",
        "coordinates": [
          -1.0888,
          39.4526
        ]
      }
    },
    {
      "type": "Feature",
      "properties": {
        "name": "28/09/2026 18:57:45",
        "COORD": "-1,0892,39,4528",
        "DATE": "2026-09-28",
        "TIME": "18:57",
        "MXI": "-6,1 kA.",
        "STR": "0",
        "SMA": "0,238 Km.",
        "SMI": "0,20599999 Km.",
        "CHI": "1,5",
        "metvlc_time_utc": "2026-09-28T16:57:00+00:00",
        "metvlc_time_source": "date+time",
        "metvlc_has_real_time": true,
        "metvlc_captura_utc": "2026-09-28T20:33:42+00:00",
        "metvlc_last_seen_utc": "2026-09-28T20:33:42+00:00",
        "metvlc_fuente": "SIGIF/GVA Rayos 24h KMZ"
      },
      "geometry": {
        "type": "Point",
        "coordinates": [
          -1.0892,
          39.4528
        ]
      }
    },
    {
      "type": "Feature",
      "properties": {
        "name": "28/09/2026 18:57:45",
        "COORD": "-1,0892,39,4526",
        "DATE": "2026-09-28",
        "TIME": "18:57",
        "MXI": "-13,42 kA.",
        "STR": "0",
        "SMA": "0,164 Km.",
        "SMI": "0,12300003 Km.",
        "CHI": "0,5",
        "metvlc_time_utc": "2026-09-28T16:57:00+00:00",
        "metvlc_time_source": "date+time",
        "metvlc_has_real_time": true,
        "metvlc_captura_utc": "2026-09-28T20:33:42+00:00",
        "metvlc_last_seen_utc": "2026-09-28T20:33:42+00:00",
        "metvlc_fuente": "SIGIF/GVA Rayos 24h KMZ"
      },
      "geometry": {
        "type": "Point",
        "coordinates": [
          -1.0892,
          39.4526
        ]
      }
    },
    {
      "type": "Feature",
      "properties": {
        "name": "28/09/2026 18:57:55",
        "COORD": "-1,1141,39,4765",
        "DATE": "2026-09-28",
        "TIME": "18:57",
        "MXI": "-28,52 kA.",
        "STR": "0",
        "SMA": "0,161 Km.",
        "SMI": "0,124000005 Km.",
        "CHI": "0,9",
        "metvlc_time_utc": "2026-09-28T16:57:00+00:00",
        "metvlc_time_source": "date+time",
        "metvlc_has_real_time": true,
        "metvlc_captura_utc": "2026-09-28T20:33:42+00:00",
        "metvlc_last_seen_utc": "2026-09-28T20:33:42+00:00",
        "metvlc_fuente": "SIGIF/GVA Rayos 24h KMZ"
      },
      "geometry": {
        "type": "Point",
        "coordinates": [
          -1.1141,
          39.4765
        ]
      }
    },
    {
      "type": "Feature",
      "properties": {
        "name": "28/09/2026 18:57:55",
        "COORD": "-1,114,39,477",
        "DATE": "2026-09-28",
        "TIME": "18:57",
        "MXI": "-10,63 kA.",
        "STR": "0",
        "SMA": "0,163 Km.",
        "SMI": "0,12400002 Km.",
        "CHI": "0,8",
        "metvlc_time_utc": "2026-09-28T16:57:00+00:00",
        "metvlc_time_source": "date+time",
        "metvlc_has_real_time": true,
        "metvlc_captura_utc": "2026-09-28T20:33:42+00:00",
        "metvlc_last_seen_utc": "2026-09-28T20:33:42+00:00",
        "metvlc_fuente": "SIGIF/GVA Rayos 24h KMZ"
      },
      "geometry": {
        "type": "Point",
        "coordinates": [
          -1.114,
          39.477
        ]
      }
    },
    {
      "type": "Feature",
      "properties": {
        "name": "28/09/2026 18:57:55",
        "COORD": "-1,1264,39,4626",
        "DATE": "2026-09-28",
        "TIME": "18:57",
        "MXI": "-18,02 kA.",
        "STR": "0",
        "SMA": "0,166 Km.",
        "SMI": "0,12600003 Km.",
        "CHI": "0,7",
        "metvlc_time_utc": "2026-09-28T16:57:00+00:00",
        "metvlc_time_source": "date+time",
        "metvlc_has_real_time": true,
        "metvlc_captura_utc": "2026-09-28T20:33:42+00:00",
        "metvlc_last_seen_utc": "2026-09-28T20:33:42+00:00",
        "metvlc_fuente": "SIGIF/GVA Rayos 24h KMZ"
      },
      "geometry": {
        "type": "Point",
        "coordinates": [
          -1.1264,
          39.4626
        ]
      }
    },
    {
      "type": "Feature",
      "properties": {
        "name": "28/09/2026 18:57:58",
        "COORD": "-0,9247,39,1166",
        "DATE": "2026-09-28",
        "TIME": "18:57",
        "MXI": "-26,42 kA.",
        "STR": "0",
        "SMA": "0,177 Km.",
        "SMI": "0,12699999 Km.",
        "CHI": "0,6",
        "metvlc_time_utc": "2026-09-28T16:57:00+00:00",
        "metvlc_time_source": "date+time",
        "metvlc_has_real_time": true,
        "metvlc_captura_utc": "2026-09-28T20:33:42+00:00",
        "metvlc_last_seen_utc": "2026-09-28T20:33:42+00:00",
        "metvlc_fuente": "SIGIF/GVA Rayos 24h KMZ"
      },
      "geometry": {
        "type": "Point",
        "coordinates": [
          -0.9247,
          39.1166
        ]
      }
    },
    {
      "type": "Feature",
      "properties": {
        "name": "28/09/2026 18:57:59",
        "COORD": "-0,9293,39,108",
        "DATE": "2026-09-28",
        "TIME": "18:57",
        "MXI": "-14,62 kA.",
        "STR": "0",
        "SMA": "0,179 Km.",
        "SMI": "0,13800006 Km.",
        "CHI": "0,4",
        "metvlc_time_utc": "2026-09-28T16:57:00+00:00",
        "metvlc_time_source": "date+time",
        "metvlc_has_real_time": true,
        "metvlc_captura_utc": "2026-09-28T20:33:42+00:00",
        "metvlc_last_seen_utc": "2026-09-28T20:33:42+00:00",
        "metvlc_fuente": "SIGIF/GVA Rayos 24h KMZ"
      },
      "geometry": {
        "type": "Point",
        "coordinates": [
          -0.9293,
          39.108
        ]
      }
    },
    {
      "type": "Feature",
      "properties": {
        "name": "28/09/2026 18:57:59",
        "COORD": "-0,9293,39,1075",
        "DATE": "2026-09-28",
        "TIME": "18:57",
        "MXI": "-19,36 kA.",
        "STR": "0",
        "SMA": "0,188 Km.",
        "SMI": "0,12999998 Km.",
        "CHI": "0,5",
        "metvlc_time_utc": "2026-09-28T16:57:00+00:00",
        "metvlc_time_source": "date+time",
        "metvlc_has_real_time": true,
        "metvlc_captura_utc": "2026-09-28T20:33:42+00:00",
        "metvlc_last_seen_utc": "2026-09-28T20:33:42+00:00",
        "metvlc_fuente": "SIGIF/GVA Rayos 24h KMZ"
      },
      "geometry": {
        "type": "Point",
        "coordinates": [
          -0.9293,
          39.1075
        ]
      }
    },
    {
      "type": "Feature",
      "properties": {
        "name": "28/09/2026 18:57:59",
        "COORD": "-0,7791,39,136",
        "DATE": "2026-09-28",
        "TIME": "18:57",
        "MXI": "-8,18 kA.",
        "STR": "0",
        "SMA": "0,193 Km.",
        "SMI": "0,13700001 Km.",
        "CHI": "0,4",
        "metvlc_time_utc": "2026-09-28T16:57:00+00:00",
        "metvlc_time_source": "date+time",
        "metvlc_has_real_time": true,
        "metvlc_captura_utc": "2026-09-28T20:33:42+00:00",
        "metvlc_last_seen_utc": "2026-09-28T20:33:42+00:00",
        "metvlc_fuente": "SIGIF/GVA Rayos 24h KMZ"
      },
      "geometry": {
        "type": "Point",
        "coordinates": [
          -0.7791,
          39.136
        ]
      }
    },
    {
      "type": "Feature",
      "properties": {
        "name": "28/09/2026 18:58:10",
        "COORD": "-0,9241,39,1146",
        "DATE": "2026-09-28",
        "TIME": "18:58",
        "MXI": "-14,93 kA.",
        "STR": "0",
        "SMA": "0,175 Km.",
        "SMI": "0,12200002 Km.",
        "CHI": "0,3",
        "metvlc_time_utc": "2026-09-28T16:58:00+00:00",
        "metvlc_time_source": "date+time",
        "metvlc_has_real_time": true,
        "metvlc_captura_utc": "2026-09-28T20:33:42+00:00",
        "metvlc_last_seen_utc": "2026-09-28T20:33:42+00:00",
        "metvlc_fuente": "SIGIF/GVA Rayos 24h KMZ"
      },
      "geometry": {
        "type": "Point",
        "coordinates": [
          -0.9241,
          39.1146
        ]
      }
    },
    {
      "type": "Feature",
      "properties": {
        "name": "28/09/2026 18:58:13",
        "COORD": "-1,1132,39,4751",
        "DATE": "2026-09-28",
        "TIME": "18:58",
        "MXI": "-23,73 kA.",
        "STR": "0",
        "SMA": "0,163 Km.",
        "SMI": "0,12400002 Km.",
        "CHI": "1",
        "metvlc_time_utc": "2026-09-28T16:58:00+00:00",
        "metvlc_time_source": "date+time",
        "metvlc_has_real_time": true,
        "metvlc_captura_utc": "2026-09-28T20:33:42+00:00",
        "metvlc_last_seen_utc": "2026-09-28T20:33:42+00:00",
        "metvlc_fuente": "SIGIF/GVA Rayos 24h KMZ"
      },
      "geometry": {
        "type": "Point",
        "coordinates": [
          -1.1132,
          39.4751
        ]
      }
    },
    {
      "type": "Feature",
      "properties": {
        "name": "28/09/2026 18:58:13",
        "COORD": "-1,09,39,4367",
        "DATE": "2026-09-28",
        "TIME": "18:58",
        "MXI": "-24,02 kA.",
        "STR": "0",
        "SMA": "0,167 Km.",
        "SMI": "0,12599997 Km.",
        "CHI": "1,1",
        "metvlc_time_utc": "2026-09-28T16:58:00+00:00",
        "metvlc_time_source": "date+time",
        "metvlc_has_real_time": true,
        "metvlc_captura_utc": "2026-09-28T20:33:42+00:00",
        "metvlc_last_seen_utc": "2026-09-28T20:33:42+00:00",
        "metvlc_fuente": "SIGIF/GVA Rayos 24h KMZ"
      },
      "geometry": {
        "type": "Point",
        "coordinates": [
          -1.09,
          39.4367
        ]
      }
    },
    {
      "type": "Feature",
      "properties": {
        "name": "28/09/2026 18:58:34",
        "COORD": "-1,1179,39,4607",
        "DATE": "2026-09-28",
        "TIME": "18:58",
        "MXI": "-13,92 kA.",
        "STR": "0",
        "SMA": "0,166 Km.",
        "SMI": "0,12600003 Km.",
        "CHI": "0,7",
        "metvlc_time_utc": "2026-09-28T16:58:00+00:00",
        "metvlc_time_source": "date+time",
        "metvlc_has_real_time": true,
        "metvlc_captura_utc": "2026-09-28T20:33:42+00:00",
        "metvlc_last_seen_utc": "2026-09-28T20:33:42+00:00",
        "metvlc_fuente": "SIGIF/GVA Rayos 24h KMZ"
      },
      "geometry": {
        "type": "Point",
        "coordinates": [
          -1.1179,
          39.4607
        ]
      }
    },
    {
      "type": "Feature",
      "properties": {
        "name": "28/09/2026 18:58:34",
        "COORD": "-1,1052,39,4802",
        "DATE": "2026-09-28",
        "TIME": "18:58",
        "MXI": "-22,31 kA.",
        "STR": "0",
        "SMA": "0,161 Km.",
        "SMI": "0,124000005 Km.",
        "CHI": "0,8",
        "metvlc_time_utc": "2026-09-28T16:58:00+00:00",
        "metvlc_time_source": "date+time",
        "metvlc_has_real_time": true,
        "metvlc_captura_utc": "2026-09-28T20:33:42+00:00",
        "metvlc_last_seen_utc": "2026-09-28T20:33:42+00:00",
        "metvlc_fuente": "SIGIF/GVA Rayos 24h KMZ"
      },
      "geometry": {
        "type": "Point",
        "coordinates": [
          -1.1052,
          39.4802
        ]
      }
    },
    {
      "type": "Feature",
      "properties": {
        "name": "28/09/2026 18:58:34",
        "COORD": "-1,1051,39,4798",
        "DATE": "2026-09-28",
        "TIME": "18:58",
        "MXI": "-26,83 kA.",
        "STR": "0",
        "SMA": "0,168 Km.",
        "SMI": "0,12699997 Km.",
        "CHI": "0,6",
        "metvlc_time_utc": "2026-09-28T16:58:00+00:00",
        "metvlc_time_source": "date+time",
        "metvlc_has_real_time": true,
        "metvlc_captura_utc": "2026-09-28T20:33:42+00:00",
        "metvlc_last_seen_utc": "2026-09-28T20:33:42+00:00",
        "metvlc_fuente": "SIGIF/GVA Rayos 24h KMZ"
      },
      "geometry": {
        "type": "Point",
        "coordinates": [
          -1.1051,
          39.4798
        ]
      }
    },
    {
      "type": "Feature",
      "properties": {
        "name": "28/09/2026 18:58:34",
        "COORD": "-1,1053,39,4802",
        "DATE": "2026-09-28",
        "TIME": "18:58",
        "MXI": "-19,6 kA.",
        "STR": "0",
        "SMA": "0,164 Km.",
        "SMI": "0,12300003 Km.",
        "CHI": "0,5",
        "metvlc_time_utc": "2026-09-28T16:58:00+00:00",
        "metvlc_time_source": "date+time",
        "metvlc_has_real_time": true,
        "metvlc_captura_utc": "2026-09-28T20:33:42+00:00",
        "metvlc_last_seen_utc": "2026-09-28T20:33:42+00:00",
        "metvlc_fuente": "SIGIF/GVA Rayos 24h KMZ"
      },
      "geometry": {
        "type": "Point",
        "coordinates": [
          -1.1053,
          39.4802
        ]
      }
    },
    {
      "type": "Feature",
      "properties": {
        "name": "28/09/2026 18:58:49",
        "COORD": "-1,1029,39,4658",
        "DATE": "2026-09-28",
        "TIME": "18:58",
        "MXI": "-41,66 kA.",
        "STR": "0",
        "SMA": "0,161 Km.",
        "SMI": "0,13700005 Km.",
        "CHI": "1",
        "metvlc_time_utc": "2026-09-28T16:58:00+00:00",
        "metvlc_time_source": "date+time",
        "metvlc_has_real_time": true,
        "metvlc_captura_utc": "2026-09-28T20:33:42+00:00",
        "metvlc_last_seen_utc": "2026-09-28T20:33:42+00:00",
        "metvlc_fuente": "SIGIF/GVA Rayos 24h KMZ"
      },
      "geometry": {
        "type": "Point",
        "coordinates": [
          -1.1029,
          39.4658
        ]
      }
    },
    {
      "type": "Feature",
      "properties": {
        "name": "28/09/2026 18:58:49",
        "COORD": "-1,1031,39,4656",
        "DATE": "2026-09-28",
        "TIME": "18:58",
        "MXI": "-21,09 kA.",
        "STR": "0",
        "SMA": "0,181 Km.",
        "SMI": "0,12299997 Km.",
        "CHI": "0,9",
        "metvlc_time_utc": "2026-09-28T16:58:00+00:00",
        "metvlc_time_source": "date+time",
        "metvlc_has_real_time": true,
        "metvlc_captura_utc": "2026-09-28T20:33:42+00:00",
        "metvlc_last_seen_utc": "2026-09-28T20:33:42+00:00",
        "metvlc_fuente": "SIGIF/GVA Rayos 24h KMZ"
      },
      "geometry": {
        "type": "Point",
        "coordinates": [
          -1.1031,
          39.4656
        ]
      }
    },
    {
      "type": "Feature",
      "properties": {
        "name": "28/09/2026 18:58:49",
        "COORD": "-1,1147,39,4503",
        "DATE": "2026-09-28",
        "TIME": "18:58",
        "MXI": "-29,09 kA.",
        "STR": "0",
        "SMA": "0,164 Km.",
        "SMI": "0,125 Km.",
        "CHI": "1",
        "metvlc_time_utc": "2026-09-28T16:58:00+00:00",
        "metvlc_time_source": "date+time",
        "metvlc_has_real_time": true,
        "metvlc_captura_utc": "2026-09-28T20:33:42+00:00",
        "metvlc_last_seen_utc": "2026-09-28T20:33:42+00:00",
        "metvlc_fuente": "SIGIF/GVA Rayos 24h KMZ"
      },
      "geometry": {
        "type": "Point",
        "coordinates": [
          -1.1147,
          39.4503
        ]
      }
    },
    {
      "type": "Feature",
      "properties": {
        "name": "28/09/2026 18:58:56",
        "COORD": "-1,1079,39,4748",
        "DATE": "2026-09-28",
        "TIME": "18:58",
        "MXI": "-27,87 kA.",
        "STR": "0",
        "SMA": "0,163 Km.",
        "SMI": "0,125 Km.",
        "CHI": "0,8",
        "metvlc_time_utc": "2026-09-28T16:58:00+00:00",
        "metvlc_time_source": "date+time",
        "metvlc_has_real_time": true,
        "metvlc_captura_utc": "2026-09-28T20:33:42+00:00",
        "metvlc_last_seen_utc": "2026-09-28T20:33:42+00:00",
        "metvlc_fuente": "SIGIF/GVA Rayos 24h KMZ"
      },
      "geometry": {
        "type": "Point",
        "coordinates": [
          -1.1079,
          39.4748
        ]
      }
    },
    {
      "type": "Feature",
      "properties": {
        "name": "28/09/2026 18:59:09",
        "COORD": "-1,1444,39,4888",
        "DATE": "2026-09-28",
        "TIME": "18:59",
        "MXI": "-7,38 kA.",
        "STR": "0",
        "SMA": "0,304 Km.",
        "SMI": "0,17000003 Km.",
        "CHI": "1,1",
        "metvlc_time_utc": "2026-09-28T16:59:00+00:00",
        "metvlc_time_source": "date+time",
        "metvlc_has_real_time": true,
        "metvlc_captura_utc": "2026-09-28T20:33:42+00:00",
        "metvlc_last_seen_utc": "2026-09-28T20:33:42+00:00",
        "metvlc_fuente": "SIGIF/GVA Rayos 24h KMZ"
      },
      "geometry": {
        "type": "Point",
        "coordinates": [
          -1.1444,
          39.4888
        ]
      }
    },
    {
      "type": "Feature",
      "properties": {
        "name": "28/09/2026 18:59:09",
        "COORD": "-1,1067,39,4628",
        "DATE": "2026-09-28",
        "TIME": "18:59",
        "MXI": "-17,71 kA.",
        "STR": "0",
        "SMA": "0,184 Km.",
        "SMI": "0,12899996 Km.",
        "CHI": "0,7",
        "metvlc_time_utc": "2026-09-28T16:59:00+00:00",
        "metvlc_time_source": "date+time",
        "metvlc_has_real_time": true,
        "metvlc_captura_utc": "2026-09-28T20:33:42+00:00",
        "metvlc_last_seen_utc": "2026-09-28T20:33:42+00:00",
        "metvlc_fuente": "SIGIF/GVA Rayos 24h KMZ"
      },
      "geometry": {
        "type": "Point",
        "coordinates": [
          -1.1067,
          39.4628
        ]
      }
    },
    {
      "type": "Feature",
      "properties": {
        "name": "28/09/2026 18:59:18",
        "COORD": "-1,0942,39,4887",
        "DATE": "2026-09-28",
        "TIME": "18:59",
        "MXI": "-30,92 kA.",
        "STR": "0",
        "SMA": "0,163 Km.",
        "SMI": "0,12599999 Km.",
        "CHI": "1,2",
        "metvlc_time_utc": "2026-09-28T16:59:00+00:00",
        "metvlc_time_source": "date+time",
        "metvlc_has_real_time": true,
        "metvlc_captura_utc": "2026-09-28T20:33:42+00:00",
        "metvlc_last_seen_utc": "2026-09-28T20:33:42+00:00",
        "metvlc_fuente": "SIGIF/GVA Rayos 24h KMZ"
      },
      "geometry": {
        "type": "Point",
        "coordinates": [
          -1.0942,
          39.4887
        ]
      }
    },
    {
      "type": "Feature",
      "properties": {
        "name": "28/09/2026 18:59:18",
        "COORD": "-1,0942,39,4894",
        "DATE": "2026-09-28",
        "TIME": "18:59",
        "MXI": "-9,19 kA.",
        "STR": "0",
        "SMA": "0,219 Km.",
        "SMI": "0,16399997 Km.",
        "CHI": "0,6",
        "metvlc_time_utc": "2026-09-28T16:59:00+00:00",
        "metvlc_time_source": "date+time",
        "metvlc_has_real_time": true,
        "metvlc_captura_utc": "2026-09-28T20:33:42+00:00",
        "metvlc_last_seen_utc": "2026-09-28T20:33:42+00:00",
        "metvlc_fuente": "SIGIF/GVA Rayos 24h KMZ"
      },
      "geometry": {
        "type": "Point",
        "coordinates": [
          -1.0942,
          39.4894
        ]
      }
    },
    {
      "type": "Feature",
      "properties": {
        "name": "28/09/2026 18:59:18",
        "COORD": "-1,0941,39,4887",
        "DATE": "2026-09-28",
        "TIME": "18:59",
        "MXI": "-45,94 kA.",
        "STR": "0",
        "SMA": "0,163 Km.",
        "SMI": "0,125 Km.",
        "CHI": "1,5",
        "metvlc_time_utc": "2026-09-28T16:59:00+00:00",
        "metvlc_time_source": "date+time",
        "metvlc_has_real_time": true,
        "metvlc_captura_utc": "2026-09-28T20:33:42+00:00",
        "metvlc_last_seen_utc": "2026-09-28T20:33:42+00:00",
        "metvlc_fuente": "SIGIF/GVA Rayos 24h KMZ"
      },
      "geometry": {
        "type": "Point",
        "coordinates": [
          -1.0941,
          39.4887
        ]
      }
    },
    {
      "type": "Feature",
      "properties": {
        "name": "28/09/2026 18:59:18",
        "COORD": "-1,0938,39,4881",
        "DATE": "2026-09-28",
        "TIME": "18:59",
        "MXI": "-14,59 kA.",
        "STR": "0",
        "SMA": "0,169 Km.",
        "SMI": "0,125 Km.",
        "CHI": "0,7",
        "metvlc_time_utc": "2026-09-28T16:59:00+00:00",
        "metvlc_time_source": "date+time",
        "metvlc_has_real_time": true,
        "metvlc_captura_utc": "2026-09-28T20:33:42+00:00",
        "metvlc_last_seen_utc": "2026-09-28T20:33:42+00:00",
        "metvlc_fuente": "SIGIF/GVA Rayos 24h KMZ"
      },
      "geometry": {
        "type": "Point",
        "coordinates": [
          -1.0938,
          39.4881
        ]
      }
    },
    {
      "type": "Feature",
      "properties": {
        "name": "28/09/2026 18:59:18",
        "COORD": "-1,0945,39,4898",
        "DATE": "2026-09-28",
        "TIME": "18:59",
        "MXI": "-7,12 kA.",
        "STR": "0",
        "SMA": "0,235 Km.",
        "SMI": "0,17799996 Km.",
        "CHI": "1",
        "metvlc_time_utc": "2026-09-28T16:59:00+00:00",
        "metvlc_time_source": "date+time",
        "metvlc_has_real_time": true,
        "metvlc_captura_utc": "2026-09-28T20:33:42+00:00",
        "metvlc_last_seen_utc": "2026-09-28T20:33:42+00:00",
        "metvlc_fuente": "SIGIF/GVA Rayos 24h KMZ"
      },
      "geometry": {
        "type": "Point",
        "coordinates": [
          -1.0945,
          39.4898
        ]
      }
    },
    {
      "type": "Feature",
      "properties": {
        "name": "28/09/2026 18:59:18",
        "COORD": "-1,0939,39,4888",
        "DATE": "2026-09-28",
        "TIME": "18:59",
        "MXI": "-13,01 kA.",
        "STR": "0",
        "SMA": "0,167 Km.",
        "SMI": "0,12899996 Km.",
        "CHI": "0,6",
        "metvlc_time_utc": "2026-09-28T16:59:00+00:00",
        "metvlc_time_source": "date+time",
        "metvlc_has_real_time": true,
        "metvlc_captura_utc": "2026-09-28T20:33:42+00:00",
        "metvlc_last_seen_utc": "2026-09-28T20:33:42+00:00",
        "metvlc_fuente": "SIGIF/GVA Rayos 24h KMZ"
      },
      "geometry": {
        "type": "Point",
        "coordinates": [
          -1.0939,
          39.4888
        ]
      }
    },
    {
      "type": "Feature",
      "properties": {
        "name": "28/09/2026 18:59:19",
        "COORD": "-1,0945,39,4894",
        "DATE": "2026-09-28",
        "TIME": "18:59",
        "MXI": "-8,75 kA.",
        "STR": "0",
        "SMA": "0,234 Km.",
        "SMI": "0,17699999 Km.",
        "CHI": "0,9",
        "metvlc_time_utc": "2026-09-28T16:59:00+00:00",
        "metvlc_time_source": "date+time",
        "metvlc_has_real_time": true,
        "metvlc_captura_utc": "2026-09-28T20:33:42+00:00",
        "metvlc_last_seen_utc": "2026-09-28T20:33:42+00:00",
        "metvlc_fuente": "SIGIF/GVA Rayos 24h KMZ"
      },
      "geometry": {
        "type": "Point",
        "coordinates": [
          -1.0945,
          39.4894
        ]
      }
    },
    {
      "type": "Feature",
      "properties": {
        "name": "28/09/2026 18:59:19",
        "COORD": "-1,0944,39,4904",
        "DATE": "2026-09-28",
        "TIME": "18:59",
        "MXI": "-5,28 kA.",
        "STR": "0",
        "SMA": "0,489 Km.",
        "SMI": "0,21499996 Km.",
        "CHI": "1,9",
        "metvlc_time_utc": "2026-09-28T16:59:00+00:00",
        "metvlc_time_source": "date+time",
        "metvlc_has_real_time": true,
        "metvlc_captura_utc": "2026-09-28T20:33:42+00:00",
        "metvlc_last_seen_utc": "2026-09-28T20:33:42+00:00",
        "metvlc_fuente": "SIGIF/GVA Rayos 24h KMZ"
      },
      "geometry": {
        "type": "Point",
        "coordinates": [
          -1.0944,
          39.4904
        ]
      }
    },
    {
      "type": "Feature",
      "properties": {
        "name": "28/09/2026 18:59:28",
        "COORD": "-0,9543,39,1371",
        "DATE": "2026-09-28",
        "TIME": "18:59",
        "MXI": "-6,53 kA.",
        "STR": "0",
        "SMA": "0,325 Km.",
        "SMI": "0,20799999 Km.",
        "CHI": "0,3",
        "metvlc_time_utc": "2026-09-28T16:59:00+00:00",
        "metvlc_time_source": "date+time",
        "metvlc_has_real_time": true,
        "metvlc_captura_utc": "2026-09-28T20:33:42+00:00",
        "metvlc_last_seen_utc": "2026-09-28T20:33:42+00:00",
        "metvlc_fuente": "SIGIF/GVA Rayos 24h KMZ"
      },
      "geometry": {
        "type": "Point",
        "coordinates": [
          -0.9543,
          39.1371
        ]
      }
    },
    {
      "type": "Feature",
      "properties": {
        "name": "28/09/2026 18:59:38",
        "COORD": "-1,1138,39,4669",
        "DATE": "2026-09-28",
        "TIME": "18:59",
        "MXI": "-24,69 kA.",
        "STR": "0",
        "SMA": "0,178 Km.",
        "SMI": "0,12699999 Km.",
        "CHI": "0,8",
        "metvlc_time_utc": "2026-09-28T16:59:00+00:00",
        "metvlc_time_source": "date+time",
        "metvlc_has_real_time": true,
        "metvlc_captura_utc": "2026-09-28T20:33:42+00:00",
        "metvlc_last_seen_utc": "2026-09-28T20:33:42+00:00",
        "metvlc_fuente": "SIGIF/GVA Rayos 24h KMZ"
      },
      "geometry": {
        "type": "Point",
        "coordinates": [
          -1.1138,
          39.4669
        ]
      }
    },
    {
      "type": "Feature",
      "properties": {
        "name": "28/09/2026 18:59:38",
        "COORD": "-1,1142,39,4667",
        "DATE": "2026-09-28",
        "TIME": "18:59",
        "MXI": "-10,28 kA.",
        "STR": "0",
        "SMA": "0,196 Km.",
        "SMI": "0,13799998 Km.",
        "CHI": "0,5",
        "metvlc_time_utc": "2026-09-28T16:59:00+00:00",
        "metvlc_time_source": "date+time",
        "metvlc_has_real_time": true,
        "metvlc_captura_utc": "2026-09-28T20:33:42+00:00",
        "metvlc_last_seen_utc": "2026-09-28T20:33:42+00:00",
        "metvlc_fuente": "SIGIF/GVA Rayos 24h KMZ"
      },
      "geometry": {
        "type": "Point",
        "coordinates": [
          -1.1142,
          39.4667
        ]
      }
    },
    {
      "type": "Feature",
      "properties": {
        "name": "28/09/2026 18:59:38",
        "COORD": "-1,1138,39,4665",
        "DATE": "2026-09-28",
        "TIME": "18:59",
        "MXI": "-19,24 kA.",
        "STR": "0",
        "SMA": "0,166 Km.",
        "SMI": "0,125 Km.",
        "CHI": "0,9",
        "metvlc_time_utc": "2026-09-28T16:59:00+00:00",
        "metvlc_time_source": "date+time",
        "metvlc_has_real_time": true,
        "metvlc_captura_utc": "2026-09-28T20:33:42+00:00",
        "metvlc_last_seen_utc": "2026-09-28T20:33:42+00:00",
        "metvlc_fuente": "SIGIF/GVA Rayos 24h KMZ"
      },
      "geometry": {
        "type": "Point",
        "coordinates": [
          -1.1138,
          39.4665
        ]
      }
    },
    {
      "type": "Feature",
      "properties": {
        "name": "28/09/2026 18:59:38",
        "COORD": "-1,1143,39,4667",
        "DATE": "2026-09-28",
        "TIME": "18:59",
        "MXI": "-42,7 kA.",
        "STR": "0",
        "SMA": "0,163 Km.",
        "SMI": "0,125 Km.",
        "CHI": "1,1",
        "metvlc_time_utc": "2026-09-28T16:59:00+00:00",
        "metvlc_time_source": "date+time",
        "metvlc_has_real_time": true,
        "metvlc_captura_utc": "2026-09-28T20:33:42+00:00",
        "metvlc_last_seen_utc": "2026-09-28T20:33:42+00:00",
        "metvlc_fuente": "SIGIF/GVA Rayos 24h KMZ"
      },
      "geometry": {
        "type": "Point",
        "coordinates": [
          -1.1143,
          39.4667
        ]
      }
    },
    {
      "type": "Feature",
      "properties": {
        "name": "28/09/2026 18:59:38",
        "COORD": "-1,1141,39,4662",
        "DATE": "2026-09-28",
        "TIME": "18:59",
        "MXI": "-28,87 kA.",
        "STR": "0",
        "SMA": "0,163 Km.",
        "SMI": "0,12400002 Km.",
        "CHI": "0,4",
        "metvlc_time_utc": "2026-09-28T16:59:00+00:00",
        "metvlc_time_source": "date+time",
        "metvlc_has_real_time": true,
        "metvlc_captura_utc": "2026-09-28T20:33:42+00:00",
        "metvlc_last_seen_utc": "2026-09-28T20:33:42+00:00",
        "metvlc_fuente": "SIGIF/GVA Rayos 24h KMZ"
      },
      "geometry": {
        "type": "Point",
        "coordinates": [
          -1.1141,
          39.4662
        ]
      }
    },
    {
      "type": "Feature",
      "properties": {
        "name": "28/09/2026 18:59:38",
        "COORD": "-1,1144,39,4672",
        "DATE": "2026-09-28",
        "TIME": "18:59",
        "MXI": "-8,84 kA.",
        "STR": "0",
        "SMA": "0,204 Km.",
        "SMI": "0,147 Km.",
        "CHI": "0,7",
        "metvlc_time_utc": "2026-09-28T16:59:00+00:00",
        "metvlc_time_source": "date+time",
        "metvlc_has_real_time": true,
        "metvlc_captura_utc": "2026-09-28T20:33:42+00:00",
        "metvlc_last_seen_utc": "2026-09-28T20:33:42+00:00",
        "metvlc_fuente": "SIGIF/GVA Rayos 24h KMZ"
      },
      "geometry": {
        "type": "Point",
        "coordinates": [
          -1.1144,
          39.4672
        ]
      }
    },
    {
      "type": "Feature",
      "properties": {
        "name": "28/09/2026 18:59:38",
        "COORD": "-1,1144,39,4671",
        "DATE": "2026-09-28",
        "TIME": "18:59",
        "MXI": "-9,81 kA.",
        "STR": "0",
        "SMA": "0,187 Km.",
        "SMI": "0,13899997 Km.",
        "CHI": "0,6",
        "metvlc_time_utc": "2026-09-28T16:59:00+00:00",
        "metvlc_time_source": "date+time",
        "metvlc_has_real_time": true,
        "metvlc_captura_utc": "2026-09-28T20:33:42+00:00",
        "metvlc_last_seen_utc": "2026-09-28T20:33:42+00:00",
        "metvlc_fuente": "SIGIF/GVA Rayos 24h KMZ"
      },
      "geometry": {
        "type": "Point",
        "coordinates": [
          -1.1144,
          39.4671
        ]
      }
    },
    {
      "type": "Feature",
      "properties": {
        "name": "28/09/2026 18:59:38",
        "COORD": "-1,114,39,4665",
        "DATE": "2026-09-28",
        "TIME": "18:59",
        "MXI": "-8,9 kA.",
        "STR": "0",
        "SMA": "0,203 Km.",
        "SMI": "0,15699995 Km.",
        "CHI": "0,6",
        "metvlc_time_utc": "2026-09-28T16:59:00+00:00",
        "metvlc_time_source": "date+time",
        "metvlc_has_real_time": true,
        "metvlc_captura_utc": "2026-09-28T20:33:42+00:00",
        "metvlc_last_seen_utc": "2026-09-28T20:33:42+00:00",
        "metvlc_fuente": "SIGIF/GVA Rayos 24h KMZ"
      },
      "geometry": {
        "type": "Point",
        "coordinates": [
          -1.114,
          39.4665
        ]
      }
    },
    {
      "type": "Feature",
      "properties": {
        "name": "28/09/2026 18:59:54",
        "COORD": "-1,0758,39,4593",
        "DATE": "2026-09-28",
        "TIME": "18:59",
        "MXI": "-28,64 kA.",
        "STR": "0",
        "SMA": "0,164 Km.",
        "SMI": "0,12300003 Km.",
        "CHI": "0,5",
        "metvlc_time_utc": "2026-09-28T16:59:00+00:00",
        "metvlc_time_source": "date+time",
        "metvlc_has_real_time": true,
        "metvlc_captura_utc": "2026-09-28T20:33:42+00:00",
        "metvlc_last_seen_utc": "2026-09-28T20:33:42+00:00",
        "metvlc_fuente": "SIGIF/GVA Rayos 24h KMZ"
      },
      "geometry": {
        "type": "Point",
        "coordinates": [
          -1.0758,
          39.4593
        ]
      }
    },
    {
      "type": "Feature",
      "properties": {
        "name": "28/09/2026 18:59:54",
        "COORD": "-1,0762,39,4594",
        "DATE": "2026-09-28",
        "TIME": "18:59",
        "MXI": "-28,11 kA.",
        "STR": "0",
        "SMA": "0,163 Km.",
        "SMI": "0,125 Km.",
        "CHI": "0,5",
        "metvlc_time_utc": "2026-09-28T16:59:00+00:00",
        "metvlc_time_source": "date+time",
        "metvlc_has_real_time": true,
        "metvlc_captura_utc": "2026-09-28T20:33:42+00:00",
        "metvlc_last_seen_utc": "2026-09-28T20:33:42+00:00",
        "metvlc_fuente": "SIGIF/GVA Rayos 24h KMZ"
      },
      "geometry": {
        "type": "Point",
        "coordinates": [
          -1.0762,
          39.4594
        ]
      }
    },
    {
      "type": "Feature",
      "properties": {
        "name": "28/09/2026 18:59:54",
        "COORD": "-1,1244,39,498",
        "DATE": "2026-09-28",
        "TIME": "18:59",
        "MXI": "-7,63 kA.",
        "STR": "0",
        "SMA": "0,2 Km.",
        "SMI": "0,18399993 Km.",
        "CHI": "1",
        "metvlc_time_utc": "2026-09-28T16:59:00+00:00",
        "metvlc_time_source": "date+time",
        "metvlc_has_real_time": true,
        "metvlc_captura_utc": "2026-09-28T20:33:42+00:00",
        "metvlc_last_seen_utc": "2026-09-28T20:33:42+00:00",
        "metvlc_fuente": "SIGIF/GVA Rayos 24h KMZ"
      },
      "geometry": {
        "type": "Point",
        "coordinates": [
          -1.1244,
          39.498
        ]
      }
    },
    {
      "type": "Feature",
      "properties": {
        "name": "28/09/2026 19:00:07",
        "COORD": "-1,1192,39,4605",
        "DATE": "2026-09-28",
        "TIME": "19:00",
        "MXI": "-17,82 kA.",
        "STR": "0",
        "SMA": "0,175 Km.",
        "SMI": "0,123000026 Km.",
        "CHI": "0,8",
        "metvlc_time_utc": "2026-09-28T17:00:00+00:00",
        "metvlc_time_source": "date+time",
        "metvlc_has_real_time": true,
        "metvlc_captura_utc": "2026-09-28T20:33:42+00:00",
        "metvlc_last_seen_utc": "2026-09-28T20:33:42+00:00",
        "metvlc_fuente": "SIGIF/GVA Rayos 24h KMZ"
      },
      "geometry": {
        "type": "Point",
        "coordinates": [
          -1.1192,
          39.4605
        ]
      }
    },
    {
      "type": "Feature",
      "properties": {
        "name": "28/09/2026 19:00:07",
        "COORD": "-1,1191,39,4597",
        "DATE": "2026-09-28",
        "TIME": "19:00",
        "MXI": "-25,03 kA.",
        "STR": "0",
        "SMA": "0,187 Km.",
        "SMI": "0,12099997 Km.",
        "CHI": "0,6",
        "metvlc_time_utc": "2026-09-28T17:00:00+00:00",
        "metvlc_time_source": "date+time",
        "metvlc_has_real_time": true,
        "metvlc_captura_utc": "2026-09-28T20:33:42+00:00",
        "metvlc_last_seen_utc": "2026-09-28T20:33:42+00:00",
        "metvlc_fuente": "SIGIF/GVA Rayos 24h KMZ"
      },
      "geometry": {
        "type": "Point",
        "coordinates": [
          -1.1191,
          39.4597
        ]
      }
    },
    {
      "type": "Feature",
      "properties": {
        "name": "28/09/2026 19:00:07",
        "COORD": "-1,1194,39,4601",
        "DATE": "2026-09-28",
        "TIME": "19:00",
        "MXI": "-18,51 kA.",
        "STR": "0",
        "SMA": "0,198 Km.",
        "SMI": "0,12199999 Km.",
        "CHI": "0,3",
        "metvlc_time_utc": "2026-09-28T17:00:00+00:00",
        "metvlc_time_source": "date+time",
        "metvlc_has_real_time": true,
        "metvlc_captura_utc": "2026-09-28T20:33:42+00:00",
        "metvlc_last_seen_utc": "2026-09-28T20:33:42+00:00",
        "metvlc_fuente": "SIGIF/GVA Rayos 24h KMZ"
      },
      "geometry": {
        "type": "Point",
        "coordinates": [
          -1.1194,
          39.4601
        ]
      }
    },
    {
      "type": "Feature",
      "properties": {
        "name": "28/09/2026 19:00:08",
        "COORD": "-0,9716,39,1315",
        "DATE": "2026-09-28",
        "TIME": "19:00",
        "MXI": "-25,04 kA.",
        "STR": "0",
        "SMA": "0,176 Km.",
        "SMI": "0,123000026 Km.",
        "CHI": "0,6",
        "metvlc_time_utc": "2026-09-28T17:00:00+00:00",
        "metvlc_time_source": "date+time",
        "metvlc_has_real_time": true,
        "metvlc_captura_utc": "2026-09-28T20:33:42+00:00",
        "metvlc_last_seen_utc": "2026-09-28T20:33:42+00:00",
        "metvlc_fuente": "SIGIF/GVA Rayos 24h KMZ"
      },
      "geometry": {
        "type": "Point",
        "coordinates": [
          -0.9716,
          39.1315
        ]
      }
    },
    {
      "type": "Feature",
      "properties": {
        "name": "28/09/2026 19:00:25",
        "COORD": "-1,1009,39,457",
        "DATE": "2026-09-28",
        "TIME": "19:00",
        "MXI": "-23,47 kA.",
        "STR": "0",
        "SMA": "0,163 Km.",
        "SMI": "0,12400002 Km.",
        "CHI": "0,6",
        "metvlc_time_utc": "2026-09-28T17:00:00+00:00",
        "metvlc_time_source": "date+time",
        "metvlc_has_real_time": true,
        "metvlc_captura_utc": "2026-09-28T20:33:42+00:00",
        "metvlc_last_seen_utc": "2026-09-28T20:33:42+00:00",
        "metvlc_fuente": "SIGIF/GVA Rayos 24h KMZ"
      },
      "geometry": {
        "type": "Point",
        "coordinates": [
          -1.1009,
          39.457
        ]
      }
    },
    {
      "type": "Feature",
      "properties": {
        "name": "28/09/2026 19:00:25",
        "COORD": "-1,1012,39,4567",
        "DATE": "2026-09-28",
        "TIME": "19:00",
        "MXI": "-16,21 kA.",
        "STR": "0",
        "SMA": "0,172 Km.",
        "SMI": "0,12699997 Km.",
        "CHI": "0,4",
        "metvlc_time_utc": "2026-09-28T17:00:00+00:00",
        "metvlc_time_source": "date+time",
        "metvlc_has_real_time": true,
        "metvlc_captura_utc": "2026-09-28T20:33:42+00:00",
        "metvlc_last_seen_utc": "2026-09-28T20:33:42+00:00",
        "metvlc_fuente": "SIGIF/GVA Rayos 24h KMZ"
      },
      "geometry": {
        "type": "Point",
        "coordinates": [
          -1.1012,
          39.4567
        ]
      }
    },
    {
      "type": "Feature",
      "properties": {
        "name": "28/09/2026 19:00:25",
        "COORD": "-1,1008,39,4566",
        "DATE": "2026-09-28",
        "TIME": "19:00",
        "MXI": "-24,55 kA.",
        "STR": "0",
        "SMA": "0,165 Km.",
        "SMI": "0,12400002 Km.",
        "CHI": "0,5",
        "metvlc_time_utc": "2026-09-28T17:00:00+00:00",
        "metvlc_time_source": "date+time",
        "metvlc_has_real_time": true,
        "metvlc_captura_utc": "2026-09-28T20:33:42+00:00",
        "metvlc_last_seen_utc": "2026-09-28T20:33:42+00:00",
        "metvlc_fuente": "SIGIF/GVA Rayos 24h KMZ"
      },
      "geometry": {
        "type": "Point",
        "coordinates": [
          -1.1008,
          39.4566
        ]
      }
    },
    {
      "type": "Feature",
      "properties": {
        "name": "28/09/2026 19:00:25",
        "COORD": "-1,1014,39,4573",
        "DATE": "2026-09-28",
        "TIME": "19:00",
        "MXI": "-13,76 kA.",
        "STR": "0",
        "SMA": "0,168 Km.",
        "SMI": "0,12600003 Km.",
        "CHI": "0,3",
        "metvlc_time_utc": "2026-09-28T17:00:00+00:00",
        "metvlc_time_source": "date+time",
        "metvlc_has_real_time": true,
        "metvlc_captura_utc": "2026-09-28T20:33:42+00:00",
        "metvlc_last_seen_utc": "2026-09-28T20:33:42+00:00",
        "metvlc_fuente": "SIGIF/GVA Rayos 24h KMZ"
      },
      "geometry": {
        "type": "Point",
        "coordinates": [
          -1.1014,
          39.4573
        ]
      }
    },
    {
      "type": "Feature",
      "properties": {
        "name": "28/09/2026 19:00:38",
        "COORD": "-1,0755,39,4537",
        "DATE": "2026-09-28",
        "TIME": "19:00",
        "MXI": "-32,93 kA.",
        "STR": "0",
        "SMA": "0,164 Km.",
        "SMI": "0,12399997 Km.",
        "CHI": "1,4",
        "metvlc_time_utc": "2026-09-28T17:00:00+00:00",
        "metvlc_time_source": "date+time",
        "metvlc_has_real_time": true,
        "metvlc_captura_utc": "2026-09-28T20:33:42+00:00",
        "metvlc_last_seen_utc": "2026-09-28T20:33:42+00:00",
        "metvlc_fuente": "SIGIF/GVA Rayos 24h KMZ"
      },
      "geometry": {
        "type": "Point",
        "coordinates": [
          -1.0755,
          39.4537
        ]
      }
    },
    {
      "type": "Feature",
      "properties": {
        "name": "28/09/2026 19:00:55",
        "COORD": "-1,1028,39,4881",
        "DATE": "2026-09-28",
        "TIME": "19:00",
        "MXI": "-23,34 kA.",
        "STR": "0",
        "SMA": "0,164 Km.",
        "SMI": "0,12699996 Km.",
        "CHI": "1,1",
        "metvlc_time_utc": "2026-09-28T17:00:00+00:00",
        "metvlc_time_source": "date+time",
        "metvlc_has_real_time": true,
        "metvlc_captura_utc": "2026-09-28T20:33:42+00:00",
        "metvlc_last_seen_utc": "2026-09-28T20:33:42+00:00",
        "metvlc_fuente": "SIGIF/GVA Rayos 24h KMZ"
      },
      "geometry": {
        "type": "Point",
        "coordinates": [
          -1.1028,
          39.4881
        ]
      }
    },
    {
      "type": "Feature",
      "properties": {
        "name": "28/09/2026 19:00:56",
        "COORD": "-1,1024,39,4873",
        "DATE": "2026-09-28",
        "TIME": "19:00",
        "MXI": "-21,69 kA.",
        "STR": "0",
        "SMA": "0,164 Km.",
        "SMI": "0,12399997 Km.",
        "CHI": "0,3",
        "metvlc_time_utc": "2026-09-28T17:00:00+00:00",
        "metvlc_time_source": "date+time",
        "metvlc_has_real_time": true,
        "metvlc_captura_utc": "2026-09-28T20:33:42+00:00",
        "metvlc_last_seen_utc": "2026-09-28T20:33:42+00:00",
        "metvlc_fuente": "SIGIF/GVA Rayos 24h KMZ"
      },
      "geometry": {
        "type": "Point",
        "coordinates": [
          -1.1024,
          39.4873
        ]
      }
    },
    {
      "type": "Feature",
      "properties": {
        "name": "28/09/2026 19:00:56",
        "COORD": "-1,1023,39,4876",
        "DATE": "2026-09-28",
        "TIME": "19:00",
        "MXI": "-15,7 kA.",
        "STR": "0",
        "SMA": "0,167 Km.",
        "SMI": "0,12400001 Km.",
        "CHI": "0,3",
        "metvlc_time_utc": "2026-09-28T17:00:00+00:00",
        "metvlc_time_source": "date+time",
        "metvlc_has_real_time": true,
        "metvlc_captura_utc": "2026-09-28T20:33:42+00:00",
        "metvlc_last_seen_utc": "2026-09-28T20:33:42+00:00",
        "metvlc_fuente": "SIGIF/GVA Rayos 24h KMZ"
      },
      "geometry": {
        "type": "Point",
        "coordinates": [
          -1.1023,
          39.4876
        ]
      }
    },
    {
      "type": "Feature",
      "properties": {
        "name": "28/09/2026 19:00:56",
        "COORD": "-1,1026,39,4875",
        "DATE": "2026-09-28",
        "TIME": "19:00",
        "MXI": "-24,51 kA.",
        "STR": "0",
        "SMA": "0,165 Km.",
        "SMI": "0,12300005 Km.",
        "CHI": "0,5",
        "metvlc_time_utc": "2026-09-28T17:00:00+00:00",
        "metvlc_time_source": "date+time",
        "metvlc_has_real_time": true,
        "metvlc_captura_utc": "2026-09-28T20:33:42+00:00",
        "metvlc_last_seen_utc": "2026-09-28T20:33:42+00:00",
        "metvlc_fuente": "SIGIF/GVA Rayos 24h KMZ"
      },
      "geometry": {
        "type": "Point",
        "coordinates": [
          -1.1026,
          39.4875
        ]
      }
    },
    {
      "type": "Feature",
      "properties": {
        "name": "28/09/2026 19:00:56",
        "COORD": "-1,1025,39,4879",
        "DATE": "2026-09-28",
        "TIME": "19:00",
        "MXI": "-28,61 kA.",
        "STR": "0",
        "SMA": "0,162 Km.",
        "SMI": "0,12699996 Km.",
        "CHI": "0,8",
        "metvlc_time_utc": "2026-09-28T17:00:00+00:00",
        "metvlc_time_source": "date+time",
        "metvlc_has_real_time": true,
        "metvlc_captura_utc": "2026-09-28T20:33:42+00:00",
        "metvlc_last_seen_utc": "2026-09-28T20:33:42+00:00",
        "metvlc_fuente": "SIGIF/GVA Rayos 24h KMZ"
      },
      "geometry": {
        "type": "Point",
        "coordinates": [
          -1.1025,
          39.4879
        ]
      }
    },
    {
      "type": "Feature",
      "properties": {
        "name": "28/09/2026 19:01:05",
        "COORD": "-1,1277,39,4817",
        "DATE": "2026-09-28",
        "TIME": "19:01",
        "MXI": "-14,88 kA.",
        "STR": "0",
        "SMA": "0,161 Km.",
        "SMI": "0,124000005 Km.",
        "CHI": "0,7",
        "metvlc_time_utc": "2026-09-28T17:01:00+00:00",
        "metvlc_time_source": "date+time",
        "metvlc_has_real_time": true,
        "metvlc_captura_utc": "2026-09-28T20:33:42+00:00",
        "metvlc_last_seen_utc": "2026-09-28T20:33:42+00:00",
        "metvlc_fuente": "SIGIF/GVA Rayos 24h KMZ"
      },
      "geometry": {
        "type": "Point",
        "coordinates": [
          -1.1277,
          39.4817
        ]
      }
    },
    {
      "type": "Feature",
      "properties": {
        "name": "28/09/2026 19:01:05",
        "COORD": "-1,08,39,5061",
        "DATE": "2026-09-28",
        "TIME": "19:01",
        "MXI": "-6,33 kA.",
        "STR": "0",
        "SMA": "0,236 Km.",
        "SMI": "0,17700005 Km.",
        "CHI": "0,9",
        "metvlc_time_utc": "2026-09-28T17:01:00+00:00",
        "metvlc_time_source": "date+time",
        "metvlc_has_real_time": true,
        "metvlc_captura_utc": "2026-09-28T20:33:42+00:00",
        "metvlc_last_seen_utc": "2026-09-28T20:33:42+00:00",
        "metvlc_fuente": "SIGIF/GVA Rayos 24h KMZ"
      },
      "geometry": {
        "type": "Point",
        "coordinates": [
          -1.08,
          39.5061
        ]
      }
    },
    {
      "type": "Feature",
      "properties": {
        "name": "28/09/2026 19:01:14",
        "COORD": "-1,0905,39,4683",
        "DATE": "2026-09-28",
        "TIME": "19:01",
        "MXI": "-25,3 kA.",
        "STR": "0",
        "SMA": "0,159 Km.",
        "SMI": "0,124 Km.",
        "CHI": "1,2",
        "metvlc_time_utc": "2026-09-28T17:01:00+00:00",
        "metvlc_time_source": "date+time",
        "metvlc_has_real_time": true,
        "metvlc_captura_utc": "2026-09-28T20:33:42+00:00",
        "metvlc_last_seen_utc": "2026-09-28T20:33:42+00:00",
        "metvlc_fuente": "SIGIF/GVA Rayos 24h KMZ"
      },
      "geometry": {
        "type": "Point",
        "coordinates": [
          -1.0905,
          39.4683
        ]
      }
    },
    {
      "type": "Feature",
      "properties": {
        "name": "28/09/2026 19:01:15",
        "COORD": "-1,0906,39,4682",
        "DATE": "2026-09-28",
        "TIME": "19:01",
        "MXI": "-14,59 kA.",
        "STR": "0",
        "SMA": "0,165 Km.",
        "SMI": "0,12400002 Km.",
        "CHI": "0,8",
        "metvlc_time_utc": "2026-09-28T17:01:00+00:00",
        "metvlc_time_source": "date+time",
        "metvlc_has_real_time": true,
        "metvlc_captura_utc": "2026-09-28T20:33:42+00:00",
        "metvlc_last_seen_utc": "2026-09-28T20:33:42+00:00",
        "metvlc_fuente": "SIGIF/GVA Rayos 24h KMZ"
      },
      "geometry": {
        "type": "Point",
        "coordinates": [
          -1.0906,
          39.4682
        ]
      }
    },
    {
      "type": "Feature",
      "properties": {
        "name": "28/09/2026 19:01:15",
        "COORD": "-1,0901,39,4684",
        "DATE": "2026-09-28",
        "TIME": "19:01",
        "MXI": "-15,29 kA.",
        "STR": "0",
        "SMA": "0,164 Km.",
        "SMI": "0,12399997 Km.",
        "CHI": "0,7",
        "metvlc_time_utc": "2026-09-28T17:01:00+00:00",
        "metvlc_time_source": "date+time",
        "metvlc_has_real_time": true,
        "metvlc_captura_utc": "2026-09-28T20:33:42+00:00",
        "metvlc_last_seen_utc": "2026-09-28T20:33:42+00:00",
        "metvlc_fuente": "SIGIF/GVA Rayos 24h KMZ"
      },
      "geometry": {
        "type": "Point",
        "coordinates": [
          -1.0901,
          39.4684
        ]
      }
    },
    {
      "type": "Feature",
      "properties": {
        "name": "28/09/2026 19:01:15",
        "COORD": "-1,0912,39,4684",
        "DATE": "2026-09-28",
        "TIME": "19:01",
        "MXI": "-7,61 kA.",
        "STR": "0",
        "SMA": "0,28 Km.",
        "SMI": "0,18500006 Km.",
        "CHI": "0",
        "metvlc_time_utc": "2026-09-28T17:01:00+00:00",
        "metvlc_time_source": "date+time",
        "metvlc_has_real_time": true,
        "metvlc_captura_utc": "2026-09-28T20:33:42+00:00",
        "metvlc_last_seen_utc": "2026-09-28T20:33:42+00:00",
        "metvlc_fuente": "SIGIF/GVA Rayos 24h KMZ"
      },
      "geometry": {
        "type": "Point",
        "coordinates": [
          -1.0912,
          39.4684
        ]
      }
    },
    {
      "type": "Feature",
      "properties": {
        "name": "28/09/2026 19:01:27",
        "COORD": "-0,9005,39,1405",
        "DATE": "2026-09-28",
        "TIME": "19:01",
        "MXI": "-8,71 kA.",
        "STR": "0",
        "SMA": "0,299 Km.",
        "SMI": "0,2 Km.",
        "CHI": "0,3",
        "metvlc_time_utc": "2026-09-28T17:01:00+00:00",
        "metvlc_time_source": "date+time",
        "metvlc_has_real_time": true,
        "metvlc_captura_utc": "2026-09-28T20:33:42+00:00",
        "metvlc_last_seen_utc": "2026-09-28T20:33:42+00:00",
        "metvlc_fuente": "SIGIF/GVA Rayos 24h KMZ"
      },
      "geometry": {
        "type": "Point",
        "coordinates": [
          -0.9005,
          39.1405
        ]
      }
    },
    {
      "type": "Feature",
      "properties": {
        "name": "28/09/2026 19:01:32",
        "COORD": "-1,1656,39,4819",
        "DATE": "2026-09-28",
        "TIME": "19:01",
        "MXI": "-6,55 kA.",
        "STR": "0",
        "SMA": "0,235 Km.",
        "SMI": "0,20899998 Km.",
        "CHI": "0,7",
        "metvlc_time_utc": "2026-09-28T17:01:00+00:00",
        "metvlc_time_source": "date+time",
        "metvlc_has_real_time": true,
        "metvlc_captura_utc": "2026-09-28T20:33:42+00:00",
        "metvlc_last_seen_utc": "2026-09-28T20:33:42+00:00",
        "metvlc_fuente": "SIGIF/GVA Rayos 24h KMZ"
      },
      "geometry": {
        "type": "Point",
        "coordinates": [
          -1.1656,
          39.4819
        ]
      }
    },
    {
      "type": "Feature",
      "properties": {
        "name": "28/09/2026 19:01:46",
        "COORD": "-1,0866,39,4571",
        "DATE": "2026-09-28",
        "TIME": "19:01",
        "MXI": "-29,92 kA.",
        "STR": "0",
        "SMA": "0,178 Km.",
        "SMI": "0,12600003 Km.",
        "CHI": "0,9",
        "metvlc_time_utc": "2026-09-28T17:01:00+00:00",
        "metvlc_time_source": "date+time",
        "metvlc_has_real_time": true,
        "metvlc_captura_utc": "2026-09-28T20:33:42+00:00",
        "metvlc_last_seen_utc": "2026-09-28T20:33:42+00:00",
        "metvlc_fuente": "SIGIF/GVA Rayos 24h KMZ"
      },
      "geometry": {
        "type": "Point",
        "coordinates": [
          -1.0866,
          39.4571
        ]
      }
    },
    {
      "type": "Feature",
      "properties": {
        "name": "28/09/2026 19:01:46",
        "COORD": "-1,0863,39,4568",
        "DATE": "2026-09-28",
        "TIME": "19:01",
        "MXI": "-16,05 kA.",
        "STR": "0",
        "SMA": "0,163 Km.",
        "SMI": "0,12400002 Km.",
        "CHI": "0,5",
        "metvlc_time_utc": "2026-09-28T17:01:00+00:00",
        "metvlc_time_source": "date+time",
        "metvlc_has_real_time": true,
        "metvlc_captura_utc": "2026-09-28T20:33:42+00:00",
        "metvlc_last_seen_utc": "2026-09-28T20:33:42+00:00",
        "metvlc_fuente": "SIGIF/GVA Rayos 24h KMZ"
      },
      "geometry": {
        "type": "Point",
        "coordinates": [
          -1.0863,
          39.4568
        ]
      }
    },
    {
      "type": "Feature",
      "properties": {
        "name": "28/09/2026 19:01:58",
        "COORD": "-1,1049,39,4911",
        "DATE": "2026-09-28",
        "TIME": "19:01",
        "MXI": "-31,76 kA.",
        "STR": "0",
        "SMA": "0,162 Km.",
        "SMI": "0,12399996 Km.",
        "CHI": "1",
        "metvlc_time_utc": "2026-09-28T17:01:00+00:00",
        "metvlc_time_source": "date+time",
        "metvlc_has_real_time": true,
        "metvlc_captura_utc": "2026-09-28T20:33:42+00:00",
        "metvlc_last_seen_utc": "2026-09-28T20:33:42+00:00",
        "metvlc_fuente": "SIGIF/GVA Rayos 24h KMZ"
      },
      "geometry": {
        "type": "Point",
        "coordinates": [
          -1.1049,
          39.4911
        ]
      }
    },
    {
      "type": "Feature",
      "properties": {
        "name": "28/09/2026 19:01:58",
        "COORD": "-1,1049,39,4904",
        "DATE": "2026-09-28",
        "TIME": "19:01",
        "MXI": "-14,16 kA.",
        "STR": "0",
        "SMA": "0,189 Km.",
        "SMI": "0,13100001 Km.",
        "CHI": "0,6",
        "metvlc_time_utc": "2026-09-28T17:01:00+00:00",
        "metvlc_time_source": "date+time",
        "metvlc_has_real_time": true,
        "metvlc_captura_utc": "2026-09-28T20:33:42+00:00",
        "metvlc_last_seen_utc": "2026-09-28T20:33:42+00:00",
        "metvlc_fuente": "SIGIF/GVA Rayos 24h KMZ"
      },
      "geometry": {
        "type": "Point",
        "coordinates": [
          -1.1049,
          39.4904
        ]
      }
    },
    {
      "type": "Feature",
      "properties": {
        "name": "28/09/2026 19:01:58",
        "COORD": "-1,105,39,4912",
        "DATE": "2026-09-28",
        "TIME": "19:01",
        "MXI": "-26,12 kA.",
        "STR": "0",
        "SMA": "0,162 Km.",
        "SMI": "0,12399996 Km.",
        "CHI": "0,8",
        "metvlc_time_utc": "2026-09-28T17:01:00+00:00",
        "metvlc_time_source": "date+time",
        "metvlc_has_real_time": true,
        "metvlc_captura_utc": "2026-09-28T20:33:42+00:00",
        "metvlc_last_seen_utc": "2026-09-28T20:33:42+00:00",
        "metvlc_fuente": "SIGIF/GVA Rayos 24h KMZ"
      },
      "geometry": {
        "type": "Point",
        "coordinates": [
          -1.105,
          39.4912
        ]
      }
    },
    {
      "type": "Feature",
      "properties": {
        "name": "28/09/2026 19:01:58",
        "COORD": "-1,1046,39,4902",
        "DATE": "2026-09-28",
        "TIME": "19:01",
        "MXI": "-23,27 kA.",
        "STR": "0",
        "SMA": "0,174 Km.",
        "SMI": "0,12999995 Km.",
        "CHI": "0,6",
        "metvlc_time_utc": "2026-09-28T17:01:00+00:00",
        "metvlc_time_source": "date+time",
        "metvlc_has_real_time": true,
        "metvlc_captura_utc": "2026-09-28T20:33:42+00:00",
        "metvlc_last_seen_utc": "2026-09-28T20:33:42+00:00",
        "metvlc_fuente": "SIGIF/GVA Rayos 24h KMZ"
      },
      "geometry": {
        "type": "Point",
        "coordinates": [
          -1.1046,
          39.4902
        ]
      }
    },
    {
      "type": "Feature",
      "properties": {
        "name": "28/09/2026 19:01:58",
        "COORD": "-1,1046,39,4906",
        "DATE": "2026-09-28",
        "TIME": "19:01",
        "MXI": "-51,07 kA.",
        "STR": "0",
        "SMA": "0,2 Km.",
        "SMI": "0,12400002 Km.",
        "CHI": "1,2",
        "metvlc_time_utc": "2026-09-28T17:01:00+00:00",
        "metvlc_time_source": "date+time",
        "metvlc_has_real_time": true,
        "metvlc_captura_utc": "2026-09-28T20:33:42+00:00",
        "metvlc_last_seen_utc": "2026-09-28T20:33:42+00:00",
        "metvlc_fuente": "SIGIF/GVA Rayos 24h KMZ"
      },
      "geometry": {
        "type": "Point",
        "coordinates": [
          -1.1046,
          39.4906
        ]
      }
    },
    {
      "type": "Feature",
      "properties": {
        "name": "28/09/2026 19:01:58",
        "COORD": "-1,1049,39,4906",
        "DATE": "2026-09-28",
        "TIME": "19:01",
        "MXI": "-30,1 kA.",
        "STR": "0",
        "SMA": "0,173 Km.",
        "SMI": "0,13000003 Km.",
        "CHI": "0,9",
        "metvlc_time_utc": "2026-09-28T17:01:00+00:00",
        "metvlc_time_source": "date+time",
        "metvlc_has_real_time": true,
        "metvlc_captura_utc": "2026-09-28T20:33:42+00:00",
        "metvlc_last_seen_utc": "2026-09-28T20:33:42+00:00",
        "metvlc_fuente": "SIGIF/GVA Rayos 24h KMZ"
      },
      "geometry": {
        "type": "Point",
        "coordinates": [
          -1.1049,
          39.4906
        ]
      }
    },
    {
      "type": "Feature",
      "properties": {
        "name": "28/09/2026 19:01:58",
        "COORD": "-1,1049,39,4909",
        "DATE": "2026-09-28",
        "TIME": "19:01",
        "MXI": "-23,69 kA.",
        "STR": "0",
        "SMA": "0,16 Km.",
        "SMI": "0,12399995 Km.",
        "CHI": "0,9",
        "metvlc_time_utc": "2026-09-28T17:01:00+00:00",
        "metvlc_time_source": "date+time",
        "metvlc_has_real_time": true,
        "metvlc_captura_utc": "2026-09-28T20:33:42+00:00",
        "metvlc_last_seen_utc": "2026-09-28T20:33:42+00:00",
        "metvlc_fuente": "SIGIF/GVA Rayos 24h KMZ"
      },
      "geometry": {
        "type": "Point",
        "coordinates": [
          -1.1049,
          39.4909
        ]
      }
    },
    {
      "type": "Feature",
      "properties": {
        "name": "28/09/2026 19:01:58",
        "COORD": "-1,1044,39,4902",
        "DATE": "2026-09-28",
        "TIME": "19:01",
        "MXI": "-48,04 kA.",
        "STR": "0",
        "SMA": "0,206 Km.",
        "SMI": "0,12700002 Km.",
        "CHI": "1,1",
        "metvlc_time_utc": "2026-09-28T17:01:00+00:00",
        "metvlc_time_source": "date+time",
        "metvlc_has_real_time": true,
        "metvlc_captura_utc": "2026-09-28T20:33:42+00:00",
        "metvlc_last_seen_utc": "2026-09-28T20:33:42+00:00",
        "metvlc_fuente": "SIGIF/GVA Rayos 24h KMZ"
      },
      "geometry": {
        "type": "Point",
        "coordinates": [
          -1.1044,
          39.4902
        ]
      }
    },
    {
      "type": "Feature",
      "properties": {
        "name": "28/09/2026 19:01:58",
        "COORD": "-1,1048,39,4911",
        "DATE": "2026-09-28",
        "TIME": "19:01",
        "MXI": "-12,52 kA.",
        "STR": "0",
        "SMA": "0,162 Km.",
        "SMI": "0,125 Km.",
        "CHI": "0,7",
        "metvlc_time_utc": "2026-09-28T17:01:00+00:00",
        "metvlc_time_source": "date+time",
        "metvlc_has_real_time": true,
        "metvlc_captura_utc": "2026-09-28T20:33:42+00:00",
        "metvlc_last_seen_utc": "2026-09-28T20:33:42+00:00",
        "metvlc_fuente": "SIGIF/GVA Rayos 24h KMZ"
      },
      "geometry": {
        "type": "Point",
        "coordinates": [
          -1.1048,
          39.4911
        ]
      }
    },
    {
      "type": "Feature",
      "properties": {
        "name": "28/09/2026 19:02:09",
        "COORD": "-1,123,39,5062",
        "DATE": "2026-09-28",
        "TIME": "19:02",
        "MXI": "-8,98 kA.",
        "STR": "0",
        "SMA": "0,174 Km.",
        "SMI": "0,14599997 Km.",
        "CHI": "0,6",
        "metvlc_time_utc": "2026-09-28T17:02:00+00:00",
        "metvlc_time_source": "date+time",
        "metvlc_has_real_time": true,
        "metvlc_captura_utc": "2026-09-28T20:33:42+00:00",
        "metvlc_last_seen_utc": "2026-09-28T20:33:42+00:00",
        "metvlc_fuente": "SIGIF/GVA Rayos 24h KMZ"
      },
      "geometry": {
        "type": "Point",
        "coordinates": [
          -1.123,
          39.5062
        ]
      }
    },
    {
      "type": "Feature",
      "properties": {
        "name": "28/09/2026 19:02:42",
        "COORD": "-1,0858,39,4999",
        "DATE": "2026-09-28",
        "TIME": "19:02",
        "MXI": "-12,96 kA.",
        "STR": "0",
        "SMA": "0,16 Km.",
        "SMI": "0,12700005 Km.",
        "CHI": "0,9",
        "metvlc_time_utc": "2026-09-28T17:02:00+00:00",
        "metvlc_time_source": "date+time",
        "metvlc_has_real_time": true,
        "metvlc_captura_utc": "2026-09-28T20:33:42+00:00",
        "metvlc_last_seen_utc": "2026-09-28T20:33:42+00:00",
        "metvlc_fuente": "SIGIF/GVA Rayos 24h KMZ"
      },
      "geometry": {
        "type": "Point",
        "coordinates": [
          -1.0858,
          39.4999
        ]
      }
    },
    {
      "type": "Feature",
      "properties": {
        "name": "28/09/2026 19:03:01",
        "COORD": "-1,0952,39,4615",
        "DATE": "2026-09-28",
        "TIME": "19:03",
        "MXI": "-38,26 kA.",
        "STR": "0",
        "SMA": "0,164 Km.",
        "SMI": "0,12399997 Km.",
        "CHI": "1,1",
        "metvlc_time_utc": "2026-09-28T17:03:00+00:00",
        "metvlc_time_source": "date+time",
        "metvlc_has_real_time": true,
        "metvlc_captura_utc": "2026-09-28T20:33:42+00:00",
        "metvlc_last_seen_utc": "2026-09-28T20:33:42+00:00",
        "metvlc_fuente": "SIGIF/GVA Rayos 24h KMZ"
      },
      "geometry": {
        "type": "Point",
        "coordinates": [
          -1.0952,
          39.4615
        ]
      }
    },
    {
      "type": "Feature",
      "properties": {
        "name": "28/09/2026 19:03:02",
        "COORD": "-1,0956,39,4617",
        "DATE": "2026-09-28",
        "TIME": "19:03",
        "MXI": "-5,74 kA.",
        "STR": "0",
        "SMA": "0,333 Km.",
        "SMI": "0,225 Km.",
        "CHI": "0,5",
        "metvlc_time_utc": "2026-09-28T17:03:00+00:00",
        "metvlc_time_source": "date+time",
        "metvlc_has_real_time": true,
        "metvlc_captura_utc": "2026-09-28T20:33:42+00:00",
        "metvlc_last_seen_utc": "2026-09-28T20:33:42+00:00",
        "metvlc_fuente": "SIGIF/GVA Rayos 24h KMZ"
      },
      "geometry": {
        "type": "Point",
        "coordinates": [
          -1.0956,
          39.4617
        ]
      }
    },
    {
      "type": "Feature",
      "properties": {
        "name": "28/09/2026 19:03:13",
        "COORD": "-1,1272,39,4821",
        "DATE": "2026-09-28",
        "TIME": "19:03",
        "MXI": "-18,22 kA.",
        "STR": "0",
        "SMA": "0,166 Km.",
        "SMI": "0,12300003 Km.",
        "CHI": "0,5",
        "metvlc_time_utc": "2026-09-28T17:03:00+00:00",
        "metvlc_time_source": "date+time",
        "metvlc_has_real_time": true,
        "metvlc_captura_utc": "2026-09-28T20:33:42+00:00",
        "metvlc_last_seen_utc": "2026-09-28T20:33:42+00:00",
        "metvlc_fuente": "SIGIF/GVA Rayos 24h KMZ"
      },
      "geometry": {
        "type": "Point",
        "coordinates": [
          -1.1272,
          39.4821
        ]
      }
    },
    {
      "type": "Feature",
      "properties": {
        "name": "28/09/2026 19:03:13",
        "COORD": "-1,1271,39,4844",
        "DATE": "2026-09-28",
        "TIME": "19:03",
        "MXI": "-5,37 kA.",
        "STR": "0",
        "SMA": "0,473 Km.",
        "SMI": "0,22800003 Km.",
        "CHI": "2",
        "metvlc_time_utc": "2026-09-28T17:03:00+00:00",
        "metvlc_time_source": "date+time",
        "metvlc_has_real_time": true,
        "metvlc_captura_utc": "2026-09-28T20:33:42+00:00",
        "metvlc_last_seen_utc": "2026-09-28T20:33:42+00:00",
        "metvlc_fuente": "SIGIF/GVA Rayos 24h KMZ"
      },
      "geometry": {
        "type": "Point",
        "coordinates": [
          -1.1271,
          39.4844
        ]
      }
    },
    {
      "type": "Feature",
      "properties": {
        "name": "28/09/2026 19:03:13",
        "COORD": "-1,1264,39,4824",
        "DATE": "2026-09-28",
        "TIME": "19:03",
        "MXI": "-22,27 kA.",
        "STR": "0",
        "SMA": "0,163 Km.",
        "SMI": "0,12599999 Km.",
        "CHI": "0,8",
        "metvlc_time_utc": "2026-09-28T17:03:00+00:00",
        "metvlc_time_source": "date+time",
        "metvlc_has_real_time": true,
        "metvlc_captura_utc": "2026-09-28T20:33:42+00:00",
        "metvlc_last_seen_utc": "2026-09-28T20:33:42+00:00",
        "metvlc_fuente": "SIGIF/GVA Rayos 24h KMZ"
      },
      "geometry": {
        "type": "Point",
        "coordinates": [
          -1.1264,
          39.4824
        ]
      }
    },
    {
      "type": "Feature",
      "properties": {
        "name": "28/09/2026 19:03:13",
        "COORD": "-1,1269,39,4827",
        "DATE": "2026-09-28",
        "TIME": "19:03",
        "MXI": "-8,42 kA.",
        "STR": "0",
        "SMA": "0,231 Km.",
        "SMI": "0,18000007 Km.",
        "CHI": "0,9",
        "metvlc_time_utc": "2026-09-28T17:03:00+00:00",
        "metvlc_time_source": "date+time",
        "metvlc_has_real_time": true,
        "metvlc_captura_utc": "2026-09-28T20:33:42+00:00",
        "metvlc_last_seen_utc": "2026-09-28T20:33:42+00:00",
        "metvlc_fuente": "SIGIF/GVA Rayos 24h KMZ"
      },
      "geometry": {
        "type": "Point",
        "coordinates": [
          -1.1269,
          39.4827
        ]
      }
    },
    {
      "type": "Feature",
      "properties": {
        "name": "28/09/2026 19:03:13",
        "COORD": "-1,1269,39,4825",
        "DATE": "2026-09-28",
        "TIME": "19:03",
        "MXI": "-17,13 kA.",
        "STR": "0",
        "SMA": "0,161 Km.",
        "SMI": "0,123 Km.",
        "CHI": "0,8",
        "metvlc_time_utc": "2026-09-28T17:03:00+00:00",
        "metvlc_time_source": "date+time",
        "metvlc_has_real_time": true,
        "metvlc_captura_utc": "2026-09-28T20:33:42+00:00",
        "metvlc_last_seen_utc": "2026-09-28T20:33:42+00:00",
        "metvlc_fuente": "SIGIF/GVA Rayos 24h KMZ"
      },
      "geometry": {
        "type": "Point",
        "coordinates": [
          -1.1269,
          39.4825
        ]
      }
    },
    {
      "type": "Feature",
      "properties": {
        "name": "28/09/2026 19:03:13",
        "COORD": "-1,127,39,4821",
        "DATE": "2026-09-28",
        "TIME": "19:03",
        "MXI": "-10,31 kA.",
        "STR": "0",
        "SMA": "0,165 Km.",
        "SMI": "0,12800005 Km.",
        "CHI": "0,8",
        "metvlc_time_utc": "2026-09-28T17:03:00+00:00",
        "metvlc_time_source": "date+time",
        "metvlc_has_real_time": true,
        "metvlc_captura_utc": "2026-09-28T20:33:42+00:00",
        "metvlc_last_seen_utc": "2026-09-28T20:33:42+00:00",
        "metvlc_fuente": "SIGIF/GVA Rayos 24h KMZ"
      },
      "geometry": {
        "type": "Point",
        "coordinates": [
          -1.127,
          39.4821
        ]
      }
    },
    {
      "type": "Feature",
      "properties": {
        "name": "28/09/2026 19:03:13",
        "COORD": "-1,1268,39,4822",
        "DATE": "2026-09-28",
        "TIME": "19:03",
        "MXI": "-12,66 kA.",
        "STR": "0",
        "SMA": "0,163 Km.",
        "SMI": "0,13000001 Km.",
        "CHI": "0,8",
        "metvlc_time_utc": "2026-09-28T17:03:00+00:00",
        "metvlc_time_source": "date+time",
        "metvlc_has_real_time": true,
        "metvlc_captura_utc": "2026-09-28T20:33:42+00:00",
        "metvlc_last_seen_utc": "2026-09-28T20:33:42+00:00",
        "metvlc_fuente": "SIGIF/GVA Rayos 24h KMZ"
      },
      "geometry": {
        "type": "Point",
        "coordinates": [
          -1.1268,
          39.4822
        ]
      }
    },
    {
      "type": "Feature",
      "properties": {
        "name": "28/09/2026 19:03:14",
        "COORD": "-1,1276,39,4835",
        "DATE": "2026-09-28",
        "TIME": "19:03",
        "MXI": "-7,27 kA.",
        "STR": "0",
        "SMA": "0,316 Km.",
        "SMI": "0,18500003 Km.",
        "CHI": "1,4",
        "metvlc_time_utc": "2026-09-28T17:03:00+00:00",
        "metvlc_time_source": "date+time",
        "metvlc_has_real_time": true,
        "metvlc_captura_utc": "2026-09-28T20:33:42+00:00",
        "metvlc_last_seen_utc": "2026-09-28T20:33:42+00:00",
        "metvlc_fuente": "SIGIF/GVA Rayos 24h KMZ"
      },
      "geometry": {
        "type": "Point",
        "coordinates": [
          -1.1276,
          39.4835
        ]
      }
    },
    {
      "type": "Feature",
      "properties": {
        "name": "28/09/2026 19:03:14",
        "COORD": "-1,1268,39,4824",
        "DATE": "2026-09-28",
        "TIME": "19:03",
        "MXI": "-12,45 kA.",
        "STR": "0",
        "SMA": "0,163 Km.",
        "SMI": "0,12300003 Km.",
        "CHI": "0,7",
        "metvlc_time_utc": "2026-09-28T17:03:00+00:00",
        "metvlc_time_source": "date+time",
        "metvlc_has_real_time": true,
        "metvlc_captura_utc": "2026-09-28T20:33:42+00:00",
        "metvlc_last_seen_utc": "2026-09-28T20:33:42+00:00",
        "metvlc_fuente": "SIGIF/GVA Rayos 24h KMZ"
      },
      "geometry": {
        "type": "Point",
        "coordinates": [
          -1.1268,
          39.4824
        ]
      }
    },
    {
      "type": "Feature",
      "properties": {
        "name": "28/09/2026 19:03:16",
        "COORD": "-0,8001,39,0435",
        "DATE": "2026-09-28",
        "TIME": "19:03",
        "MXI": "17,81 kA.",
        "STR": "0",
        "SMA": "0,383 Km.",
        "SMI": "0,21600002 Km.",
        "CHI": "0,2",
        "metvlc_time_utc": "2026-09-28T17:03:00+00:00",
        "metvlc_time_source": "date+time",
        "metvlc_has_real_time": true,
        "metvlc_captura_utc": "2026-09-28T20:33:42+00:00",
        "metvlc_last_seen_utc": "2026-09-28T20:33:42+00:00",
        "metvlc_fuente": "SIGIF/GVA Rayos 24h KMZ"
      },
      "geometry": {
        "type": "Point",
        "coordinates": [
          -0.8001,
          39.0435
        ]
      }
    },
    {
      "type": "Feature",
      "properties": {
        "name": "28/09/2026 19:03:17",
        "COORD": "-0,7307,39,1216",
        "DATE": "2026-09-28",
        "TIME": "19:03",
        "MXI": "-11,61 kA.",
        "STR": "0",
        "SMA": "0,191 Km.",
        "SMI": "0,13400002 Km.",
        "CHI": "0,2",
        "metvlc_time_utc": "2026-09-28T17:03:00+00:00",
        "metvlc_time_source": "date+time",
        "metvlc_has_real_time": true,
        "metvlc_captura_utc": "2026-09-28T20:33:42+00:00",
        "metvlc_last_seen_utc": "2026-09-28T20:33:42+00:00",
        "metvlc_fuente": "SIGIF/GVA Rayos 24h KMZ"
      },
      "geometry": {
        "type": "Point",
        "coordinates": [
          -0.7307,
          39.1216
        ]
      }
    },
    {
      "type": "Feature",
      "properties": {
        "name": "28/09/2026 19:03:56",
        "COORD": "-1,0805,39,5035",
        "DATE": "2026-09-28",
        "TIME": "19:03",
        "MXI": "-33,32 kA.",
        "STR": "0",
        "SMA": "0,161 Km.",
        "SMI": "0,124000005 Km.",
        "CHI": "1,2",
        "metvlc_time_utc": "2026-09-28T17:03:00+00:00",
        "metvlc_time_source": "date+time",
        "metvlc_has_real_time": true,
        "metvlc_captura_utc": "2026-09-28T20:33:42+00:00",
        "metvlc_last_seen_utc": "2026-09-28T20:33:42+00:00",
        "metvlc_fuente": "SIGIF/GVA Rayos 24h KMZ"
      },
      "geometry": {
        "type": "Point",
        "coordinates": [
          -1.0805,
          39.5035
        ]
      }
    },
    {
      "type": "Feature",
      "properties": {
        "name": "28/09/2026 19:03:56",
        "COORD": "-1,0721,39,488",
        "DATE": "2026-09-28",
        "TIME": "19:03",
        "MXI": "-7,01 kA.",
        "STR": "0",
        "SMA": "0,233 Km.",
        "SMI": "0,17899999 Km.",
        "CHI": "1",
        "metvlc_time_utc": "2026-09-28T17:03:00+00:00",
        "metvlc_time_source": "date+time",
        "metvlc_has_real_time": true,
        "metvlc_captura_utc": "2026-09-28T20:33:42+00:00",
        "metvlc_last_seen_utc": "2026-09-28T20:33:42+00:00",
        "metvlc_fuente": "SIGIF/GVA Rayos 24h KMZ"
      },
      "geometry": {
        "type": "Point",
        "coordinates": [
          -1.0721,
          39.488
        ]
      }
    },
    {
      "type": "Feature",
      "properties": {
        "name": "28/09/2026 19:03:56",
        "COORD": "-1,0985,39,5099",
        "DATE": "2026-09-28",
        "TIME": "19:03",
        "MXI": "-12,86 kA.",
        "STR": "0",
        "SMA": "0,163 Km.",
        "SMI": "0,12699996 Km.",
        "CHI": "0,7",
        "metvlc_time_utc": "2026-09-28T17:03:00+00:00",
        "metvlc_time_source": "date+time",
        "metvlc_has_real_time": true,
        "metvlc_captura_utc": "2026-09-28T20:33:42+00:00",
        "metvlc_last_seen_utc": "2026-09-28T20:33:42+00:00",
        "metvlc_fuente": "SIGIF/GVA Rayos 24h KMZ"
      },
      "geometry": {
        "type": "Point",
        "coordinates": [
          -1.0985,
          39.5099
        ]
      }
    },
    {
      "type": "Feature",
      "properties": {
        "name": "28/09/2026 19:03:56",
        "COORD": "-1,0742,39,4885",
        "DATE": "2026-09-28",
        "TIME": "19:03",
        "MXI": "-12,09 kA.",
        "STR": "0",
        "SMA": "0,164 Km.",
        "SMI": "0,12600003 Km.",
        "CHI": "0,7",
        "metvlc_time_utc": "2026-09-28T17:03:00+00:00",
        "metvlc_time_source": "date+time",
        "metvlc_has_real_time": true,
        "metvlc_captura_utc": "2026-09-28T20:33:42+00:00",
        "metvlc_last_seen_utc": "2026-09-28T20:33:42+00:00",
        "metvlc_fuente": "SIGIF/GVA Rayos 24h KMZ"
      },
      "geometry": {
        "type": "Point",
        "coordinates": [
          -1.0742,
          39.4885
        ]
      }
    },
    {
      "type": "Feature",
      "properties": {
        "name": "28/09/2026 19:03:56",
        "COORD": "-1,0771,39,5211",
        "DATE": "2026-09-28",
        "TIME": "19:03",
        "MXI": "-15,24 kA.",
        "STR": "0",
        "SMA": "0,17 Km.",
        "SMI": "0,12699997 Km.",
        "CHI": "0,6",
        "metvlc_time_utc": "2026-09-28T17:03:00+00:00",
        "metvlc_time_source": "date+time",
        "metvlc_has_real_time": true,
        "metvlc_captura_utc": "2026-09-28T20:33:42+00:00",
        "metvlc_last_seen_utc": "2026-09-28T20:33:42+00:00",
        "metvlc_fuente": "SIGIF/GVA Rayos 24h KMZ"
      },
      "geometry": {
        "type": "Point",
        "coordinates": [
          -1.0771,
          39.5211
        ]
      }
    },
    {
      "type": "Feature",
      "properties": {
        "name": "28/09/2026 19:04:04",
        "COORD": "-0,9532,39,159",
        "DATE": "2026-09-28",
        "TIME": "19:04",
        "MXI": "-9,44 kA.",
        "STR": "0",
        "SMA": "0,312 Km.",
        "SMI": "0,15799996 Km.",
        "CHI": "0,1",
        "metvlc_time_utc": "2026-09-28T17:04:00+00:00",
        "metvlc_time_source": "date+time",
        "metvlc_has_real_time": true,
        "metvlc_captura_utc": "2026-09-28T20:33:42+00:00",
        "metvlc_last_seen_utc": "2026-09-28T20:33:42+00:00",
        "metvlc_fuente": "SIGIF/GVA Rayos 24h KMZ"
      },
      "geometry": {
        "type": "Point",
        "coordinates": [
          -0.9532,
          39.159
        ]
      }
    },
    {
      "type": "Feature",
      "properties": {
        "name": "28/09/2026 19:04:40",
        "COORD": "-1,1571,39,5038",
        "DATE": "2026-09-28",
        "TIME": "19:04",
        "MXI": "-10,43 kA.",
        "STR": "0",
        "SMA": "0,161 Km.",
        "SMI": "0,124000005 Km.",
        "CHI": "0,5",
        "metvlc_time_utc": "2026-09-28T17:04:00+00:00",
        "metvlc_time_source": "date+time",
        "metvlc_has_real_time": true,
        "metvlc_captura_utc": "2026-09-28T20:33:42+00:00",
        "metvlc_last_seen_utc": "2026-09-28T20:33:42+00:00",
        "metvlc_fuente": "SIGIF/GVA Rayos 24h KMZ"
      },
      "geometry": {
        "type": "Point",
        "coordinates": [
          -1.1571,
          39.5038
        ]
      }
    },
    {
      "type": "Feature",
      "properties": {
        "name": "28/09/2026 19:04:40",
        "COORD": "-1,0882,39,4964",
        "DATE": "2026-09-28",
        "TIME": "19:04",
        "MXI": "-17,81 kA.",
        "STR": "0",
        "SMA": "0,161 Km.",
        "SMI": "0,125 Km.",
        "CHI": "0,8",
        "metvlc_time_utc": "2026-09-28T17:04:00+00:00",
        "metvlc_time_source": "date+time",
        "metvlc_has_real_time": true,
        "metvlc_captura_utc": "2026-09-28T20:33:42+00:00",
        "metvlc_last_seen_utc": "2026-09-28T20:33:42+00:00",
        "metvlc_fuente": "SIGIF/GVA Rayos 24h KMZ"
      },
      "geometry": {
        "type": "Point",
        "coordinates": [
          -1.0882,
          39.4964
        ]
      }
    },
    {
      "type": "Feature",
      "properties": {
        "name": "28/09/2026 19:04:40",
        "COORD": "-1,0981,39,5116",
        "DATE": "2026-09-28",
        "TIME": "19:04",
        "MXI": "-11,82 kA.",
        "STR": "0",
        "SMA": "0,162 Km.",
        "SMI": "0,125 Km.",
        "CHI": "0,6",
        "metvlc_time_utc": "2026-09-28T17:04:00+00:00",
        "metvlc_time_source": "date+time",
        "metvlc_has_real_time": true,
        "metvlc_captura_utc": "2026-09-28T20:33:42+00:00",
        "metvlc_last_seen_utc": "2026-09-28T20:33:42+00:00",
        "metvlc_fuente": "SIGIF/GVA Rayos 24h KMZ"
      },
      "geometry": {
        "type": "Point",
        "coordinates": [
          -1.0981,
          39.5116
        ]
      }
    },
    {
      "type": "Feature",
      "properties": {
        "name": "28/09/2026 19:05:26",
        "COORD": "-0,9189,39,1895",
        "DATE": "2026-09-28",
        "TIME": "19:05",
        "MXI": "-10,41 kA.",
        "STR": "0",
        "SMA": "0,233 Km.",
        "SMI": "0,15299998 Km.",
        "CHI": "0,5",
        "metvlc_time_utc": "2026-09-28T17:05:00+00:00",
        "metvlc_time_source": "date+time",
        "metvlc_has_real_time": true,
        "metvlc_captura_utc": "2026-09-28T20:33:42+00:00",
        "metvlc_last_seen_utc": "2026-09-28T20:33:42+00:00",
        "metvlc_fuente": "SIGIF/GVA Rayos 24h KMZ"
      },
      "geometry": {
        "type": "Point",
        "coordinates": [
          -0.9189,
          39.1895
        ]
      }
    },
    {
      "type": "Feature",
      "properties": {
        "name": "28/09/2026 19:05:27",
        "COORD": "-0,9191,39,1894",
        "DATE": "2026-09-28",
        "TIME": "19:05",
        "MXI": "-14,71 kA.",
        "STR": "0",
        "SMA": "0,178 Km.",
        "SMI": "0,12200004 Km.",
        "CHI": "0,4",
        "metvlc_time_utc": "2026-09-28T17:05:00+00:00",
        "metvlc_time_source": "date+time",
        "metvlc_has_real_time": true,
        "metvlc_captura_utc": "2026-09-28T20:33:42+00:00",
        "metvlc_last_seen_utc": "2026-09-28T20:33:42+00:00",
        "metvlc_fuente": "SIGIF/GVA Rayos 24h KMZ"
      },
      "geometry": {
        "type": "Point",
        "coordinates": [
          -0.9191,
          39.1894
        ]
      }
    },
    {
      "type": "Feature",
      "properties": {
        "name": "28/09/2026 19:05:27",
        "COORD": "-0,9186,39,1896",
        "DATE": "2026-09-28",
        "TIME": "19:05",
        "MXI": "-11,74 kA.",
        "STR": "0",
        "SMA": "0,188 Km.",
        "SMI": "0,12900002 Km.",
        "CHI": "0,7",
        "metvlc_time_utc": "2026-09-28T17:05:00+00:00",
        "metvlc_time_source": "date+time",
        "metvlc_has_real_time": true,
        "metvlc_captura_utc": "2026-09-28T20:33:42+00:00",
        "metvlc_last_seen_utc": "2026-09-28T20:33:42+00:00",
        "metvlc_fuente": "SIGIF/GVA Rayos 24h KMZ"
      },
      "geometry": {
        "type": "Point",
        "coordinates": [
          -0.9186,
          39.1896
        ]
      }
    },
    {
      "type": "Feature",
      "properties": {
        "name": "28/09/2026 19:05:27",
        "COORD": "-0,9189,39,1896",
        "DATE": "2026-09-28",
        "TIME": "19:05",
        "MXI": "-13,58 kA.",
        "STR": "0",
        "SMA": "0,168 Km.",
        "SMI": "0,13200003 Km.",
        "CHI": "0,3",
        "metvlc_time_utc": "2026-09-28T17:05:00+00:00",
        "metvlc_time_source": "date+time",
        "metvlc_has_real_time": true,
        "metvlc_captura_utc": "2026-09-28T20:33:42+00:00",
        "metvlc_last_seen_utc": "2026-09-28T20:33:42+00:00",
        "metvlc_fuente": "SIGIF/GVA Rayos 24h KMZ"
      },
      "geometry": {
        "type": "Point",
        "coordinates": [
          -0.9189,
          39.1896
        ]
      }
    },
    {
      "type": "Feature",
      "properties": {
        "name": "28/09/2026 19:05:27",
        "COORD": "-0,9552,39,2002",
        "DATE": "2026-09-28",
        "TIME": "19:05",
        "MXI": "-7,29 kA.",
        "STR": "0",
        "SMA": "1,485 Km.",
        "SMI": "0,25 Km.",
        "CHI": "1",
        "metvlc_time_utc": "2026-09-28T17:05:00+00:00",
        "metvlc_time_source": "date+time",
        "metvlc_has_real_time": true,
        "metvlc_captura_utc": "2026-09-28T20:33:42+00:00",
        "metvlc_last_seen_utc": "2026-09-28T20:33:42+00:00",
        "metvlc_fuente": "SIGIF/GVA Rayos 24h KMZ"
      },
      "geometry": {
        "type": "Point",
        "coordinates": [
          -0.9552,
          39.2002
        ]
      }
    },
    {
      "type": "Feature",
      "properties": {
        "name": "28/09/2026 19:05:35",
        "COORD": "-1,1122,39,4994",
        "DATE": "2026-09-28",
        "TIME": "19:05",
        "MXI": "-13,72 kA.",
        "STR": "0",
        "SMA": "0,163 Km.",
        "SMI": "0,125 Km.",
        "CHI": "0,8",
        "metvlc_time_utc": "2026-09-28T17:05:00+00:00",
        "metvlc_time_source": "date+time",
        "metvlc_has_real_time": true,
        "metvlc_captura_utc": "2026-09-28T20:33:42+00:00",
        "metvlc_last_seen_utc": "2026-09-28T20:33:42+00:00",
        "metvlc_fuente": "SIGIF/GVA Rayos 24h KMZ"
      },
      "geometry": {
        "type": "Point",
        "coordinates": [
          -1.1122,
          39.4994
        ]
      }
    },
    {
      "type": "Feature",
      "properties": {
        "name": "28/09/2026 19:05:36",
        "COORD": "-1,1308,39,4777",
        "DATE": "2026-09-28",
        "TIME": "19:05",
        "MXI": "-26,29 kA.",
        "STR": "0",
        "SMA": "0,163 Km.",
        "SMI": "0,12400002 Km.",
        "CHI": "1,2",
        "metvlc_time_utc": "2026-09-28T17:05:00+00:00",
        "metvlc_time_source": "date+time",
        "metvlc_has_real_time": true,
        "metvlc_captura_utc": "2026-09-28T20:33:42+00:00",
        "metvlc_last_seen_utc": "2026-09-28T20:33:42+00:00",
        "metvlc_fuente": "SIGIF/GVA Rayos 24h KMZ"
      },
      "geometry": {
        "type": "Point",
        "coordinates": [
          -1.1308,
          39.4777
        ]
      }
    },
    {
      "type": "Feature",
      "properties": {
        "name": "28/09/2026 19:05:36",
        "COORD": "-1,1291,39,4886",
        "DATE": "2026-09-28",
        "TIME": "19:05",
        "MXI": "-21,06 kA.",
        "STR": "0",
        "SMA": "0,164 Km.",
        "SMI": "0,12399997 Km.",
        "CHI": "0,8",
        "metvlc_time_utc": "2026-09-28T17:05:00+00:00",
        "metvlc_time_source": "date+time",
        "metvlc_has_real_time": true,
        "metvlc_captura_utc": "2026-09-28T20:33:42+00:00",
        "metvlc_last_seen_utc": "2026-09-28T20:33:42+00:00",
        "metvlc_fuente": "SIGIF/GVA Rayos 24h KMZ"
      },
      "geometry": {
        "type": "Point",
        "coordinates": [
          -1.1291,
          39.4886
        ]
      }
    },
    {
      "type": "Feature",
      "properties": {
        "name": "28/09/2026 19:05:36",
        "COORD": "-1,1714,39,4438",
        "DATE": "2026-09-28",
        "TIME": "19:05",
        "MXI": "-10,02 kA.",
        "STR": "0",
        "SMA": "0,189 Km.",
        "SMI": "0,14 Km.",
        "CHI": "0,9",
        "metvlc_time_utc": "2026-09-28T17:05:00+00:00",
        "metvlc_time_source": "date+time",
        "metvlc_has_real_time": true,
        "metvlc_captura_utc": "2026-09-28T20:33:42+00:00",
        "metvlc_last_seen_utc": "2026-09-28T20:33:42+00:00",
        "metvlc_fuente": "SIGIF/GVA Rayos 24h KMZ"
      },
      "geometry": {
        "type": "Point",
        "coordinates": [
          -1.1714,
          39.4438
        ]
      }
    },
    {
      "type": "Feature",
      "properties": {
        "name": "28/09/2026 19:07:01",
        "COORD": "-1,1145,39,4979",
        "DATE": "2026-09-28",
        "TIME": "19:07",
        "MXI": "-28,09 kA.",
        "STR": "0",
        "SMA": "0,173 Km.",
        "SMI": "0,13299997 Km.",
        "CHI": "1",
        "metvlc_time_utc": "2026-09-28T17:07:00+00:00",
        "metvlc_time_source": "date+time",
        "metvlc_has_real_time": true,
        "metvlc_captura_utc": "2026-09-28T20:33:42+00:00",
        "metvlc_last_seen_utc": "2026-09-28T20:33:42+00:00",
        "metvlc_fuente": "SIGIF/GVA Rayos 24h KMZ"
      },
      "geometry": {
        "type": "Point",
        "coordinates": [
          -1.1145,
          39.4979
        ]
      }
    },
    {
      "type": "Feature",
      "properties": {
        "name": "28/09/2026 19:07:02",
        "COORD": "-1,1085,39,5053",
        "DATE": "2026-09-28",
        "TIME": "19:07",
        "MXI": "-16,86 kA.",
        "STR": "0",
        "SMA": "0,177 Km.",
        "SMI": "0,118 Km.",
        "CHI": "0,7",
        "metvlc_time_utc": "2026-09-28T17:07:00+00:00",
        "metvlc_time_source": "date+time",
        "metvlc_has_real_time": true,
        "metvlc_captura_utc": "2026-09-28T20:33:42+00:00",
        "metvlc_last_seen_utc": "2026-09-28T20:33:42+00:00",
        "metvlc_fuente": "SIGIF/GVA Rayos 24h KMZ"
      },
      "geometry": {
        "type": "Point",
        "coordinates": [
          -1.1085,
          39.5053
        ]
      }
    },
    {
      "type": "Feature",
      "properties": {
        "name": "28/09/2026 19:07:02",
        "COORD": "-1,0765,39,4759",
        "DATE": "2026-09-28",
        "TIME": "19:07",
        "MXI": "-30,66 kA.",
        "STR": "0",
        "SMA": "0,163 Km.",
        "SMI": "0,125 Km.",
        "CHI": "0,8",
        "metvlc_time_utc": "2026-09-28T17:07:00+00:00",
        "metvlc_time_source": "date+time",
        "metvlc_has_real_time": true,
        "metvlc_captura_utc": "2026-09-28T20:33:42+00:00",
        "metvlc_last_seen_utc": "2026-09-28T20:33:42+00:00",
        "metvlc_fuente": "SIGIF/GVA Rayos 24h KMZ"
      },
      "geometry": {
        "type": "Point",
        "coordinates": [
          -1.0765,
          39.4759
        ]
      }
    },
    {
      "type": "Feature",
      "properties": {
        "name": "28/09/2026 19:07:02",
        "COORD": "-1,0768,39,4768",
        "DATE": "2026-09-28",
        "TIME": "19:07",
        "MXI": "-7,41 kA.",
        "STR": "0",
        "SMA": "0,22 Km.",
        "SMI": "0,16600002 Km.",
        "CHI": "1",
        "metvlc_time_utc": "2026-09-28T17:07:00+00:00",
        "metvlc_time_source": "date+time",
        "metvlc_has_real_time": true,
        "metvlc_captura_utc": "2026-09-28T20:33:42+00:00",
        "metvlc_last_seen_utc": "2026-09-28T20:33:42+00:00",
        "metvlc_fuente": "SIGIF/GVA Rayos 24h KMZ"
      },
      "geometry": {
        "type": "Point",
        "coordinates": [
          -1.0768,
          39.4768
        ]
      }
    },
    {
      "type": "Feature",
      "properties": {
        "name": "28/09/2026 19:09:10",
        "COORD": "-1,1149,39,4699",
        "DATE": "2026-09-28",
        "TIME": "19:09",
        "MXI": "-16,84 kA.",
        "STR": "0",
        "SMA": "0,169 Km.",
        "SMI": "0,11800003 Km.",
        "CHI": "0,5",
        "metvlc_time_utc": "2026-09-28T17:09:00+00:00",
        "metvlc_time_source": "date+time",
        "metvlc_has_real_time": true,
        "metvlc_captura_utc": "2026-09-28T20:33:42+00:00",
        "metvlc_last_seen_utc": "2026-09-28T20:33:42+00:00",
        "metvlc_fuente": "SIGIF/GVA Rayos 24h KMZ"
      },
      "geometry": {
        "type": "Point",
        "coordinates": [
          -1.1149,
          39.4699
        ]
      }
    },
    {
      "type": "Feature",
      "properties": {
        "name": "28/09/2026 19:09:10",
        "COORD": "-1,1057,39,5052",
        "DATE": "2026-09-28",
        "TIME": "19:09",
        "MXI": "-19,2 kA.",
        "STR": "0",
        "SMA": "0,164 Km.",
        "SMI": "0,12399997 Km.",
        "CHI": "0,7",
        "metvlc_time_utc": "2026-09-28T17:09:00+00:00",
        "metvlc_time_source": "date+time",
        "metvlc_has_real_time": true,
        "metvlc_captura_utc": "2026-09-28T20:33:42+00:00",
        "metvlc_last_seen_utc": "2026-09-28T20:33:42+00:00",
        "metvlc_fuente": "SIGIF/GVA Rayos 24h KMZ"
      },
      "geometry": {
        "type": "Point",
        "coordinates": [
          -1.1057,
          39.5052
        ]
      }
    },
    {
      "type": "Feature",
      "properties": {
        "name": "28/09/2026 19:10:45",
        "COORD": "-1,2326,39,5027",
        "DATE": "2026-09-28",
        "TIME": "19:10",
        "MXI": "-34,35 kA.",
        "STR": "0",
        "SMA": "0,168 Km.",
        "SMI": "0,12899996 Km.",
        "CHI": "1",
        "metvlc_time_utc": "2026-09-28T17:10:00+00:00",
        "metvlc_time_source": "date+time",
        "metvlc_has_real_time": true,
        "metvlc_captura_utc": "2026-09-28T20:33:42+00:00",
        "metvlc_last_seen_utc": "2026-09-28T20:33:42+00:00",
        "metvlc_fuente": "SIGIF/GVA Rayos 24h KMZ"
      },
      "geometry": {
        "type": "Point",
        "coordinates": [
          -1.2326,
          39.5027
        ]
      }
    },
    {
      "type": "Feature",
      "properties": {
        "name": "28/09/2026 19:10:54",
        "COORD": "-1,0983,39,5278",
        "DATE": "2026-09-28",
        "TIME": "19:10",
        "MXI": "-9,86 kA.",
        "STR": "0",
        "SMA": "0,175 Km.",
        "SMI": "0,13500004 Km.",
        "CHI": "0,5",
        "metvlc_time_utc": "2026-09-28T17:10:00+00:00",
        "metvlc_time_source": "date+time",
        "metvlc_has_real_time": true,
        "metvlc_captura_utc": "2026-09-28T20:33:42+00:00",
        "metvlc_last_seen_utc": "2026-09-28T20:33:42+00:00",
        "metvlc_fuente": "SIGIF/GVA Rayos 24h KMZ"
      },
      "geometry": {
        "type": "Point",
        "coordinates": [
          -1.0983,
          39.5278
        ]
      }
    },
    {
      "type": "Feature",
      "properties": {
        "name": "28/09/2026 19:11:38",
        "COORD": "-1,146,39,6339",
        "DATE": "2026-09-28",
        "TIME": "19:11",
        "MXI": "41,44 kA.",
        "STR": "0",
        "SMA": "0,232 Km.",
        "SMI": "0,13100003 Km.",
        "CHI": "1",
        "metvlc_time_utc": "2026-09-28T17:11:00+00:00",
        "metvlc_time_source": "date+time",
        "metvlc_has_real_time": true,
        "metvlc_captura_utc": "2026-09-28T20:33:42+00:00",
        "metvlc_last_seen_utc": "2026-09-28T20:33:42+00:00",
        "metvlc_fuente": "SIGIF/GVA Rayos 24h KMZ"
      },
      "geometry": {
        "type": "Point",
        "coordinates": [
          -1.146,
          39.6339
        ]
      }
    },
    {
      "type": "Feature",
      "properties": {
        "name": "28/09/2026 19:12:48",
        "COORD": "-1,0776,39,5306",
        "DATE": "2026-09-28",
        "TIME": "19:12",
        "MXI": "-9,19 kA.",
        "STR": "0",
        "SMA": "0,237 Km.",
        "SMI": "0,15299995 Km.",
        "CHI": "0,2",
        "metvlc_time_utc": "2026-09-28T17:12:00+00:00",
        "metvlc_time_source": "date+time",
        "metvlc_has_real_time": true,
        "metvlc_captura_utc": "2026-09-28T20:33:42+00:00",
        "metvlc_last_seen_utc": "2026-09-28T20:33:42+00:00",
        "metvlc_fuente": "SIGIF/GVA Rayos 24h KMZ"
      },
      "geometry": {
        "type": "Point",
        "coordinates": [
          -1.0776,
          39.5306
        ]
      }
    },
    {
      "type": "Feature",
      "properties": {
        "name": "28/09/2026 19:13:03",
        "COORD": "-0,9507,39,2138",
        "DATE": "2026-09-28",
        "TIME": "19:13",
        "MXI": "27,97 kA.",
        "STR": "0",
        "SMA": "0,523 Km.",
        "SMI": "0,21799996 Km.",
        "CHI": "1,1",
        "metvlc_time_utc": "2026-09-28T17:13:00+00:00",
        "metvlc_time_source": "date+time",
        "metvlc_has_real_time": true,
        "metvlc_captura_utc": "2026-09-28T20:33:42+00:00",
        "metvlc_last_seen_utc": "2026-09-28T20:33:42+00:00",
        "metvlc_fuente": "SIGIF/GVA Rayos 24h KMZ"
      },
      "geometry": {
        "type": "Point",
        "coordinates": [
          -0.9507,
          39.2138
        ]
      }
    },
    {
      "type": "Feature",
      "properties": {
        "name": "28/09/2026 19:13:03",
        "COORD": "-0,912,39,2249",
        "DATE": "2026-09-28",
        "TIME": "19:13",
        "MXI": "-74,39 kA.",
        "STR": "0",
        "SMA": "0,179 Km.",
        "SMI": "0,13299997 Km.",
        "CHI": "1,4",
        "metvlc_time_utc": "2026-09-28T17:13:00+00:00",
        "metvlc_time_source": "date+time",
        "metvlc_has_real_time": true,
        "metvlc_captura_utc": "2026-09-28T20:33:42+00:00",
        "metvlc_last_seen_utc": "2026-09-28T20:33:42+00:00",
        "metvlc_fuente": "SIGIF/GVA Rayos 24h KMZ"
      },
      "geometry": {
        "type": "Point",
        "coordinates": [
          -0.912,
          39.2249
        ]
      }
    },
    {
      "type": "Feature",
      "properties": {
        "name": "28/09/2026 19:13:03",
        "COORD": "-0,9122,39,2253",
        "DATE": "2026-09-28",
        "TIME": "19:13",
        "MXI": "-16,26 kA.",
        "STR": "0",
        "SMA": "0,178 Km.",
        "SMI": "0,13400002 Km.",
        "CHI": "0,3",
        "metvlc_time_utc": "2026-09-28T17:13:00+00:00",
        "metvlc_time_source": "date+time",
        "metvlc_has_real_time": true,
        "metvlc_captura_utc": "2026-09-28T20:33:42+00:00",
        "metvlc_last_seen_utc": "2026-09-28T20:33:42+00:00",
        "metvlc_fuente": "SIGIF/GVA Rayos 24h KMZ"
      },
      "geometry": {
        "type": "Point",
        "coordinates": [
          -0.9122,
          39.2253
        ]
      }
    },
    {
      "type": "Feature",
      "properties": {
        "name": "28/09/2026 19:13:48",
        "COORD": "-1,1684,39,6152",
        "DATE": "2026-09-28",
        "TIME": "19:13",
        "MXI": "-52,84 kA.",
        "STR": "0",
        "SMA": "0,165 Km.",
        "SMI": "0,13100001 Km.",
        "CHI": "1,2",
        "metvlc_time_utc": "2026-09-28T17:13:00+00:00",
        "metvlc_time_source": "date+time",
        "metvlc_has_real_time": true,
        "metvlc_captura_utc": "2026-09-28T20:33:42+00:00",
        "metvlc_last_seen_utc": "2026-09-28T20:33:42+00:00",
        "metvlc_fuente": "SIGIF/GVA Rayos 24h KMZ"
      },
      "geometry": {
        "type": "Point",
        "coordinates": [
          -1.1684,
          39.6152
        ]
      }
    },
    {
      "type": "Feature",
      "properties": {
        "name": "28/09/2026 19:13:49",
        "COORD": "-1,0744,39,5236",
        "DATE": "2026-09-28",
        "TIME": "19:13",
        "MXI": "-5,28 kA.",
        "STR": "0",
        "SMA": "0,285 Km.",
        "SMI": "0,18500006 Km.",
        "CHI": "0,2",
        "metvlc_time_utc": "2026-09-28T17:13:00+00:00",
        "metvlc_time_source": "date+time",
        "metvlc_has_real_time": true,
        "metvlc_captura_utc": "2026-09-28T20:33:42+00:00",
        "metvlc_last_seen_utc": "2026-09-28T20:33:42+00:00",
        "metvlc_fuente": "SIGIF/GVA Rayos 24h KMZ"
      },
      "geometry": {
        "type": "Point",
        "coordinates": [
          -1.0744,
          39.5236
        ]
      }
    },
    {
      "type": "Feature",
      "properties": {
        "name": "28/09/2026 19:13:49",
        "COORD": "-1,0837,39,5389",
        "DATE": "2026-09-28",
        "TIME": "19:13",
        "MXI": "-9,78 kA.",
        "STR": "0",
        "SMA": "0,192 Km.",
        "SMI": "0,152 Km.",
        "CHI": "0,6",
        "metvlc_time_utc": "2026-09-28T17:13:00+00:00",
        "metvlc_time_source": "date+time",
        "metvlc_has_real_time": true,
        "metvlc_captura_utc": "2026-09-28T20:33:42+00:00",
        "metvlc_last_seen_utc": "2026-09-28T20:33:42+00:00",
        "metvlc_fuente": "SIGIF/GVA Rayos 24h KMZ"
      },
      "geometry": {
        "type": "Point",
        "coordinates": [
          -1.0837,
          39.5389
        ]
      }
    },
    {
      "type": "Feature",
      "properties": {
        "name": "28/09/2026 19:13:49",
        "COORD": "-1,0869,39,5464",
        "DATE": "2026-09-28",
        "TIME": "19:13",
        "MXI": "-8,3 kA.",
        "STR": "0",
        "SMA": "0,229 Km.",
        "SMI": "0,18199997 Km.",
        "CHI": "0,9",
        "metvlc_time_utc": "2026-09-28T17:13:00+00:00",
        "metvlc_time_source": "date+time",
        "metvlc_has_real_time": true,
        "metvlc_captura_utc": "2026-09-28T20:33:42+00:00",
        "metvlc_last_seen_utc": "2026-09-28T20:33:42+00:00",
        "metvlc_fuente": "SIGIF/GVA Rayos 24h KMZ"
      },
      "geometry": {
        "type": "Point",
        "coordinates": [
          -1.0869,
          39.5464
        ]
      }
    },
    {
      "type": "Feature",
      "properties": {
        "name": "28/09/2026 19:13:49",
        "COORD": "-1,0871,39,5451",
        "DATE": "2026-09-28",
        "TIME": "19:13",
        "MXI": "-9,06 kA.",
        "STR": "0",
        "SMA": "0,236 Km.",
        "SMI": "0,173 Km.",
        "CHI": "0,5",
        "metvlc_time_utc": "2026-09-28T17:13:00+00:00",
        "metvlc_time_source": "date+time",
        "metvlc_has_real_time": true,
        "metvlc_captura_utc": "2026-09-28T20:33:42+00:00",
        "metvlc_last_seen_utc": "2026-09-28T20:33:42+00:00",
        "metvlc_fuente": "SIGIF/GVA Rayos 24h KMZ"
      },
      "geometry": {
        "type": "Point",
        "coordinates": [
          -1.0871,
          39.5451
        ]
      }
    },
    {
      "type": "Feature",
      "properties": {
        "name": "28/09/2026 19:14:33",
        "COORD": "-1,0626,39,5098",
        "DATE": "2026-09-28",
        "TIME": "19:14",
        "MXI": "-34,61 kA.",
        "STR": "0",
        "SMA": "0,161 Km.",
        "SMI": "0,125 Km.",
        "CHI": "1",
        "metvlc_time_utc": "2026-09-28T17:14:00+00:00",
        "metvlc_time_source": "date+time",
        "metvlc_has_real_time": true,
        "metvlc_captura_utc": "2026-09-28T20:33:42+00:00",
        "metvlc_last_seen_utc": "2026-09-28T20:33:42+00:00",
        "metvlc_fuente": "SIGIF/GVA Rayos 24h KMZ"
      },
      "geometry": {
        "type": "Point",
        "coordinates": [
          -1.0626,
          39.5098
        ]
      }
    },
    {
      "type": "Feature",
      "properties": {
        "name": "28/09/2026 19:14:33",
        "COORD": "-1,0684,39,5419",
        "DATE": "2026-09-28",
        "TIME": "19:14",
        "MXI": "-13,41 kA.",
        "STR": "0",
        "SMA": "0,165 Km.",
        "SMI": "0,12300005 Km.",
        "CHI": "0,4",
        "metvlc_time_utc": "2026-09-28T17:14:00+00:00",
        "metvlc_time_source": "date+time",
        "metvlc_has_real_time": true,
        "metvlc_captura_utc": "2026-09-28T20:33:42+00:00",
        "metvlc_last_seen_utc": "2026-09-28T20:33:42+00:00",
        "metvlc_fuente": "SIGIF/GVA Rayos 24h KMZ"
      },
      "geometry": {
        "type": "Point",
        "coordinates": [
          -1.0684,
          39.5419
        ]
      }
    },
    {
      "type": "Feature",
      "properties": {
        "name": "28/09/2026 19:14:33",
        "COORD": "-1,1154,39,5165",
        "DATE": "2026-09-28",
        "TIME": "19:14",
        "MXI": "-8,31 kA.",
        "STR": "0",
        "SMA": "1,436 Km.",
        "SMI": "0,32599998 Km.",
        "CHI": "0,4",
        "metvlc_time_utc": "2026-09-28T17:14:00+00:00",
        "metvlc_time_source": "date+time",
        "metvlc_has_real_time": true,
        "metvlc_captura_utc": "2026-09-28T20:33:42+00:00",
        "metvlc_last_seen_utc": "2026-09-28T20:33:42+00:00",
        "metvlc_fuente": "SIGIF/GVA Rayos 24h KMZ"
      },
      "geometry": {
        "type": "Point",
        "coordinates": [
          -1.1154,
          39.5165
        ]
      }
    },
    {
      "type": "Feature",
      "properties": {
        "name": "28/09/2026 19:15:57",
        "COORD": "-1,0666,39,5498",
        "DATE": "2026-09-28",
        "TIME": "19:15",
        "MXI": "-9,28 kA.",
        "STR": "0",
        "SMA": "0,214 Km.",
        "SMI": "0,16700001 Km.",
        "CHI": "0,5",
        "metvlc_time_utc": "2026-09-28T17:15:00+00:00",
        "metvlc_time_source": "date+time",
        "metvlc_has_real_time": true,
        "metvlc_captura_utc": "2026-09-28T20:33:42+00:00",
        "metvlc_last_seen_utc": "2026-09-28T20:33:42+00:00",
        "metvlc_fuente": "SIGIF/GVA Rayos 24h KMZ"
      },
      "geometry": {
        "type": "Point",
        "coordinates": [
          -1.0666,
          39.5498
        ]
      }
    },
    {
      "type": "Feature",
      "properties": {
        "name": "28/09/2026 19:15:57",
        "COORD": "-1,0667,39,5491",
        "DATE": "2026-09-28",
        "TIME": "19:15",
        "MXI": "-16,31 kA.",
        "STR": "0",
        "SMA": "0,164 Km.",
        "SMI": "0,12600003 Km.",
        "CHI": "0,4",
        "metvlc_time_utc": "2026-09-28T17:15:00+00:00",
        "metvlc_time_source": "date+time",
        "metvlc_has_real_time": true,
        "metvlc_captura_utc": "2026-09-28T20:33:42+00:00",
        "metvlc_last_seen_utc": "2026-09-28T20:33:42+00:00",
        "metvlc_fuente": "SIGIF/GVA Rayos 24h KMZ"
      },
      "geometry": {
        "type": "Point",
        "coordinates": [
          -1.0667,
          39.5491
        ]
      }
    },
    {
      "type": "Feature",
      "properties": {
        "name": "28/09/2026 19:17:17",
        "COORD": "-1,2402,39,6431",
        "DATE": "2026-09-28",
        "TIME": "19:17",
        "MXI": "-33,64 kA.",
        "STR": "0",
        "SMA": "0,165 Km.",
        "SMI": "0,13299996 Km.",
        "CHI": "1,1",
        "metvlc_time_utc": "2026-09-28T17:17:00+00:00",
        "metvlc_time_source": "date+time",
        "metvlc_has_real_time": true,
        "metvlc_captura_utc": "2026-09-28T20:33:42+00:00",
        "metvlc_last_seen_utc": "2026-09-28T20:33:42+00:00",
        "metvlc_fuente": "SIGIF/GVA Rayos 24h KMZ"
      },
      "geometry": {
        "type": "Point",
        "coordinates": [
          -1.2402,
          39.6431
        ]
      }
    },
    {
      "type": "Feature",
      "properties": {
        "name": "28/09/2026 19:17:18",
        "COORD": "-1,1802,39,2866",
        "DATE": "2026-09-28",
        "TIME": "19:17",
        "MXI": "-10,85 kA.",
        "STR": "0",
        "SMA": "0,188 Km.",
        "SMI": "0,14000002 Km.",
        "CHI": "0,6",
        "metvlc_time_utc": "2026-09-28T17:17:00+00:00",
        "metvlc_time_source": "date+time",
        "metvlc_has_real_time": true,
        "metvlc_captura_utc": "2026-09-28T20:33:42+00:00",
        "metvlc_last_seen_utc": "2026-09-28T20:33:42+00:00",
        "metvlc_fuente": "SIGIF/GVA Rayos 24h KMZ"
      },
      "geometry": {
        "type": "Point",
        "coordinates": [
          -1.1802,
          39.2866
        ]
      }
    },
    {
      "type": "Feature",
      "properties": {
        "name": "28/09/2026 19:17:35",
        "COORD": "-1,0787,39,5423",
        "DATE": "2026-09-28",
        "TIME": "19:17",
        "MXI": "-11,96 kA.",
        "STR": "0",
        "SMA": "0,183 Km.",
        "SMI": "0,11699997 Km.",
        "CHI": "0,2",
        "metvlc_time_utc": "2026-09-28T17:17:00+00:00",
        "metvlc_time_source": "date+time",
        "metvlc_has_real_time": true,
        "metvlc_captura_utc": "2026-09-28T20:33:42+00:00",
        "metvlc_last_seen_utc": "2026-09-28T20:33:42+00:00",
        "metvlc_fuente": "SIGIF/GVA Rayos 24h KMZ"
      },
      "geometry": {
        "type": "Point",
        "coordinates": [
          -1.0787,
          39.5423
        ]
      }
    },
    {
      "type": "Feature",
      "properties": {
        "name": "28/09/2026 19:17:35",
        "COORD": "-1,0777,39,5425",
        "DATE": "2026-09-28",
        "TIME": "19:17",
        "MXI": "-27,38 kA.",
        "STR": "0",
        "SMA": "0,166 Km.",
        "SMI": "0,12399997 Km.",
        "CHI": "0,9",
        "metvlc_time_utc": "2026-09-28T17:17:00+00:00",
        "metvlc_time_source": "date+time",
        "metvlc_has_real_time": true,
        "metvlc_captura_utc": "2026-09-28T20:33:42+00:00",
        "metvlc_last_seen_utc": "2026-09-28T20:33:42+00:00",
        "metvlc_fuente": "SIGIF/GVA Rayos 24h KMZ"
      },
      "geometry": {
        "type": "Point",
        "coordinates": [
          -1.0777,
          39.5425
        ]
      }
    },
    {
      "type": "Feature",
      "properties": {
        "name": "28/09/2026 19:18:16",
        "COORD": "-1,1815,39,3014",
        "DATE": "2026-09-28",
        "TIME": "19:18",
        "MXI": "-15,28 kA.",
        "STR": "0",
        "SMA": "0,175 Km.",
        "SMI": "0,12800004 Km.",
        "CHI": "0,7",
        "metvlc_time_utc": "2026-09-28T17:18:00+00:00",
        "metvlc_time_source": "date+time",
        "metvlc_has_real_time": true,
        "metvlc_captura_utc": "2026-09-28T20:33:42+00:00",
        "metvlc_last_seen_utc": "2026-09-28T20:33:42+00:00",
        "metvlc_fuente": "SIGIF/GVA Rayos 24h KMZ"
      },
      "geometry": {
        "type": "Point",
        "coordinates": [
          -1.1815,
          39.3014
        ]
      }
    },
    {
      "type": "Feature",
      "properties": {
        "name": "28/09/2026 19:18:49",
        "COORD": "-1,2316,39,6852",
        "DATE": "2026-09-28",
        "TIME": "19:18",
        "MXI": "-46,98 kA.",
        "STR": "0",
        "SMA": "0,2 Km.",
        "SMI": "0,12899996 Km.",
        "CHI": "0,6",
        "metvlc_time_utc": "2026-09-28T17:18:00+00:00",
        "metvlc_time_source": "date+time",
        "metvlc_has_real_time": true,
        "metvlc_captura_utc": "2026-09-28T20:33:42+00:00",
        "metvlc_last_seen_utc": "2026-09-28T20:33:42+00:00",
        "metvlc_fuente": "SIGIF/GVA Rayos 24h KMZ"
      },
      "geometry": {
        "type": "Point",
        "coordinates": [
          -1.2316,
          39.6852
        ]
      }
    },
    {
      "type": "Feature",
      "properties": {
        "name": "28/09/2026 19:18:50",
        "COORD": "-1,1421,39,3298",
        "DATE": "2026-09-28",
        "TIME": "19:18",
        "MXI": "-19,44 kA.",
        "STR": "0",
        "SMA": "0,173 Km.",
        "SMI": "0,12800004 Km.",
        "CHI": "0,4",
        "metvlc_time_utc": "2026-09-28T17:18:00+00:00",
        "metvlc_time_source": "date+time",
        "metvlc_has_real_time": true,
        "metvlc_captura_utc": "2026-09-28T20:33:42+00:00",
        "metvlc_last_seen_utc": "2026-09-28T20:33:42+00:00",
        "metvlc_fuente": "SIGIF/GVA Rayos 24h KMZ"
      },
      "geometry": {
        "type": "Point",
        "coordinates": [
          -1.1421,
          39.3298
        ]
      }
    },
    {
      "type": "Feature",
      "properties": {
        "name": "28/09/2026 19:18:51",
        "COORD": "-1,1399,39,3694",
        "DATE": "2026-09-28",
        "TIME": "19:18",
        "MXI": "-16,23 kA.",
        "STR": "0",
        "SMA": "0,167 Km.",
        "SMI": "0,12699996 Km.",
        "CHI": "0,5",
        "metvlc_time_utc": "2026-09-28T17:18:00+00:00",
        "metvlc_time_source": "date+time",
        "metvlc_has_real_time": true,
        "metvlc_captura_utc": "2026-09-28T20:33:42+00:00",
        "metvlc_last_seen_utc": "2026-09-28T20:33:42+00:00",
        "metvlc_fuente": "SIGIF/GVA Rayos 24h KMZ"
      },
      "geometry": {
        "type": "Point",
        "coordinates": [
          -1.1399,
          39.3694
        ]
      }
    },
    {
      "type": "Feature",
      "properties": {
        "name": "28/09/2026 19:19:00",
        "COORD": "-1,0722,39,5458",
        "DATE": "2026-09-28",
        "TIME": "19:19",
        "MXI": "-13,7 kA.",
        "STR": "0",
        "SMA": "0,159 Km.",
        "SMI": "0,125 Km.",
        "CHI": "0,5",
        "metvlc_time_utc": "2026-09-28T17:19:00+00:00",
        "metvlc_time_source": "date+time",
        "metvlc_has_real_time": true,
        "metvlc_captura_utc": "2026-09-28T20:33:42+00:00",
        "metvlc_last_seen_utc": "2026-09-28T20:33:42+00:00",
        "metvlc_fuente": "SIGIF/GVA Rayos 24h KMZ"
      },
      "geometry": {
        "type": "Point",
        "coordinates": [
          -1.0722,
          39.5458
        ]
      }
    },
    {
      "type": "Feature",
      "properties": {
        "name": "28/09/2026 19:19:00",
        "COORD": "-1,0719,39,5455",
        "DATE": "2026-09-28",
        "TIME": "19:19",
        "MXI": "-26,73 kA.",
        "STR": "0",
        "SMA": "0,16 Km.",
        "SMI": "0,12799999 Km.",
        "CHI": "1,4",
        "metvlc_time_utc": "2026-09-28T17:19:00+00:00",
        "metvlc_time_source": "date+time",
        "metvlc_has_real_time": true,
        "metvlc_captura_utc": "2026-09-28T20:33:42+00:00",
        "metvlc_last_seen_utc": "2026-09-28T20:33:42+00:00",
        "metvlc_fuente": "SIGIF/GVA Rayos 24h KMZ"
      },
      "geometry": {
        "type": "Point",
        "coordinates": [
          -1.0719,
          39.5455
        ]
      }
    },
    {
      "type": "Feature",
      "properties": {
        "name": "28/09/2026 19:19:23",
        "COORD": "-1,1688,39,3153",
        "DATE": "2026-09-28",
        "TIME": "19:19",
        "MXI": "-16,44 kA.",
        "STR": "0",
        "SMA": "0,182 Km.",
        "SMI": "0,12699999 Km.",
        "CHI": "0,6",
        "metvlc_time_utc": "2026-09-28T17:19:00+00:00",
        "metvlc_time_source": "date+time",
        "metvlc_has_real_time": true,
        "metvlc_captura_utc": "2026-09-28T20:33:42+00:00",
        "metvlc_last_seen_utc": "2026-09-28T20:33:42+00:00",
        "metvlc_fuente": "SIGIF/GVA Rayos 24h KMZ"
      },
      "geometry": {
        "type": "Point",
        "coordinates": [
          -1.1688,
          39.3153
        ]
      }
    },
    {
      "type": "Feature",
      "properties": {
        "name": "28/09/2026 19:19:23",
        "COORD": "-1,1482,39,3392",
        "DATE": "2026-09-28",
        "TIME": "19:19",
        "MXI": "-16,8 kA.",
        "STR": "0",
        "SMA": "0,192 Km.",
        "SMI": "0,15400003 Km.",
        "CHI": "0,8",
        "metvlc_time_utc": "2026-09-28T17:19:00+00:00",
        "metvlc_time_source": "date+time",
        "metvlc_has_real_time": true,
        "metvlc_captura_utc": "2026-09-28T20:33:42+00:00",
        "metvlc_last_seen_utc": "2026-09-28T20:33:42+00:00",
        "metvlc_fuente": "SIGIF/GVA Rayos 24h KMZ"
      },
      "geometry": {
        "type": "Point",
        "coordinates": [
          -1.1482,
          39.3392
        ]
      }
    },
    {
      "type": "Feature",
      "properties": {
        "name": "28/09/2026 19:19:23",
        "COORD": "-1,1279,39,3391",
        "DATE": "2026-09-28",
        "TIME": "19:19",
        "MXI": "-13,88 kA.",
        "STR": "0",
        "SMA": "0,182 Km.",
        "SMI": "0,12899996 Km.",
        "CHI": "0,3",
        "metvlc_time_utc": "2026-09-28T17:19:00+00:00",
        "metvlc_time_source": "date+time",
        "metvlc_has_real_time": true,
        "metvlc_captura_utc": "2026-09-28T20:33:42+00:00",
        "metvlc_last_seen_utc": "2026-09-28T20:33:42+00:00",
        "metvlc_fuente": "SIGIF/GVA Rayos 24h KMZ"
      },
      "geometry": {
        "type": "Point",
        "coordinates": [
          -1.1279,
          39.3391
        ]
      }
    },
    {
      "type": "Feature",
      "properties": {
        "name": "28/09/2026 19:19:47",
        "COORD": "-1,148,39,6162",
        "DATE": "2026-09-28",
        "TIME": "19:19",
        "MXI": "-51,75 kA.",
        "STR": "0",
        "SMA": "0,165 Km.",
        "SMI": "0,13100001 Km.",
        "CHI": "1,3",
        "metvlc_time_utc": "2026-09-28T17:19:00+00:00",
        "metvlc_time_source": "date+time",
        "metvlc_has_real_time": true,
        "metvlc_captura_utc": "2026-09-28T20:33:42+00:00",
        "metvlc_last_seen_utc": "2026-09-28T20:33:42+00:00",
        "metvlc_fuente": "SIGIF/GVA Rayos 24h KMZ"
      },
      "geometry": {
        "type": "Point",
        "coordinates": [
          -1.148,
          39.6162
        ]
      }
    },
    {
      "type": "Feature",
      "properties": {
        "name": "28/09/2026 19:19:58",
        "COORD": "-1,1521,39,2888",
        "DATE": "2026-09-28",
        "TIME": "19:19",
        "MXI": "-17,04 kA.",
        "STR": "0",
        "SMA": "0,183 Km.",
        "SMI": "0,13299999 Km.",
        "CHI": "0,8",
        "metvlc_time_utc": "2026-09-28T17:19:00+00:00",
        "metvlc_time_source": "date+time",
        "metvlc_has_real_time": true,
        "metvlc_captura_utc": "2026-09-28T20:33:42+00:00",
        "metvlc_last_seen_utc": "2026-09-28T20:33:42+00:00",
        "metvlc_fuente": "SIGIF/GVA Rayos 24h KMZ"
      },
      "geometry": {
        "type": "Point",
        "coordinates": [
          -1.1521,
          39.2888
        ]
      }
    },
    {
      "type": "Feature",
      "properties": {
        "name": "28/09/2026 19:19:58",
        "COORD": "-1,0949,39,5446",
        "DATE": "2026-09-28",
        "TIME": "19:19",
        "MXI": "-5,84 kA.",
        "STR": "0",
        "SMA": "0,308 Km.",
        "SMI": "0,18899997 Km.",
        "CHI": "1",
        "metvlc_time_utc": "2026-09-28T17:19:00+00:00",
        "metvlc_time_source": "date+time",
        "metvlc_has_real_time": true,
        "metvlc_captura_utc": "2026-09-28T20:33:42+00:00",
        "metvlc_last_seen_utc": "2026-09-28T20:33:42+00:00",
        "metvlc_fuente": "SIGIF/GVA Rayos 24h KMZ"
      },
      "geometry": {
        "type": "Point",
        "coordinates": [
          -1.0949,
          39.5446
        ]
      }
    },
    {
      "type": "Feature",
      "properties": {
        "name": "28/09/2026 19:20:56",
        "COORD": "-1,2031,39,3491",
        "DATE": "2026-09-28",
        "TIME": "19:20",
        "MXI": "-25,05 kA.",
        "STR": "0",
        "SMA": "0,173 Km.",
        "SMI": "0,12599999 Km.",
        "CHI": "0,5",
        "metvlc_time_utc": "2026-09-28T17:20:00+00:00",
        "metvlc_time_source": "date+time",
        "metvlc_has_real_time": true,
        "metvlc_captura_utc": "2026-09-28T20:33:42+00:00",
        "metvlc_last_seen_utc": "2026-09-28T20:33:42+00:00",
        "metvlc_fuente": "SIGIF/GVA Rayos 24h KMZ"
      },
      "geometry": {
        "type": "Point",
        "coordinates": [
          -1.2031,
          39.3491
        ]
      }
    },
    {
      "type": "Feature",
      "properties": {
        "name": "28/09/2026 19:21:13",
        "COORD": "-1,0856,39,5462",
        "DATE": "2026-09-28",
        "TIME": "19:21",
        "MXI": "-19,61 kA.",
        "STR": "0",
        "SMA": "0,167 Km.",
        "SMI": "0,125 Km.",
        "CHI": "0,6",
        "metvlc_time_utc": "2026-09-28T17:21:00+00:00",
        "metvlc_time_source": "date+time",
        "metvlc_has_real_time": true,
        "metvlc_captura_utc": "2026-09-28T20:33:42+00:00",
        "metvlc_last_seen_utc": "2026-09-28T20:33:42+00:00",
        "metvlc_fuente": "SIGIF/GVA Rayos 24h KMZ"
      },
      "geometry": {
        "type": "Point",
        "coordinates": [
          -1.0856,
          39.5462
        ]
      }
    },
    {
      "type": "Feature",
      "properties": {
        "name": "28/09/2026 19:21:13",
        "COORD": "-1,1088,39,5435",
        "DATE": "2026-09-28",
        "TIME": "19:21",
        "MXI": "-10,97 kA.",
        "STR": "0",
        "SMA": "0,184 Km.",
        "SMI": "0,13800003 Km.",
        "CHI": "0,5",
        "metvlc_time_utc": "2026-09-28T17:21:00+00:00",
        "metvlc_time_source": "date+time",
        "metvlc_has_real_time": true,
        "metvlc_captura_utc": "2026-09-28T20:33:42+00:00",
        "metvlc_last_seen_utc": "2026-09-28T20:33:42+00:00",
        "metvlc_fuente": "SIGIF/GVA Rayos 24h KMZ"
      },
      "geometry": {
        "type": "Point",
        "coordinates": [
          -1.1088,
          39.5435
        ]
      }
    },
    {
      "type": "Feature",
      "properties": {
        "name": "28/09/2026 19:21:13",
        "COORD": "-1,0644,39,5683",
        "DATE": "2026-09-28",
        "TIME": "19:21",
        "MXI": "-11,04 kA.",
        "STR": "0",
        "SMA": "0,16 Km.",
        "SMI": "0,14200006 Km.",
        "CHI": "0,3",
        "metvlc_time_utc": "2026-09-28T17:21:00+00:00",
        "metvlc_time_source": "date+time",
        "metvlc_has_real_time": true,
        "metvlc_captura_utc": "2026-09-28T20:33:42+00:00",
        "metvlc_last_seen_utc": "2026-09-28T20:33:42+00:00",
        "metvlc_fuente": "SIGIF/GVA Rayos 24h KMZ"
      },
      "geometry": {
        "type": "Point",
        "coordinates": [
          -1.0644,
          39.5683
        ]
      }
    },
    {
      "type": "Feature",
      "properties": {
        "name": "28/09/2026 19:22:04",
        "COORD": "-1,118,39,3038",
        "DATE": "2026-09-28",
        "TIME": "19:22",
        "MXI": "-13,1 kA.",
        "STR": "0",
        "SMA": "0,18 Km.",
        "SMI": "0,12999995 Km.",
        "CHI": "0,4",
        "metvlc_time_utc": "2026-09-28T17:22:00+00:00",
        "metvlc_time_source": "date+time",
        "metvlc_has_real_time": true,
        "metvlc_captura_utc": "2026-09-28T20:33:42+00:00",
        "metvlc_last_seen_utc": "2026-09-28T20:33:42+00:00",
        "metvlc_fuente": "SIGIF/GVA Rayos 24h KMZ"
      },
      "geometry": {
        "type": "Point",
        "coordinates": [
          -1.118,
          39.3038
        ]
      }
    },
    {
      "type": "Feature",
      "properties": {
        "name": "28/09/2026 19:22:04",
        "COORD": "-1,1187,39,306",
        "DATE": "2026-09-28",
        "TIME": "19:22",
        "MXI": "-5,48 kA.",
        "STR": "0",
        "SMA": "0,376 Km.",
        "SMI": "0,21799995 Km.",
        "CHI": "2,1",
        "metvlc_time_utc": "2026-09-28T17:22:00+00:00",
        "metvlc_time_source": "date+time",
        "metvlc_has_real_time": true,
        "metvlc_captura_utc": "2026-09-28T20:33:42+00:00",
        "metvlc_last_seen_utc": "2026-09-28T20:33:42+00:00",
        "metvlc_fuente": "SIGIF/GVA Rayos 24h KMZ"
      },
      "geometry": {
        "type": "Point",
        "coordinates": [
          -1.1187,
          39.306
        ]
      }
    },
    {
      "type": "Feature",
      "properties": {
        "name": "28/09/2026 19:22:07",
        "COORD": "-1,117,39,637",
        "DATE": "2026-09-28",
        "TIME": "19:22",
        "MXI": "-67,55 kA.",
        "STR": "0",
        "SMA": "0,164 Km.",
        "SMI": "0,129 Km.",
        "CHI": "1,4",
        "metvlc_time_utc": "2026-09-28T17:22:00+00:00",
        "metvlc_time_source": "date+time",
        "metvlc_has_real_time": true,
        "metvlc_captura_utc": "2026-09-28T20:33:42+00:00",
        "metvlc_last_seen_utc": "2026-09-28T20:33:42+00:00",
        "metvlc_fuente": "SIGIF/GVA Rayos 24h KMZ"
      },
      "geometry": {
        "type": "Point",
        "coordinates": [
          -1.117,
          39.637
        ]
      }
    },
    {
      "type": "Feature",
      "properties": {
        "name": "28/09/2026 19:22:08",
        "COORD": "-1,117,39,6377",
        "DATE": "2026-09-28",
        "TIME": "19:22",
        "MXI": "-20,64 kA.",
        "STR": "0",
        "SMA": "0,169 Km.",
        "SMI": "0,12599999 Km.",
        "CHI": "0,4",
        "metvlc_time_utc": "2026-09-28T17:22:00+00:00",
        "metvlc_time_source": "date+time",
        "metvlc_has_real_time": true,
        "metvlc_captura_utc": "2026-09-28T20:33:42+00:00",
        "metvlc_last_seen_utc": "2026-09-28T20:33:42+00:00",
        "metvlc_fuente": "SIGIF/GVA Rayos 24h KMZ"
      },
      "geometry": {
        "type": "Point",
        "coordinates": [
          -1.117,
          39.6377
        ]
      }
    },
    {
      "type": "Feature",
      "properties": {
        "name": "28/09/2026 19:22:08",
        "COORD": "-1,1171,39,6372",
        "DATE": "2026-09-28",
        "TIME": "19:22",
        "MXI": "-43,75 kA.",
        "STR": "0",
        "SMA": "0,166 Km.",
        "SMI": "0,13000001 Km.",
        "CHI": "1,3",
        "metvlc_time_utc": "2026-09-28T17:22:00+00:00",
        "metvlc_time_source": "date+time",
        "metvlc_has_real_time": true,
        "metvlc_captura_utc": "2026-09-28T20:33:42+00:00",
        "metvlc_last_seen_utc": "2026-09-28T20:33:42+00:00",
        "metvlc_fuente": "SIGIF/GVA Rayos 24h KMZ"
      },
      "geometry": {
        "type": "Point",
        "coordinates": [
          -1.1171,
          39.6372
        ]
      }
    },
    {
      "type": "Feature",
      "properties": {
        "name": "28/09/2026 19:22:08",
        "COORD": "-1,1174,39,6372",
        "DATE": "2026-09-28",
        "TIME": "19:22",
        "MXI": "-27,22 kA.",
        "STR": "0",
        "SMA": "0,164 Km.",
        "SMI": "0,11999997 Km.",
        "CHI": "0,7",
        "metvlc_time_utc": "2026-09-28T17:22:00+00:00",
        "metvlc_time_source": "date+time",
        "metvlc_has_real_time": true,
        "metvlc_captura_utc": "2026-09-28T20:33:42+00:00",
        "metvlc_last_seen_utc": "2026-09-28T20:33:42+00:00",
        "metvlc_fuente": "SIGIF/GVA Rayos 24h KMZ"
      },
      "geometry": {
        "type": "Point",
        "coordinates": [
          -1.1174,
          39.6372
        ]
      }
    },
    {
      "type": "Feature",
      "properties": {
        "name": "28/09/2026 19:22:08",
        "COORD": "-1,0352,39,6804",
        "DATE": "2026-09-28",
        "TIME": "19:22",
        "MXI": "-3,65 kA.",
        "STR": "0",
        "SMA": "4,013 Km.",
        "SMI": "0,429 Km.",
        "CHI": "0",
        "metvlc_time_utc": "2026-09-28T17:22:00+00:00",
        "metvlc_time_source": "date+time",
        "metvlc_has_real_time": true,
        "metvlc_captura_utc": "2026-09-28T20:33:42+00:00",
        "metvlc_last_seen_utc": "2026-09-28T20:33:42+00:00",
        "metvlc_fuente": "SIGIF/GVA Rayos 24h KMZ"
      },
      "geometry": {
        "type": "Point",
        "coordinates": [
          -1.0352,
          39.6804
        ]
      }
    },
    {
      "type": "Feature",
      "properties": {
        "name": "28/09/2026 19:22:08",
        "COORD": "-1,1434,39,6831",
        "DATE": "2026-09-28",
        "TIME": "19:22",
        "MXI": "-7,09 kA.",
        "STR": "0",
        "SMA": "0,225 Km.",
        "SMI": "0,17900002 Km.",
        "CHI": "0,1",
        "metvlc_time_utc": "2026-09-28T17:22:00+00:00",
        "metvlc_time_source": "date+time",
        "metvlc_has_real_time": true,
        "metvlc_captura_utc": "2026-09-28T20:33:42+00:00",
        "metvlc_last_seen_utc": "2026-09-28T20:33:42+00:00",
        "metvlc_fuente": "SIGIF/GVA Rayos 24h KMZ"
      },
      "geometry": {
        "type": "Point",
        "coordinates": [
          -1.1434,
          39.6831
        ]
      }
    },
    {
      "type": "Feature",
      "properties": {
        "name": "28/09/2026 19:22:27",
        "COORD": "-1,1268,39,708",
        "DATE": "2026-09-28",
        "TIME": "19:22",
        "MXI": "22,55 kA.",
        "STR": "0",
        "SMA": "0,176 Km.",
        "SMI": "0,13699995 Km.",
        "CHI": "1,6",
        "metvlc_time_utc": "2026-09-28T17:22:00+00:00",
        "metvlc_time_source": "date+time",
        "metvlc_has_real_time": true,
        "metvlc_captura_utc": "2026-09-28T20:33:42+00:00",
        "metvlc_last_seen_utc": "2026-09-28T20:33:42+00:00",
        "metvlc_fuente": "SIGIF/GVA Rayos 24h KMZ"
      },
      "geometry": {
        "type": "Point",
        "coordinates": [
          -1.1268,
          39.708
        ]
      }
    },
    {
      "type": "Feature",
      "properties": {
        "name": "28/09/2026 19:22:41",
        "COORD": "-1,1337,39,6751",
        "DATE": "2026-09-28",
        "TIME": "19:22",
        "MXI": "-19,41 kA.",
        "STR": "0",
        "SMA": "0,162 Km.",
        "SMI": "0,129 Km.",
        "CHI": "0,6",
        "metvlc_time_utc": "2026-09-28T17:22:00+00:00",
        "metvlc_time_source": "date+time",
        "metvlc_has_real_time": true,
        "metvlc_captura_utc": "2026-09-28T20:33:42+00:00",
        "metvlc_last_seen_utc": "2026-09-28T20:33:42+00:00",
        "metvlc_fuente": "SIGIF/GVA Rayos 24h KMZ"
      },
      "geometry": {
        "type": "Point",
        "coordinates": [
          -1.1337,
          39.6751
        ]
      }
    },
    {
      "type": "Feature",
      "properties": {
        "name": "28/09/2026 19:22:41",
        "COORD": "-1,1243,39,6461",
        "DATE": "2026-09-28",
        "TIME": "19:22",
        "MXI": "-22,41 kA.",
        "STR": "0",
        "SMA": "0,164 Km.",
        "SMI": "0,13100006 Km.",
        "CHI": "0,4",
        "metvlc_time_utc": "2026-09-28T17:22:00+00:00",
        "metvlc_time_source": "date+time",
        "metvlc_has_real_time": true,
        "metvlc_captura_utc": "2026-09-28T20:33:42+00:00",
        "metvlc_last_seen_utc": "2026-09-28T20:33:42+00:00",
        "metvlc_fuente": "SIGIF/GVA Rayos 24h KMZ"
      },
      "geometry": {
        "type": "Point",
        "coordinates": [
          -1.1243,
          39.6461
        ]
      }
    },
    {
      "type": "Feature",
      "properties": {
        "name": "28/09/2026 19:22:51",
        "COORD": "-1,0863,39,6737",
        "DATE": "2026-09-28",
        "TIME": "19:22",
        "MXI": "-6,2 kA.",
        "STR": "0",
        "SMA": "3,933 Km.",
        "SMI": "0,443 Km.",
        "CHI": "0,2",
        "metvlc_time_utc": "2026-09-28T17:22:00+00:00",
        "metvlc_time_source": "date+time",
        "metvlc_has_real_time": true,
        "metvlc_captura_utc": "2026-09-28T20:33:42+00:00",
        "metvlc_last_seen_utc": "2026-09-28T20:33:42+00:00",
        "metvlc_fuente": "SIGIF/GVA Rayos 24h KMZ"
      },
      "geometry": {
        "type": "Point",
        "coordinates": [
          -1.0863,
          39.6737
        ]
      }
    },
    {
      "type": "Feature",
      "properties": {
        "name": "28/09/2026 19:22:57",
        "COORD": "-1,0695,39,56",
        "DATE": "2026-09-28",
        "TIME": "19:22",
        "MXI": "-11,29 kA.",
        "STR": "0",
        "SMA": "0,162 Km.",
        "SMI": "0,13 Km.",
        "CHI": "0,6",
        "metvlc_time_utc": "2026-09-28T17:22:00+00:00",
        "metvlc_time_source": "date+time",
        "metvlc_has_real_time": true,
        "metvlc_captura_utc": "2026-09-28T20:33:42+00:00",
        "metvlc_last_seen_utc": "2026-09-28T20:33:42+00:00",
        "metvlc_fuente": "SIGIF/GVA Rayos 24h KMZ"
      },
      "geometry": {
        "type": "Point",
        "coordinates": [
          -1.0695,
          39.56
        ]
      }
    },
    {
      "type": "Feature",
      "properties": {
        "name": "28/09/2026 19:22:57",
        "COORD": "-1,0749,39,5651",
        "DATE": "2026-09-28",
        "TIME": "19:22",
        "MXI": "-23,86 kA.",
        "STR": "0",
        "SMA": "0,161 Km.",
        "SMI": "0,12699994 Km.",
        "CHI": "0,7",
        "metvlc_time_utc": "2026-09-28T17:22:00+00:00",
        "metvlc_time_source": "date+time",
        "metvlc_has_real_time": true,
        "metvlc_captura_utc": "2026-09-28T20:33:42+00:00",
        "metvlc_last_seen_utc": "2026-09-28T20:33:42+00:00",
        "metvlc_fuente": "SIGIF/GVA Rayos 24h KMZ"
      },
      "geometry": {
        "type": "Point",
        "coordinates": [
          -1.0749,
          39.5651
        ]
      }
    },
    {
      "type": "Feature",
      "properties": {
        "name": "28/09/2026 19:23:04",
        "COORD": "-1,1215,39,3381",
        "DATE": "2026-09-28",
        "TIME": "19:23",
        "MXI": "-23,58 kA.",
        "STR": "0",
        "SMA": "0,173 Km.",
        "SMI": "0,12900002 Km.",
        "CHI": "0,6",
        "metvlc_time_utc": "2026-09-28T17:23:00+00:00",
        "metvlc_time_source": "date+time",
        "metvlc_has_real_time": true,
        "metvlc_captura_utc": "2026-09-28T20:33:42+00:00",
        "metvlc_last_seen_utc": "2026-09-28T20:33:42+00:00",
        "metvlc_fuente": "SIGIF/GVA Rayos 24h KMZ"
      },
      "geometry": {
        "type": "Point",
        "coordinates": [
          -1.1215,
          39.3381
        ]
      }
    },
    {
      "type": "Feature",
      "properties": {
        "name": "28/09/2026 19:23:10",
        "COORD": "-1,1223,39,6517",
        "DATE": "2026-09-28",
        "TIME": "19:23",
        "MXI": "-43,62 kA.",
        "STR": "0",
        "SMA": "0,164 Km.",
        "SMI": "0,12999995 Km.",
        "CHI": "1,1",
        "metvlc_time_utc": "2026-09-28T17:23:00+00:00",
        "metvlc_time_source": "date+time",
        "metvlc_has_real_time": true,
        "metvlc_captura_utc": "2026-09-28T20:33:42+00:00",
        "metvlc_last_seen_utc": "2026-09-28T20:33:42+00:00",
        "metvlc_fuente": "SIGIF/GVA Rayos 24h KMZ"
      },
      "geometry": {
        "type": "Point",
        "coordinates": [
          -1.1223,
          39.6517
        ]
      }
    },
    {
      "type": "Feature",
      "properties": {
        "name": "28/09/2026 19:23:10",
        "COORD": "-1,1226,39,652",
        "DATE": "2026-09-28",
        "TIME": "19:23",
        "MXI": "-41,78 kA.",
        "STR": "0",
        "SMA": "0,16 Km.",
        "SMI": "0,12900001 Km.",
        "CHI": "0,9",
        "metvlc_time_utc": "2026-09-28T17:23:00+00:00",
        "metvlc_time_source": "date+time",
        "metvlc_has_real_time": true,
        "metvlc_captura_utc": "2026-09-28T20:33:42+00:00",
        "metvlc_last_seen_utc": "2026-09-28T20:33:42+00:00",
        "metvlc_fuente": "SIGIF/GVA Rayos 24h KMZ"
      },
      "geometry": {
        "type": "Point",
        "coordinates": [
          -1.1226,
          39.652
        ]
      }
    },
    {
      "type": "Feature",
      "properties": {
        "name": "28/09/2026 19:23:10",
        "COORD": "-1,1225,39,6513",
        "DATE": "2026-09-28",
        "TIME": "19:23",
        "MXI": "-28,33 kA.",
        "STR": "0",
        "SMA": "0,162 Km.",
        "SMI": "0,129 Km.",
        "CHI": "0,8",
        "metvlc_time_utc": "2026-09-28T17:23:00+00:00",
        "metvlc_time_source": "date+time",
        "metvlc_has_real_time": true,
        "metvlc_captura_utc": "2026-09-28T20:33:42+00:00",
        "metvlc_last_seen_utc": "2026-09-28T20:33:42+00:00",
        "metvlc_fuente": "SIGIF/GVA Rayos 24h KMZ"
      },
      "geometry": {
        "type": "Point",
        "coordinates": [
          -1.1225,
          39.6513
        ]
      }
    },
    {
      "type": "Feature",
      "properties": {
        "name": "28/09/2026 19:23:10",
        "COORD": "-1,1223,39,6526",
        "DATE": "2026-09-28",
        "TIME": "19:23",
        "MXI": "-7,77 kA.",
        "STR": "0",
        "SMA": "0,222 Km.",
        "SMI": "0,18000005 Km.",
        "CHI": "0,3",
        "metvlc_time_utc": "2026-09-28T17:23:00+00:00",
        "metvlc_time_source": "date+time",
        "metvlc_has_real_time": true,
        "metvlc_captura_utc": "2026-09-28T20:33:42+00:00",
        "metvlc_last_seen_utc": "2026-09-28T20:33:42+00:00",
        "metvlc_fuente": "SIGIF/GVA Rayos 24h KMZ"
      },
      "geometry": {
        "type": "Point",
        "coordinates": [
          -1.1223,
          39.6526
        ]
      }
    },
    {
      "type": "Feature",
      "properties": {
        "name": "28/09/2026 19:23:10",
        "COORD": "-1,1226,39,6519",
        "DATE": "2026-09-28",
        "TIME": "19:23",
        "MXI": "-10,99 kA.",
        "STR": "0",
        "SMA": "0,185 Km.",
        "SMI": "0,13200001 Km.",
        "CHI": "0,3",
        "metvlc_time_utc": "2026-09-28T17:23:00+00:00",
        "metvlc_time_source": "date+time",
        "metvlc_has_real_time": true,
        "metvlc_captura_utc": "2026-09-28T20:33:42+00:00",
        "metvlc_last_seen_utc": "2026-09-28T20:33:42+00:00",
        "metvlc_fuente": "SIGIF/GVA Rayos 24h KMZ"
      },
      "geometry": {
        "type": "Point",
        "coordinates": [
          -1.1226,
          39.6519
        ]
      }
    },
    {
      "type": "Feature",
      "properties": {
        "name": "28/09/2026 19:23:51",
        "COORD": "-1,1318,39,6778",
        "DATE": "2026-09-28",
        "TIME": "19:23",
        "MXI": "-13,45 kA.",
        "STR": "0",
        "SMA": "0,16 Km.",
        "SMI": "0,13000001 Km.",
        "CHI": "0,3",
        "metvlc_time_utc": "2026-09-28T17:23:00+00:00",
        "metvlc_time_source": "date+time",
        "metvlc_has_real_time": true,
        "metvlc_captura_utc": "2026-09-28T20:33:42+00:00",
        "metvlc_last_seen_utc": "2026-09-28T20:33:42+00:00",
        "metvlc_fuente": "SIGIF/GVA Rayos 24h KMZ"
      },
      "geometry": {
        "type": "Point",
        "coordinates": [
          -1.1318,
          39.6778
        ]
      }
    },
    {
      "type": "Feature",
      "properties": {
        "name": "28/09/2026 19:23:51",
        "COORD": "-1,1251,39,6716",
        "DATE": "2026-09-28",
        "TIME": "19:23",
        "MXI": "-21,22 kA.",
        "STR": "0",
        "SMA": "0,163 Km.",
        "SMI": "0,129 Km.",
        "CHI": "0,6",
        "metvlc_time_utc": "2026-09-28T17:23:00+00:00",
        "metvlc_time_source": "date+time",
        "metvlc_has_real_time": true,
        "metvlc_captura_utc": "2026-09-28T20:33:42+00:00",
        "metvlc_last_seen_utc": "2026-09-28T20:33:42+00:00",
        "metvlc_fuente": "SIGIF/GVA Rayos 24h KMZ"
      },
      "geometry": {
        "type": "Point",
        "coordinates": [
          -1.1251,
          39.6716
        ]
      }
    },
    {
      "type": "Feature",
      "properties": {
        "name": "28/09/2026 19:23:51",
        "COORD": "-1,1317,39,6738",
        "DATE": "2026-09-28",
        "TIME": "19:23",
        "MXI": "-16,93 kA.",
        "STR": "0",
        "SMA": "0,16 Km.",
        "SMI": "0,13000001 Km.",
        "CHI": "0,4",
        "metvlc_time_utc": "2026-09-28T17:23:00+00:00",
        "metvlc_time_source": "date+time",
        "metvlc_has_real_time": true,
        "metvlc_captura_utc": "2026-09-28T20:33:42+00:00",
        "metvlc_last_seen_utc": "2026-09-28T20:33:42+00:00",
        "metvlc_fuente": "SIGIF/GVA Rayos 24h KMZ"
      },
      "geometry": {
        "type": "Point",
        "coordinates": [
          -1.1317,
          39.6738
        ]
      }
    },
    {
      "type": "Feature",
      "properties": {
        "name": "28/09/2026 19:23:52",
        "COORD": "-1,1506,39,3822",
        "DATE": "2026-09-28",
        "TIME": "19:23",
        "MXI": "-11,06 kA.",
        "STR": "0",
        "SMA": "0,188 Km.",
        "SMI": "0,14100003 Km.",
        "CHI": "0,6",
        "metvlc_time_utc": "2026-09-28T17:23:00+00:00",
        "metvlc_time_source": "date+time",
        "metvlc_has_real_time": true,
        "metvlc_captura_utc": "2026-09-28T20:33:42+00:00",
        "metvlc_last_seen_utc": "2026-09-28T20:33:42+00:00",
        "metvlc_fuente": "SIGIF/GVA Rayos 24h KMZ"
      },
      "geometry": {
        "type": "Point",
        "coordinates": [
          -1.1506,
          39.3822
        ]
      }
    },
    {
      "type": "Feature",
      "properties": {
        "name": "28/09/2026 19:23:52",
        "COORD": "-1,1667,39,3758",
        "DATE": "2026-09-28",
        "TIME": "19:23",
        "MXI": "-20,53 kA.",
        "STR": "0",
        "SMA": "0,168 Km.",
        "SMI": "0,12600003 Km.",
        "CHI": "1,2",
        "metvlc_time_utc": "2026-09-28T17:23:00+00:00",
        "metvlc_time_source": "date+time",
        "metvlc_has_real_time": true,
        "metvlc_captura_utc": "2026-09-28T20:33:42+00:00",
        "metvlc_last_seen_utc": "2026-09-28T20:33:42+00:00",
        "metvlc_fuente": "SIGIF/GVA Rayos 24h KMZ"
      },
      "geometry": {
        "type": "Point",
        "coordinates": [
          -1.1667,
          39.3758
        ]
      }
    },
    {
      "type": "Feature",
      "properties": {
        "name": "28/09/2026 19:23:52",
        "COORD": "-1,1668,39,3753",
        "DATE": "2026-09-28",
        "TIME": "19:23",
        "MXI": "-25,2 kA.",
        "STR": "0",
        "SMA": "0,165 Km.",
        "SMI": "0,12800005 Km.",
        "CHI": "0,7",
        "metvlc_time_utc": "2026-09-28T17:23:00+00:00",
        "metvlc_time_source": "date+time",
        "metvlc_has_real_time": true,
        "metvlc_captura_utc": "2026-09-28T20:33:42+00:00",
        "metvlc_last_seen_utc": "2026-09-28T20:33:42+00:00",
        "metvlc_fuente": "SIGIF/GVA Rayos 24h KMZ"
      },
      "geometry": {
        "type": "Point",
        "coordinates": [
          -1.1668,
          39.3753
        ]
      }
    },
    {
      "type": "Feature",
      "properties": {
        "name": "28/09/2026 19:23:52",
        "COORD": "-1,1667,39,3755",
        "DATE": "2026-09-28",
        "TIME": "19:23",
        "MXI": "-30,46 kA.",
        "STR": "0",
        "SMA": "0,166 Km.",
        "SMI": "0,12700005 Km.",
        "CHI": "0,8",
        "metvlc_time_utc": "2026-09-28T17:23:00+00:00",
        "metvlc_time_source": "date+time",
        "metvlc_has_real_time": true,
        "metvlc_captura_utc": "2026-09-28T20:33:42+00:00",
        "metvlc_last_seen_utc": "2026-09-28T20:33:42+00:00",
        "metvlc_fuente": "SIGIF/GVA Rayos 24h KMZ"
      },
      "geometry": {
        "type": "Point",
        "coordinates": [
          -1.1667,
          39.3755
        ]
      }
    },
    {
      "type": "Feature",
      "properties": {
        "name": "28/09/2026 19:23:52",
        "COORD": "-1,1666,39,3752",
        "DATE": "2026-09-28",
        "TIME": "19:23",
        "MXI": "-29,86 kA.",
        "STR": "0",
        "SMA": "0,165 Km.",
        "SMI": "0,12599999 Km.",
        "CHI": "0,6",
        "metvlc_time_utc": "2026-09-28T17:23:00+00:00",
        "metvlc_time_source": "date+time",
        "metvlc_has_real_time": true,
        "metvlc_captura_utc": "2026-09-28T20:33:42+00:00",
        "metvlc_last_seen_utc": "2026-09-28T20:33:42+00:00",
        "metvlc_fuente": "SIGIF/GVA Rayos 24h KMZ"
      },
      "geometry": {
        "type": "Point",
        "coordinates": [
          -1.1666,
          39.3752
        ]
      }
    },
    {
      "type": "Feature",
      "properties": {
        "name": "28/09/2026 19:24:13",
        "COORD": "-1,1267,39,6659",
        "DATE": "2026-09-28",
        "TIME": "19:24",
        "MXI": "-23,2 kA.",
        "STR": "0",
        "SMA": "0,161 Km.",
        "SMI": "0,12999995 Km.",
        "CHI": "0,5",
        "metvlc_time_utc": "2026-09-28T17:24:00+00:00",
        "metvlc_time_source": "date+time",
        "metvlc_has_real_time": true,
        "metvlc_captura_utc": "2026-09-28T20:33:42+00:00",
        "metvlc_last_seen_utc": "2026-09-28T20:33:42+00:00",
        "metvlc_fuente": "SIGIF/GVA Rayos 24h KMZ"
      },
      "geometry": {
        "type": "Point",
        "coordinates": [
          -1.1267,
          39.6659
        ]
      }
    },
    {
      "type": "Feature",
      "properties": {
        "name": "28/09/2026 19:24:13",
        "COORD": "-1,1295,39,6718",
        "DATE": "2026-09-28",
        "TIME": "19:24",
        "MXI": "-10,93 kA.",
        "STR": "0",
        "SMA": "0,165 Km.",
        "SMI": "0,13400003 Km.",
        "CHI": "0,3",
        "metvlc_time_utc": "2026-09-28T17:24:00+00:00",
        "metvlc_time_source": "date+time",
        "metvlc_has_real_time": true,
        "metvlc_captura_utc": "2026-09-28T20:33:42+00:00",
        "metvlc_last_seen_utc": "2026-09-28T20:33:42+00:00",
        "metvlc_fuente": "SIGIF/GVA Rayos 24h KMZ"
      },
      "geometry": {
        "type": "Point",
        "coordinates": [
          -1.1295,
          39.6718
        ]
      }
    },
    {
      "type": "Feature",
      "properties": {
        "name": "28/09/2026 19:24:27",
        "COORD": "-1,1887,39,4568",
        "DATE": "2026-09-28",
        "TIME": "19:24",
        "MXI": "-26,75 kA.",
        "STR": "0",
        "SMA": "0,159 Km.",
        "SMI": "0,12299999 Km.",
        "CHI": "1",
        "metvlc_time_utc": "2026-09-28T17:24:00+00:00",
        "metvlc_time_source": "date+time",
        "metvlc_has_real_time": true,
        "metvlc_captura_utc": "2026-09-28T20:33:42+00:00",
        "metvlc_last_seen_utc": "2026-09-28T20:33:42+00:00",
        "metvlc_fuente": "SIGIF/GVA Rayos 24h KMZ"
      },
      "geometry": {
        "type": "Point",
        "coordinates": [
          -1.1887,
          39.4568
        ]
      }
    },
    {
      "type": "Feature",
      "properties": {
        "name": "28/09/2026 19:24:27",
        "COORD": "-1,19,39,4564",
        "DATE": "2026-09-28",
        "TIME": "19:24",
        "MXI": "-18,41 kA.",
        "STR": "0",
        "SMA": "0,16 Km.",
        "SMI": "0,12399995 Km.",
        "CHI": "0,7",
        "metvlc_time_utc": "2026-09-28T17:24:00+00:00",
        "metvlc_time_source": "date+time",
        "metvlc_has_real_time": true,
        "metvlc_captura_utc": "2026-09-28T20:33:42+00:00",
        "metvlc_last_seen_utc": "2026-09-28T20:33:42+00:00",
        "metvlc_fuente": "SIGIF/GVA Rayos 24h KMZ"
      },
      "geometry": {
        "type": "Point",
        "coordinates": [
          -1.19,
          39.4564
        ]
      }
    },
    {
      "type": "Feature",
      "properties": {
        "name": "28/09/2026 19:24:44",
        "COORD": "-1,1351,39,3544",
        "DATE": "2026-09-28",
        "TIME": "19:24",
        "MXI": "-8,56 kA.",
        "STR": "0",
        "SMA": "0,225 Km.",
        "SMI": "0,16599995 Km.",
        "CHI": "0,4",
        "metvlc_time_utc": "2026-09-28T17:24:00+00:00",
        "metvlc_time_source": "date+time",
        "metvlc_has_real_time": true,
        "metvlc_captura_utc": "2026-09-28T20:33:42+00:00",
        "metvlc_last_seen_utc": "2026-09-28T20:33:42+00:00",
        "metvlc_fuente": "SIGIF/GVA Rayos 24h KMZ"
      },
      "geometry": {
        "type": "Point",
        "coordinates": [
          -1.1351,
          39.3544
        ]
      }
    },
    {
      "type": "Feature",
      "properties": {
        "name": "28/09/2026 19:24:51",
        "COORD": "-1,0618,39,5658",
        "DATE": "2026-09-28",
        "TIME": "19:24",
        "MXI": "-13,57 kA.",
        "STR": "0",
        "SMA": "0,16 Km.",
        "SMI": "0,12700005 Km.",
        "CHI": "0,5",
        "metvlc_time_utc": "2026-09-28T17:24:00+00:00",
        "metvlc_time_source": "date+time",
        "metvlc_has_real_time": true,
        "metvlc_captura_utc": "2026-09-28T20:33:42+00:00",
        "metvlc_last_seen_utc": "2026-09-28T20:33:42+00:00",
        "metvlc_fuente": "SIGIF/GVA Rayos 24h KMZ"
      },
      "geometry": {
        "type": "Point",
        "coordinates": [
          -1.0618,
          39.5658
        ]
      }
    },
    {
      "type": "Feature",
      "properties": {
        "name": "28/09/2026 19:24:51",
        "COORD": "-1,0734,39,572",
        "DATE": "2026-09-28",
        "TIME": "19:24",
        "MXI": "-11,14 kA.",
        "STR": "0",
        "SMA": "0,159 Km.",
        "SMI": "0,12800005 Km.",
        "CHI": "0,5",
        "metvlc_time_utc": "2026-09-28T17:24:00+00:00",
        "metvlc_time_source": "date+time",
        "metvlc_has_real_time": true,
        "metvlc_captura_utc": "2026-09-28T20:33:42+00:00",
        "metvlc_last_seen_utc": "2026-09-28T20:33:42+00:00",
        "metvlc_fuente": "SIGIF/GVA Rayos 24h KMZ"
      },
      "geometry": {
        "type": "Point",
        "coordinates": [
          -1.0734,
          39.572
        ]
      }
    },
    {
      "type": "Feature",
      "properties": {
        "name": "28/09/2026 19:25:00",
        "COORD": "-1,1276,39,6885",
        "DATE": "2026-09-28",
        "TIME": "19:25",
        "MXI": "-12,87 kA.",
        "STR": "0",
        "SMA": "0,165 Km.",
        "SMI": "0,13100001 Km.",
        "CHI": "0,2",
        "metvlc_time_utc": "2026-09-28T17:25:00+00:00",
        "metvlc_time_source": "date+time",
        "metvlc_has_real_time": true,
        "metvlc_captura_utc": "2026-09-28T20:33:42+00:00",
        "metvlc_last_seen_utc": "2026-09-28T20:33:42+00:00",
        "metvlc_fuente": "SIGIF/GVA Rayos 24h KMZ"
      },
      "geometry": {
        "type": "Point",
        "coordinates": [
          -1.1276,
          39.6885
        ]
      }
    },
    {
      "type": "Feature",
      "properties": {
        "name": "28/09/2026 19:25:00",
        "COORD": "-1,1309,39,686",
        "DATE": "2026-09-28",
        "TIME": "19:25",
        "MXI": "-16,62 kA.",
        "STR": "0",
        "SMA": "0,16 Km.",
        "SMI": "0,12000003 Km.",
        "CHI": "0,4",
        "metvlc_time_utc": "2026-09-28T17:25:00+00:00",
        "metvlc_time_source": "date+time",
        "metvlc_has_real_time": true,
        "metvlc_captura_utc": "2026-09-28T20:33:42+00:00",
        "metvlc_last_seen_utc": "2026-09-28T20:33:42+00:00",
        "metvlc_fuente": "SIGIF/GVA Rayos 24h KMZ"
      },
      "geometry": {
        "type": "Point",
        "coordinates": [
          -1.1309,
          39.686
        ]
      }
    },
    {
      "type": "Feature",
      "properties": {
        "name": "28/09/2026 19:25:00",
        "COORD": "-1,149,39,6398",
        "DATE": "2026-09-28",
        "TIME": "19:25",
        "MXI": "-12,1 kA.",
        "STR": "0",
        "SMA": "0,165 Km.",
        "SMI": "0,13100001 Km.",
        "CHI": "0,4",
        "metvlc_time_utc": "2026-09-28T17:25:00+00:00",
        "metvlc_time_source": "date+time",
        "metvlc_has_real_time": true,
        "metvlc_captura_utc": "2026-09-28T20:33:42+00:00",
        "metvlc_last_seen_utc": "2026-09-28T20:33:42+00:00",
        "metvlc_fuente": "SIGIF/GVA Rayos 24h KMZ"
      },
      "geometry": {
        "type": "Point",
        "coordinates": [
          -1.149,
          39.6398
        ]
      }
    },
    {
      "type": "Feature",
      "properties": {
        "name": "28/09/2026 19:25:24",
        "COORD": "-1,1098,39,3411",
        "DATE": "2026-09-28",
        "TIME": "19:25",
        "MXI": "15,35 kA.",
        "STR": "0",
        "SMA": "0,226 Km.",
        "SMI": "0,17999993 Km.",
        "CHI": "1,4",
        "metvlc_time_utc": "2026-09-28T17:25:00+00:00",
        "metvlc_time_source": "date+time",
        "metvlc_has_real_time": true,
        "metvlc_captura_utc": "2026-09-28T20:33:42+00:00",
        "metvlc_last_seen_utc": "2026-09-28T20:33:42+00:00",
        "metvlc_fuente": "SIGIF/GVA Rayos 24h KMZ"
      },
      "geometry": {
        "type": "Point",
        "coordinates": [
          -1.1098,
          39.3411
        ]
      }
    },
    {
      "type": "Feature",
      "properties": {
        "name": "28/09/2026 19:25:24",
        "COORD": "-1,1127,39,3517",
        "DATE": "2026-09-28",
        "TIME": "19:25",
        "MXI": "16,67 kA.",
        "STR": "0",
        "SMA": "0,182 Km.",
        "SMI": "0,13799995 Km.",
        "CHI": "0,6",
        "metvlc_time_utc": "2026-09-28T17:25:00+00:00",
        "metvlc_time_source": "date+time",
        "metvlc_has_real_time": true,
        "metvlc_captura_utc": "2026-09-28T20:33:42+00:00",
        "metvlc_last_seen_utc": "2026-09-28T20:33:42+00:00",
        "metvlc_fuente": "SIGIF/GVA Rayos 24h KMZ"
      },
      "geometry": {
        "type": "Point",
        "coordinates": [
          -1.1127,
          39.3517
        ]
      }
    },
    {
      "type": "Feature",
      "properties": {
        "name": "28/09/2026 19:25:48",
        "COORD": "-1,1229,39,6842",
        "DATE": "2026-09-28",
        "TIME": "19:25",
        "MXI": "-40,77 kA.",
        "STR": "0",
        "SMA": "0,153 Km.",
        "SMI": "0,134 Km.",
        "CHI": "0,6",
        "metvlc_time_utc": "2026-09-28T17:25:00+00:00",
        "metvlc_time_source": "date+time",
        "metvlc_has_real_time": true,
        "metvlc_captura_utc": "2026-09-28T20:33:42+00:00",
        "metvlc_last_seen_utc": "2026-09-28T20:33:42+00:00",
        "metvlc_fuente": "SIGIF/GVA Rayos 24h KMZ"
      },
      "geometry": {
        "type": "Point",
        "coordinates": [
          -1.1229,
          39.6842
        ]
      }
    },
    {
      "type": "Feature",
      "properties": {
        "name": "28/09/2026 19:25:48",
        "COORD": "-1,1232,39,6834",
        "DATE": "2026-09-28",
        "TIME": "19:25",
        "MXI": "-31,88 kA.",
        "STR": "0",
        "SMA": "0,184 Km.",
        "SMI": "0,13200003 Km.",
        "CHI": "1,1",
        "metvlc_time_utc": "2026-09-28T17:25:00+00:00",
        "metvlc_time_source": "date+time",
        "metvlc_has_real_time": true,
        "metvlc_captura_utc": "2026-09-28T20:33:42+00:00",
        "metvlc_last_seen_utc": "2026-09-28T20:33:42+00:00",
        "metvlc_fuente": "SIGIF/GVA Rayos 24h KMZ"
      },
      "geometry": {
        "type": "Point",
        "coordinates": [
          -1.1232,
          39.6834
        ]
      }
    },
    {
      "type": "Feature",
      "properties": {
        "name": "28/09/2026 19:25:48",
        "COORD": "-1,1231,39,6836",
        "DATE": "2026-09-28",
        "TIME": "19:25",
        "MXI": "-27,25 kA.",
        "STR": "0",
        "SMA": "0,162 Km.",
        "SMI": "0,128 Km.",
        "CHI": "0,8",
        "metvlc_time_utc": "2026-09-28T17:25:00+00:00",
        "metvlc_time_source": "date+time",
        "metvlc_has_real_time": true,
        "metvlc_captura_utc": "2026-09-28T20:33:42+00:00",
        "metvlc_last_seen_utc": "2026-09-28T20:33:42+00:00",
        "metvlc_fuente": "SIGIF/GVA Rayos 24h KMZ"
      },
      "geometry": {
        "type": "Point",
        "coordinates": [
          -1.1231,
          39.6836
        ]
      }
    },
    {
      "type": "Feature",
      "properties": {
        "name": "28/09/2026 19:25:48",
        "COORD": "-1,1227,39,6834",
        "DATE": "2026-09-28",
        "TIME": "19:25",
        "MXI": "-10,2 kA.",
        "STR": "0",
        "SMA": "0,186 Km.",
        "SMI": "0,14499997 Km.",
        "CHI": "0,4",
        "metvlc_time_utc": "2026-09-28T17:25:00+00:00",
        "metvlc_time_source": "date+time",
        "metvlc_has_real_time": true,
        "metvlc_captura_utc": "2026-09-28T20:33:42+00:00",
        "metvlc_last_seen_utc": "2026-09-28T20:33:42+00:00",
        "metvlc_fuente": "SIGIF/GVA Rayos 24h KMZ"
      },
      "geometry": {
        "type": "Point",
        "coordinates": [
          -1.1227,
          39.6834
        ]
      }
    },
    {
      "type": "Feature",
      "properties": {
        "name": "28/09/2026 19:25:48",
        "COORD": "-1,1235,39,6836",
        "DATE": "2026-09-28",
        "TIME": "19:25",
        "MXI": "-23,47 kA.",
        "STR": "0",
        "SMA": "0,16 Km.",
        "SMI": "0,13000001 Km.",
        "CHI": "0,7",
        "metvlc_time_utc": "2026-09-28T17:25:00+00:00",
        "metvlc_time_source": "date+time",
        "metvlc_has_real_time": true,
        "metvlc_captura_utc": "2026-09-28T20:33:42+00:00",
        "metvlc_last_seen_utc": "2026-09-28T20:33:42+00:00",
        "metvlc_fuente": "SIGIF/GVA Rayos 24h KMZ"
      },
      "geometry": {
        "type": "Point",
        "coordinates": [
          -1.1235,
          39.6836
        ]
      }
    },
    {
      "type": "Feature",
      "properties": {
        "name": "28/09/2026 19:25:48",
        "COORD": "-1,1279,39,6937",
        "DATE": "2026-09-28",
        "TIME": "19:25",
        "MXI": "-11,11 kA.",
        "STR": "0",
        "SMA": "0,161 Km.",
        "SMI": "0,13300003 Km.",
        "CHI": "0,4",
        "metvlc_time_utc": "2026-09-28T17:25:00+00:00",
        "metvlc_time_source": "date+time",
        "metvlc_has_real_time": true,
        "metvlc_captura_utc": "2026-09-28T20:33:42+00:00",
        "metvlc_last_seen_utc": "2026-09-28T20:33:42+00:00",
        "metvlc_fuente": "SIGIF/GVA Rayos 24h KMZ"
      },
      "geometry": {
        "type": "Point",
        "coordinates": [
          -1.1279,
          39.6937
        ]
      }
    },
    {
      "type": "Feature",
      "properties": {
        "name": "28/09/2026 19:26:09",
        "COORD": "-1,1107,39,5091",
        "DATE": "2026-09-28",
        "TIME": "19:26",
        "MXI": "-6,42 kA.",
        "STR": "0",
        "SMA": "0,314 Km.",
        "SMI": "0,18700005 Km.",
        "CHI": "0,8",
        "metvlc_time_utc": "2026-09-28T17:26:00+00:00",
        "metvlc_time_source": "date+time",
        "metvlc_has_real_time": true,
        "metvlc_captura_utc": "2026-09-28T20:33:42+00:00",
        "metvlc_last_seen_utc": "2026-09-28T20:33:42+00:00",
        "metvlc_fuente": "SIGIF/GVA Rayos 24h KMZ"
      },
      "geometry": {
        "type": "Point",
        "coordinates": [
          -1.1107,
          39.5091
        ]
      }
    },
    {
      "type": "Feature",
      "properties": {
        "name": "28/09/2026 19:26:14",
        "COORD": "-1,1813,39,3794",
        "DATE": "2026-09-28",
        "TIME": "19:26",
        "MXI": "-92,12 kA.",
        "STR": "0",
        "SMA": "0,165 Km.",
        "SMI": "0,125 Km.",
        "CHI": "1,3",
        "metvlc_time_utc": "2026-09-28T17:26:00+00:00",
        "metvlc_time_source": "date+time",
        "metvlc_has_real_time": true,
        "metvlc_captura_utc": "2026-09-28T20:33:42+00:00",
        "metvlc_last_seen_utc": "2026-09-28T20:33:42+00:00",
        "metvlc_fuente": "SIGIF/GVA Rayos 24h KMZ"
      },
      "geometry": {
        "type": "Point",
        "coordinates": [
          -1.1813,
          39.3794
        ]
      }
    },
    {
      "type": "Feature",
      "properties": {
        "name": "28/09/2026 19:26:14",
        "COORD": "-1,1817,39,379",
        "DATE": "2026-09-28",
        "TIME": "19:26",
        "MXI": "-30,87 kA.",
        "STR": "0",
        "SMA": "0,165 Km.",
        "SMI": "0,11899997 Km.",
        "CHI": "0,9",
        "metvlc_time_utc": "2026-09-28T17:26:00+00:00",
        "metvlc_time_source": "date+time",
        "metvlc_has_real_time": true,
        "metvlc_captura_utc": "2026-09-28T20:33:42+00:00",
        "metvlc_last_seen_utc": "2026-09-28T20:33:42+00:00",
        "metvlc_fuente": "SIGIF/GVA Rayos 24h KMZ"
      },
      "geometry": {
        "type": "Point",
        "coordinates": [
          -1.1817,
          39.379
        ]
      }
    },
    {
      "type": "Feature",
      "properties": {
        "name": "28/09/2026 19:26:14",
        "COORD": "-1,1817,39,3792",
        "DATE": "2026-09-28",
        "TIME": "19:26",
        "MXI": "-93,8 kA.",
        "STR": "0",
        "SMA": "0,129 Km.",
        "SMI": "0,09100002 Km.",
        "CHI": "0,8",
        "metvlc_time_utc": "2026-09-28T17:26:00+00:00",
        "metvlc_time_source": "date+time",
        "metvlc_has_real_time": true,
        "metvlc_captura_utc": "2026-09-28T20:33:42+00:00",
        "metvlc_last_seen_utc": "2026-09-28T20:33:42+00:00",
        "metvlc_fuente": "SIGIF/GVA Rayos 24h KMZ"
      },
      "geometry": {
        "type": "Point",
        "coordinates": [
          -1.1817,
          39.3792
        ]
      }
    },
    {
      "type": "Feature",
      "properties": {
        "name": "28/09/2026 19:26:14",
        "COORD": "-1,1823,39,3801",
        "DATE": "2026-09-28",
        "TIME": "19:26",
        "MXI": "-9,4 kA.",
        "STR": "0",
        "SMA": "0,219 Km.",
        "SMI": "0,13500002 Km.",
        "CHI": "0,6",
        "metvlc_time_utc": "2026-09-28T17:26:00+00:00",
        "metvlc_time_source": "date+time",
        "metvlc_has_real_time": true,
        "metvlc_captura_utc": "2026-09-28T20:33:42+00:00",
        "metvlc_last_seen_utc": "2026-09-28T20:33:42+00:00",
        "metvlc_fuente": "SIGIF/GVA Rayos 24h KMZ"
      },
      "geometry": {
        "type": "Point",
        "coordinates": [
          -1.1823,
          39.3801
        ]
      }
    },
    {
      "type": "Feature",
      "properties": {
        "name": "28/09/2026 19:26:27",
        "COORD": "-1,1213,39,6852",
        "DATE": "2026-09-28",
        "TIME": "19:26",
        "MXI": "-58,53 kA.",
        "STR": "0",
        "SMA": "0,154 Km.",
        "SMI": "0,128 Km.",
        "CHI": "0,9",
        "metvlc_time_utc": "2026-09-28T17:26:00+00:00",
        "metvlc_time_source": "date+time",
        "metvlc_has_real_time": true,
        "metvlc_captura_utc": "2026-09-28T20:33:42+00:00",
        "metvlc_last_seen_utc": "2026-09-28T20:33:42+00:00",
        "metvlc_fuente": "SIGIF/GVA Rayos 24h KMZ"
      },
      "geometry": {
        "type": "Point",
        "coordinates": [
          -1.1213,
          39.6852
        ]
      }
    },
    {
      "type": "Feature",
      "properties": {
        "name": "28/09/2026 19:26:27",
        "COORD": "-1,127,39,692",
        "DATE": "2026-09-28",
        "TIME": "19:26",
        "MXI": "-9,06 kA.",
        "STR": "0",
        "SMA": "0,178 Km.",
        "SMI": "0,16600002 Km.",
        "CHI": "0,1",
        "metvlc_time_utc": "2026-09-28T17:26:00+00:00",
        "metvlc_time_source": "date+time",
        "metvlc_has_real_time": true,
        "metvlc_captura_utc": "2026-09-28T20:33:42+00:00",
        "metvlc_last_seen_utc": "2026-09-28T20:33:42+00:00",
        "metvlc_fuente": "SIGIF/GVA Rayos 24h KMZ"
      },
      "geometry": {
        "type": "Point",
        "coordinates": [
          -1.127,
          39.692
        ]
      }
    },
    {
      "type": "Feature",
      "properties": {
        "name": "28/09/2026 19:26:27",
        "COORD": "-1,1287,39,6954",
        "DATE": "2026-09-28",
        "TIME": "19:26",
        "MXI": "-18,05 kA.",
        "STR": "0",
        "SMA": "0,161 Km.",
        "SMI": "0,13099997 Km.",
        "CHI": "0,6",
        "metvlc_time_utc": "2026-09-28T17:26:00+00:00",
        "metvlc_time_source": "date+time",
        "metvlc_has_real_time": true,
        "metvlc_captura_utc": "2026-09-28T20:33:42+00:00",
        "metvlc_last_seen_utc": "2026-09-28T20:33:42+00:00",
        "metvlc_fuente": "SIGIF/GVA Rayos 24h KMZ"
      },
      "geometry": {
        "type": "Point",
        "coordinates": [
          -1.1287,
          39.6954
        ]
      }
    },
    {
      "type": "Feature",
      "properties": {
        "name": "28/09/2026 19:26:27",
        "COORD": "-1,1278,39,6914",
        "DATE": "2026-09-28",
        "TIME": "19:26",
        "MXI": "-18,44 kA.",
        "STR": "0",
        "SMA": "0,163 Km.",
        "SMI": "0,13299999 Km.",
        "CHI": "0,8",
        "metvlc_time_utc": "2026-09-28T17:26:00+00:00",
        "metvlc_time_source": "date+time",
        "metvlc_has_real_time": true,
        "metvlc_captura_utc": "2026-09-28T20:33:42+00:00",
        "metvlc_last_seen_utc": "2026-09-28T20:33:42+00:00",
        "metvlc_fuente": "SIGIF/GVA Rayos 24h KMZ"
      },
      "geometry": {
        "type": "Point",
        "coordinates": [
          -1.1278,
          39.6914
        ]
      }
    },
    {
      "type": "Feature",
      "properties": {
        "name": "28/09/2026 19:26:27",
        "COORD": "-1,1277,39,6907",
        "DATE": "2026-09-28",
        "TIME": "19:26",
        "MXI": "-16,91 kA.",
        "STR": "0",
        "SMA": "0,162 Km.",
        "SMI": "0,13100001 Km.",
        "CHI": "0,6",
        "metvlc_time_utc": "2026-09-28T17:26:00+00:00",
        "metvlc_time_source": "date+time",
        "metvlc_has_real_time": true,
        "metvlc_captura_utc": "2026-09-28T20:33:42+00:00",
        "metvlc_last_seen_utc": "2026-09-28T20:33:42+00:00",
        "metvlc_fuente": "SIGIF/GVA Rayos 24h KMZ"
      },
      "geometry": {
        "type": "Point",
        "coordinates": [
          -1.1277,
          39.6907
        ]
      }
    },
    {
      "type": "Feature",
      "properties": {
        "name": "28/09/2026 19:26:27",
        "COORD": "-1,1253,39,695",
        "DATE": "2026-09-28",
        "TIME": "19:26",
        "MXI": "-10,59 kA.",
        "STR": "0",
        "SMA": "0,889 Km.",
        "SMI": "0,238 Km.",
        "CHI": "0,4",
        "metvlc_time_utc": "2026-09-28T17:26:00+00:00",
        "metvlc_time_source": "date+time",
        "metvlc_has_real_time": true,
        "metvlc_captura_utc": "2026-09-28T20:33:42+00:00",
        "metvlc_last_seen_utc": "2026-09-28T20:33:42+00:00",
        "metvlc_fuente": "SIGIF/GVA Rayos 24h KMZ"
      },
      "geometry": {
        "type": "Point",
        "coordinates": [
          -1.1253,
          39.695
        ]
      }
    },
    {
      "type": "Feature",
      "properties": {
        "name": "28/09/2026 19:26:45",
        "COORD": "-1,1387,39,4737",
        "DATE": "2026-09-28",
        "TIME": "19:26",
        "MXI": "-34,04 kA.",
        "STR": "0",
        "SMA": "0,162 Km.",
        "SMI": "0,12399996 Km.",
        "CHI": "0,9",
        "metvlc_time_utc": "2026-09-28T17:26:00+00:00",
        "metvlc_time_source": "date+time",
        "metvlc_has_real_time": true,
        "metvlc_captura_utc": "2026-09-28T20:33:42+00:00",
        "metvlc_last_seen_utc": "2026-09-28T20:33:42+00:00",
        "metvlc_fuente": "SIGIF/GVA Rayos 24h KMZ"
      },
      "geometry": {
        "type": "Point",
        "coordinates": [
          -1.1387,
          39.4737
        ]
      }
    },
    {
      "type": "Feature",
      "properties": {
        "name": "28/09/2026 19:27:12",
        "COORD": "-1,1344,39,3666",
        "DATE": "2026-09-28",
        "TIME": "19:27",
        "MXI": "-39,26 kA.",
        "STR": "0",
        "SMA": "0,169 Km.",
        "SMI": "0,12800005 Km.",
        "CHI": "1,1",
        "metvlc_time_utc": "2026-09-28T17:27:00+00:00",
        "metvlc_time_source": "date+time",
        "metvlc_has_real_time": true,
        "metvlc_captura_utc": "2026-09-28T20:33:42+00:00",
        "metvlc_last_seen_utc": "2026-09-28T20:33:42+00:00",
        "metvlc_fuente": "SIGIF/GVA Rayos 24h KMZ"
      },
      "geometry": {
        "type": "Point",
        "coordinates": [
          -1.1344,
          39.3666
        ]
      }
    },
    {
      "type": "Feature",
      "properties": {
        "name": "28/09/2026 19:27:20",
        "COORD": "-1,127,39,7002",
        "DATE": "2026-09-28",
        "TIME": "19:27",
        "MXI": "-12,87 kA.",
        "STR": "0",
        "SMA": "0,165 Km.",
        "SMI": "0,13100001 Km.",
        "CHI": "0,5",
        "metvlc_time_utc": "2026-09-28T17:27:00+00:00",
        "metvlc_time_source": "date+time",
        "metvlc_has_real_time": true,
        "metvlc_captura_utc": "2026-09-28T20:33:42+00:00",
        "metvlc_last_seen_utc": "2026-09-28T20:33:42+00:00",
        "metvlc_fuente": "SIGIF/GVA Rayos 24h KMZ"
      },
      "geometry": {
        "type": "Point",
        "coordinates": [
          -1.127,
          39.7002
        ]
      }
    },
    {
      "type": "Feature",
      "properties": {
        "name": "28/09/2026 19:27:20",
        "COORD": "-1,1365,39,6874",
        "DATE": "2026-09-28",
        "TIME": "19:27",
        "MXI": "-9,98 kA.",
        "STR": "0",
        "SMA": "0,168 Km.",
        "SMI": "0,16299996 Km.",
        "CHI": "0,4",
        "metvlc_time_utc": "2026-09-28T17:27:00+00:00",
        "metvlc_time_source": "date+time",
        "metvlc_has_real_time": true,
        "metvlc_captura_utc": "2026-09-28T20:33:42+00:00",
        "metvlc_last_seen_utc": "2026-09-28T20:33:42+00:00",
        "metvlc_fuente": "SIGIF/GVA Rayos 24h KMZ"
      },
      "geometry": {
        "type": "Point",
        "coordinates": [
          -1.1365,
          39.6874
        ]
      }
    },
    {
      "type": "Feature",
      "properties": {
        "name": "28/09/2026 19:27:20",
        "COORD": "-1,1287,39,7074",
        "DATE": "2026-09-28",
        "TIME": "19:27",
        "MXI": "-17,61 kA.",
        "STR": "0",
        "SMA": "0,149 Km.",
        "SMI": "0,13499998 Km.",
        "CHI": "0,2",
        "metvlc_time_utc": "2026-09-28T17:27:00+00:00",
        "metvlc_time_source": "date+time",
        "metvlc_has_real_time": true,
        "metvlc_captura_utc": "2026-09-28T20:33:42+00:00",
        "metvlc_last_seen_utc": "2026-09-28T20:33:42+00:00",
        "metvlc_fuente": "SIGIF/GVA Rayos 24h KMZ"
      },
      "geometry": {
        "type": "Point",
        "coordinates": [
          -1.1287,
          39.7074
        ]
      }
    },
    {
      "type": "Feature",
      "properties": {
        "name": "28/09/2026 19:27:20",
        "COORD": "-1,1282,39,6952",
        "DATE": "2026-09-28",
        "TIME": "19:27",
        "MXI": "-37,85 kA.",
        "STR": "0",
        "SMA": "0,16 Km.",
        "SMI": "0,131 Km.",
        "CHI": "0,9",
        "metvlc_time_utc": "2026-09-28T17:27:00+00:00",
        "metvlc_time_source": "date+time",
        "metvlc_has_real_time": true,
        "metvlc_captura_utc": "2026-09-28T20:33:42+00:00",
        "metvlc_last_seen_utc": "2026-09-28T20:33:42+00:00",
        "metvlc_fuente": "SIGIF/GVA Rayos 24h KMZ"
      },
      "geometry": {
        "type": "Point",
        "coordinates": [
          -1.1282,
          39.6952
        ]
      }
    },
    {
      "type": "Feature",
      "properties": {
        "name": "28/09/2026 19:27:51",
        "COORD": "-1,1809,39,2565",
        "DATE": "2026-09-28",
        "TIME": "19:27",
        "MXI": "-17,04 kA.",
        "STR": "0",
        "SMA": "0,173 Km.",
        "SMI": "0,13000003 Km.",
        "CHI": "0,7",
        "metvlc_time_utc": "2026-09-28T17:27:00+00:00",
        "metvlc_time_source": "date+time",
        "metvlc_has_real_time": true,
        "metvlc_captura_utc": "2026-09-28T20:33:42+00:00",
        "metvlc_last_seen_utc": "2026-09-28T20:33:42+00:00",
        "metvlc_fuente": "SIGIF/GVA Rayos 24h KMZ"
      },
      "geometry": {
        "type": "Point",
        "coordinates": [
          -1.1809,
          39.2565
        ]
      }
    },
    {
      "type": "Feature",
      "properties": {
        "name": "28/09/2026 19:27:51",
        "COORD": "-1,1808,39,2563",
        "DATE": "2026-09-28",
        "TIME": "19:27",
        "MXI": "-10,21 kA.",
        "STR": "0",
        "SMA": "0,173 Km.",
        "SMI": "0,13399997 Km.",
        "CHI": "0,3",
        "metvlc_time_utc": "2026-09-28T17:27:00+00:00",
        "metvlc_time_source": "date+time",
        "metvlc_has_real_time": true,
        "metvlc_captura_utc": "2026-09-28T20:33:42+00:00",
        "metvlc_last_seen_utc": "2026-09-28T20:33:42+00:00",
        "metvlc_fuente": "SIGIF/GVA Rayos 24h KMZ"
      },
      "geometry": {
        "type": "Point",
        "coordinates": [
          -1.1808,
          39.2563
        ]
      }
    },
    {
      "type": "Feature",
      "properties": {
        "name": "28/09/2026 19:28:08",
        "COORD": "-1,1194,39,6949",
        "DATE": "2026-09-28",
        "TIME": "19:28",
        "MXI": "-27,94 kA.",
        "STR": "0",
        "SMA": "0,161 Km.",
        "SMI": "0,12999995 Km.",
        "CHI": "0,9",
        "metvlc_time_utc": "2026-09-28T17:28:00+00:00",
        "metvlc_time_source": "date+time",
        "metvlc_has_real_time": true,
        "metvlc_captura_utc": "2026-09-28T20:33:42+00:00",
        "metvlc_last_seen_utc": "2026-09-28T20:33:42+00:00",
        "metvlc_fuente": "SIGIF/GVA Rayos 24h KMZ"
      },
      "geometry": {
        "type": "Point",
        "coordinates": [
          -1.1194,
          39.6949
        ]
      }
    },
    {
      "type": "Feature",
      "properties": {
        "name": "28/09/2026 19:28:08",
        "COORD": "-1,1208,39,6931",
        "DATE": "2026-09-28",
        "TIME": "19:28",
        "MXI": "-16,82 kA.",
        "STR": "0",
        "SMA": "0,162 Km.",
        "SMI": "0,13100001 Km.",
        "CHI": "0,5",
        "metvlc_time_utc": "2026-09-28T17:28:00+00:00",
        "metvlc_time_source": "date+time",
        "metvlc_has_real_time": true,
        "metvlc_captura_utc": "2026-09-28T20:33:42+00:00",
        "metvlc_last_seen_utc": "2026-09-28T20:33:42+00:00",
        "metvlc_fuente": "SIGIF/GVA Rayos 24h KMZ"
      },
      "geometry": {
        "type": "Point",
        "coordinates": [
          -1.1208,
          39.6931
        ]
      }
    },
    {
      "type": "Feature",
      "properties": {
        "name": "28/09/2026 19:28:08",
        "COORD": "-1,1271,39,6986",
        "DATE": "2026-09-28",
        "TIME": "19:28",
        "MXI": "-19,08 kA.",
        "STR": "0",
        "SMA": "0,163 Km.",
        "SMI": "0,13099998 Km.",
        "CHI": "0,3",
        "metvlc_time_utc": "2026-09-28T17:28:00+00:00",
        "metvlc_time_source": "date+time",
        "metvlc_has_real_time": true,
        "metvlc_captura_utc": "2026-09-28T20:33:42+00:00",
        "metvlc_last_seen_utc": "2026-09-28T20:33:42+00:00",
        "metvlc_fuente": "SIGIF/GVA Rayos 24h KMZ"
      },
      "geometry": {
        "type": "Point",
        "coordinates": [
          -1.1271,
          39.6986
        ]
      }
    },
    {
      "type": "Feature",
      "properties": {
        "name": "28/09/2026 19:28:08",
        "COORD": "-1,1154,39,6978",
        "DATE": "2026-09-28",
        "TIME": "19:28",
        "MXI": "-14,71 kA.",
        "STR": "0",
        "SMA": "0,158 Km.",
        "SMI": "0,12900004 Km.",
        "CHI": "0,5",
        "metvlc_time_utc": "2026-09-28T17:28:00+00:00",
        "metvlc_time_source": "date+time",
        "metvlc_has_real_time": true,
        "metvlc_captura_utc": "2026-09-28T20:33:42+00:00",
        "metvlc_last_seen_utc": "2026-09-28T20:33:42+00:00",
        "metvlc_fuente": "SIGIF/GVA Rayos 24h KMZ"
      },
      "geometry": {
        "type": "Point",
        "coordinates": [
          -1.1154,
          39.6978
        ]
      }
    },
    {
      "type": "Feature",
      "properties": {
        "name": "28/09/2026 19:28:08",
        "COORD": "-1,1156,39,6967",
        "DATE": "2026-09-28",
        "TIME": "19:28",
        "MXI": "-6,47 kA.",
        "STR": "0",
        "SMA": "0,44 Km.",
        "SMI": "0,19199997 Km.",
        "CHI": "0,2",
        "metvlc_time_utc": "2026-09-28T17:28:00+00:00",
        "metvlc_time_source": "date+time",
        "metvlc_has_real_time": true,
        "metvlc_captura_utc": "2026-09-28T20:33:42+00:00",
        "metvlc_last_seen_utc": "2026-09-28T20:33:42+00:00",
        "metvlc_fuente": "SIGIF/GVA Rayos 24h KMZ"
      },
      "geometry": {
        "type": "Point",
        "coordinates": [
          -1.1156,
          39.6967
        ]
      }
    },
    {
      "type": "Feature",
      "properties": {
        "name": "28/09/2026 19:28:36",
        "COORD": "-1,0695,39,5663",
        "DATE": "2026-09-28",
        "TIME": "19:28",
        "MXI": "-10,34 kA.",
        "STR": "0",
        "SMA": "0,171 Km.",
        "SMI": "0,15 Km.",
        "CHI": "0,5",
        "metvlc_time_utc": "2026-09-28T17:28:00+00:00",
        "metvlc_time_source": "date+time",
        "metvlc_has_real_time": true,
        "metvlc_captura_utc": "2026-09-28T20:33:42+00:00",
        "metvlc_last_seen_utc": "2026-09-28T20:33:42+00:00",
        "metvlc_fuente": "SIGIF/GVA Rayos 24h KMZ"
      },
      "geometry": {
        "type": "Point",
        "coordinates": [
          -1.0695,
          39.5663
        ]
      }
    },
    {
      "type": "Feature",
      "properties": {
        "name": "28/09/2026 19:28:36",
        "COORD": "-1,0665,39,5835",
        "DATE": "2026-09-28",
        "TIME": "19:28",
        "MXI": "-8,89 kA.",
        "STR": "0",
        "SMA": "0,177 Km.",
        "SMI": "0,15199997 Km.",
        "CHI": "0,5",
        "metvlc_time_utc": "2026-09-28T17:28:00+00:00",
        "metvlc_time_source": "date+time",
        "metvlc_has_real_time": true,
        "metvlc_captura_utc": "2026-09-28T20:33:42+00:00",
        "metvlc_last_seen_utc": "2026-09-28T20:33:42+00:00",
        "metvlc_fuente": "SIGIF/GVA Rayos 24h KMZ"
      },
      "geometry": {
        "type": "Point",
        "coordinates": [
          -1.0665,
          39.5835
        ]
      }
    },
    {
      "type": "Feature",
      "properties": {
        "name": "28/09/2026 19:28:36",
        "COORD": "-1,0693,39,5685",
        "DATE": "2026-09-28",
        "TIME": "19:28",
        "MXI": "-5,31 kA.",
        "STR": "0",
        "SMA": "0,496 Km.",
        "SMI": "0,22000004 Km.",
        "CHI": "0,8",
        "metvlc_time_utc": "2026-09-28T17:28:00+00:00",
        "metvlc_time_source": "date+time",
        "metvlc_has_real_time": true,
        "metvlc_captura_utc": "2026-09-28T20:33:42+00:00",
        "metvlc_last_seen_utc": "2026-09-28T20:33:42+00:00",
        "metvlc_fuente": "SIGIF/GVA Rayos 24h KMZ"
      },
      "geometry": {
        "type": "Point",
        "coordinates": [
          -1.0693,
          39.5685
        ]
      }
    },
    {
      "type": "Feature",
      "properties": {
        "name": "28/09/2026 19:28:36",
        "COORD": "-1,0697,39,5656",
        "DATE": "2026-09-28",
        "TIME": "19:28",
        "MXI": "-22,61 kA.",
        "STR": "0",
        "SMA": "0,155 Km.",
        "SMI": "0,12199999 Km.",
        "CHI": "0,7",
        "metvlc_time_utc": "2026-09-28T17:28:00+00:00",
        "metvlc_time_source": "date+time",
        "metvlc_has_real_time": true,
        "metvlc_captura_utc": "2026-09-28T20:33:42+00:00",
        "metvlc_last_seen_utc": "2026-09-28T20:33:42+00:00",
        "metvlc_fuente": "SIGIF/GVA Rayos 24h KMZ"
      },
      "geometry": {
        "type": "Point",
        "coordinates": [
          -1.0697,
          39.5656
        ]
      }
    },
    {
      "type": "Feature",
      "properties": {
        "name": "28/09/2026 19:28:36",
        "COORD": "-1,067,39,5877",
        "DATE": "2026-09-28",
        "TIME": "19:28",
        "MXI": "-30,73 kA.",
        "STR": "0",
        "SMA": "0,157 Km.",
        "SMI": "0,125 Km.",
        "CHI": "0,8",
        "metvlc_time_utc": "2026-09-28T17:28:00+00:00",
        "metvlc_time_source": "date+time",
        "metvlc_has_real_time": true,
        "metvlc_captura_utc": "2026-09-28T20:33:42+00:00",
        "metvlc_last_seen_utc": "2026-09-28T20:33:42+00:00",
        "metvlc_fuente": "SIGIF/GVA Rayos 24h KMZ"
      },
      "geometry": {
        "type": "Point",
        "coordinates": [
          -1.067,
          39.5877
        ]
      }
    },
    {
      "type": "Feature",
      "properties": {
        "name": "28/09/2026 19:28:37",
        "COORD": "-1,0671,39,5875",
        "DATE": "2026-09-28",
        "TIME": "19:28",
        "MXI": "-10,59 kA.",
        "STR": "0",
        "SMA": "0,174 Km.",
        "SMI": "0,13499998 Km.",
        "CHI": "0,3",
        "metvlc_time_utc": "2026-09-28T17:28:00+00:00",
        "metvlc_time_source": "date+time",
        "metvlc_has_real_time": true,
        "metvlc_captura_utc": "2026-09-28T20:33:42+00:00",
        "metvlc_last_seen_utc": "2026-09-28T20:33:42+00:00",
        "metvlc_fuente": "SIGIF/GVA Rayos 24h KMZ"
      },
      "geometry": {
        "type": "Point",
        "coordinates": [
          -1.0671,
          39.5875
        ]
      }
    },
    {
      "type": "Feature",
      "properties": {
        "name": "28/09/2026 19:28:42",
        "COORD": "-1,1135,39,3642",
        "DATE": "2026-09-28",
        "TIME": "19:28",
        "MXI": "-15,21 kA.",
        "STR": "0",
        "SMA": "0,175 Km.",
        "SMI": "0,13500004 Km.",
        "CHI": "0,5",
        "metvlc_time_utc": "2026-09-28T17:28:00+00:00",
        "metvlc_time_source": "date+time",
        "metvlc_has_real_time": true,
        "metvlc_captura_utc": "2026-09-28T20:33:42+00:00",
        "metvlc_last_seen_utc": "2026-09-28T20:33:42+00:00",
        "metvlc_fuente": "SIGIF/GVA Rayos 24h KMZ"
      },
      "geometry": {
        "type": "Point",
        "coordinates": [
          -1.1135,
          39.3642
        ]
      }
    },
    {
      "type": "Feature",
      "properties": {
        "name": "28/09/2026 19:28:42",
        "COORD": "-1,0951,39,3608",
        "DATE": "2026-09-28",
        "TIME": "19:28",
        "MXI": "-20,5 kA.",
        "STR": "0",
        "SMA": "0,181 Km.",
        "SMI": "0,13100003 Km.",
        "CHI": "0,6",
        "metvlc_time_utc": "2026-09-28T17:28:00+00:00",
        "metvlc_time_source": "date+time",
        "metvlc_has_real_time": true,
        "metvlc_captura_utc": "2026-09-28T20:33:42+00:00",
        "metvlc_last_seen_utc": "2026-09-28T20:33:42+00:00",
        "metvlc_fuente": "SIGIF/GVA Rayos 24h KMZ"
      },
      "geometry": {
        "type": "Point",
        "coordinates": [
          -1.0951,
          39.3608
        ]
      }
    },
    {
      "type": "Feature",
      "properties": {
        "name": "28/09/2026 19:28:42",
        "COORD": "-1,0953,39,3613",
        "DATE": "2026-09-28",
        "TIME": "19:28",
        "MXI": "-7,02 kA.",
        "STR": "0",
        "SMA": "0,231 Km.",
        "SMI": "0,17699997 Km.",
        "CHI": "0,5",
        "metvlc_time_utc": "2026-09-28T17:28:00+00:00",
        "metvlc_time_source": "date+time",
        "metvlc_has_real_time": true,
        "metvlc_captura_utc": "2026-09-28T20:33:42+00:00",
        "metvlc_last_seen_utc": "2026-09-28T20:33:42+00:00",
        "metvlc_fuente": "SIGIF/GVA Rayos 24h KMZ"
      },
      "geometry": {
        "type": "Point",
        "coordinates": [
          -1.0953,
          39.3613
        ]
      }
    },
    {
      "type": "Feature",
      "properties": {
        "name": "28/09/2026 19:29:19",
        "COORD": "-1,1264,39,3652",
        "DATE": "2026-09-28",
        "TIME": "19:29",
        "MXI": "-17,87 kA.",
        "STR": "0",
        "SMA": "0,176 Km.",
        "SMI": "0,13100004 Km.",
        "CHI": "0,7",
        "metvlc_time_utc": "2026-09-28T17:29:00+00:00",
        "metvlc_time_source": "date+time",
        "metvlc_has_real_time": true,
        "metvlc_captura_utc": "2026-09-28T20:33:42+00:00",
        "metvlc_last_seen_utc": "2026-09-28T20:33:42+00:00",
        "metvlc_fuente": "SIGIF/GVA Rayos 24h KMZ"
      },
      "geometry": {
        "type": "Point",
        "coordinates": [
          -1.1264,
          39.3652
        ]
      }
    },
    {
      "type": "Feature",
      "properties": {
        "name": "28/09/2026 19:29:19",
        "COORD": "-1,1538,39,3097",
        "DATE": "2026-09-28",
        "TIME": "19:29",
        "MXI": "-11,39 kA.",
        "STR": "0",
        "SMA": "0,171 Km.",
        "SMI": "0,12999997 Km.",
        "CHI": "0,5",
        "metvlc_time_utc": "2026-09-28T17:29:00+00:00",
        "metvlc_time_source": "date+time",
        "metvlc_has_real_time": true,
        "metvlc_captura_utc": "2026-09-28T20:33:42+00:00",
        "metvlc_last_seen_utc": "2026-09-28T20:33:42+00:00",
        "metvlc_fuente": "SIGIF/GVA Rayos 24h KMZ"
      },
      "geometry": {
        "type": "Point",
        "coordinates": [
          -1.1538,
          39.3097
        ]
      }
    },
    {
      "type": "Feature",
      "properties": {
        "name": "28/09/2026 19:29:19",
        "COORD": "-1,0988,39,3637",
        "DATE": "2026-09-28",
        "TIME": "19:29",
        "MXI": "-16,32 kA.",
        "STR": "0",
        "SMA": "0,175 Km.",
        "SMI": "0,12999998 Km.",
        "CHI": "0,6",
        "metvlc_time_utc": "2026-09-28T17:29:00+00:00",
        "metvlc_time_source": "date+time",
        "metvlc_has_real_time": true,
        "metvlc_captura_utc": "2026-09-28T20:33:42+00:00",
        "metvlc_last_seen_utc": "2026-09-28T20:33:42+00:00",
        "metvlc_fuente": "SIGIF/GVA Rayos 24h KMZ"
      },
      "geometry": {
        "type": "Point",
        "coordinates": [
          -1.0988,
          39.3637
        ]
      }
    },
    {
      "type": "Feature",
      "properties": {
        "name": "28/09/2026 19:29:33",
        "COORD": "-1,0987,39,7247",
        "DATE": "2026-09-28",
        "TIME": "19:29",
        "MXI": "-4,28 kA.",
        "STR": "0",
        "SMA": "0,441 Km.",
        "SMI": "0,19799998 Km.",
        "CHI": "1,9",
        "metvlc_time_utc": "2026-09-28T17:29:00+00:00",
        "metvlc_time_source": "date+time",
        "metvlc_has_real_time": true,
        "metvlc_captura_utc": "2026-09-28T20:33:42+00:00",
        "metvlc_last_seen_utc": "2026-09-28T20:33:42+00:00",
        "metvlc_fuente": "SIGIF/GVA Rayos 24h KMZ"
      },
      "geometry": {
        "type": "Point",
        "coordinates": [
          -1.0987,
          39.7247
        ]
      }
    },
    {
      "type": "Feature",
      "properties": {
        "name": "28/09/2026 19:29:33",
        "COORD": "-1,1322,39,6713",
        "DATE": "2026-09-28",
        "TIME": "19:29",
        "MXI": "-18,23 kA.",
        "STR": "0",
        "SMA": "0,167 Km.",
        "SMI": "0,13100001 Km.",
        "CHI": "0,7",
        "metvlc_time_utc": "2026-09-28T17:29:00+00:00",
        "metvlc_time_source": "date+time",
        "metvlc_has_real_time": true,
        "metvlc_captura_utc": "2026-09-28T20:33:42+00:00",
        "metvlc_last_seen_utc": "2026-09-28T20:33:42+00:00",
        "metvlc_fuente": "SIGIF/GVA Rayos 24h KMZ"
      },
      "geometry": {
        "type": "Point",
        "coordinates": [
          -1.1322,
          39.6713
        ]
      }
    },
    {
      "type": "Feature",
      "properties": {
        "name": "28/09/2026 19:29:33",
        "COORD": "-1,1325,39,671",
        "DATE": "2026-09-28",
        "TIME": "19:29",
        "MXI": "-10,95 kA.",
        "STR": "0",
        "SMA": "0,217 Km.",
        "SMI": "0,16799995 Km.",
        "CHI": "0,3",
        "metvlc_time_utc": "2026-09-28T17:29:00+00:00",
        "metvlc_time_source": "date+time",
        "metvlc_has_real_time": true,
        "metvlc_captura_utc": "2026-09-28T20:33:42+00:00",
        "metvlc_last_seen_utc": "2026-09-28T20:33:42+00:00",
        "metvlc_fuente": "SIGIF/GVA Rayos 24h KMZ"
      },
      "geometry": {
        "type": "Point",
        "coordinates": [
          -1.1325,
          39.671
        ]
      }
    },
    {
      "type": "Feature",
      "properties": {
        "name": "28/09/2026 19:29:34",
        "COORD": "-1,1608,39,4039",
        "DATE": "2026-09-28",
        "TIME": "19:29",
        "MXI": "-32,58 kA.",
        "STR": "0",
        "SMA": "0,182 Km.",
        "SMI": "0,13799995 Km.",
        "CHI": "1,4",
        "metvlc_time_utc": "2026-09-28T17:29:00+00:00",
        "metvlc_time_source": "date+time",
        "metvlc_has_real_time": true,
        "metvlc_captura_utc": "2026-09-28T20:33:42+00:00",
        "metvlc_last_seen_utc": "2026-09-28T20:33:42+00:00",
        "metvlc_fuente": "SIGIF/GVA Rayos 24h KMZ"
      },
      "geometry": {
        "type": "Point",
        "coordinates": [
          -1.1608,
          39.4039
        ]
      }
    },
    {
      "type": "Feature",
      "properties": {
        "name": "28/09/2026 19:29:34",
        "COORD": "-1,1343,39,4852",
        "DATE": "2026-09-28",
        "TIME": "19:29",
        "MXI": "-8,77 kA.",
        "STR": "0",
        "SMA": "0,544 Km.",
        "SMI": "0,20300001 Km.",
        "CHI": "0,8",
        "metvlc_time_utc": "2026-09-28T17:29:00+00:00",
        "metvlc_time_source": "date+time",
        "metvlc_has_real_time": true,
        "metvlc_captura_utc": "2026-09-28T20:33:42+00:00",
        "metvlc_last_seen_utc": "2026-09-28T20:33:42+00:00",
        "metvlc_fuente": "SIGIF/GVA Rayos 24h KMZ"
      },
      "geometry": {
        "type": "Point",
        "coordinates": [
          -1.1343,
          39.4852
        ]
      }
    },
    {
      "type": "Feature",
      "properties": {
        "name": "28/09/2026 19:29:34",
        "COORD": "-1,1604,39,4035",
        "DATE": "2026-09-28",
        "TIME": "19:29",
        "MXI": "-65,05 kA.",
        "STR": "0",
        "SMA": "0,204 Km.",
        "SMI": "0,11799997 Km.",
        "CHI": "1,2",
        "metvlc_time_utc": "2026-09-28T17:29:00+00:00",
        "metvlc_time_source": "date+time",
        "metvlc_has_real_time": true,
        "metvlc_captura_utc": "2026-09-28T20:33:42+00:00",
        "metvlc_last_seen_utc": "2026-09-28T20:33:42+00:00",
        "metvlc_fuente": "SIGIF/GVA Rayos 24h KMZ"
      },
      "geometry": {
        "type": "Point",
        "coordinates": [
          -1.1604,
          39.4035
        ]
      }
    },
    {
      "type": "Feature",
      "properties": {
        "name": "28/09/2026 19:29:35",
        "COORD": "-1,1611,39,4037",
        "DATE": "2026-09-28",
        "TIME": "19:29",
        "MXI": "-18,63 kA.",
        "STR": "0",
        "SMA": "0,163 Km.",
        "SMI": "0,121999964 Km.",
        "CHI": "0,7",
        "metvlc_time_utc": "2026-09-28T17:29:00+00:00",
        "metvlc_time_source": "date+time",
        "metvlc_has_real_time": true,
        "metvlc_captura_utc": "2026-09-28T20:33:42+00:00",
        "metvlc_last_seen_utc": "2026-09-28T20:33:42+00:00",
        "metvlc_fuente": "SIGIF/GVA Rayos 24h KMZ"
      },
      "geometry": {
        "type": "Point",
        "coordinates": [
          -1.1611,
          39.4037
        ]
      }
    },
    {
      "type": "Feature",
      "properties": {
        "name": "28/09/2026 19:29:35",
        "COORD": "-1,1612,39,4038",
        "DATE": "2026-09-28",
        "TIME": "19:29",
        "MXI": "-9,35 kA.",
        "STR": "0",
        "SMA": "0,157 Km.",
        "SMI": "0,13599998 Km.",
        "CHI": "0,7",
        "metvlc_time_utc": "2026-09-28T17:29:00+00:00",
        "metvlc_time_source": "date+time",
        "metvlc_has_real_time": true,
        "metvlc_captura_utc": "2026-09-28T20:33:42+00:00",
        "metvlc_last_seen_utc": "2026-09-28T20:33:42+00:00",
        "metvlc_fuente": "SIGIF/GVA Rayos 24h KMZ"
      },
      "geometry": {
        "type": "Point",
        "coordinates": [
          -1.1612,
          39.4038
        ]
      }
    },
    {
      "type": "Feature",
      "properties": {
        "name": "28/09/2026 19:29:56",
        "COORD": "-1,1863,39,3351",
        "DATE": "2026-09-28",
        "TIME": "19:29",
        "MXI": "-12,25 kA.",
        "STR": "0",
        "SMA": "0,181 Km.",
        "SMI": "0,14 Km.",
        "CHI": "0,6",
        "metvlc_time_utc": "2026-09-28T17:29:00+00:00",
        "metvlc_time_source": "date+time",
        "metvlc_has_real_time": true,
        "metvlc_captura_utc": "2026-09-28T20:33:42+00:00",
        "metvlc_last_seen_utc": "2026-09-28T20:33:42+00:00",
        "metvlc_fuente": "SIGIF/GVA Rayos 24h KMZ"
      },
      "geometry": {
        "type": "Point",
        "coordinates": [
          -1.1863,
          39.3351
        ]
      }
    },
    {
      "type": "Feature",
      "properties": {
        "name": "28/09/2026 19:29:57",
        "COORD": "-1,091,39,3641",
        "DATE": "2026-09-28",
        "TIME": "19:29",
        "MXI": "-12,26 kA.",
        "STR": "0",
        "SMA": "0,178 Km.",
        "SMI": "0,16399997 Km.",
        "CHI": "0,7",
        "metvlc_time_utc": "2026-09-28T17:29:00+00:00",
        "metvlc_time_source": "date+time",
        "metvlc_has_real_time": true,
        "metvlc_captura_utc": "2026-09-28T20:33:42+00:00",
        "metvlc_last_seen_utc": "2026-09-28T20:33:42+00:00",
        "metvlc_fuente": "SIGIF/GVA Rayos 24h KMZ"
      },
      "geometry": {
        "type": "Point",
        "coordinates": [
          -1.091,
          39.3641
        ]
      }
    },
    {
      "type": "Feature",
      "properties": {
        "name": "28/09/2026 19:29:57",
        "COORD": "-1,0899,39,363",
        "DATE": "2026-09-28",
        "TIME": "19:29",
        "MXI": "-22,7 kA.",
        "STR": "0",
        "SMA": "0,173 Km.",
        "SMI": "0,13299997 Km.",
        "CHI": "0,6",
        "metvlc_time_utc": "2026-09-28T17:29:00+00:00",
        "metvlc_time_source": "date+time",
        "metvlc_has_real_time": true,
        "metvlc_captura_utc": "2026-09-28T20:33:42+00:00",
        "metvlc_last_seen_utc": "2026-09-28T20:33:42+00:00",
        "metvlc_fuente": "SIGIF/GVA Rayos 24h KMZ"
      },
      "geometry": {
        "type": "Point",
        "coordinates": [
          -1.0899,
          39.363
        ]
      }
    },
    {
      "type": "Feature",
      "properties": {
        "name": "28/09/2026 19:29:57",
        "COORD": "-1,0908,39,3643",
        "DATE": "2026-09-28",
        "TIME": "19:29",
        "MXI": "-11,95 kA.",
        "STR": "0",
        "SMA": "0,173 Km.",
        "SMI": "0,13599998 Km.",
        "CHI": "0,4",
        "metvlc_time_utc": "2026-09-28T17:29:00+00:00",
        "metvlc_time_source": "date+time",
        "metvlc_has_real_time": true,
        "metvlc_captura_utc": "2026-09-28T20:33:42+00:00",
        "metvlc_last_seen_utc": "2026-09-28T20:33:42+00:00",
        "metvlc_fuente": "SIGIF/GVA Rayos 24h KMZ"
      },
      "geometry": {
        "type": "Point",
        "coordinates": [
          -1.0908,
          39.3643
        ]
      }
    },
    {
      "type": "Feature",
      "properties": {
        "name": "28/09/2026 19:30:10",
        "COORD": "-1,1609,39,3499",
        "DATE": "2026-09-28",
        "TIME": "19:30",
        "MXI": "-24,33 kA.",
        "STR": "0",
        "SMA": "0,174 Km.",
        "SMI": "0,13100003 Km.",
        "CHI": "0,9",
        "metvlc_time_utc": "2026-09-28T17:30:00+00:00",
        "metvlc_time_source": "date+time",
        "metvlc_has_real_time": true,
        "metvlc_captura_utc": "2026-09-28T20:33:42+00:00",
        "metvlc_last_seen_utc": "2026-09-28T20:33:42+00:00",
        "metvlc_fuente": "SIGIF/GVA Rayos 24h KMZ"
      },
      "geometry": {
        "type": "Point",
        "coordinates": [
          -1.1609,
          39.3499
        ]
      }
    },
    {
      "type": "Feature",
      "properties": {
        "name": "28/09/2026 19:30:26",
        "COORD": "-1,1526,39,3219",
        "DATE": "2026-09-28",
        "TIME": "19:30",
        "MXI": "-11,32 kA.",
        "STR": "0",
        "SMA": "0,175 Km.",
        "SMI": "0,12699997 Km.",
        "CHI": "0,2",
        "metvlc_time_utc": "2026-09-28T17:30:00+00:00",
        "metvlc_time_source": "date+time",
        "metvlc_has_real_time": true,
        "metvlc_captura_utc": "2026-09-28T20:33:42+00:00",
        "metvlc_last_seen_utc": "2026-09-28T20:33:42+00:00",
        "metvlc_fuente": "SIGIF/GVA Rayos 24h KMZ"
      },
      "geometry": {
        "type": "Point",
        "coordinates": [
          -1.1526,
          39.3219
        ]
      }
    },
    {
      "type": "Feature",
      "properties": {
        "name": "28/09/2026 19:30:54",
        "COORD": "-1,1404,39,3358",
        "DATE": "2026-09-28",
        "TIME": "19:30",
        "MXI": "-9,83 kA.",
        "STR": "0",
        "SMA": "0,174 Km.",
        "SMI": "0,13499998 Km.",
        "CHI": "0,6",
        "metvlc_time_utc": "2026-09-28T17:30:00+00:00",
        "metvlc_time_source": "date+time",
        "metvlc_has_real_time": true,
        "metvlc_captura_utc": "2026-09-28T20:33:42+00:00",
        "metvlc_last_seen_utc": "2026-09-28T20:33:42+00:00",
        "metvlc_fuente": "SIGIF/GVA Rayos 24h KMZ"
      },
      "geometry": {
        "type": "Point",
        "coordinates": [
          -1.1404,
          39.3358
        ]
      }
    },
    {
      "type": "Feature",
      "properties": {
        "name": "28/09/2026 19:30:54",
        "COORD": "-1,0692,39,5649",
        "DATE": "2026-09-28",
        "TIME": "19:30",
        "MXI": "-22,21 kA.",
        "STR": "0",
        "SMA": "0,159 Km.",
        "SMI": "0,12700005 Km.",
        "CHI": "0,4",
        "metvlc_time_utc": "2026-09-28T17:30:00+00:00",
        "metvlc_time_source": "date+time",
        "metvlc_has_real_time": true,
        "metvlc_captura_utc": "2026-09-28T20:33:42+00:00",
        "metvlc_last_seen_utc": "2026-09-28T20:33:42+00:00",
        "metvlc_fuente": "SIGIF/GVA Rayos 24h KMZ"
      },
      "geometry": {
        "type": "Point",
        "coordinates": [
          -1.0692,
          39.5649
        ]
      }
    },
    {
      "type": "Feature",
      "properties": {
        "name": "28/09/2026 19:30:54",
        "COORD": "-1,0697,39,5649",
        "DATE": "2026-09-28",
        "TIME": "19:30",
        "MXI": "-15,04 kA.",
        "STR": "0",
        "SMA": "0,159 Km.",
        "SMI": "0,12599997 Km.",
        "CHI": "0,9",
        "metvlc_time_utc": "2026-09-28T17:30:00+00:00",
        "metvlc_time_source": "date+time",
        "metvlc_has_real_time": true,
        "metvlc_captura_utc": "2026-09-28T20:33:42+00:00",
        "metvlc_last_seen_utc": "2026-09-28T20:33:42+00:00",
        "metvlc_fuente": "SIGIF/GVA Rayos 24h KMZ"
      },
      "geometry": {
        "type": "Point",
        "coordinates": [
          -1.0697,
          39.5649
        ]
      }
    },
    {
      "type": "Feature",
      "properties": {
        "name": "28/09/2026 19:31:14",
        "COORD": "-1,0966,39,7108",
        "DATE": "2026-09-28",
        "TIME": "19:31",
        "MXI": "-6,14 kA.",
        "STR": "0",
        "SMA": "0,228 Km.",
        "SMI": "0,21700005 Km.",
        "CHI": "0,3",
        "metvlc_time_utc": "2026-09-28T17:31:00+00:00",
        "metvlc_time_source": "date+time",
        "metvlc_has_real_time": true,
        "metvlc_captura_utc": "2026-09-28T20:33:42+00:00",
        "metvlc_last_seen_utc": "2026-09-28T20:33:42+00:00",
        "metvlc_fuente": "SIGIF/GVA Rayos 24h KMZ"
      },
      "geometry": {
        "type": "Point",
        "coordinates": [
          -1.0966,
          39.7108
        ]
      }
    },
    {
      "type": "Feature",
      "properties": {
        "name": "28/09/2026 19:31:20",
        "COORD": "-1,1218,39,3714",
        "DATE": "2026-09-28",
        "TIME": "19:31",
        "MXI": "-29,75 kA.",
        "STR": "0",
        "SMA": "0,176 Km.",
        "SMI": "0,13000003 Km.",
        "CHI": "1,1",
        "metvlc_time_utc": "2026-09-28T17:31:00+00:00",
        "metvlc_time_source": "date+time",
        "metvlc_has_real_time": true,
        "metvlc_captura_utc": "2026-09-28T20:33:42+00:00",
        "metvlc_last_seen_utc": "2026-09-28T20:33:42+00:00",
        "metvlc_fuente": "SIGIF/GVA Rayos 24h KMZ"
      },
      "geometry": {
        "type": "Point",
        "coordinates": [
          -1.1218,
          39.3714
        ]
      }
    },
    {
      "type": "Feature",
      "properties": {
        "name": "28/09/2026 19:31:21",
        "COORD": "-1,122,39,3715",
        "DATE": "2026-09-28",
        "TIME": "19:31",
        "MXI": "-15,65 kA.",
        "STR": "0",
        "SMA": "0,175 Km.",
        "SMI": "0,12999998 Km.",
        "CHI": "1",
        "metvlc_time_utc": "2026-09-28T17:31:00+00:00",
        "metvlc_time_source": "date+time",
        "metvlc_has_real_time": true,
        "metvlc_captura_utc": "2026-09-28T20:33:42+00:00",
        "metvlc_last_seen_utc": "2026-09-28T20:33:42+00:00",
        "metvlc_fuente": "SIGIF/GVA Rayos 24h KMZ"
      },
      "geometry": {
        "type": "Point",
        "coordinates": [
          -1.122,
          39.3715
        ]
      }
    },
    {
      "type": "Feature",
      "properties": {
        "name": "28/09/2026 19:31:21",
        "COORD": "-1,1217,39,3705",
        "DATE": "2026-09-28",
        "TIME": "19:31",
        "MXI": "-10,98 kA.",
        "STR": "0",
        "SMA": "0,227 Km.",
        "SMI": "0,17100005 Km.",
        "CHI": "0,5",
        "metvlc_time_utc": "2026-09-28T17:31:00+00:00",
        "metvlc_time_source": "date+time",
        "metvlc_has_real_time": true,
        "metvlc_captura_utc": "2026-09-28T20:33:42+00:00",
        "metvlc_last_seen_utc": "2026-09-28T20:33:42+00:00",
        "metvlc_fuente": "SIGIF/GVA Rayos 24h KMZ"
      },
      "geometry": {
        "type": "Point",
        "coordinates": [
          -1.1217,
          39.3705
        ]
      }
    },
    {
      "type": "Feature",
      "properties": {
        "name": "28/09/2026 19:31:33",
        "COORD": "-1,1468,39,325",
        "DATE": "2026-09-28",
        "TIME": "19:31",
        "MXI": "-19,97 kA.",
        "STR": "0",
        "SMA": "0,177 Km.",
        "SMI": "0,12999995 Km.",
        "CHI": "0,7",
        "metvlc_time_utc": "2026-09-28T17:31:00+00:00",
        "metvlc_time_source": "date+time",
        "metvlc_has_real_time": true,
        "metvlc_captura_utc": "2026-09-28T20:33:42+00:00",
        "metvlc_last_seen_utc": "2026-09-28T20:33:42+00:00",
        "metvlc_fuente": "SIGIF/GVA Rayos 24h KMZ"
      },
      "geometry": {
        "type": "Point",
        "coordinates": [
          -1.1468,
          39.325
        ]
      }
    },
    {
      "type": "Feature",
      "properties": {
        "name": "28/09/2026 19:31:51",
        "COORD": "-1,0947,39,3619",
        "DATE": "2026-09-28",
        "TIME": "19:31",
        "MXI": "-19,66 kA.",
        "STR": "0",
        "SMA": "0,176 Km.",
        "SMI": "0,13100004 Km.",
        "CHI": "1",
        "metvlc_time_utc": "2026-09-28T17:31:00+00:00",
        "metvlc_time_source": "date+time",
        "metvlc_has_real_time": true,
        "metvlc_captura_utc": "2026-09-28T20:33:42+00:00",
        "metvlc_last_seen_utc": "2026-09-28T20:33:42+00:00",
        "metvlc_fuente": "SIGIF/GVA Rayos 24h KMZ"
      },
      "geometry": {
        "type": "Point",
        "coordinates": [
          -1.0947,
          39.3619
        ]
      }
    },
    {
      "type": "Feature",
      "properties": {
        "name": "28/09/2026 19:31:51",
        "COORD": "-1,1262,39,3789",
        "DATE": "2026-09-28",
        "TIME": "19:31",
        "MXI": "-16,23 kA.",
        "STR": "0",
        "SMA": "0,169 Km.",
        "SMI": "0,12400002 Km.",
        "CHI": "0,8",
        "metvlc_time_utc": "2026-09-28T17:31:00+00:00",
        "metvlc_time_source": "date+time",
        "metvlc_has_real_time": true,
        "metvlc_captura_utc": "2026-09-28T20:33:42+00:00",
        "metvlc_last_seen_utc": "2026-09-28T20:33:42+00:00",
        "metvlc_fuente": "SIGIF/GVA Rayos 24h KMZ"
      },
      "geometry": {
        "type": "Point",
        "coordinates": [
          -1.1262,
          39.3789
        ]
      }
    },
    {
      "type": "Feature",
      "properties": {
        "name": "28/09/2026 19:31:51",
        "COORD": "-1,0926,39,3682",
        "DATE": "2026-09-28",
        "TIME": "19:31",
        "MXI": "-15,44 kA.",
        "STR": "0",
        "SMA": "0,172 Km.",
        "SMI": "0,128 Km.",
        "CHI": "0,8",
        "metvlc_time_utc": "2026-09-28T17:31:00+00:00",
        "metvlc_time_source": "date+time",
        "metvlc_has_real_time": true,
        "metvlc_captura_utc": "2026-09-28T20:33:42+00:00",
        "metvlc_last_seen_utc": "2026-09-28T20:33:42+00:00",
        "metvlc_fuente": "SIGIF/GVA Rayos 24h KMZ"
      },
      "geometry": {
        "type": "Point",
        "coordinates": [
          -1.0926,
          39.3682
        ]
      }
    },
    {
      "type": "Feature",
      "properties": {
        "name": "28/09/2026 19:31:51",
        "COORD": "-1,0928,39,3699",
        "DATE": "2026-09-28",
        "TIME": "19:31",
        "MXI": "-6,14 kA.",
        "STR": "0",
        "SMA": "0,31 Km.",
        "SMI": "0,18399996 Km.",
        "CHI": "0,8",
        "metvlc_time_utc": "2026-09-28T17:31:00+00:00",
        "metvlc_time_source": "date+time",
        "metvlc_has_real_time": true,
        "metvlc_captura_utc": "2026-09-28T20:33:42+00:00",
        "metvlc_last_seen_utc": "2026-09-28T20:33:42+00:00",
        "metvlc_fuente": "SIGIF/GVA Rayos 24h KMZ"
      },
      "geometry": {
        "type": "Point",
        "coordinates": [
          -1.0928,
          39.3699
        ]
      }
    },
    {
      "type": "Feature",
      "properties": {
        "name": "28/09/2026 19:31:51",
        "COORD": "-1,0925,39,368",
        "DATE": "2026-09-28",
        "TIME": "19:31",
        "MXI": "-12,78 kA.",
        "STR": "0",
        "SMA": "0,176 Km.",
        "SMI": "0,12900001 Km.",
        "CHI": "0,6",
        "metvlc_time_utc": "2026-09-28T17:31:00+00:00",
        "metvlc_time_source": "date+time",
        "metvlc_has_real_time": true,
        "metvlc_captura_utc": "2026-09-28T20:33:42+00:00",
        "metvlc_last_seen_utc": "2026-09-28T20:33:42+00:00",
        "metvlc_fuente": "SIGIF/GVA Rayos 24h KMZ"
      },
      "geometry": {
        "type": "Point",
        "coordinates": [
          -1.0925,
          39.368
        ]
      }
    },
    {
      "type": "Feature",
      "properties": {
        "name": "28/09/2026 19:32:05",
        "COORD": "-1,0968,39,3843",
        "DATE": "2026-09-28",
        "TIME": "19:32",
        "MXI": "-12,85 kA.",
        "STR": "0",
        "SMA": "0,177 Km.",
        "SMI": "0,12800005 Km.",
        "CHI": "0,7",
        "metvlc_time_utc": "2026-09-28T17:32:00+00:00",
        "metvlc_time_source": "date+time",
        "metvlc_has_real_time": true,
        "metvlc_captura_utc": "2026-09-28T20:33:42+00:00",
        "metvlc_last_seen_utc": "2026-09-28T20:33:42+00:00",
        "metvlc_fuente": "SIGIF/GVA Rayos 24h KMZ"
      },
      "geometry": {
        "type": "Point",
        "coordinates": [
          -1.0968,
          39.3843
        ]
      }
    },
    {
      "type": "Feature",
      "properties": {
        "name": "28/09/2026 19:32:05",
        "COORD": "-1,0759,39,374",
        "DATE": "2026-09-28",
        "TIME": "19:32",
        "MXI": "-21,14 kA.",
        "STR": "0",
        "SMA": "0,17 Km.",
        "SMI": "0,12600003 Km.",
        "CHI": "0,6",
        "metvlc_time_utc": "2026-09-28T17:32:00+00:00",
        "metvlc_time_source": "date+time",
        "metvlc_has_real_time": true,
        "metvlc_captura_utc": "2026-09-28T20:33:42+00:00",
        "metvlc_last_seen_utc": "2026-09-28T20:33:42+00:00",
        "metvlc_fuente": "SIGIF/GVA Rayos 24h KMZ"
      },
      "geometry": {
        "type": "Point",
        "coordinates": [
          -1.0759,
          39.374
        ]
      }
    },
    {
      "type": "Feature",
      "properties": {
        "name": "28/09/2026 19:32:18",
        "COORD": "-1,0858,39,3402",
        "DATE": "2026-09-28",
        "TIME": "19:32",
        "MXI": "-35,08 kA.",
        "STR": "0",
        "SMA": "0,173 Km.",
        "SMI": "0,12900002 Km.",
        "CHI": "1,6",
        "metvlc_time_utc": "2026-09-28T17:32:00+00:00",
        "metvlc_time_source": "date+time",
        "metvlc_has_real_time": true,
        "metvlc_captura_utc": "2026-09-28T20:33:42+00:00",
        "metvlc_last_seen_utc": "2026-09-28T20:33:42+00:00",
        "metvlc_fuente": "SIGIF/GVA Rayos 24h KMZ"
      },
      "geometry": {
        "type": "Point",
        "coordinates": [
          -1.0858,
          39.3402
        ]
      }
    },
    {
      "type": "Feature",
      "properties": {
        "name": "28/09/2026 19:32:18",
        "COORD": "-1,0762,39,3413",
        "DATE": "2026-09-28",
        "TIME": "19:32",
        "MXI": "-28,02 kA.",
        "STR": "0",
        "SMA": "0,171 Km.",
        "SMI": "0,13400005 Km.",
        "CHI": "0,6",
        "metvlc_time_utc": "2026-09-28T17:32:00+00:00",
        "metvlc_time_source": "date+time",
        "metvlc_has_real_time": true,
        "metvlc_captura_utc": "2026-09-28T20:33:42+00:00",
        "metvlc_last_seen_utc": "2026-09-28T20:33:42+00:00",
        "metvlc_fuente": "SIGIF/GVA Rayos 24h KMZ"
      },
      "geometry": {
        "type": "Point",
        "coordinates": [
          -1.0762,
          39.3413
        ]
      }
    },
    {
      "type": "Feature",
      "properties": {
        "name": "28/09/2026 19:32:18",
        "COORD": "-1,0767,39,3417",
        "DATE": "2026-09-28",
        "TIME": "19:32",
        "MXI": "-7,31 kA.",
        "STR": "0",
        "SMA": "0,3 Km.",
        "SMI": "0,16700003 Km.",
        "CHI": "0,8",
        "metvlc_time_utc": "2026-09-28T17:32:00+00:00",
        "metvlc_time_source": "date+time",
        "metvlc_has_real_time": true,
        "metvlc_captura_utc": "2026-09-28T20:33:42+00:00",
        "metvlc_last_seen_utc": "2026-09-28T20:33:42+00:00",
        "metvlc_fuente": "SIGIF/GVA Rayos 24h KMZ"
      },
      "geometry": {
        "type": "Point",
        "coordinates": [
          -1.0767,
          39.3417
        ]
      }
    },
    {
      "type": "Feature",
      "properties": {
        "name": "28/09/2026 19:32:18",
        "COORD": "-1,0771,39,3405",
        "DATE": "2026-09-28",
        "TIME": "19:32",
        "MXI": "-19,29 kA.",
        "STR": "0",
        "SMA": "0,169 Km.",
        "SMI": "0,12800005 Km.",
        "CHI": "0,5",
        "metvlc_time_utc": "2026-09-28T17:32:00+00:00",
        "metvlc_time_source": "date+time",
        "metvlc_has_real_time": true,
        "metvlc_captura_utc": "2026-09-28T20:33:42+00:00",
        "metvlc_last_seen_utc": "2026-09-28T20:33:42+00:00",
        "metvlc_fuente": "SIGIF/GVA Rayos 24h KMZ"
      },
      "geometry": {
        "type": "Point",
        "coordinates": [
          -1.0771,
          39.3405
        ]
      }
    },
    {
      "type": "Feature",
      "properties": {
        "name": "28/09/2026 19:32:18",
        "COORD": "-1,0765,39,3396",
        "DATE": "2026-09-28",
        "TIME": "19:32",
        "MXI": "-11,74 kA.",
        "STR": "0",
        "SMA": "0,174 Km.",
        "SMI": "0,14099994 Km.",
        "CHI": "0,3",
        "metvlc_time_utc": "2026-09-28T17:32:00+00:00",
        "metvlc_time_source": "date+time",
        "metvlc_has_real_time": true,
        "metvlc_captura_utc": "2026-09-28T20:33:42+00:00",
        "metvlc_last_seen_utc": "2026-09-28T20:33:42+00:00",
        "metvlc_fuente": "SIGIF/GVA Rayos 24h KMZ"
      },
      "geometry": {
        "type": "Point",
        "coordinates": [
          -1.0765,
          39.3396
        ]
      }
    },
    {
      "type": "Feature",
      "properties": {
        "name": "28/09/2026 19:32:18",
        "COORD": "-1,0763,39,3404",
        "DATE": "2026-09-28",
        "TIME": "19:32",
        "MXI": "-27,84 kA.",
        "STR": "0",
        "SMA": "0,166 Km.",
        "SMI": "0,125 Km.",
        "CHI": "0,6",
        "metvlc_time_utc": "2026-09-28T17:32:00+00:00",
        "metvlc_time_source": "date+time",
        "metvlc_has_real_time": true,
        "metvlc_captura_utc": "2026-09-28T20:33:42+00:00",
        "metvlc_last_seen_utc": "2026-09-28T20:33:42+00:00",
        "metvlc_fuente": "SIGIF/GVA Rayos 24h KMZ"
      },
      "geometry": {
        "type": "Point",
        "coordinates": [
          -1.0763,
          39.3404
        ]
      }
    },
    {
      "type": "Feature",
      "properties": {
        "name": "28/09/2026 19:32:18",
        "COORD": "-1,0771,39,3412",
        "DATE": "2026-09-28",
        "TIME": "19:32",
        "MXI": "-5,77 kA.",
        "STR": "0",
        "SMA": "0,373 Km.",
        "SMI": "0,22399993 Km.",
        "CHI": "1,4",
        "metvlc_time_utc": "2026-09-28T17:32:00+00:00",
        "metvlc_time_source": "date+time",
        "metvlc_has_real_time": true,
        "metvlc_captura_utc": "2026-09-28T20:33:42+00:00",
        "metvlc_last_seen_utc": "2026-09-28T20:33:42+00:00",
        "metvlc_fuente": "SIGIF/GVA Rayos 24h KMZ"
      },
      "geometry": {
        "type": "Point",
        "coordinates": [
          -1.0771,
          39.3412
        ]
      }
    },
    {
      "type": "Feature",
      "properties": {
        "name": "28/09/2026 19:32:18",
        "COORD": "-1,0769,39,3411",
        "DATE": "2026-09-28",
        "TIME": "19:32",
        "MXI": "-10,87 kA.",
        "STR": "0",
        "SMA": "0,173 Km.",
        "SMI": "0,14000003 Km.",
        "CHI": "0,8",
        "metvlc_time_utc": "2026-09-28T17:32:00+00:00",
        "metvlc_time_source": "date+time",
        "metvlc_has_real_time": true,
        "metvlc_captura_utc": "2026-09-28T20:33:42+00:00",
        "metvlc_last_seen_utc": "2026-09-28T20:33:42+00:00",
        "metvlc_fuente": "SIGIF/GVA Rayos 24h KMZ"
      },
      "geometry": {
        "type": "Point",
        "coordinates": [
          -1.0769,
          39.3411
        ]
      }
    },
    {
      "type": "Feature",
      "properties": {
        "name": "28/09/2026 19:32:18",
        "COORD": "-1,076,39,34",
        "DATE": "2026-09-28",
        "TIME": "19:32",
        "MXI": "-10,05 kA.",
        "STR": "0",
        "SMA": "0,196 Km.",
        "SMI": "0,15199995 Km.",
        "CHI": "0,2",
        "metvlc_time_utc": "2026-09-28T17:32:00+00:00",
        "metvlc_time_source": "date+time",
        "metvlc_has_real_time": true,
        "metvlc_captura_utc": "2026-09-28T20:33:42+00:00",
        "metvlc_last_seen_utc": "2026-09-28T20:33:42+00:00",
        "metvlc_fuente": "SIGIF/GVA Rayos 24h KMZ"
      },
      "geometry": {
        "type": "Point",
        "coordinates": [
          -1.076,
          39.34
        ]
      }
    },
    {
      "type": "Feature",
      "properties": {
        "name": "28/09/2026 19:32:36",
        "COORD": "-1,0899,39,3685",
        "DATE": "2026-09-28",
        "TIME": "19:32",
        "MXI": "-17,86 kA.",
        "STR": "0",
        "SMA": "0,173 Km.",
        "SMI": "0,13099997 Km.",
        "CHI": "0,8",
        "metvlc_time_utc": "2026-09-28T17:32:00+00:00",
        "metvlc_time_source": "date+time",
        "metvlc_has_real_time": true,
        "metvlc_captura_utc": "2026-09-28T20:33:42+00:00",
        "metvlc_last_seen_utc": "2026-09-28T20:33:42+00:00",
        "metvlc_fuente": "SIGIF/GVA Rayos 24h KMZ"
      },
      "geometry": {
        "type": "Point",
        "coordinates": [
          -1.0899,
          39.3685
        ]
      }
    },
    {
      "type": "Feature",
      "properties": {
        "name": "28/09/2026 19:32:36",
        "COORD": "-1,0899,39,371",
        "DATE": "2026-09-28",
        "TIME": "19:32",
        "MXI": "-6,6 kA.",
        "STR": "0",
        "SMA": "0,403 Km.",
        "SMI": "0,18500002 Km.",
        "CHI": "1,2",
        "metvlc_time_utc": "2026-09-28T17:32:00+00:00",
        "metvlc_time_source": "date+time",
        "metvlc_has_real_time": true,
        "metvlc_captura_utc": "2026-09-28T20:33:42+00:00",
        "metvlc_last_seen_utc": "2026-09-28T20:33:42+00:00",
        "metvlc_fuente": "SIGIF/GVA Rayos 24h KMZ"
      },
      "geometry": {
        "type": "Point",
        "coordinates": [
          -1.0899,
          39.371
        ]
      }
    },
    {
      "type": "Feature",
      "properties": {
        "name": "28/09/2026 19:32:49",
        "COORD": "-1,1098,39,3777",
        "DATE": "2026-09-28",
        "TIME": "19:32",
        "MXI": "-18,41 kA.",
        "STR": "0",
        "SMA": "0,172 Km.",
        "SMI": "0,13 Km.",
        "CHI": "0,7",
        "metvlc_time_utc": "2026-09-28T17:32:00+00:00",
        "metvlc_time_source": "date+time",
        "metvlc_has_real_time": true,
        "metvlc_captura_utc": "2026-09-28T20:33:42+00:00",
        "metvlc_last_seen_utc": "2026-09-28T20:33:42+00:00",
        "metvlc_fuente": "SIGIF/GVA Rayos 24h KMZ"
      },
      "geometry": {
        "type": "Point",
        "coordinates": [
          -1.1098,
          39.3777
        ]
      }
    },
    {
      "type": "Feature",
      "properties": {
        "name": "28/09/2026 19:32:58",
        "COORD": "-1,102,39,3256",
        "DATE": "2026-09-28",
        "TIME": "19:32",
        "MXI": "-11,08 kA.",
        "STR": "0",
        "SMA": "0,178 Km.",
        "SMI": "0,12999998 Km.",
        "CHI": "0,7",
        "metvlc_time_utc": "2026-09-28T17:32:00+00:00",
        "metvlc_time_source": "date+time",
        "metvlc_has_real_time": true,
        "metvlc_captura_utc": "2026-09-28T20:33:42+00:00",
        "metvlc_last_seen_utc": "2026-09-28T20:33:42+00:00",
        "metvlc_fuente": "SIGIF/GVA Rayos 24h KMZ"
      },
      "geometry": {
        "type": "Point",
        "coordinates": [
          -1.102,
          39.3256
        ]
      }
    },
    {
      "type": "Feature",
      "properties": {
        "name": "28/09/2026 19:32:58",
        "COORD": "-1,1018,39,325",
        "DATE": "2026-09-28",
        "TIME": "19:32",
        "MXI": "-27,84 kA.",
        "STR": "0",
        "SMA": "0,173 Km.",
        "SMI": "0,12900002 Km.",
        "CHI": "0,8",
        "metvlc_time_utc": "2026-09-28T17:32:00+00:00",
        "metvlc_time_source": "date+time",
        "metvlc_has_real_time": true,
        "metvlc_captura_utc": "2026-09-28T20:33:42+00:00",
        "metvlc_last_seen_utc": "2026-09-28T20:33:42+00:00",
        "metvlc_fuente": "SIGIF/GVA Rayos 24h KMZ"
      },
      "geometry": {
        "type": "Point",
        "coordinates": [
          -1.1018,
          39.325
        ]
      }
    },
    {
      "type": "Feature",
      "properties": {
        "name": "28/09/2026 19:32:58",
        "COORD": "-1,1015,39,3252",
        "DATE": "2026-09-28",
        "TIME": "19:32",
        "MXI": "-12,62 kA.",
        "STR": "0",
        "SMA": "0,178 Km.",
        "SMI": "0,13199998 Km.",
        "CHI": "0,5",
        "metvlc_time_utc": "2026-09-28T17:32:00+00:00",
        "metvlc_time_source": "date+time",
        "metvlc_has_real_time": true,
        "metvlc_captura_utc": "2026-09-28T20:33:42+00:00",
        "metvlc_last_seen_utc": "2026-09-28T20:33:42+00:00",
        "metvlc_fuente": "SIGIF/GVA Rayos 24h KMZ"
      },
      "geometry": {
        "type": "Point",
        "coordinates": [
          -1.1015,
          39.3252
        ]
      }
    },
    {
      "type": "Feature",
      "properties": {
        "name": "28/09/2026 19:32:58",
        "COORD": "-1,1018,39,3251",
        "DATE": "2026-09-28",
        "TIME": "19:32",
        "MXI": "-26,07 kA.",
        "STR": "0",
        "SMA": "0,172 Km.",
        "SMI": "0,12900004 Km.",
        "CHI": "1",
        "metvlc_time_utc": "2026-09-28T17:32:00+00:00",
        "metvlc_time_source": "date+time",
        "metvlc_has_real_time": true,
        "metvlc_captura_utc": "2026-09-28T20:33:42+00:00",
        "metvlc_last_seen_utc": "2026-09-28T20:33:42+00:00",
        "metvlc_fuente": "SIGIF/GVA Rayos 24h KMZ"
      },
      "geometry": {
        "type": "Point",
        "coordinates": [
          -1.1018,
          39.3251
        ]
      }
    },
    {
      "type": "Feature",
      "properties": {
        "name": "28/09/2026 19:32:58",
        "COORD": "-1,1015,39,3254",
        "DATE": "2026-09-28",
        "TIME": "19:32",
        "MXI": "-11,81 kA.",
        "STR": "0",
        "SMA": "0,182 Km.",
        "SMI": "0,12899996 Km.",
        "CHI": "0,5",
        "metvlc_time_utc": "2026-09-28T17:32:00+00:00",
        "metvlc_time_source": "date+time",
        "metvlc_has_real_time": true,
        "metvlc_captura_utc": "2026-09-28T20:33:42+00:00",
        "metvlc_last_seen_utc": "2026-09-28T20:33:42+00:00",
        "metvlc_fuente": "SIGIF/GVA Rayos 24h KMZ"
      },
      "geometry": {
        "type": "Point",
        "coordinates": [
          -1.1015,
          39.3254
        ]
      }
    },
    {
      "type": "Feature",
      "properties": {
        "name": "28/09/2026 19:33:17",
        "COORD": "-1,061,39,5299",
        "DATE": "2026-09-28",
        "TIME": "19:33",
        "MXI": "-21,41 kA.",
        "STR": "0",
        "SMA": "0,164 Km.",
        "SMI": "0,12399997 Km.",
        "CHI": "0,6",
        "metvlc_time_utc": "2026-09-28T17:33:00+00:00",
        "metvlc_time_source": "date+time",
        "metvlc_has_real_time": true,
        "metvlc_captura_utc": "2026-09-28T20:33:42+00:00",
        "metvlc_last_seen_utc": "2026-09-28T20:33:42+00:00",
        "metvlc_fuente": "SIGIF/GVA Rayos 24h KMZ"
      },
      "geometry": {
        "type": "Point",
        "coordinates": [
          -1.061,
          39.5299
        ]
      }
    },
    {
      "type": "Feature",
      "properties": {
        "name": "28/09/2026 19:33:17",
        "COORD": "-1,0715,39,5362",
        "DATE": "2026-09-28",
        "TIME": "19:33",
        "MXI": "-15,66 kA.",
        "STR": "0",
        "SMA": "0,166 Km.",
        "SMI": "0,12399997 Km.",
        "CHI": "0,3",
        "metvlc_time_utc": "2026-09-28T17:33:00+00:00",
        "metvlc_time_source": "date+time",
        "metvlc_has_real_time": true,
        "metvlc_captura_utc": "2026-09-28T20:33:42+00:00",
        "metvlc_last_seen_utc": "2026-09-28T20:33:42+00:00",
        "metvlc_fuente": "SIGIF/GVA Rayos 24h KMZ"
      },
      "geometry": {
        "type": "Point",
        "coordinates": [
          -1.0715,
          39.5362
        ]
      }
    },
    {
      "type": "Feature",
      "properties": {
        "name": "28/09/2026 19:33:17",
        "COORD": "-1,0955,39,5188",
        "DATE": "2026-09-28",
        "TIME": "19:33",
        "MXI": "-12,37 kA.",
        "STR": "0",
        "SMA": "0,175 Km.",
        "SMI": "0,12400002 Km.",
        "CHI": "0,5",
        "metvlc_time_utc": "2026-09-28T17:33:00+00:00",
        "metvlc_time_source": "date+time",
        "metvlc_has_real_time": true,
        "metvlc_captura_utc": "2026-09-28T20:33:42+00:00",
        "metvlc_last_seen_utc": "2026-09-28T20:33:42+00:00",
        "metvlc_fuente": "SIGIF/GVA Rayos 24h KMZ"
      },
      "geometry": {
        "type": "Point",
        "coordinates": [
          -1.0955,
          39.5188
        ]
      }
    },
    {
      "type": "Feature",
      "properties": {
        "name": "28/09/2026 19:33:17",
        "COORD": "-1,0755,39,3548",
        "DATE": "2026-09-28",
        "TIME": "19:33",
        "MXI": "-45,72 kA.",
        "STR": "0",
        "SMA": "0,176 Km.",
        "SMI": "0,13000003 Km.",
        "CHI": "0,9",
        "metvlc_time_utc": "2026-09-28T17:33:00+00:00",
        "metvlc_time_source": "date+time",
        "metvlc_has_real_time": true,
        "metvlc_captura_utc": "2026-09-28T20:33:42+00:00",
        "metvlc_last_seen_utc": "2026-09-28T20:33:42+00:00",
        "metvlc_fuente": "SIGIF/GVA Rayos 24h KMZ"
      },
      "geometry": {
        "type": "Point",
        "coordinates": [
          -1.0755,
          39.3548
        ]
      }
    },
    {
      "type": "Feature",
      "properties": {
        "name": "28/09/2026 19:33:17",
        "COORD": "-1,0762,39,3568",
        "DATE": "2026-09-28",
        "TIME": "19:33",
        "MXI": "-8,67 kA.",
        "STR": "0",
        "SMA": "0,306 Km.",
        "SMI": "0,16799995 Km.",
        "CHI": "1",
        "metvlc_time_utc": "2026-09-28T17:33:00+00:00",
        "metvlc_time_source": "date+time",
        "metvlc_has_real_time": true,
        "metvlc_captura_utc": "2026-09-28T20:33:42+00:00",
        "metvlc_last_seen_utc": "2026-09-28T20:33:42+00:00",
        "metvlc_fuente": "SIGIF/GVA Rayos 24h KMZ"
      },
      "geometry": {
        "type": "Point",
        "coordinates": [
          -1.0762,
          39.3568
        ]
      }
    },
    {
      "type": "Feature",
      "properties": {
        "name": "28/09/2026 19:33:17",
        "COORD": "-1,0786,39,3794",
        "DATE": "2026-09-28",
        "TIME": "19:33",
        "MXI": "-19,76 kA.",
        "STR": "0",
        "SMA": "0,17 Km.",
        "SMI": "0,128 Km.",
        "CHI": "0,7",
        "metvlc_time_utc": "2026-09-28T17:33:00+00:00",
        "metvlc_time_source": "date+time",
        "metvlc_has_real_time": true,
        "metvlc_captura_utc": "2026-09-28T20:33:42+00:00",
        "metvlc_last_seen_utc": "2026-09-28T20:33:42+00:00",
        "metvlc_fuente": "SIGIF/GVA Rayos 24h KMZ"
      },
      "geometry": {
        "type": "Point",
        "coordinates": [
          -1.0786,
          39.3794
        ]
      }
    },
    {
      "type": "Feature",
      "properties": {
        "name": "28/09/2026 19:33:17",
        "COORD": "-1,0784,39,379",
        "DATE": "2026-09-28",
        "TIME": "19:33",
        "MXI": "-12,11 kA.",
        "STR": "0",
        "SMA": "0,65 Km.",
        "SMI": "0,18600003 Km.",
        "CHI": "0,7",
        "metvlc_time_utc": "2026-09-28T17:33:00+00:00",
        "metvlc_time_source": "date+time",
        "metvlc_has_real_time": true,
        "metvlc_captura_utc": "2026-09-28T20:33:42+00:00",
        "metvlc_last_seen_utc": "2026-09-28T20:33:42+00:00",
        "metvlc_fuente": "SIGIF/GVA Rayos 24h KMZ"
      },
      "geometry": {
        "type": "Point",
        "coordinates": [
          -1.0784,
          39.379
        ]
      }
    },
    {
      "type": "Feature",
      "properties": {
        "name": "28/09/2026 19:33:18",
        "COORD": "-1,0786,39,3795",
        "DATE": "2026-09-28",
        "TIME": "19:33",
        "MXI": "-25,39 kA.",
        "STR": "0",
        "SMA": "0,171 Km.",
        "SMI": "0,12799996 Km.",
        "CHI": "0,7",
        "metvlc_time_utc": "2026-09-28T17:33:00+00:00",
        "metvlc_time_source": "date+time",
        "metvlc_has_real_time": true,
        "metvlc_captura_utc": "2026-09-28T20:33:42+00:00",
        "metvlc_last_seen_utc": "2026-09-28T20:33:42+00:00",
        "metvlc_fuente": "SIGIF/GVA Rayos 24h KMZ"
      },
      "geometry": {
        "type": "Point",
        "coordinates": [
          -1.0786,
          39.3795
        ]
      }
    },
    {
      "type": "Feature",
      "properties": {
        "name": "28/09/2026 19:33:18",
        "COORD": "-1,0783,39,3798",
        "DATE": "2026-09-28",
        "TIME": "19:33",
        "MXI": "-12,75 kA.",
        "STR": "0",
        "SMA": "0,172 Km.",
        "SMI": "0,13200003 Km.",
        "CHI": "0,7",
        "metvlc_time_utc": "2026-09-28T17:33:00+00:00",
        "metvlc_time_source": "date+time",
        "metvlc_has_real_time": true,
        "metvlc_captura_utc": "2026-09-28T20:33:42+00:00",
        "metvlc_last_seen_utc": "2026-09-28T20:33:42+00:00",
        "metvlc_fuente": "SIGIF/GVA Rayos 24h KMZ"
      },
      "geometry": {
        "type": "Point",
        "coordinates": [
          -1.0783,
          39.3798
        ]
      }
    },
    {
      "type": "Feature",
      "properties": {
        "name": "28/09/2026 19:33:18",
        "COORD": "-1,0788,39,3795",
        "DATE": "2026-09-28",
        "TIME": "19:33",
        "MXI": "-15,34 kA.",
        "STR": "0",
        "SMA": "0,17 Km.",
        "SMI": "0,12900004 Km.",
        "CHI": "0,4",
        "metvlc_time_utc": "2026-09-28T17:33:00+00:00",
        "metvlc_time_source": "date+time",
        "metvlc_has_real_time": true,
        "metvlc_captura_utc": "2026-09-28T20:33:42+00:00",
        "metvlc_last_seen_utc": "2026-09-28T20:33:42+00:00",
        "metvlc_fuente": "SIGIF/GVA Rayos 24h KMZ"
      },
      "geometry": {
        "type": "Point",
        "coordinates": [
          -1.0788,
          39.3795
        ]
      }
    },
    {
      "type": "Feature",
      "properties": {
        "name": "28/09/2026 19:33:18",
        "COORD": "-1,0794,39,3796",
        "DATE": "2026-09-28",
        "TIME": "19:33",
        "MXI": "-8,25 kA.",
        "STR": "0",
        "SMA": "0,228 Km.",
        "SMI": "0,15300001 Km.",
        "CHI": "0,6",
        "metvlc_time_utc": "2026-09-28T17:33:00+00:00",
        "metvlc_time_source": "date+time",
        "metvlc_has_real_time": true,
        "metvlc_captura_utc": "2026-09-28T20:33:42+00:00",
        "metvlc_last_seen_utc": "2026-09-28T20:33:42+00:00",
        "metvlc_fuente": "SIGIF/GVA Rayos 24h KMZ"
      },
      "geometry": {
        "type": "Point",
        "coordinates": [
          -1.0794,
          39.3796
        ]
      }
    },
    {
      "type": "Feature",
      "properties": {
        "name": "28/09/2026 19:33:21",
        "COORD": "-1,1628,39,3449",
        "DATE": "2026-09-28",
        "TIME": "19:33",
        "MXI": "-13,63 kA.",
        "STR": "0",
        "SMA": "0,175 Km.",
        "SMI": "0,13099998 Km.",
        "CHI": "0,7",
        "metvlc_time_utc": "2026-09-28T17:33:00+00:00",
        "metvlc_time_source": "date+time",
        "metvlc_has_real_time": true,
        "metvlc_captura_utc": "2026-09-28T20:33:42+00:00",
        "metvlc_last_seen_utc": "2026-09-28T20:33:42+00:00",
        "metvlc_fuente": "SIGIF/GVA Rayos 24h KMZ"
      },
      "geometry": {
        "type": "Point",
        "coordinates": [
          -1.1628,
          39.3449
        ]
      }
    },
    {
      "type": "Feature",
      "properties": {
        "name": "28/09/2026 19:33:36",
        "COORD": "-1,1157,39,7027",
        "DATE": "2026-09-28",
        "TIME": "19:33",
        "MXI": "-20,96 kA.",
        "STR": "0",
        "SMA": "0,16 Km.",
        "SMI": "0,12900001 Km.",
        "CHI": "0,6",
        "metvlc_time_utc": "2026-09-28T17:33:00+00:00",
        "metvlc_time_source": "date+time",
        "metvlc_has_real_time": true,
        "metvlc_captura_utc": "2026-09-28T20:33:42+00:00",
        "metvlc_last_seen_utc": "2026-09-28T20:33:42+00:00",
        "metvlc_fuente": "SIGIF/GVA Rayos 24h KMZ"
      },
      "geometry": {
        "type": "Point",
        "coordinates": [
          -1.1157,
          39.7027
        ]
      }
    },
    {
      "type": "Feature",
      "properties": {
        "name": "28/09/2026 19:33:36",
        "COORD": "-1,1187,39,6914",
        "DATE": "2026-09-28",
        "TIME": "19:33",
        "MXI": "-13,8 kA.",
        "STR": "0",
        "SMA": "0,165 Km.",
        "SMI": "0,12999998 Km.",
        "CHI": "0,2",
        "metvlc_time_utc": "2026-09-28T17:33:00+00:00",
        "metvlc_time_source": "date+time",
        "metvlc_has_real_time": true,
        "metvlc_captura_utc": "2026-09-28T20:33:42+00:00",
        "metvlc_last_seen_utc": "2026-09-28T20:33:42+00:00",
        "metvlc_fuente": "SIGIF/GVA Rayos 24h KMZ"
      },
      "geometry": {
        "type": "Point",
        "coordinates": [
          -1.1187,
          39.6914
        ]
      }
    },
    {
      "type": "Feature",
      "properties": {
        "name": "28/09/2026 19:33:36",
        "COORD": "-1,1009,39,7147",
        "DATE": "2026-09-28",
        "TIME": "19:33",
        "MXI": "-11,02 kA.",
        "STR": "0",
        "SMA": "0,154 Km.",
        "SMI": "0,13599999 Km.",
        "CHI": "0,2",
        "metvlc_time_utc": "2026-09-28T17:33:00+00:00",
        "metvlc_time_source": "date+time",
        "metvlc_has_real_time": true,
        "metvlc_captura_utc": "2026-09-28T20:33:42+00:00",
        "metvlc_last_seen_utc": "2026-09-28T20:33:42+00:00",
        "metvlc_fuente": "SIGIF/GVA Rayos 24h KMZ"
      },
      "geometry": {
        "type": "Point",
        "coordinates": [
          -1.1009,
          39.7147
        ]
      }
    },
    {
      "type": "Feature",
      "properties": {
        "name": "28/09/2026 19:33:37",
        "COORD": "-1,1176,39,3773",
        "DATE": "2026-09-28",
        "TIME": "19:33",
        "MXI": "-16,42 kA.",
        "STR": "0",
        "SMA": "0,176 Km.",
        "SMI": "0,13300003 Km.",
        "CHI": "0,7",
        "metvlc_time_utc": "2026-09-28T17:33:00+00:00",
        "metvlc_time_source": "date+time",
        "metvlc_has_real_time": true,
        "metvlc_captura_utc": "2026-09-28T20:33:42+00:00",
        "metvlc_last_seen_utc": "2026-09-28T20:33:42+00:00",
        "metvlc_fuente": "SIGIF/GVA Rayos 24h KMZ"
      },
      "geometry": {
        "type": "Point",
        "coordinates": [
          -1.1176,
          39.3773
        ]
      }
    },
    {
      "type": "Feature",
      "properties": {
        "name": "28/09/2026 19:33:37",
        "COORD": "-1,1137,39,3078",
        "DATE": "2026-09-28",
        "TIME": "19:33",
        "MXI": "-25,97 kA.",
        "STR": "0",
        "SMA": "0,188 Km.",
        "SMI": "0,12799999 Km.",
        "CHI": "0,6",
        "metvlc_time_utc": "2026-09-28T17:33:00+00:00",
        "metvlc_time_source": "date+time",
        "metvlc_has_real_time": true,
        "metvlc_captura_utc": "2026-09-28T20:33:42+00:00",
        "metvlc_last_seen_utc": "2026-09-28T20:33:42+00:00",
        "metvlc_fuente": "SIGIF/GVA Rayos 24h KMZ"
      },
      "geometry": {
        "type": "Point",
        "coordinates": [
          -1.1137,
          39.3078
        ]
      }
    },
    {
      "type": "Feature",
      "properties": {
        "name": "28/09/2026 19:33:37",
        "COORD": "-1,1282,39,3977",
        "DATE": "2026-09-28",
        "TIME": "19:33",
        "MXI": "-8,12 kA.",
        "STR": "0",
        "SMA": "0,24 Km.",
        "SMI": "0,17799994 Km.",
        "CHI": "1,4",
        "metvlc_time_utc": "2026-09-28T17:33:00+00:00",
        "metvlc_time_source": "date+time",
        "metvlc_has_real_time": true,
        "metvlc_captura_utc": "2026-09-28T20:33:42+00:00",
        "metvlc_last_seen_utc": "2026-09-28T20:33:42+00:00",
        "metvlc_fuente": "SIGIF/GVA Rayos 24h KMZ"
      },
      "geometry": {
        "type": "Point",
        "coordinates": [
          -1.1282,
          39.3977
        ]
      }
    },
    {
      "type": "Feature",
      "properties": {
        "name": "28/09/2026 19:33:47",
        "COORD": "-1,1052,39,3422",
        "DATE": "2026-09-28",
        "TIME": "19:33",
        "MXI": "-18,59 kA.",
        "STR": "0",
        "SMA": "0,176 Km.",
        "SMI": "0,13300003 Km.",
        "CHI": "0,7",
        "metvlc_time_utc": "2026-09-28T17:33:00+00:00",
        "metvlc_time_source": "date+time",
        "metvlc_has_real_time": true,
        "metvlc_captura_utc": "2026-09-28T20:33:42+00:00",
        "metvlc_last_seen_utc": "2026-09-28T20:33:42+00:00",
        "metvlc_fuente": "SIGIF/GVA Rayos 24h KMZ"
      },
      "geometry": {
        "type": "Point",
        "coordinates": [
          -1.1052,
          39.3422
        ]
      }
    },
    {
      "type": "Feature",
      "properties": {
        "name": "28/09/2026 19:33:56",
        "COORD": "-1,1323,39,3528",
        "DATE": "2026-09-28",
        "TIME": "19:33",
        "MXI": "-17,3 kA.",
        "STR": "0",
        "SMA": "0,181 Km.",
        "SMI": "0,13400002 Km.",
        "CHI": "0,7",
        "metvlc_time_utc": "2026-09-28T17:33:00+00:00",
        "metvlc_time_source": "date+time",
        "metvlc_has_real_time": true,
        "metvlc_captura_utc": "2026-09-28T20:33:42+00:00",
        "metvlc_last_seen_utc": "2026-09-28T20:33:42+00:00",
        "metvlc_fuente": "SIGIF/GVA Rayos 24h KMZ"
      },
      "geometry": {
        "type": "Point",
        "coordinates": [
          -1.1323,
          39.3528
        ]
      }
    },
    {
      "type": "Feature",
      "properties": {
        "name": "28/09/2026 19:34:13",
        "COORD": "-1,0939,39,3553",
        "DATE": "2026-09-28",
        "TIME": "19:34",
        "MXI": "-13,43 kA.",
        "STR": "0",
        "SMA": "0,185 Km.",
        "SMI": "0,12699999 Km.",
        "CHI": "0,6",
        "metvlc_time_utc": "2026-09-28T17:34:00+00:00",
        "metvlc_time_source": "date+time",
        "metvlc_has_real_time": true,
        "metvlc_captura_utc": "2026-09-28T20:33:42+00:00",
        "metvlc_last_seen_utc": "2026-09-28T20:33:42+00:00",
        "metvlc_fuente": "SIGIF/GVA Rayos 24h KMZ"
      },
      "geometry": {
        "type": "Point",
        "coordinates": [
          -1.0939,
          39.3553
        ]
      }
    },
    {
      "type": "Feature",
      "properties": {
        "name": "28/09/2026 19:34:20",
        "COORD": "-1,1287,39,3462",
        "DATE": "2026-09-28",
        "TIME": "19:34",
        "MXI": "-40,96 kA.",
        "STR": "0",
        "SMA": "0,181 Km.",
        "SMI": "0,12899998 Km.",
        "CHI": "1,5",
        "metvlc_time_utc": "2026-09-28T17:34:00+00:00",
        "metvlc_time_source": "date+time",
        "metvlc_has_real_time": true,
        "metvlc_captura_utc": "2026-09-28T20:33:42+00:00",
        "metvlc_last_seen_utc": "2026-09-28T20:33:42+00:00",
        "metvlc_fuente": "SIGIF/GVA Rayos 24h KMZ"
      },
      "geometry": {
        "type": "Point",
        "coordinates": [
          -1.1287,
          39.3462
        ]
      }
    },
    {
      "type": "Feature",
      "properties": {
        "name": "28/09/2026 19:34:20",
        "COORD": "-1,1296,39,3474",
        "DATE": "2026-09-28",
        "TIME": "19:34",
        "MXI": "-6,43 kA.",
        "STR": "0",
        "SMA": "0,243 Km.",
        "SMI": "0,20599993 Km.",
        "CHI": "1",
        "metvlc_time_utc": "2026-09-28T17:34:00+00:00",
        "metvlc_time_source": "date+time",
        "metvlc_has_real_time": true,
        "metvlc_captura_utc": "2026-09-28T20:33:42+00:00",
        "metvlc_last_seen_utc": "2026-09-28T20:33:42+00:00",
        "metvlc_fuente": "SIGIF/GVA Rayos 24h KMZ"
      },
      "geometry": {
        "type": "Point",
        "coordinates": [
          -1.1296,
          39.3474
        ]
      }
    },
    {
      "type": "Feature",
      "properties": {
        "name": "28/09/2026 19:34:24",
        "COORD": "-1,0968,39,3732",
        "DATE": "2026-09-28",
        "TIME": "19:34",
        "MXI": "-14,24 kA.",
        "STR": "0",
        "SMA": "0,177 Km.",
        "SMI": "0,12800005 Km.",
        "CHI": "0,6",
        "metvlc_time_utc": "2026-09-28T17:34:00+00:00",
        "metvlc_time_source": "date+time",
        "metvlc_has_real_time": true,
        "metvlc_captura_utc": "2026-09-28T20:33:42+00:00",
        "metvlc_last_seen_utc": "2026-09-28T20:33:42+00:00",
        "metvlc_fuente": "SIGIF/GVA Rayos 24h KMZ"
      },
      "geometry": {
        "type": "Point",
        "coordinates": [
          -1.0968,
          39.3732
        ]
      }
    },
    {
      "type": "Feature",
      "properties": {
        "name": "28/09/2026 19:34:24",
        "COORD": "-1,0823,39,3844",
        "DATE": "2026-09-28",
        "TIME": "19:34",
        "MXI": "-13,2 kA.",
        "STR": "0",
        "SMA": "0,171 Km.",
        "SMI": "0,13300003 Km.",
        "CHI": "0,6",
        "metvlc_time_utc": "2026-09-28T17:34:00+00:00",
        "metvlc_time_source": "date+time",
        "metvlc_has_real_time": true,
        "metvlc_captura_utc": "2026-09-28T20:33:42+00:00",
        "metvlc_last_seen_utc": "2026-09-28T20:33:42+00:00",
        "metvlc_fuente": "SIGIF/GVA Rayos 24h KMZ"
      },
      "geometry": {
        "type": "Point",
        "coordinates": [
          -1.0823,
          39.3844
        ]
      }
    },
    {
      "type": "Feature",
      "properties": {
        "name": "28/09/2026 19:34:28",
        "COORD": "-1,1594,39,3419",
        "DATE": "2026-09-28",
        "TIME": "19:34",
        "MXI": "-10,9 kA.",
        "STR": "0",
        "SMA": "0,173 Km.",
        "SMI": "0,132 Km.",
        "CHI": "0,9",
        "metvlc_time_utc": "2026-09-28T17:34:00+00:00",
        "metvlc_time_source": "date+time",
        "metvlc_has_real_time": true,
        "metvlc_captura_utc": "2026-09-28T20:33:42+00:00",
        "metvlc_last_seen_utc": "2026-09-28T20:33:42+00:00",
        "metvlc_fuente": "SIGIF/GVA Rayos 24h KMZ"
      },
      "geometry": {
        "type": "Point",
        "coordinates": [
          -1.1594,
          39.3419
        ]
      }
    },
    {
      "type": "Feature",
      "properties": {
        "name": "28/09/2026 19:34:35",
        "COORD": "-1,1253,39,3352",
        "DATE": "2026-09-28",
        "TIME": "19:34",
        "MXI": "-23,07 kA.",
        "STR": "0",
        "SMA": "0,173 Km.",
        "SMI": "0,13000003 Km.",
        "CHI": "0,6",
        "metvlc_time_utc": "2026-09-28T17:34:00+00:00",
        "metvlc_time_source": "date+time",
        "metvlc_has_real_time": true,
        "metvlc_captura_utc": "2026-09-28T20:33:42+00:00",
        "metvlc_last_seen_utc": "2026-09-28T20:33:42+00:00",
        "metvlc_fuente": "SIGIF/GVA Rayos 24h KMZ"
      },
      "geometry": {
        "type": "Point",
        "coordinates": [
          -1.1253,
          39.3352
        ]
      }
    },
    {
      "type": "Feature",
      "properties": {
        "name": "28/09/2026 19:34:43",
        "COORD": "-1,1043,39,397",
        "DATE": "2026-09-28",
        "TIME": "19:34",
        "MXI": "-6,82 kA.",
        "STR": "0",
        "SMA": "0,241 Km.",
        "SMI": "0,17999998 Km.",
        "CHI": "0,2",
        "metvlc_time_utc": "2026-09-28T17:34:00+00:00",
        "metvlc_time_source": "date+time",
        "metvlc_has_real_time": true,
        "metvlc_captura_utc": "2026-09-28T20:33:42+00:00",
        "metvlc_last_seen_utc": "2026-09-28T20:33:42+00:00",
        "metvlc_fuente": "SIGIF/GVA Rayos 24h KMZ"
      },
      "geometry": {
        "type": "Point",
        "coordinates": [
          -1.1043,
          39.397
        ]
      }
    },
    {
      "type": "Feature",
      "properties": {
        "name": "28/09/2026 19:34:48",
        "COORD": "-1,0837,39,3541",
        "DATE": "2026-09-28",
        "TIME": "19:34",
        "MXI": "-26,94 kA.",
        "STR": "0",
        "SMA": "0,175 Km.",
        "SMI": "0,12999998 Km.",
        "CHI": "0,7",
        "metvlc_time_utc": "2026-09-28T17:34:00+00:00",
        "metvlc_time_source": "date+time",
        "metvlc_has_real_time": true,
        "metvlc_captura_utc": "2026-09-28T20:33:42+00:00",
        "metvlc_last_seen_utc": "2026-09-28T20:33:42+00:00",
        "metvlc_fuente": "SIGIF/GVA Rayos 24h KMZ"
      },
      "geometry": {
        "type": "Point",
        "coordinates": [
          -1.0837,
          39.3541
        ]
      }
    },
    {
      "type": "Feature",
      "properties": {
        "name": "28/09/2026 19:34:48",
        "COORD": "-1,0919,39,373",
        "DATE": "2026-09-28",
        "TIME": "19:34",
        "MXI": "-11,55 kA.",
        "STR": "0",
        "SMA": "0,177 Km.",
        "SMI": "0,133 Km.",
        "CHI": "0,3",
        "metvlc_time_utc": "2026-09-28T17:34:00+00:00",
        "metvlc_time_source": "date+time",
        "metvlc_has_real_time": true,
        "metvlc_captura_utc": "2026-09-28T20:33:42+00:00",
        "metvlc_last_seen_utc": "2026-09-28T20:33:42+00:00",
        "metvlc_fuente": "SIGIF/GVA Rayos 24h KMZ"
      },
      "geometry": {
        "type": "Point",
        "coordinates": [
          -1.0919,
          39.373
        ]
      }
    },
    {
      "type": "Feature",
      "properties": {
        "name": "28/09/2026 19:34:48",
        "COORD": "-1,0835,39,3539",
        "DATE": "2026-09-28",
        "TIME": "19:34",
        "MXI": "-10,66 kA.",
        "STR": "0",
        "SMA": "0,179 Km.",
        "SMI": "0,13100003 Km.",
        "CHI": "0,5",
        "metvlc_time_utc": "2026-09-28T17:34:00+00:00",
        "metvlc_time_source": "date+time",
        "metvlc_has_real_time": true,
        "metvlc_captura_utc": "2026-09-28T20:33:42+00:00",
        "metvlc_last_seen_utc": "2026-09-28T20:33:42+00:00",
        "metvlc_fuente": "SIGIF/GVA Rayos 24h KMZ"
      },
      "geometry": {
        "type": "Point",
        "coordinates": [
          -1.0835,
          39.3539
        ]
      }
    },
    {
      "type": "Feature",
      "properties": {
        "name": "28/09/2026 19:34:48",
        "COORD": "-1,1337,39,3495",
        "DATE": "2026-09-28",
        "TIME": "19:34",
        "MXI": "-16,05 kA.",
        "STR": "0",
        "SMA": "0,175 Km.",
        "SMI": "0,12900002 Km.",
        "CHI": "0,7",
        "metvlc_time_utc": "2026-09-28T17:34:00+00:00",
        "metvlc_time_source": "date+time",
        "metvlc_has_real_time": true,
        "metvlc_captura_utc": "2026-09-28T20:33:42+00:00",
        "metvlc_last_seen_utc": "2026-09-28T20:33:42+00:00",
        "metvlc_fuente": "SIGIF/GVA Rayos 24h KMZ"
      },
      "geometry": {
        "type": "Point",
        "coordinates": [
          -1.1337,
          39.3495
        ]
      }
    },
    {
      "type": "Feature",
      "properties": {
        "name": "28/09/2026 19:34:48",
        "COORD": "-1,0807,39,3528",
        "DATE": "2026-09-28",
        "TIME": "19:34",
        "MXI": "-32,63 kA.",
        "STR": "0",
        "SMA": "1,053 Km.",
        "SMI": "0,22500001 Km.",
        "CHI": "0,7",
        "metvlc_time_utc": "2026-09-28T17:34:00+00:00",
        "metvlc_time_source": "date+time",
        "metvlc_has_real_time": true,
        "metvlc_captura_utc": "2026-09-28T20:33:42+00:00",
        "metvlc_last_seen_utc": "2026-09-28T20:33:42+00:00",
        "metvlc_fuente": "SIGIF/GVA Rayos 24h KMZ"
      },
      "geometry": {
        "type": "Point",
        "coordinates": [
          -1.0807,
          39.3528
        ]
      }
    },
    {
      "type": "Feature",
      "properties": {
        "name": "28/09/2026 19:34:48",
        "COORD": "-1,0843,39,3542",
        "DATE": "2026-09-28",
        "TIME": "19:34",
        "MXI": "-11,25 kA.",
        "STR": "0",
        "SMA": "0,177 Km.",
        "SMI": "0,131 Km.",
        "CHI": "0,3",
        "metvlc_time_utc": "2026-09-28T17:34:00+00:00",
        "metvlc_time_source": "date+time",
        "metvlc_has_real_time": true,
        "metvlc_captura_utc": "2026-09-28T20:33:42+00:00",
        "metvlc_last_seen_utc": "2026-09-28T20:33:42+00:00",
        "metvlc_fuente": "SIGIF/GVA Rayos 24h KMZ"
      },
      "geometry": {
        "type": "Point",
        "coordinates": [
          -1.0843,
          39.3542
        ]
      }
    },
    {
      "type": "Feature",
      "properties": {
        "name": "28/09/2026 19:34:48",
        "COORD": "-1,0837,39,354",
        "DATE": "2026-09-28",
        "TIME": "19:34",
        "MXI": "-26,08 kA.",
        "STR": "0",
        "SMA": "0,176 Km.",
        "SMI": "0,13000003 Km.",
        "CHI": "0,7",
        "metvlc_time_utc": "2026-09-28T17:34:00+00:00",
        "metvlc_time_source": "date+time",
        "metvlc_has_real_time": true,
        "metvlc_captura_utc": "2026-09-28T20:33:42+00:00",
        "metvlc_last_seen_utc": "2026-09-28T20:33:42+00:00",
        "metvlc_fuente": "SIGIF/GVA Rayos 24h KMZ"
      },
      "geometry": {
        "type": "Point",
        "coordinates": [
          -1.0837,
          39.354
        ]
      }
    },
    {
      "type": "Feature",
      "properties": {
        "name": "28/09/2026 19:34:48",
        "COORD": "-1,0836,39,3542",
        "DATE": "2026-09-28",
        "TIME": "19:34",
        "MXI": "-19,32 kA.",
        "STR": "0",
        "SMA": "0,175 Km.",
        "SMI": "0,12999998 Km.",
        "CHI": "1",
        "metvlc_time_utc": "2026-09-28T17:34:00+00:00",
        "metvlc_time_source": "date+time",
        "metvlc_has_real_time": true,
        "metvlc_captura_utc": "2026-09-28T20:33:42+00:00",
        "metvlc_last_seen_utc": "2026-09-28T20:33:42+00:00",
        "metvlc_fuente": "SIGIF/GVA Rayos 24h KMZ"
      },
      "geometry": {
        "type": "Point",
        "coordinates": [
          -1.0836,
          39.3542
        ]
      }
    },
    {
      "type": "Feature",
      "properties": {
        "name": "28/09/2026 19:34:48",
        "COORD": "-1,0844,39,3545",
        "DATE": "2026-09-28",
        "TIME": "19:34",
        "MXI": "-5,34 kA.",
        "STR": "0",
        "SMA": "0,338 Km.",
        "SMI": "0,22899993 Km.",
        "CHI": "0,5",
        "metvlc_time_utc": "2026-09-28T17:34:00+00:00",
        "metvlc_time_source": "date+time",
        "metvlc_has_real_time": true,
        "metvlc_captura_utc": "2026-09-28T20:33:42+00:00",
        "metvlc_last_seen_utc": "2026-09-28T20:33:42+00:00",
        "metvlc_fuente": "SIGIF/GVA Rayos 24h KMZ"
      },
      "geometry": {
        "type": "Point",
        "coordinates": [
          -1.0844,
          39.3545
        ]
      }
    },
    {
      "type": "Feature",
      "properties": {
        "name": "28/09/2026 19:34:49",
        "COORD": "-1,0839,39,3542",
        "DATE": "2026-09-28",
        "TIME": "19:34",
        "MXI": "-14,22 kA.",
        "STR": "0",
        "SMA": "0,174 Km.",
        "SMI": "0,11999999 Km.",
        "CHI": "0,4",
        "metvlc_time_utc": "2026-09-28T17:34:00+00:00",
        "metvlc_time_source": "date+time",
        "metvlc_has_real_time": true,
        "metvlc_captura_utc": "2026-09-28T20:33:42+00:00",
        "metvlc_last_seen_utc": "2026-09-28T20:33:42+00:00",
        "metvlc_fuente": "SIGIF/GVA Rayos 24h KMZ"
      },
      "geometry": {
        "type": "Point",
        "coordinates": [
          -1.0839,
          39.3542
        ]
      }
    },
    {
      "type": "Feature",
      "properties": {
        "name": "28/09/2026 19:34:49",
        "COORD": "-1,0839,39,3543",
        "DATE": "2026-09-28",
        "TIME": "19:34",
        "MXI": "-10,77 kA.",
        "STR": "0",
        "SMA": "0,173 Km.",
        "SMI": "0,15499999 Km.",
        "CHI": "0,3",
        "metvlc_time_utc": "2026-09-28T17:34:00+00:00",
        "metvlc_time_source": "date+time",
        "metvlc_has_real_time": true,
        "metvlc_captura_utc": "2026-09-28T20:33:42+00:00",
        "metvlc_last_seen_utc": "2026-09-28T20:33:42+00:00",
        "metvlc_fuente": "SIGIF/GVA Rayos 24h KMZ"
      },
      "geometry": {
        "type": "Point",
        "coordinates": [
          -1.0839,
          39.3543
        ]
      }
    },
    {
      "type": "Feature",
      "properties": {
        "name": "28/09/2026 19:34:49",
        "COORD": "-1,0835,39,3543",
        "DATE": "2026-09-28",
        "TIME": "19:34",
        "MXI": "-24,44 kA.",
        "STR": "0",
        "SMA": "0,177 Km.",
        "SMI": "0,12999995 Km.",
        "CHI": "0,8",
        "metvlc_time_utc": "2026-09-28T17:34:00+00:00",
        "metvlc_time_source": "date+time",
        "metvlc_has_real_time": true,
        "metvlc_captura_utc": "2026-09-28T20:33:42+00:00",
        "metvlc_last_seen_utc": "2026-09-28T20:33:42+00:00",
        "metvlc_fuente": "SIGIF/GVA Rayos 24h KMZ"
      },
      "geometry": {
        "type": "Point",
        "coordinates": [
          -1.0835,
          39.3543
        ]
      }
    },
    {
      "type": "Feature",
      "properties": {
        "name": "28/09/2026 19:35:03",
        "COORD": "-1,1284,39,3371",
        "DATE": "2026-09-28",
        "TIME": "19:35",
        "MXI": "-30,62 kA.",
        "STR": "0",
        "SMA": "0,175 Km.",
        "SMI": "0,12800004 Km.",
        "CHI": "1,1",
        "metvlc_time_utc": "2026-09-28T17:35:00+00:00",
        "metvlc_time_source": "date+time",
        "metvlc_has_real_time": true,
        "metvlc_captura_utc": "2026-09-28T20:33:42+00:00",
        "metvlc_last_seen_utc": "2026-09-28T20:33:42+00:00",
        "metvlc_fuente": "SIGIF/GVA Rayos 24h KMZ"
      },
      "geometry": {
        "type": "Point",
        "coordinates": [
          -1.1284,
          39.3371
        ]
      }
    },
    {
      "type": "Feature",
      "properties": {
        "name": "28/09/2026 19:35:03",
        "COORD": "-1,128,39,3367",
        "DATE": "2026-09-28",
        "TIME": "19:35",
        "MXI": "-29,21 kA.",
        "STR": "0",
        "SMA": "0,176 Km.",
        "SMI": "0,13200003 Km.",
        "CHI": "1,1",
        "metvlc_time_utc": "2026-09-28T17:35:00+00:00",
        "metvlc_time_source": "date+time",
        "metvlc_has_real_time": true,
        "metvlc_captura_utc": "2026-09-28T20:33:42+00:00",
        "metvlc_last_seen_utc": "2026-09-28T20:33:42+00:00",
        "metvlc_fuente": "SIGIF/GVA Rayos 24h KMZ"
      },
      "geometry": {
        "type": "Point",
        "coordinates": [
          -1.128,
          39.3367
        ]
      }
    },
    {
      "type": "Feature",
      "properties": {
        "name": "28/09/2026 19:35:03",
        "COORD": "-1,1278,39,3366",
        "DATE": "2026-09-28",
        "TIME": "19:35",
        "MXI": "-22,87 kA.",
        "STR": "0",
        "SMA": "0,174 Km.",
        "SMI": "0,13400005 Km.",
        "CHI": "0,8",
        "metvlc_time_utc": "2026-09-28T17:35:00+00:00",
        "metvlc_time_source": "date+time",
        "metvlc_has_real_time": true,
        "metvlc_captura_utc": "2026-09-28T20:33:42+00:00",
        "metvlc_last_seen_utc": "2026-09-28T20:33:42+00:00",
        "metvlc_fuente": "SIGIF/GVA Rayos 24h KMZ"
      },
      "geometry": {
        "type": "Point",
        "coordinates": [
          -1.1278,
          39.3366
        ]
      }
    },
    {
      "type": "Feature",
      "properties": {
        "name": "28/09/2026 19:35:15",
        "COORD": "-1,1017,39,3469",
        "DATE": "2026-09-28",
        "TIME": "19:35",
        "MXI": "-23,89 kA.",
        "STR": "0",
        "SMA": "0,176 Km.",
        "SMI": "0,13200003 Km.",
        "CHI": "0,9",
        "metvlc_time_utc": "2026-09-28T17:35:00+00:00",
        "metvlc_time_source": "date+time",
        "metvlc_has_real_time": true,
        "metvlc_captura_utc": "2026-09-28T20:33:42+00:00",
        "metvlc_last_seen_utc": "2026-09-28T20:33:42+00:00",
        "metvlc_fuente": "SIGIF/GVA Rayos 24h KMZ"
      },
      "geometry": {
        "type": "Point",
        "coordinates": [
          -1.1017,
          39.3469
        ]
      }
    },
    {
      "type": "Feature",
      "properties": {
        "name": "28/09/2026 19:35:15",
        "COORD": "-1,1084,39,3475",
        "DATE": "2026-09-28",
        "TIME": "19:35",
        "MXI": "-4,72 kA.",
        "STR": "0",
        "SMA": "0,256 Km.",
        "SMI": "0,171 Km.",
        "CHI": "0,3",
        "metvlc_time_utc": "2026-09-28T17:35:00+00:00",
        "metvlc_time_source": "date+time",
        "metvlc_has_real_time": true,
        "metvlc_captura_utc": "2026-09-28T20:33:42+00:00",
        "metvlc_last_seen_utc": "2026-09-28T20:33:42+00:00",
        "metvlc_fuente": "SIGIF/GVA Rayos 24h KMZ"
      },
      "geometry": {
        "type": "Point",
        "coordinates": [
          -1.1084,
          39.3475
        ]
      }
    },
    {
      "type": "Feature",
      "properties": {
        "name": "28/09/2026 19:35:15",
        "COORD": "-1,1006,39,3467",
        "DATE": "2026-09-28",
        "TIME": "19:35",
        "MXI": "-6,5 kA.",
        "STR": "0",
        "SMA": "0,36 Km.",
        "SMI": "0,185 Km.",
        "CHI": "0,4",
        "metvlc_time_utc": "2026-09-28T17:35:00+00:00",
        "metvlc_time_source": "date+time",
        "metvlc_has_real_time": true,
        "metvlc_captura_utc": "2026-09-28T20:33:42+00:00",
        "metvlc_last_seen_utc": "2026-09-28T20:33:42+00:00",
        "metvlc_fuente": "SIGIF/GVA Rayos 24h KMZ"
      },
      "geometry": {
        "type": "Point",
        "coordinates": [
          -1.1006,
          39.3467
        ]
      }
    },
    {
      "type": "Feature",
      "properties": {
        "name": "28/09/2026 19:35:15",
        "COORD": "-1,1009,39,3459",
        "DATE": "2026-09-28",
        "TIME": "19:35",
        "MXI": "-34,89 kA.",
        "STR": "0",
        "SMA": "0,162 Km.",
        "SMI": "0,125 Km.",
        "CHI": "0,8",
        "metvlc_time_utc": "2026-09-28T17:35:00+00:00",
        "metvlc_time_source": "date+time",
        "metvlc_has_real_time": true,
        "metvlc_captura_utc": "2026-09-28T20:33:42+00:00",
        "metvlc_last_seen_utc": "2026-09-28T20:33:42+00:00",
        "metvlc_fuente": "SIGIF/GVA Rayos 24h KMZ"
      },
      "geometry": {
        "type": "Point",
        "coordinates": [
          -1.1009,
          39.3459
        ]
      }
    },
    {
      "type": "Feature",
      "properties": {
        "name": "28/09/2026 19:35:24",
        "COORD": "-1,1063,39,3779",
        "DATE": "2026-09-28",
        "TIME": "19:35",
        "MXI": "-9,33 kA.",
        "STR": "0",
        "SMA": "0,174 Km.",
        "SMI": "0,142 Km.",
        "CHI": "0,6",
        "metvlc_time_utc": "2026-09-28T17:35:00+00:00",
        "metvlc_time_source": "date+time",
        "metvlc_has_real_time": true,
        "metvlc_captura_utc": "2026-09-28T20:33:42+00:00",
        "metvlc_last_seen_utc": "2026-09-28T20:33:42+00:00",
        "metvlc_fuente": "SIGIF/GVA Rayos 24h KMZ"
      },
      "geometry": {
        "type": "Point",
        "coordinates": [
          -1.1063,
          39.3779
        ]
      }
    },
    {
      "type": "Feature",
      "properties": {
        "name": "28/09/2026 19:35:30",
        "COORD": "-1,084,39,4029",
        "DATE": "2026-09-28",
        "TIME": "19:35",
        "MXI": "-8,19 kA.",
        "STR": "0",
        "SMA": "0,211 Km.",
        "SMI": "0,17000006 Km.",
        "CHI": "0,8",
        "metvlc_time_utc": "2026-09-28T17:35:00+00:00",
        "metvlc_time_source": "date+time",
        "metvlc_has_real_time": true,
        "metvlc_captura_utc": "2026-09-28T20:33:42+00:00",
        "metvlc_last_seen_utc": "2026-09-28T20:33:42+00:00",
        "metvlc_fuente": "SIGIF/GVA Rayos 24h KMZ"
      },
      "geometry": {
        "type": "Point",
        "coordinates": [
          -1.084,
          39.4029
        ]
      }
    },
    {
      "type": "Feature",
      "properties": {
        "name": "28/09/2026 19:35:36",
        "COORD": "-1,1073,39,307",
        "DATE": "2026-09-28",
        "TIME": "19:35",
        "MXI": "-17,84 kA.",
        "STR": "0",
        "SMA": "0,175 Km.",
        "SMI": "0,12900002 Km.",
        "CHI": "0,8",
        "metvlc_time_utc": "2026-09-28T17:35:00+00:00",
        "metvlc_time_source": "date+time",
        "metvlc_has_real_time": true,
        "metvlc_captura_utc": "2026-09-28T20:33:42+00:00",
        "metvlc_last_seen_utc": "2026-09-28T20:33:42+00:00",
        "metvlc_fuente": "SIGIF/GVA Rayos 24h KMZ"
      },
      "geometry": {
        "type": "Point",
        "coordinates": [
          -1.1073,
          39.307
        ]
      }
    },
    {
      "type": "Feature",
      "properties": {
        "name": "28/09/2026 19:35:40",
        "COORD": "-1,1045,39,3658",
        "DATE": "2026-09-28",
        "TIME": "19:35",
        "MXI": "-9,87 kA.",
        "STR": "0",
        "SMA": "1,05 Km.",
        "SMI": "0,26899996 Km.",
        "CHI": "1,2",
        "metvlc_time_utc": "2026-09-28T17:35:00+00:00",
        "metvlc_time_source": "date+time",
        "metvlc_has_real_time": true,
        "metvlc_captura_utc": "2026-09-28T20:33:42+00:00",
        "metvlc_last_seen_utc": "2026-09-28T20:33:42+00:00",
        "metvlc_fuente": "SIGIF/GVA Rayos 24h KMZ"
      },
      "geometry": {
        "type": "Point",
        "coordinates": [
          -1.1045,
          39.3658
        ]
      }
    },
    {
      "type": "Feature",
      "properties": {
        "name": "28/09/2026 19:35:51",
        "COORD": "-1,1169,39,3845",
        "DATE": "2026-09-28",
        "TIME": "19:35",
        "MXI": "-9,3 kA.",
        "STR": "0",
        "SMA": "0,22 Km.",
        "SMI": "0,14199997 Km.",
        "CHI": "0,5",
        "metvlc_time_utc": "2026-09-28T17:35:00+00:00",
        "metvlc_time_source": "date+time",
        "metvlc_has_real_time": true,
        "metvlc_captura_utc": "2026-09-28T20:33:42+00:00",
        "metvlc_last_seen_utc": "2026-09-28T20:33:42+00:00",
        "metvlc_fuente": "SIGIF/GVA Rayos 24h KMZ"
      },
      "geometry": {
        "type": "Point",
        "coordinates": [
          -1.1169,
          39.3845
        ]
      }
    },
    {
      "type": "Feature",
      "properties": {
        "name": "28/09/2026 19:35:51",
        "COORD": "-1,1087,39,3686",
        "DATE": "2026-09-28",
        "TIME": "19:35",
        "MXI": "-11,85 kA.",
        "STR": "0",
        "SMA": "0,177 Km.",
        "SMI": "0,131 Km.",
        "CHI": "0,7",
        "metvlc_time_utc": "2026-09-28T17:35:00+00:00",
        "metvlc_time_source": "date+time",
        "metvlc_has_real_time": true,
        "metvlc_captura_utc": "2026-09-28T20:33:42+00:00",
        "metvlc_last_seen_utc": "2026-09-28T20:33:42+00:00",
        "metvlc_fuente": "SIGIF/GVA Rayos 24h KMZ"
      },
      "geometry": {
        "type": "Point",
        "coordinates": [
          -1.1087,
          39.3686
        ]
      }
    },
    {
      "type": "Feature",
      "properties": {
        "name": "28/09/2026 19:35:51",
        "COORD": "-1,0812,39,3939",
        "DATE": "2026-09-28",
        "TIME": "19:35",
        "MXI": "-10,64 kA.",
        "STR": "0",
        "SMA": "0,24 Km.",
        "SMI": "0,16100003 Km.",
        "CHI": "0,4",
        "metvlc_time_utc": "2026-09-28T17:35:00+00:00",
        "metvlc_time_source": "date+time",
        "metvlc_has_real_time": true,
        "metvlc_captura_utc": "2026-09-28T20:33:42+00:00",
        "metvlc_last_seen_utc": "2026-09-28T20:33:42+00:00",
        "metvlc_fuente": "SIGIF/GVA Rayos 24h KMZ"
      },
      "geometry": {
        "type": "Point",
        "coordinates": [
          -1.0812,
          39.3939
        ]
      }
    },
    {
      "type": "Feature",
      "properties": {
        "name": "28/09/2026 19:35:51",
        "COORD": "-1,0971,39,3915",
        "DATE": "2026-09-28",
        "TIME": "19:35",
        "MXI": "-10,37 kA.",
        "STR": "0",
        "SMA": "0,222 Km.",
        "SMI": "0,14899999 Km.",
        "CHI": "0,7",
        "metvlc_time_utc": "2026-09-28T17:35:00+00:00",
        "metvlc_time_source": "date+time",
        "metvlc_has_real_time": true,
        "metvlc_captura_utc": "2026-09-28T20:33:42+00:00",
        "metvlc_last_seen_utc": "2026-09-28T20:33:42+00:00",
        "metvlc_fuente": "SIGIF/GVA Rayos 24h KMZ"
      },
      "geometry": {
        "type": "Point",
        "coordinates": [
          -1.0971,
          39.3915
        ]
      }
    },
    {
      "type": "Feature",
      "properties": {
        "name": "28/09/2026 19:35:51",
        "COORD": "-1,0965,39,3913",
        "DATE": "2026-09-28",
        "TIME": "19:35",
        "MXI": "-14,99 kA.",
        "STR": "0",
        "SMA": "0,169 Km.",
        "SMI": "0,12599999 Km.",
        "CHI": "0,5",
        "metvlc_time_utc": "2026-09-28T17:35:00+00:00",
        "metvlc_time_source": "date+time",
        "metvlc_has_real_time": true,
        "metvlc_captura_utc": "2026-09-28T20:33:42+00:00",
        "metvlc_last_seen_utc": "2026-09-28T20:33:42+00:00",
        "metvlc_fuente": "SIGIF/GVA Rayos 24h KMZ"
      },
      "geometry": {
        "type": "Point",
        "coordinates": [
          -1.0965,
          39.3913
        ]
      }
    },
    {
      "type": "Feature",
      "properties": {
        "name": "28/09/2026 19:35:55",
        "COORD": "-1,1752,39,3578",
        "DATE": "2026-09-28",
        "TIME": "19:35",
        "MXI": "-9,35 kA.",
        "STR": "0",
        "SMA": "0,3 Km.",
        "SMI": "0,16199999 Km.",
        "CHI": "0,7",
        "metvlc_time_utc": "2026-09-28T17:35:00+00:00",
        "metvlc_time_source": "date+time",
        "metvlc_has_real_time": true,
        "metvlc_captura_utc": "2026-09-28T20:33:42+00:00",
        "metvlc_last_seen_utc": "2026-09-28T20:33:42+00:00",
        "metvlc_fuente": "SIGIF/GVA Rayos 24h KMZ"
      },
      "geometry": {
        "type": "Point",
        "coordinates": [
          -1.1752,
          39.3578
        ]
      }
    },
    {
      "type": "Feature",
      "properties": {
        "name": "28/09/2026 19:36:06",
        "COORD": "-1,0836,39,3755",
        "DATE": "2026-09-28",
        "TIME": "19:36",
        "MXI": "-16,23 kA.",
        "STR": "0",
        "SMA": "0,178 Km.",
        "SMI": "0,13099997 Km.",
        "CHI": "0,8",
        "metvlc_time_utc": "2026-09-28T17:36:00+00:00",
        "metvlc_time_source": "date+time",
        "metvlc_has_real_time": true,
        "metvlc_captura_utc": "2026-09-28T20:33:42+00:00",
        "metvlc_last_seen_utc": "2026-09-28T20:33:42+00:00",
        "metvlc_fuente": "SIGIF/GVA Rayos 24h KMZ"
      },
      "geometry": {
        "type": "Point",
        "coordinates": [
          -1.0836,
          39.3755
        ]
      }
    },
    {
      "type": "Feature",
      "properties": {
        "name": "28/09/2026 19:36:06",
        "COORD": "-1,1056,39,3977",
        "DATE": "2026-09-28",
        "TIME": "19:36",
        "MXI": "-12,34 kA.",
        "STR": "0",
        "SMA": "0,167 Km.",
        "SMI": "0,12599997 Km.",
        "CHI": "0,7",
        "metvlc_time_utc": "2026-09-28T17:36:00+00:00",
        "metvlc_time_source": "date+time",
        "metvlc_has_real_time": true,
        "metvlc_captura_utc": "2026-09-28T20:33:42+00:00",
        "metvlc_last_seen_utc": "2026-09-28T20:33:42+00:00",
        "metvlc_fuente": "SIGIF/GVA Rayos 24h KMZ"
      },
      "geometry": {
        "type": "Point",
        "coordinates": [
          -1.1056,
          39.3977
        ]
      }
    },
    {
      "type": "Feature",
      "properties": {
        "name": "28/09/2026 19:36:06",
        "COORD": "-1,0835,39,377",
        "DATE": "2026-09-28",
        "TIME": "19:36",
        "MXI": "-5,58 kA.",
        "STR": "0",
        "SMA": "0,382 Km.",
        "SMI": "0,22199996 Km.",
        "CHI": "0,7",
        "metvlc_time_utc": "2026-09-28T17:36:00+00:00",
        "metvlc_time_source": "date+time",
        "metvlc_has_real_time": true,
        "metvlc_captura_utc": "2026-09-28T20:33:42+00:00",
        "metvlc_last_seen_utc": "2026-09-28T20:33:42+00:00",
        "metvlc_fuente": "SIGIF/GVA Rayos 24h KMZ"
      },
      "geometry": {
        "type": "Point",
        "coordinates": [
          -1.0835,
          39.377
        ]
      }
    },
    {
      "type": "Feature",
      "properties": {
        "name": "28/09/2026 19:36:06",
        "COORD": "-1,0834,39,3748",
        "DATE": "2026-09-28",
        "TIME": "19:36",
        "MXI": "-15,64 kA.",
        "STR": "0",
        "SMA": "0,185 Km.",
        "SMI": "0,12899996 Km.",
        "CHI": "0,7",
        "metvlc_time_utc": "2026-09-28T17:36:00+00:00",
        "metvlc_time_source": "date+time",
        "metvlc_has_real_time": true,
        "metvlc_captura_utc": "2026-09-28T20:33:42+00:00",
        "metvlc_last_seen_utc": "2026-09-28T20:33:42+00:00",
        "metvlc_fuente": "SIGIF/GVA Rayos 24h KMZ"
      },
      "geometry": {
        "type": "Point",
        "coordinates": [
          -1.0834,
          39.3748
        ]
      }
    },
    {
      "type": "Feature",
      "properties": {
        "name": "28/09/2026 19:36:17",
        "COORD": "-1,1633,39,3786",
        "DATE": "2026-09-28",
        "TIME": "19:36",
        "MXI": "-15,65 kA.",
        "STR": "0",
        "SMA": "0,166 Km.",
        "SMI": "0,125 Km.",
        "CHI": "0,8",
        "metvlc_time_utc": "2026-09-28T17:36:00+00:00",
        "metvlc_time_source": "date+time",
        "metvlc_has_real_time": true,
        "metvlc_captura_utc": "2026-09-28T20:33:42+00:00",
        "metvlc_last_seen_utc": "2026-09-28T20:33:42+00:00",
        "metvlc_fuente": "SIGIF/GVA Rayos 24h KMZ"
      },
      "geometry": {
        "type": "Point",
        "coordinates": [
          -1.1633,
          39.3786
        ]
      }
    },
    {
      "type": "Feature",
      "properties": {
        "name": "28/09/2026 19:36:28",
        "COORD": "-1,1195,39,3891",
        "DATE": "2026-09-28",
        "TIME": "19:36",
        "MXI": "-11,03 kA.",
        "STR": "0",
        "SMA": "0,16 Km.",
        "SMI": "0,13599995 Km.",
        "CHI": "0,7",
        "metvlc_time_utc": "2026-09-28T17:36:00+00:00",
        "metvlc_time_source": "date+time",
        "metvlc_has_real_time": true,
        "metvlc_captura_utc": "2026-09-28T20:33:42+00:00",
        "metvlc_last_seen_utc": "2026-09-28T20:33:42+00:00",
        "metvlc_fuente": "SIGIF/GVA Rayos 24h KMZ"
      },
      "geometry": {
        "type": "Point",
        "coordinates": [
          -1.1195,
          39.3891
        ]
      }
    },
    {
      "type": "Feature",
      "properties": {
        "name": "28/09/2026 19:36:28",
        "COORD": "-1,1236,39,3727",
        "DATE": "2026-09-28",
        "TIME": "19:36",
        "MXI": "-23,18 kA.",
        "STR": "0",
        "SMA": "0,175 Km.",
        "SMI": "0,13099998 Km.",
        "CHI": "1",
        "metvlc_time_utc": "2026-09-28T17:36:00+00:00",
        "metvlc_time_source": "date+time",
        "metvlc_has_real_time": true,
        "metvlc_captura_utc": "2026-09-28T20:33:42+00:00",
        "metvlc_last_seen_utc": "2026-09-28T20:33:42+00:00",
        "metvlc_fuente": "SIGIF/GVA Rayos 24h KMZ"
      },
      "geometry": {
        "type": "Point",
        "coordinates": [
          -1.1236,
          39.3727
        ]
      }
    },
    {
      "type": "Feature",
      "properties": {
        "name": "28/09/2026 19:36:28",
        "COORD": "-1,099,39,3862",
        "DATE": "2026-09-28",
        "TIME": "19:36",
        "MXI": "-17,24 kA.",
        "STR": "0",
        "SMA": "0,173 Km.",
        "SMI": "0,13099997 Km.",
        "CHI": "0,9",
        "metvlc_time_utc": "2026-09-28T17:36:00+00:00",
        "metvlc_time_source": "date+time",
        "metvlc_has_real_time": true,
        "metvlc_captura_utc": "2026-09-28T20:33:42+00:00",
        "metvlc_last_seen_utc": "2026-09-28T20:33:42+00:00",
        "metvlc_fuente": "SIGIF/GVA Rayos 24h KMZ"
      },
      "geometry": {
        "type": "Point",
        "coordinates": [
          -1.099,
          39.3862
        ]
      }
    },
    {
      "type": "Feature",
      "properties": {
        "name": "28/09/2026 19:36:28",
        "COORD": "-1,0992,39,386",
        "DATE": "2026-09-28",
        "TIME": "19:36",
        "MXI": "-12,13 kA.",
        "STR": "0",
        "SMA": "0,196 Km.",
        "SMI": "0,14099999 Km.",
        "CHI": "0,5",
        "metvlc_time_utc": "2026-09-28T17:36:00+00:00",
        "metvlc_time_source": "date+time",
        "metvlc_has_real_time": true,
        "metvlc_captura_utc": "2026-09-28T20:33:42+00:00",
        "metvlc_last_seen_utc": "2026-09-28T20:33:42+00:00",
        "metvlc_fuente": "SIGIF/GVA Rayos 24h KMZ"
      },
      "geometry": {
        "type": "Point",
        "coordinates": [
          -1.0992,
          39.386
        ]
      }
    },
    {
      "type": "Feature",
      "properties": {
        "name": "28/09/2026 19:36:28",
        "COORD": "-1,0988,39,386",
        "DATE": "2026-09-28",
        "TIME": "19:36",
        "MXI": "-18,4 kA.",
        "STR": "0",
        "SMA": "0,179 Km.",
        "SMI": "0,13000001 Km.",
        "CHI": "0,8",
        "metvlc_time_utc": "2026-09-28T17:36:00+00:00",
        "metvlc_time_source": "date+time",
        "metvlc_has_real_time": true,
        "metvlc_captura_utc": "2026-09-28T20:33:42+00:00",
        "metvlc_last_seen_utc": "2026-09-28T20:33:42+00:00",
        "metvlc_fuente": "SIGIF/GVA Rayos 24h KMZ"
      },
      "geometry": {
        "type": "Point",
        "coordinates": [
          -1.0988,
          39.386
        ]
      }
    },
    {
      "type": "Feature",
      "properties": {
        "name": "28/09/2026 19:36:28",
        "COORD": "-1,0988,39,3856",
        "DATE": "2026-09-28",
        "TIME": "19:36",
        "MXI": "-9,38 kA.",
        "STR": "0",
        "SMA": "0,177 Km.",
        "SMI": "0,14199999 Km.",
        "CHI": "0,3",
        "metvlc_time_utc": "2026-09-28T17:36:00+00:00",
        "metvlc_time_source": "date+time",
        "metvlc_has_real_time": true,
        "metvlc_captura_utc": "2026-09-28T20:33:42+00:00",
        "metvlc_last_seen_utc": "2026-09-28T20:33:42+00:00",
        "metvlc_fuente": "SIGIF/GVA Rayos 24h KMZ"
      },
      "geometry": {
        "type": "Point",
        "coordinates": [
          -1.0988,
          39.3856
        ]
      }
    },
    {
      "type": "Feature",
      "properties": {
        "name": "28/09/2026 19:36:43",
        "COORD": "-1,1205,39,3661",
        "DATE": "2026-09-28",
        "TIME": "19:36",
        "MXI": "-19,99 kA.",
        "STR": "0",
        "SMA": "0,176 Km.",
        "SMI": "0,13100004 Km.",
        "CHI": "0,7",
        "metvlc_time_utc": "2026-09-28T17:36:00+00:00",
        "metvlc_time_source": "date+time",
        "metvlc_has_real_time": true,
        "metvlc_captura_utc": "2026-09-28T20:33:42+00:00",
        "metvlc_last_seen_utc": "2026-09-28T20:33:42+00:00",
        "metvlc_fuente": "SIGIF/GVA Rayos 24h KMZ"
      },
      "geometry": {
        "type": "Point",
        "coordinates": [
          -1.1205,
          39.3661
        ]
      }
    },
    {
      "type": "Feature",
      "properties": {
        "name": "28/09/2026 19:36:44",
        "COORD": "-1,1335,39,3844",
        "DATE": "2026-09-28",
        "TIME": "19:36",
        "MXI": "-15,26 kA.",
        "STR": "0",
        "SMA": "0,167 Km.",
        "SMI": "0,13100001 Km.",
        "CHI": "0,7",
        "metvlc_time_utc": "2026-09-28T17:36:00+00:00",
        "metvlc_time_source": "date+time",
        "metvlc_has_real_time": true,
        "metvlc_captura_utc": "2026-09-28T20:33:42+00:00",
        "metvlc_last_seen_utc": "2026-09-28T20:33:42+00:00",
        "metvlc_fuente": "SIGIF/GVA Rayos 24h KMZ"
      },
      "geometry": {
        "type": "Point",
        "coordinates": [
          -1.1335,
          39.3844
        ]
      }
    },
    {
      "type": "Feature",
      "properties": {
        "name": "28/09/2026 19:36:44",
        "COORD": "-1,1583,39,3524",
        "DATE": "2026-09-28",
        "TIME": "19:36",
        "MXI": "-15,25 kA.",
        "STR": "0",
        "SMA": "0,172 Km.",
        "SMI": "0,12900004 Km.",
        "CHI": "0,6",
        "metvlc_time_utc": "2026-09-28T17:36:00+00:00",
        "metvlc_time_source": "date+time",
        "metvlc_has_real_time": true,
        "metvlc_captura_utc": "2026-09-28T20:33:42+00:00",
        "metvlc_last_seen_utc": "2026-09-28T20:33:42+00:00",
        "metvlc_fuente": "SIGIF/GVA Rayos 24h KMZ"
      },
      "geometry": {
        "type": "Point",
        "coordinates": [
          -1.1583,
          39.3524
        ]
      }
    },
    {
      "type": "Feature",
      "properties": {
        "name": "28/09/2026 19:36:44",
        "COORD": "-1,1308,39,3756",
        "DATE": "2026-09-28",
        "TIME": "19:36",
        "MXI": "-18,06 kA.",
        "STR": "0",
        "SMA": "0,167 Km.",
        "SMI": "0,12699996 Km.",
        "CHI": "0,4",
        "metvlc_time_utc": "2026-09-28T17:36:00+00:00",
        "metvlc_time_source": "date+time",
        "metvlc_has_real_time": true,
        "metvlc_captura_utc": "2026-09-28T20:33:42+00:00",
        "metvlc_last_seen_utc": "2026-09-28T20:33:42+00:00",
        "metvlc_fuente": "SIGIF/GVA Rayos 24h KMZ"
      },
      "geometry": {
        "type": "Point",
        "coordinates": [
          -1.1308,
          39.3756
        ]
      }
    },
    {
      "type": "Feature",
      "properties": {
        "name": "28/09/2026 19:36:48",
        "COORD": "-1,0995,39,3537",
        "DATE": "2026-09-28",
        "TIME": "19:36",
        "MXI": "-39,21 kA.",
        "STR": "0",
        "SMA": "0,18 Km.",
        "SMI": "0,13099998 Km.",
        "CHI": "1",
        "metvlc_time_utc": "2026-09-28T17:36:00+00:00",
        "metvlc_time_source": "date+time",
        "metvlc_has_real_time": true,
        "metvlc_captura_utc": "2026-09-28T20:33:42+00:00",
        "metvlc_last_seen_utc": "2026-09-28T20:33:42+00:00",
        "metvlc_fuente": "SIGIF/GVA Rayos 24h KMZ"
      },
      "geometry": {
        "type": "Point",
        "coordinates": [
          -1.0995,
          39.3537
        ]
      }
    },
    {
      "type": "Feature",
      "properties": {
        "name": "28/09/2026 19:36:49",
        "COORD": "-1,1004,39,3554",
        "DATE": "2026-09-28",
        "TIME": "19:36",
        "MXI": "-7,91 kA.",
        "STR": "0",
        "SMA": "0,248 Km.",
        "SMI": "0,17400004 Km.",
        "CHI": "0,8",
        "metvlc_time_utc": "2026-09-28T17:36:00+00:00",
        "metvlc_time_source": "date+time",
        "metvlc_has_real_time": true,
        "metvlc_captura_utc": "2026-09-28T20:33:42+00:00",
        "metvlc_last_seen_utc": "2026-09-28T20:33:42+00:00",
        "metvlc_fuente": "SIGIF/GVA Rayos 24h KMZ"
      },
      "geometry": {
        "type": "Point",
        "coordinates": [
          -1.1004,
          39.3554
        ]
      }
    },
    {
      "type": "Feature",
      "properties": {
        "name": "28/09/2026 19:36:49",
        "COORD": "-1,0997,39,3536",
        "DATE": "2026-09-28",
        "TIME": "19:36",
        "MXI": "-29,8 kA.",
        "STR": "0",
        "SMA": "0,217 Km.",
        "SMI": "0,12999998 Km.",
        "CHI": "0,7",
        "metvlc_time_utc": "2026-09-28T17:36:00+00:00",
        "metvlc_time_source": "date+time",
        "metvlc_has_real_time": true,
        "metvlc_captura_utc": "2026-09-28T20:33:42+00:00",
        "metvlc_last_seen_utc": "2026-09-28T20:33:42+00:00",
        "metvlc_fuente": "SIGIF/GVA Rayos 24h KMZ"
      },
      "geometry": {
        "type": "Point",
        "coordinates": [
          -1.0997,
          39.3536
        ]
      }
    },
    {
      "type": "Feature",
      "properties": {
        "name": "28/09/2026 19:36:49",
        "COORD": "-1,1003,39,3552",
        "DATE": "2026-09-28",
        "TIME": "19:36",
        "MXI": "-7,99 kA.",
        "STR": "0",
        "SMA": "0,249 Km.",
        "SMI": "0,17500001 Km.",
        "CHI": "1,1",
        "metvlc_time_utc": "2026-09-28T17:36:00+00:00",
        "metvlc_time_source": "date+time",
        "metvlc_has_real_time": true,
        "metvlc_captura_utc": "2026-09-28T20:33:42+00:00",
        "metvlc_last_seen_utc": "2026-09-28T20:33:42+00:00",
        "metvlc_fuente": "SIGIF/GVA Rayos 24h KMZ"
      },
      "geometry": {
        "type": "Point",
        "coordinates": [
          -1.1003,
          39.3552
        ]
      }
    },
    {
      "type": "Feature",
      "properties": {
        "name": "28/09/2026 19:36:49",
        "COORD": "-1,1004,39,354",
        "DATE": "2026-09-28",
        "TIME": "19:36",
        "MXI": "-11,54 kA.",
        "STR": "0",
        "SMA": "0,173 Km.",
        "SMI": "0,13299997 Km.",
        "CHI": "0,6",
        "metvlc_time_utc": "2026-09-28T17:36:00+00:00",
        "metvlc_time_source": "date+time",
        "metvlc_has_real_time": true,
        "metvlc_captura_utc": "2026-09-28T20:33:42+00:00",
        "metvlc_last_seen_utc": "2026-09-28T20:33:42+00:00",
        "metvlc_fuente": "SIGIF/GVA Rayos 24h KMZ"
      },
      "geometry": {
        "type": "Point",
        "coordinates": [
          -1.1004,
          39.354
        ]
      }
    },
    {
      "type": "Feature",
      "properties": {
        "name": "28/09/2026 19:36:56",
        "COORD": "-1,1066,39,3884",
        "DATE": "2026-09-28",
        "TIME": "19:36",
        "MXI": "-17,56 kA.",
        "STR": "0",
        "SMA": "0,168 Km.",
        "SMI": "0,12799999 Km.",
        "CHI": "0,8",
        "metvlc_time_utc": "2026-09-28T17:36:00+00:00",
        "metvlc_time_source": "date+time",
        "metvlc_has_real_time": true,
        "metvlc_captura_utc": "2026-09-28T20:33:42+00:00",
        "metvlc_last_seen_utc": "2026-09-28T20:33:42+00:00",
        "metvlc_fuente": "SIGIF/GVA Rayos 24h KMZ"
      },
      "geometry": {
        "type": "Point",
        "coordinates": [
          -1.1066,
          39.3884
        ]
      }
    },
    {
      "type": "Feature",
      "properties": {
        "name": "28/09/2026 19:36:56",
        "COORD": "-1,0887,39,4001",
        "DATE": "2026-09-28",
        "TIME": "19:36",
        "MXI": "-26,45 kA.",
        "STR": "0",
        "SMA": "0,166 Km.",
        "SMI": "0,12700005 Km.",
        "CHI": "1",
        "metvlc_time_utc": "2026-09-28T17:36:00+00:00",
        "metvlc_time_source": "date+time",
        "metvlc_has_real_time": true,
        "metvlc_captura_utc": "2026-09-28T20:33:42+00:00",
        "metvlc_last_seen_utc": "2026-09-28T20:33:42+00:00",
        "metvlc_fuente": "SIGIF/GVA Rayos 24h KMZ"
      },
      "geometry": {
        "type": "Point",
        "coordinates": [
          -1.0887,
          39.4001
        ]
      }
    },
    {
      "type": "Feature",
      "properties": {
        "name": "28/09/2026 19:36:56",
        "COORD": "-1,082,39,4035",
        "DATE": "2026-09-28",
        "TIME": "19:36",
        "MXI": "-21,11 kA.",
        "STR": "0",
        "SMA": "0,168 Km.",
        "SMI": "0,125 Km.",
        "CHI": "0,6",
        "metvlc_time_utc": "2026-09-28T17:36:00+00:00",
        "metvlc_time_source": "date+time",
        "metvlc_has_real_time": true,
        "metvlc_captura_utc": "2026-09-28T20:33:42+00:00",
        "metvlc_last_seen_utc": "2026-09-28T20:33:42+00:00",
        "metvlc_fuente": "SIGIF/GVA Rayos 24h KMZ"
      },
      "geometry": {
        "type": "Point",
        "coordinates": [
          -1.082,
          39.4035
        ]
      }
    },
    {
      "type": "Feature",
      "properties": {
        "name": "28/09/2026 19:36:56",
        "COORD": "-1,0826,39,4039",
        "DATE": "2026-09-28",
        "TIME": "19:36",
        "MXI": "-9,98 kA.",
        "STR": "0",
        "SMA": "0,223 Km.",
        "SMI": "0,14699998 Km.",
        "CHI": "0,6",
        "metvlc_time_utc": "2026-09-28T17:36:00+00:00",
        "metvlc_time_source": "date+time",
        "metvlc_has_real_time": true,
        "metvlc_captura_utc": "2026-09-28T20:33:42+00:00",
        "metvlc_last_seen_utc": "2026-09-28T20:33:42+00:00",
        "metvlc_fuente": "SIGIF/GVA Rayos 24h KMZ"
      },
      "geometry": {
        "type": "Point",
        "coordinates": [
          -1.0826,
          39.4039
        ]
      }
    },
    {
      "type": "Feature",
      "properties": {
        "name": "28/09/2026 19:36:56",
        "COORD": "-1,0814,39,4038",
        "DATE": "2026-09-28",
        "TIME": "19:36",
        "MXI": "-11,37 kA.",
        "STR": "0",
        "SMA": "0,169 Km.",
        "SMI": "0,13699996 Km.",
        "CHI": "0,4",
        "metvlc_time_utc": "2026-09-28T17:36:00+00:00",
        "metvlc_time_source": "date+time",
        "metvlc_has_real_time": true,
        "metvlc_captura_utc": "2026-09-28T20:33:42+00:00",
        "metvlc_last_seen_utc": "2026-09-28T20:33:42+00:00",
        "metvlc_fuente": "SIGIF/GVA Rayos 24h KMZ"
      },
      "geometry": {
        "type": "Point",
        "coordinates": [
          -1.0814,
          39.4038
        ]
      }
    },
    {
      "type": "Feature",
      "properties": {
        "name": "28/09/2026 19:37:16",
        "COORD": "-1,1268,39,3392",
        "DATE": "2026-09-28",
        "TIME": "19:37",
        "MXI": "-14,9 kA.",
        "STR": "0",
        "SMA": "0,173 Km.",
        "SMI": "0,13099997 Km.",
        "CHI": "0,6",
        "metvlc_time_utc": "2026-09-28T17:37:00+00:00",
        "metvlc_time_source": "date+time",
        "metvlc_has_real_time": true,
        "metvlc_captura_utc": "2026-09-28T20:33:42+00:00",
        "metvlc_last_seen_utc": "2026-09-28T20:33:42+00:00",
        "metvlc_fuente": "SIGIF/GVA Rayos 24h KMZ"
      },
      "geometry": {
        "type": "Point",
        "coordinates": [
          -1.1268,
          39.3392
        ]
      }
    },
    {
      "type": "Feature",
      "properties": {
        "name": "28/09/2026 19:37:17",
        "COORD": "-1,1551,39,3616",
        "DATE": "2026-09-28",
        "TIME": "19:37",
        "MXI": "-13,98 kA.",
        "STR": "0",
        "SMA": "0,178 Km.",
        "SMI": "0,13299999 Km.",
        "CHI": "0,8",
        "metvlc_time_utc": "2026-09-28T17:37:00+00:00",
        "metvlc_time_source": "date+time",
        "metvlc_has_real_time": true,
        "metvlc_captura_utc": "2026-09-28T20:33:42+00:00",
        "metvlc_last_seen_utc": "2026-09-28T20:33:42+00:00",
        "metvlc_fuente": "SIGIF/GVA Rayos 24h KMZ"
      },
      "geometry": {
        "type": "Point",
        "coordinates": [
          -1.1551,
          39.3616
        ]
      }
    },
    {
      "type": "Feature",
      "properties": {
        "name": "28/09/2026 19:37:17",
        "COORD": "-1,1294,39,3878",
        "DATE": "2026-09-28",
        "TIME": "19:37",
        "MXI": "-13,94 kA.",
        "STR": "0",
        "SMA": "0,167 Km.",
        "SMI": "0,12300005 Km.",
        "CHI": "0,8",
        "metvlc_time_utc": "2026-09-28T17:37:00+00:00",
        "metvlc_time_source": "date+time",
        "metvlc_has_real_time": true,
        "metvlc_captura_utc": "2026-09-28T20:33:42+00:00",
        "metvlc_last_seen_utc": "2026-09-28T20:33:42+00:00",
        "metvlc_fuente": "SIGIF/GVA Rayos 24h KMZ"
      },
      "geometry": {
        "type": "Point",
        "coordinates": [
          -1.1294,
          39.3878
        ]
      }
    },
    {
      "type": "Feature",
      "properties": {
        "name": "28/09/2026 19:37:30",
        "COORD": "-1,1196,39,38",
        "DATE": "2026-09-28",
        "TIME": "19:37",
        "MXI": "-18,35 kA.",
        "STR": "0",
        "SMA": "0,17 Km.",
        "SMI": "0,12699997 Km.",
        "CHI": "0,7",
        "metvlc_time_utc": "2026-09-28T17:37:00+00:00",
        "metvlc_time_source": "date+time",
        "metvlc_has_real_time": true,
        "metvlc_captura_utc": "2026-09-28T20:33:42+00:00",
        "metvlc_last_seen_utc": "2026-09-28T20:33:42+00:00",
        "metvlc_fuente": "SIGIF/GVA Rayos 24h KMZ"
      },
      "geometry": {
        "type": "Point",
        "coordinates": [
          -1.1196,
          39.38
        ]
      }
    },
    {
      "type": "Feature",
      "properties": {
        "name": "28/09/2026 19:37:30",
        "COORD": "-1,1198,39,3762",
        "DATE": "2026-09-28",
        "TIME": "19:37",
        "MXI": "-23,47 kA.",
        "STR": "0",
        "SMA": "0,177 Km.",
        "SMI": "0,131 Km.",
        "CHI": "1,4",
        "metvlc_time_utc": "2026-09-28T17:37:00+00:00",
        "metvlc_time_source": "date+time",
        "metvlc_has_real_time": true,
        "metvlc_captura_utc": "2026-09-28T20:33:42+00:00",
        "metvlc_last_seen_utc": "2026-09-28T20:33:42+00:00",
        "metvlc_fuente": "SIGIF/GVA Rayos 24h KMZ"
      },
      "geometry": {
        "type": "Point",
        "coordinates": [
          -1.1198,
          39.3762
        ]
      }
    },
    {
      "type": "Feature",
      "properties": {
        "name": "28/09/2026 19:37:30",
        "COORD": "-1,1196,39,3842",
        "DATE": "2026-09-28",
        "TIME": "19:37",
        "MXI": "-20,94 kA.",
        "STR": "0",
        "SMA": "0,168 Km.",
        "SMI": "0,12699997 Km.",
        "CHI": "0,7",
        "metvlc_time_utc": "2026-09-28T17:37:00+00:00",
        "metvlc_time_source": "date+time",
        "metvlc_has_real_time": true,
        "metvlc_captura_utc": "2026-09-28T20:33:42+00:00",
        "metvlc_last_seen_utc": "2026-09-28T20:33:42+00:00",
        "metvlc_fuente": "SIGIF/GVA Rayos 24h KMZ"
      },
      "geometry": {
        "type": "Point",
        "coordinates": [
          -1.1196,
          39.3842
        ]
      }
    },
    {
      "type": "Feature",
      "properties": {
        "name": "28/09/2026 19:37:30",
        "COORD": "-1,117,39,3875",
        "DATE": "2026-09-28",
        "TIME": "19:37",
        "MXI": "-19,07 kA.",
        "STR": "0",
        "SMA": "0,168 Km.",
        "SMI": "0,125 Km.",
        "CHI": "1,1",
        "metvlc_time_utc": "2026-09-28T17:37:00+00:00",
        "metvlc_time_source": "date+time",
        "metvlc_has_real_time": true,
        "metvlc_captura_utc": "2026-09-28T20:33:42+00:00",
        "metvlc_last_seen_utc": "2026-09-28T20:33:42+00:00",
        "metvlc_fuente": "SIGIF/GVA Rayos 24h KMZ"
      },
      "geometry": {
        "type": "Point",
        "coordinates": [
          -1.117,
          39.3875
        ]
      }
    },
    {
      "type": "Feature",
      "properties": {
        "name": "28/09/2026 19:37:30",
        "COORD": "-1,1167,39,3877",
        "DATE": "2026-09-28",
        "TIME": "19:37",
        "MXI": "-15,01 kA.",
        "STR": "0",
        "SMA": "0,162 Km.",
        "SMI": "0,14300002 Km.",
        "CHI": "0,9",
        "metvlc_time_utc": "2026-09-28T17:37:00+00:00",
        "metvlc_time_source": "date+time",
        "metvlc_has_real_time": true,
        "metvlc_captura_utc": "2026-09-28T20:33:42+00:00",
        "metvlc_last_seen_utc": "2026-09-28T20:33:42+00:00",
        "metvlc_fuente": "SIGIF/GVA Rayos 24h KMZ"
      },
      "geometry": {
        "type": "Point",
        "coordinates": [
          -1.1167,
          39.3877
        ]
      }
    },
    {
      "type": "Feature",
      "properties": {
        "name": "28/09/2026 19:37:30",
        "COORD": "-1,1181,39,3889",
        "DATE": "2026-09-28",
        "TIME": "19:37",
        "MXI": "-5,16 kA.",
        "STR": "0",
        "SMA": "0,422 Km.",
        "SMI": "0,21799996 Km.",
        "CHI": "2,5",
        "metvlc_time_utc": "2026-09-28T17:37:00+00:00",
        "metvlc_time_source": "date+time",
        "metvlc_has_real_time": true,
        "metvlc_captura_utc": "2026-09-28T20:33:42+00:00",
        "metvlc_last_seen_utc": "2026-09-28T20:33:42+00:00",
        "metvlc_fuente": "SIGIF/GVA Rayos 24h KMZ"
      },
      "geometry": {
        "type": "Point",
        "coordinates": [
          -1.1181,
          39.3889
        ]
      }
    },
    {
      "type": "Feature",
      "properties": {
        "name": "28/09/2026 19:37:30",
        "COORD": "-1,1167,39,3874",
        "DATE": "2026-09-28",
        "TIME": "19:37",
        "MXI": "-29,93 kA.",
        "STR": "0",
        "SMA": "0,165 Km.",
        "SMI": "0,12599999 Km.",
        "CHI": "1",
        "metvlc_time_utc": "2026-09-28T17:37:00+00:00",
        "metvlc_time_source": "date+time",
        "metvlc_has_real_time": true,
        "metvlc_captura_utc": "2026-09-28T20:33:42+00:00",
        "metvlc_last_seen_utc": "2026-09-28T20:33:42+00:00",
        "metvlc_fuente": "SIGIF/GVA Rayos 24h KMZ"
      },
      "geometry": {
        "type": "Point",
        "coordinates": [
          -1.1167,
          39.3874
        ]
      }
    },
    {
      "type": "Feature",
      "properties": {
        "name": "28/09/2026 19:37:30",
        "COORD": "-1,1168,39,3874",
        "DATE": "2026-09-28",
        "TIME": "19:37",
        "MXI": "-15,94 kA.",
        "STR": "0",
        "SMA": "0,171 Km.",
        "SMI": "0,12899995 Km.",
        "CHI": "0,3",
        "metvlc_time_utc": "2026-09-28T17:37:00+00:00",
        "metvlc_time_source": "date+time",
        "metvlc_has_real_time": true,
        "metvlc_captura_utc": "2026-09-28T20:33:42+00:00",
        "metvlc_last_seen_utc": "2026-09-28T20:33:42+00:00",
        "metvlc_fuente": "SIGIF/GVA Rayos 24h KMZ"
      },
      "geometry": {
        "type": "Point",
        "coordinates": [
          -1.1168,
          39.3874
        ]
      }
    },
    {
      "type": "Feature",
      "properties": {
        "name": "28/09/2026 19:37:38",
        "COORD": "-1,1107,39,3504",
        "DATE": "2026-09-28",
        "TIME": "19:37",
        "MXI": "-14,98 kA.",
        "STR": "0",
        "SMA": "0,172 Km.",
        "SMI": "0,13 Km.",
        "CHI": "0,9",
        "metvlc_time_utc": "2026-09-28T17:37:00+00:00",
        "metvlc_time_source": "date+time",
        "metvlc_has_real_time": true,
        "metvlc_captura_utc": "2026-09-28T20:33:42+00:00",
        "metvlc_last_seen_utc": "2026-09-28T20:33:42+00:00",
        "metvlc_fuente": "SIGIF/GVA Rayos 24h KMZ"
      },
      "geometry": {
        "type": "Point",
        "coordinates": [
          -1.1107,
          39.3504
        ]
      }
    },
    {
      "type": "Feature",
      "properties": {
        "name": "28/09/2026 19:37:39",
        "COORD": "-1,1051,39,3714",
        "DATE": "2026-09-28",
        "TIME": "19:37",
        "MXI": "-21,72 kA.",
        "STR": "0",
        "SMA": "0,182 Km.",
        "SMI": "0,12899996 Km.",
        "CHI": "0,7",
        "metvlc_time_utc": "2026-09-28T17:37:00+00:00",
        "metvlc_time_source": "date+time",
        "metvlc_has_real_time": true,
        "metvlc_captura_utc": "2026-09-28T20:33:42+00:00",
        "metvlc_last_seen_utc": "2026-09-28T20:33:42+00:00",
        "metvlc_fuente": "SIGIF/GVA Rayos 24h KMZ"
      },
      "geometry": {
        "type": "Point",
        "coordinates": [
          -1.1051,
          39.3714
        ]
      }
    },
    {
      "type": "Feature",
      "properties": {
        "name": "28/09/2026 19:37:47",
        "COORD": "-1,1317,39,3513",
        "DATE": "2026-09-28",
        "TIME": "19:37",
        "MXI": "-18,7 kA.",
        "STR": "0",
        "SMA": "0,176 Km.",
        "SMI": "0,13200003 Km.",
        "CHI": "1",
        "metvlc_time_utc": "2026-09-28T17:37:00+00:00",
        "metvlc_time_source": "date+time",
        "metvlc_has_real_time": true,
        "metvlc_captura_utc": "2026-09-28T20:33:42+00:00",
        "metvlc_last_seen_utc": "2026-09-28T20:33:42+00:00",
        "metvlc_fuente": "SIGIF/GVA Rayos 24h KMZ"
      },
      "geometry": {
        "type": "Point",
        "coordinates": [
          -1.1317,
          39.3513
        ]
      }
    },
    {
      "type": "Feature",
      "properties": {
        "name": "28/09/2026 19:37:47",
        "COORD": "-1,1317,39,3511",
        "DATE": "2026-09-28",
        "TIME": "19:37",
        "MXI": "-25,41 kA.",
        "STR": "0",
        "SMA": "0,171 Km.",
        "SMI": "0,13099995 Km.",
        "CHI": "0,9",
        "metvlc_time_utc": "2026-09-28T17:37:00+00:00",
        "metvlc_time_source": "date+time",
        "metvlc_has_real_time": true,
        "metvlc_captura_utc": "2026-09-28T20:33:42+00:00",
        "metvlc_last_seen_utc": "2026-09-28T20:33:42+00:00",
        "metvlc_fuente": "SIGIF/GVA Rayos 24h KMZ"
      },
      "geometry": {
        "type": "Point",
        "coordinates": [
          -1.1317,
          39.3511
        ]
      }
    },
    {
      "type": "Feature",
      "properties": {
        "name": "28/09/2026 19:37:47",
        "COORD": "-1,1318,39,352",
        "DATE": "2026-09-28",
        "TIME": "19:37",
        "MXI": "-7,59 kA.",
        "STR": "0",
        "SMA": "0,243 Km.",
        "SMI": "0,17399997 Km.",
        "CHI": "0,8",
        "metvlc_time_utc": "2026-09-28T17:37:00+00:00",
        "metvlc_time_source": "date+time",
        "metvlc_has_real_time": true,
        "metvlc_captura_utc": "2026-09-28T20:33:42+00:00",
        "metvlc_last_seen_utc": "2026-09-28T20:33:42+00:00",
        "metvlc_fuente": "SIGIF/GVA Rayos 24h KMZ"
      },
      "geometry": {
        "type": "Point",
        "coordinates": [
          -1.1318,
          39.352
        ]
      }
    },
    {
      "type": "Feature",
      "properties": {
        "name": "28/09/2026 19:37:52",
        "COORD": "-1,0838,39,3648",
        "DATE": "2026-09-28",
        "TIME": "19:37",
        "MXI": "-18,97 kA.",
        "STR": "0",
        "SMA": "0,173 Km.",
        "SMI": "0,13800001 Km.",
        "CHI": "0,6",
        "metvlc_time_utc": "2026-09-28T17:37:00+00:00",
        "metvlc_time_source": "date+time",
        "metvlc_has_real_time": true,
        "metvlc_captura_utc": "2026-09-28T20:33:42+00:00",
        "metvlc_last_seen_utc": "2026-09-28T20:33:42+00:00",
        "metvlc_fuente": "SIGIF/GVA Rayos 24h KMZ"
      },
      "geometry": {
        "type": "Point",
        "coordinates": [
          -1.0838,
          39.3648
        ]
      }
    },
    {
      "type": "Feature",
      "properties": {
        "name": "28/09/2026 19:37:52",
        "COORD": "-1,0842,39,3647",
        "DATE": "2026-09-28",
        "TIME": "19:37",
        "MXI": "-12,75 kA.",
        "STR": "0",
        "SMA": "0,183 Km.",
        "SMI": "0,12699999 Km.",
        "CHI": "0,6",
        "metvlc_time_utc": "2026-09-28T17:37:00+00:00",
        "metvlc_time_source": "date+time",
        "metvlc_has_real_time": true,
        "metvlc_captura_utc": "2026-09-28T20:33:42+00:00",
        "metvlc_last_seen_utc": "2026-09-28T20:33:42+00:00",
        "metvlc_fuente": "SIGIF/GVA Rayos 24h KMZ"
      },
      "geometry": {
        "type": "Point",
        "coordinates": [
          -1.0842,
          39.3647
        ]
      }
    },
    {
      "type": "Feature",
      "properties": {
        "name": "28/09/2026 19:37:52",
        "COORD": "-1,084,39,3651",
        "DATE": "2026-09-28",
        "TIME": "19:37",
        "MXI": "-11,92 kA.",
        "STR": "0",
        "SMA": "0,174 Km.",
        "SMI": "0,13499998 Km.",
        "CHI": "0,8",
        "metvlc_time_utc": "2026-09-28T17:37:00+00:00",
        "metvlc_time_source": "date+time",
        "metvlc_has_real_time": true,
        "metvlc_captura_utc": "2026-09-28T20:33:42+00:00",
        "metvlc_last_seen_utc": "2026-09-28T20:33:42+00:00",
        "metvlc_fuente": "SIGIF/GVA Rayos 24h KMZ"
      },
      "geometry": {
        "type": "Point",
        "coordinates": [
          -1.084,
          39.3651
        ]
      }
    },
    {
      "type": "Feature",
      "properties": {
        "name": "28/09/2026 19:37:52",
        "COORD": "-1,0834,39,3656",
        "DATE": "2026-09-28",
        "TIME": "19:37",
        "MXI": "-10,53 kA.",
        "STR": "0",
        "SMA": "0,176 Km.",
        "SMI": "0,13699995 Km.",
        "CHI": "0,7",
        "metvlc_time_utc": "2026-09-28T17:37:00+00:00",
        "metvlc_time_source": "date+time",
        "metvlc_has_real_time": true,
        "metvlc_captura_utc": "2026-09-28T20:33:42+00:00",
        "metvlc_last_seen_utc": "2026-09-28T20:33:42+00:00",
        "metvlc_fuente": "SIGIF/GVA Rayos 24h KMZ"
      },
      "geometry": {
        "type": "Point",
        "coordinates": [
          -1.0834,
          39.3656
        ]
      }
    },
    {
      "type": "Feature",
      "properties": {
        "name": "28/09/2026 19:37:52",
        "COORD": "-1,0837,39,3654",
        "DATE": "2026-09-28",
        "TIME": "19:37",
        "MXI": "-10,02 kA.",
        "STR": "0",
        "SMA": "0,197 Km.",
        "SMI": "0,14399995 Km.",
        "CHI": "0,5",
        "metvlc_time_utc": "2026-09-28T17:37:00+00:00",
        "metvlc_time_source": "date+time",
        "metvlc_has_real_time": true,
        "metvlc_captura_utc": "2026-09-28T20:33:42+00:00",
        "metvlc_last_seen_utc": "2026-09-28T20:33:42+00:00",
        "metvlc_fuente": "SIGIF/GVA Rayos 24h KMZ"
      },
      "geometry": {
        "type": "Point",
        "coordinates": [
          -1.0837,
          39.3654
        ]
      }
    },
    {
      "type": "Feature",
      "properties": {
        "name": "28/09/2026 19:37:52",
        "COORD": "-1,0847,39,3657",
        "DATE": "2026-09-28",
        "TIME": "19:37",
        "MXI": "-8,66 kA.",
        "STR": "0",
        "SMA": "0,312 Km.",
        "SMI": "0,178 Km.",
        "CHI": "1,1",
        "metvlc_time_utc": "2026-09-28T17:37:00+00:00",
        "metvlc_time_source": "date+time",
        "metvlc_has_real_time": true,
        "metvlc_captura_utc": "2026-09-28T20:33:42+00:00",
        "metvlc_last_seen_utc": "2026-09-28T20:33:42+00:00",
        "metvlc_fuente": "SIGIF/GVA Rayos 24h KMZ"
      },
      "geometry": {
        "type": "Point",
        "coordinates": [
          -1.0847,
          39.3657
        ]
      }
    },
    {
      "type": "Feature",
      "properties": {
        "name": "28/09/2026 19:37:52",
        "COORD": "-1,084,39,3648",
        "DATE": "2026-09-28",
        "TIME": "19:37",
        "MXI": "-9,52 kA.",
        "STR": "0",
        "SMA": "0,179 Km.",
        "SMI": "0,14099996 Km.",
        "CHI": "0,4",
        "metvlc_time_utc": "2026-09-28T17:37:00+00:00",
        "metvlc_time_source": "date+time",
        "metvlc_has_real_time": true,
        "metvlc_captura_utc": "2026-09-28T20:33:42+00:00",
        "metvlc_last_seen_utc": "2026-09-28T20:33:42+00:00",
        "metvlc_fuente": "SIGIF/GVA Rayos 24h KMZ"
      },
      "geometry": {
        "type": "Point",
        "coordinates": [
          -1.084,
          39.3648
        ]
      }
    },
    {
      "type": "Feature",
      "properties": {
        "name": "28/09/2026 19:38:00",
        "COORD": "-1,1108,39,397",
        "DATE": "2026-09-28",
        "TIME": "19:38",
        "MXI": "-16,26 kA.",
        "STR": "0",
        "SMA": "0,167 Km.",
        "SMI": "0,125 Km.",
        "CHI": "0,7",
        "metvlc_time_utc": "2026-09-28T17:38:00+00:00",
        "metvlc_time_source": "date+time",
        "metvlc_has_real_time": true,
        "metvlc_captura_utc": "2026-09-28T20:33:42+00:00",
        "metvlc_last_seen_utc": "2026-09-28T20:33:42+00:00",
        "metvlc_fuente": "SIGIF/GVA Rayos 24h KMZ"
      },
      "geometry": {
        "type": "Point",
        "coordinates": [
          -1.1108,
          39.397
        ]
      }
    },
    {
      "type": "Feature",
      "properties": {
        "name": "28/09/2026 19:38:08",
        "COORD": "-1,1154,39,358",
        "DATE": "2026-09-28",
        "TIME": "19:38",
        "MXI": "-18,48 kA.",
        "STR": "0",
        "SMA": "0,174 Km.",
        "SMI": "0,12999995 Km.",
        "CHI": "0,8",
        "metvlc_time_utc": "2026-09-28T17:38:00+00:00",
        "metvlc_time_source": "date+time",
        "metvlc_has_real_time": true,
        "metvlc_captura_utc": "2026-09-28T20:33:42+00:00",
        "metvlc_last_seen_utc": "2026-09-28T20:33:42+00:00",
        "metvlc_fuente": "SIGIF/GVA Rayos 24h KMZ"
      },
      "geometry": {
        "type": "Point",
        "coordinates": [
          -1.1154,
          39.358
        ]
      }
    },
    {
      "type": "Feature",
      "properties": {
        "name": "28/09/2026 19:38:08",
        "COORD": "-1,1154,39,3578",
        "DATE": "2026-09-28",
        "TIME": "19:38",
        "MXI": "-17,66 kA.",
        "STR": "0",
        "SMA": "0,181 Km.",
        "SMI": "0,12999997 Km.",
        "CHI": "0,9",
        "metvlc_time_utc": "2026-09-28T17:38:00+00:00",
        "metvlc_time_source": "date+time",
        "metvlc_has_real_time": true,
        "metvlc_captura_utc": "2026-09-28T20:33:42+00:00",
        "metvlc_last_seen_utc": "2026-09-28T20:33:42+00:00",
        "metvlc_fuente": "SIGIF/GVA Rayos 24h KMZ"
      },
      "geometry": {
        "type": "Point",
        "coordinates": [
          -1.1154,
          39.3578
        ]
      }
    },
    {
      "type": "Feature",
      "properties": {
        "name": "28/09/2026 19:38:08",
        "COORD": "-1,1149,39,3579",
        "DATE": "2026-09-28",
        "TIME": "19:38",
        "MXI": "-19,51 kA.",
        "STR": "0",
        "SMA": "0,174 Km.",
        "SMI": "0,12999995 Km.",
        "CHI": "1",
        "metvlc_time_utc": "2026-09-28T17:38:00+00:00",
        "metvlc_time_source": "date+time",
        "metvlc_has_real_time": true,
        "metvlc_captura_utc": "2026-09-28T20:33:42+00:00",
        "metvlc_last_seen_utc": "2026-09-28T20:33:42+00:00",
        "metvlc_fuente": "SIGIF/GVA Rayos 24h KMZ"
      },
      "geometry": {
        "type": "Point",
        "coordinates": [
          -1.1149,
          39.3579
        ]
      }
    },
    {
      "type": "Feature",
      "properties": {
        "name": "28/09/2026 19:38:08",
        "COORD": "-1,115,39,3575",
        "DATE": "2026-09-28",
        "TIME": "19:38",
        "MXI": "-30,57 kA.",
        "STR": "0",
        "SMA": "0,174 Km.",
        "SMI": "0,12999995 Km.",
        "CHI": "1,3",
        "metvlc_time_utc": "2026-09-28T17:38:00+00:00",
        "metvlc_time_source": "date+time",
        "metvlc_has_real_time": true,
        "metvlc_captura_utc": "2026-09-28T20:33:42+00:00",
        "metvlc_last_seen_utc": "2026-09-28T20:33:42+00:00",
        "metvlc_fuente": "SIGIF/GVA Rayos 24h KMZ"
      },
      "geometry": {
        "type": "Point",
        "coordinates": [
          -1.115,
          39.3575
        ]
      }
    },
    {
      "type": "Feature",
      "properties": {
        "name": "28/09/2026 19:38:08",
        "COORD": "-1,1153,39,3575",
        "DATE": "2026-09-28",
        "TIME": "19:38",
        "MXI": "-13,61 kA.",
        "STR": "0",
        "SMA": "0,187 Km.",
        "SMI": "0,12799996 Km.",
        "CHI": "0,6",
        "metvlc_time_utc": "2026-09-28T17:38:00+00:00",
        "metvlc_time_source": "date+time",
        "metvlc_has_real_time": true,
        "metvlc_captura_utc": "2026-09-28T20:33:42+00:00",
        "metvlc_last_seen_utc": "2026-09-28T20:33:42+00:00",
        "metvlc_fuente": "SIGIF/GVA Rayos 24h KMZ"
      },
      "geometry": {
        "type": "Point",
        "coordinates": [
          -1.1153,
          39.3575
        ]
      }
    },
    {
      "type": "Feature",
      "properties": {
        "name": "28/09/2026 19:38:13",
        "COORD": "-1,0448,39,5853",
        "DATE": "2026-09-28",
        "TIME": "19:38",
        "MXI": "-16,02 kA.",
        "STR": "0",
        "SMA": "0,161 Km.",
        "SMI": "0,12599997 Km.",
        "CHI": "0,5",
        "metvlc_time_utc": "2026-09-28T17:38:00+00:00",
        "metvlc_time_source": "date+time",
        "metvlc_has_real_time": true,
        "metvlc_captura_utc": "2026-09-28T20:33:42+00:00",
        "metvlc_last_seen_utc": "2026-09-28T20:33:42+00:00",
        "metvlc_fuente": "SIGIF/GVA Rayos 24h KMZ"
      },
      "geometry": {
        "type": "Point",
        "coordinates": [
          -1.0448,
          39.5853
        ]
      }
    },
    {
      "type": "Feature",
      "properties": {
        "name": "28/09/2026 19:38:13",
        "COORD": "-1,0126,39,5731",
        "DATE": "2026-09-28",
        "TIME": "19:38",
        "MXI": "-15,79 kA.",
        "STR": "0",
        "SMA": "0,159 Km.",
        "SMI": "0,125 Km.",
        "CHI": "0,5",
        "metvlc_time_utc": "2026-09-28T17:38:00+00:00",
        "metvlc_time_source": "date+time",
        "metvlc_has_real_time": true,
        "metvlc_captura_utc": "2026-09-28T20:33:42+00:00",
        "metvlc_last_seen_utc": "2026-09-28T20:33:42+00:00",
        "metvlc_fuente": "SIGIF/GVA Rayos 24h KMZ"
      },
      "geometry": {
        "type": "Point",
        "coordinates": [
          -1.0126,
          39.5731
        ]
      }
    },
    {
      "type": "Feature",
      "properties": {
        "name": "28/09/2026 19:38:13",
        "COORD": "-1,0288,39,5795",
        "DATE": "2026-09-28",
        "TIME": "19:38",
        "MXI": "-18,03 kA.",
        "STR": "0",
        "SMA": "0,164 Km.",
        "SMI": "0,125 Km.",
        "CHI": "0,5",
        "metvlc_time_utc": "2026-09-28T17:38:00+00:00",
        "metvlc_time_source": "date+time",
        "metvlc_has_real_time": true,
        "metvlc_captura_utc": "2026-09-28T20:33:42+00:00",
        "metvlc_last_seen_utc": "2026-09-28T20:33:42+00:00",
        "metvlc_fuente": "SIGIF/GVA Rayos 24h KMZ"
      },
      "geometry": {
        "type": "Point",
        "coordinates": [
          -1.0288,
          39.5795
        ]
      }
    },
    {
      "type": "Feature",
      "properties": {
        "name": "28/09/2026 19:38:13",
        "COORD": "-1,0487,39,582",
        "DATE": "2026-09-28",
        "TIME": "19:38",
        "MXI": "-14,09 kA.",
        "STR": "0",
        "SMA": "0,174 Km.",
        "SMI": "0,125 Km.",
        "CHI": "0,3",
        "metvlc_time_utc": "2026-09-28T17:38:00+00:00",
        "metvlc_time_source": "date+time",
        "metvlc_has_real_time": true,
        "metvlc_captura_utc": "2026-09-28T20:33:42+00:00",
        "metvlc_last_seen_utc": "2026-09-28T20:33:42+00:00",
        "metvlc_fuente": "SIGIF/GVA Rayos 24h KMZ"
      },
      "geometry": {
        "type": "Point",
        "coordinates": [
          -1.0487,
          39.582
        ]
      }
    },
    {
      "type": "Feature",
      "properties": {
        "name": "28/09/2026 19:38:13",
        "COORD": "-1,0476,39,5825",
        "DATE": "2026-09-28",
        "TIME": "19:38",
        "MXI": "-42,23 kA.",
        "STR": "0",
        "SMA": "0,159 Km.",
        "SMI": "0,125 Km.",
        "CHI": "1,2",
        "metvlc_time_utc": "2026-09-28T17:38:00+00:00",
        "metvlc_time_source": "date+time",
        "metvlc_has_real_time": true,
        "metvlc_captura_utc": "2026-09-28T20:33:42+00:00",
        "metvlc_last_seen_utc": "2026-09-28T20:33:42+00:00",
        "metvlc_fuente": "SIGIF/GVA Rayos 24h KMZ"
      },
      "geometry": {
        "type": "Point",
        "coordinates": [
          -1.0476,
          39.5825
        ]
      }
    },
    {
      "type": "Feature",
      "properties": {
        "name": "28/09/2026 19:38:13",
        "COORD": "-1,0483,39,5829",
        "DATE": "2026-09-28",
        "TIME": "19:38",
        "MXI": "-5,99 kA.",
        "STR": "0",
        "SMA": "0,477 Km.",
        "SMI": "0,186 Km.",
        "CHI": "0,3",
        "metvlc_time_utc": "2026-09-28T17:38:00+00:00",
        "metvlc_time_source": "date+time",
        "metvlc_has_real_time": true,
        "metvlc_captura_utc": "2026-09-28T20:33:42+00:00",
        "metvlc_last_seen_utc": "2026-09-28T20:33:42+00:00",
        "metvlc_fuente": "SIGIF/GVA Rayos 24h KMZ"
      },
      "geometry": {
        "type": "Point",
        "coordinates": [
          -1.0483,
          39.5829
        ]
      }
    },
    {
      "type": "Feature",
      "properties": {
        "name": "28/09/2026 19:38:13",
        "COORD": "-1,0481,39,5824",
        "DATE": "2026-09-28",
        "TIME": "19:38",
        "MXI": "-9,05 kA.",
        "STR": "0",
        "SMA": "0,181 Km.",
        "SMI": "0,12899998 Km.",
        "CHI": "0,3",
        "metvlc_time_utc": "2026-09-28T17:38:00+00:00",
        "metvlc_time_source": "date+time",
        "metvlc_has_real_time": true,
        "metvlc_captura_utc": "2026-09-28T20:33:42+00:00",
        "metvlc_last_seen_utc": "2026-09-28T20:33:42+00:00",
        "metvlc_fuente": "SIGIF/GVA Rayos 24h KMZ"
      },
      "geometry": {
        "type": "Point",
        "coordinates": [
          -1.0481,
          39.5824
        ]
      }
    },
    {
      "type": "Feature",
      "properties": {
        "name": "28/09/2026 19:38:17",
        "COORD": "-1,1144,39,3946",
        "DATE": "2026-09-28",
        "TIME": "19:38",
        "MXI": "-18,61 kA.",
        "STR": "0",
        "SMA": "0,167 Km.",
        "SMI": "0,12599997 Km.",
        "CHI": "1",
        "metvlc_time_utc": "2026-09-28T17:38:00+00:00",
        "metvlc_time_source": "date+time",
        "metvlc_has_real_time": true,
        "metvlc_captura_utc": "2026-09-28T20:33:42+00:00",
        "metvlc_last_seen_utc": "2026-09-28T20:33:42+00:00",
        "metvlc_fuente": "SIGIF/GVA Rayos 24h KMZ"
      },
      "geometry": {
        "type": "Point",
        "coordinates": [
          -1.1144,
          39.3946
        ]
      }
    },
    {
      "type": "Feature",
      "properties": {
        "name": "28/09/2026 19:38:27",
        "COORD": "-1,0848,39,3407",
        "DATE": "2026-09-28",
        "TIME": "19:38",
        "MXI": "-24,92 kA.",
        "STR": "0",
        "SMA": "0,175 Km.",
        "SMI": "0,12999998 Km.",
        "CHI": "0,8",
        "metvlc_time_utc": "2026-09-28T17:38:00+00:00",
        "metvlc_time_source": "date+time",
        "metvlc_has_real_time": true,
        "metvlc_captura_utc": "2026-09-28T20:33:42+00:00",
        "metvlc_last_seen_utc": "2026-09-28T20:33:42+00:00",
        "metvlc_fuente": "SIGIF/GVA Rayos 24h KMZ"
      },
      "geometry": {
        "type": "Point",
        "coordinates": [
          -1.0848,
          39.3407
        ]
      }
    },
    {
      "type": "Feature",
      "properties": {
        "name": "28/09/2026 19:38:27",
        "COORD": "-1,0847,39,3407",
        "DATE": "2026-09-28",
        "TIME": "19:38",
        "MXI": "-26,22 kA.",
        "STR": "0",
        "SMA": "0,176 Km.",
        "SMI": "0,13200003 Km.",
        "CHI": "0,9",
        "metvlc_time_utc": "2026-09-28T17:38:00+00:00",
        "metvlc_time_source": "date+time",
        "metvlc_has_real_time": true,
        "metvlc_captura_utc": "2026-09-28T20:33:42+00:00",
        "metvlc_last_seen_utc": "2026-09-28T20:33:42+00:00",
        "metvlc_fuente": "SIGIF/GVA Rayos 24h KMZ"
      },
      "geometry": {
        "type": "Point",
        "coordinates": [
          -1.0847,
          39.3407
        ]
      }
    },
    {
      "type": "Feature",
      "properties": {
        "name": "28/09/2026 19:38:27",
        "COORD": "-1,0854,39,3429",
        "DATE": "2026-09-28",
        "TIME": "19:38",
        "MXI": "-5,54 kA.",
        "STR": "0",
        "SMA": "0,378 Km.",
        "SMI": "0,21900004 Km.",
        "CHI": "1,3",
        "metvlc_time_utc": "2026-09-28T17:38:00+00:00",
        "metvlc_time_source": "date+time",
        "metvlc_has_real_time": true,
        "metvlc_captura_utc": "2026-09-28T20:33:42+00:00",
        "metvlc_last_seen_utc": "2026-09-28T20:33:42+00:00",
        "metvlc_fuente": "SIGIF/GVA Rayos 24h KMZ"
      },
      "geometry": {
        "type": "Point",
        "coordinates": [
          -1.0854,
          39.3429
        ]
      }
    },
    {
      "type": "Feature",
      "properties": {
        "name": "28/09/2026 19:38:27",
        "COORD": "-1,0852,39,3412",
        "DATE": "2026-09-28",
        "TIME": "19:38",
        "MXI": "-11,3 kA.",
        "STR": "0",
        "SMA": "0,176 Km.",
        "SMI": "0,13300003 Km.",
        "CHI": "0,7",
        "metvlc_time_utc": "2026-09-28T17:38:00+00:00",
        "metvlc_time_source": "date+time",
        "metvlc_has_real_time": true,
        "metvlc_captura_utc": "2026-09-28T20:33:42+00:00",
        "metvlc_last_seen_utc": "2026-09-28T20:33:42+00:00",
        "metvlc_fuente": "SIGIF/GVA Rayos 24h KMZ"
      },
      "geometry": {
        "type": "Point",
        "coordinates": [
          -1.0852,
          39.3412
        ]
      }
    },
    {
      "type": "Feature",
      "properties": {
        "name": "28/09/2026 19:38:27",
        "COORD": "-1,0851,39,3407",
        "DATE": "2026-09-28",
        "TIME": "19:38",
        "MXI": "-10,69 kA.",
        "STR": "0",
        "SMA": "0,173 Km.",
        "SMI": "0,153 Km.",
        "CHI": "0,6",
        "metvlc_time_utc": "2026-09-28T17:38:00+00:00",
        "metvlc_time_source": "date+time",
        "metvlc_has_real_time": true,
        "metvlc_captura_utc": "2026-09-28T20:33:42+00:00",
        "metvlc_last_seen_utc": "2026-09-28T20:33:42+00:00",
        "metvlc_fuente": "SIGIF/GVA Rayos 24h KMZ"
      },
      "geometry": {
        "type": "Point",
        "coordinates": [
          -1.0851,
          39.3407
        ]
      }
    },
    {
      "type": "Feature",
      "properties": {
        "name": "28/09/2026 19:38:27",
        "COORD": "-1,0847,39,3422",
        "DATE": "2026-09-28",
        "TIME": "19:38",
        "MXI": "-4,41 kA.",
        "STR": "0",
        "SMA": "0,373 Km.",
        "SMI": "0,21800001 Km.",
        "CHI": "0,8",
        "metvlc_time_utc": "2026-09-28T17:38:00+00:00",
        "metvlc_time_source": "date+time",
        "metvlc_has_real_time": true,
        "metvlc_captura_utc": "2026-09-28T20:33:42+00:00",
        "metvlc_last_seen_utc": "2026-09-28T20:33:42+00:00",
        "metvlc_fuente": "SIGIF/GVA Rayos 24h KMZ"
      },
      "geometry": {
        "type": "Point",
        "coordinates": [
          -1.0847,
          39.3422
        ]
      }
    },
    {
      "type": "Feature",
      "properties": {
        "name": "28/09/2026 19:38:27",
        "COORD": "-1,0848,39,3412",
        "DATE": "2026-09-28",
        "TIME": "19:38",
        "MXI": "-9,68 kA.",
        "STR": "0",
        "SMA": "0,229 Km.",
        "SMI": "0,18199997 Km.",
        "CHI": "0,4",
        "metvlc_time_utc": "2026-09-28T17:38:00+00:00",
        "metvlc_time_source": "date+time",
        "metvlc_has_real_time": true,
        "metvlc_captura_utc": "2026-09-28T20:33:42+00:00",
        "metvlc_last_seen_utc": "2026-09-28T20:33:42+00:00",
        "metvlc_fuente": "SIGIF/GVA Rayos 24h KMZ"
      },
      "geometry": {
        "type": "Point",
        "coordinates": [
          -1.0848,
          39.3412
        ]
      }
    },
    {
      "type": "Feature",
      "properties": {
        "name": "28/09/2026 19:38:28",
        "COORD": "-1,0846,39,3411",
        "DATE": "2026-09-28",
        "TIME": "19:38",
        "MXI": "-10,37 kA.",
        "STR": "0",
        "SMA": "0,187 Km.",
        "SMI": "0,16300005 Km.",
        "CHI": "0,6",
        "metvlc_time_utc": "2026-09-28T17:38:00+00:00",
        "metvlc_time_source": "date+time",
        "metvlc_has_real_time": true,
        "metvlc_captura_utc": "2026-09-28T20:33:42+00:00",
        "metvlc_last_seen_utc": "2026-09-28T20:33:42+00:00",
        "metvlc_fuente": "SIGIF/GVA Rayos 24h KMZ"
      },
      "geometry": {
        "type": "Point",
        "coordinates": [
          -1.0846,
          39.3411
        ]
      }
    },
    {
      "type": "Feature",
      "properties": {
        "name": "28/09/2026 19:38:28",
        "COORD": "-1,0845,39,3406",
        "DATE": "2026-09-28",
        "TIME": "19:38",
        "MXI": "-11,54 kA.",
        "STR": "0",
        "SMA": "0,184 Km.",
        "SMI": "0,15499997 Km.",
        "CHI": "0,4",
        "metvlc_time_utc": "2026-09-28T17:38:00+00:00",
        "metvlc_time_source": "date+time",
        "metvlc_has_real_time": true,
        "metvlc_captura_utc": "2026-09-28T20:33:42+00:00",
        "metvlc_last_seen_utc": "2026-09-28T20:33:42+00:00",
        "metvlc_fuente": "SIGIF/GVA Rayos 24h KMZ"
      },
      "geometry": {
        "type": "Point",
        "coordinates": [
          -1.0845,
          39.3406
        ]
      }
    },
    {
      "type": "Feature",
      "properties": {
        "name": "28/09/2026 19:38:30",
        "COORD": "-1,1653,39,366",
        "DATE": "2026-09-28",
        "TIME": "19:38",
        "MXI": "-15,03 kA.",
        "STR": "0",
        "SMA": "0,168 Km.",
        "SMI": "0,12600003 Km.",
        "CHI": "0,9",
        "metvlc_time_utc": "2026-09-28T17:38:00+00:00",
        "metvlc_time_source": "date+time",
        "metvlc_has_real_time": true,
        "metvlc_captura_utc": "2026-09-28T20:33:42+00:00",
        "metvlc_last_seen_utc": "2026-09-28T20:33:42+00:00",
        "metvlc_fuente": "SIGIF/GVA Rayos 24h KMZ"
      },
      "geometry": {
        "type": "Point",
        "coordinates": [
          -1.1653,
          39.366
        ]
      }
    },
    {
      "type": "Feature",
      "properties": {
        "name": "28/09/2026 19:38:44",
        "COORD": "-1,0923,39,4035",
        "DATE": "2026-09-28",
        "TIME": "19:38",
        "MXI": "-16,68 kA.",
        "STR": "0",
        "SMA": "0,17 Km.",
        "SMI": "0,125 Km.",
        "CHI": "0,7",
        "metvlc_time_utc": "2026-09-28T17:38:00+00:00",
        "metvlc_time_source": "date+time",
        "metvlc_has_real_time": true,
        "metvlc_captura_utc": "2026-09-28T20:33:42+00:00",
        "metvlc_last_seen_utc": "2026-09-28T20:33:42+00:00",
        "metvlc_fuente": "SIGIF/GVA Rayos 24h KMZ"
      },
      "geometry": {
        "type": "Point",
        "coordinates": [
          -1.0923,
          39.4035
        ]
      }
    },
    {
      "type": "Feature",
      "properties": {
        "name": "28/09/2026 19:38:54",
        "COORD": "-1,1111,39,3718",
        "DATE": "2026-09-28",
        "TIME": "19:38",
        "MXI": "-33,63 kA.",
        "STR": "0",
        "SMA": "0,176 Km.",
        "SMI": "0,13300003 Km.",
        "CHI": "1",
        "metvlc_time_utc": "2026-09-28T17:38:00+00:00",
        "metvlc_time_source": "date+time",
        "metvlc_has_real_time": true,
        "metvlc_captura_utc": "2026-09-28T20:33:42+00:00",
        "metvlc_last_seen_utc": "2026-09-28T20:33:42+00:00",
        "metvlc_fuente": "SIGIF/GVA Rayos 24h KMZ"
      },
      "geometry": {
        "type": "Point",
        "coordinates": [
          -1.1111,
          39.3718
        ]
      }
    },
    {
      "type": "Feature",
      "properties": {
        "name": "28/09/2026 19:38:54",
        "COORD": "-1,1111,39,3727",
        "DATE": "2026-09-28",
        "TIME": "19:38",
        "MXI": "-10,61 kA.",
        "STR": "0",
        "SMA": "0,227 Km.",
        "SMI": "0,159 Km.",
        "CHI": "0,5",
        "metvlc_time_utc": "2026-09-28T17:38:00+00:00",
        "metvlc_time_source": "date+time",
        "metvlc_has_real_time": true,
        "metvlc_captura_utc": "2026-09-28T20:33:42+00:00",
        "metvlc_last_seen_utc": "2026-09-28T20:33:42+00:00",
        "metvlc_fuente": "SIGIF/GVA Rayos 24h KMZ"
      },
      "geometry": {
        "type": "Point",
        "coordinates": [
          -1.1111,
          39.3727
        ]
      }
    },
    {
      "type": "Feature",
      "properties": {
        "name": "28/09/2026 19:39:06",
        "COORD": "-1,0897,39,3624",
        "DATE": "2026-09-28",
        "TIME": "19:39",
        "MXI": "-43 kA.",
        "STR": "0",
        "SMA": "0,174 Km.",
        "SMI": "0,13499998 Km.",
        "CHI": "1,2",
        "metvlc_time_utc": "2026-09-28T17:39:00+00:00",
        "metvlc_time_source": "date+time",
        "metvlc_has_real_time": true,
        "metvlc_captura_utc": "2026-09-28T20:33:42+00:00",
        "metvlc_last_seen_utc": "2026-09-28T20:33:42+00:00",
        "metvlc_fuente": "SIGIF/GVA Rayos 24h KMZ"
      },
      "geometry": {
        "type": "Point",
        "coordinates": [
          -1.0897,
          39.3624
        ]
      }
    },
    {
      "type": "Feature",
      "properties": {
        "name": "28/09/2026 19:39:06",
        "COORD": "-1,0906,39,3642",
        "DATE": "2026-09-28",
        "TIME": "19:39",
        "MXI": "-27,09 kA.",
        "STR": "0",
        "SMA": "0,178 Km.",
        "SMI": "0,12999998 Km.",
        "CHI": "1,2",
        "metvlc_time_utc": "2026-09-28T17:39:00+00:00",
        "metvlc_time_source": "date+time",
        "metvlc_has_real_time": true,
        "metvlc_captura_utc": "2026-09-28T20:33:42+00:00",
        "metvlc_last_seen_utc": "2026-09-28T20:33:42+00:00",
        "metvlc_fuente": "SIGIF/GVA Rayos 24h KMZ"
      },
      "geometry": {
        "type": "Point",
        "coordinates": [
          -1.0906,
          39.3642
        ]
      }
    },
    {
      "type": "Feature",
      "properties": {
        "name": "28/09/2026 19:39:06",
        "COORD": "-1,0904,39,3645",
        "DATE": "2026-09-28",
        "TIME": "19:39",
        "MXI": "-52,16 kA.",
        "STR": "0",
        "SMA": "0,16 Km.",
        "SMI": "0,12700005 Km.",
        "CHI": "1,1",
        "metvlc_time_utc": "2026-09-28T17:39:00+00:00",
        "metvlc_time_source": "date+time",
        "metvlc_has_real_time": true,
        "metvlc_captura_utc": "2026-09-28T20:33:42+00:00",
        "metvlc_last_seen_utc": "2026-09-28T20:33:42+00:00",
        "metvlc_fuente": "SIGIF/GVA Rayos 24h KMZ"
      },
      "geometry": {
        "type": "Point",
        "coordinates": [
          -1.0904,
          39.3645
        ]
      }
    },
    {
      "type": "Feature",
      "properties": {
        "name": "28/09/2026 19:39:06",
        "COORD": "-1,0907,39,3647",
        "DATE": "2026-09-28",
        "TIME": "19:39",
        "MXI": "-22,28 kA.",
        "STR": "0",
        "SMA": "0,175 Km.",
        "SMI": "0,12999998 Km.",
        "CHI": "0,9",
        "metvlc_time_utc": "2026-09-28T17:39:00+00:00",
        "metvlc_time_source": "date+time",
        "metvlc_has_real_time": true,
        "metvlc_captura_utc": "2026-09-28T20:33:42+00:00",
        "metvlc_last_seen_utc": "2026-09-28T20:33:42+00:00",
        "metvlc_fuente": "SIGIF/GVA Rayos 24h KMZ"
      },
      "geometry": {
        "type": "Point",
        "coordinates": [
          -1.0907,
          39.3647
        ]
      }
    },
    {
      "type": "Feature",
      "properties": {
        "name": "28/09/2026 19:39:06",
        "COORD": "-1,0906,39,3644",
        "DATE": "2026-09-28",
        "TIME": "19:39",
        "MXI": "-14,79 kA.",
        "STR": "0",
        "SMA": "0,174 Km.",
        "SMI": "0,13299996 Km.",
        "CHI": "0,7",
        "metvlc_time_utc": "2026-09-28T17:39:00+00:00",
        "metvlc_time_source": "date+time",
        "metvlc_has_real_time": true,
        "metvlc_captura_utc": "2026-09-28T20:33:42+00:00",
        "metvlc_last_seen_utc": "2026-09-28T20:33:42+00:00",
        "metvlc_fuente": "SIGIF/GVA Rayos 24h KMZ"
      },
      "geometry": {
        "type": "Point",
        "coordinates": [
          -1.0906,
          39.3644
        ]
      }
    },
    {
      "type": "Feature",
      "properties": {
        "name": "28/09/2026 19:39:06",
        "COORD": "-1,0903,39,3648",
        "DATE": "2026-09-28",
        "TIME": "19:39",
        "MXI": "-16,37 kA.",
        "STR": "0",
        "SMA": "0,18 Km.",
        "SMI": "0,13099998 Km.",
        "CHI": "1",
        "metvlc_time_utc": "2026-09-28T17:39:00+00:00",
        "metvlc_time_source": "date+time",
        "metvlc_has_real_time": true,
        "metvlc_captura_utc": "2026-09-28T20:33:42+00:00",
        "metvlc_last_seen_utc": "2026-09-28T20:33:42+00:00",
        "metvlc_fuente": "SIGIF/GVA Rayos 24h KMZ"
      },
      "geometry": {
        "type": "Point",
        "coordinates": [
          -1.0903,
          39.3648
        ]
      }
    },
    {
      "type": "Feature",
      "properties": {
        "name": "28/09/2026 19:39:06",
        "COORD": "-1,0907,39,3638",
        "DATE": "2026-09-28",
        "TIME": "19:39",
        "MXI": "-11,6 kA.",
        "STR": "0",
        "SMA": "0,189 Km.",
        "SMI": "0,13200001 Km.",
        "CHI": "0,2",
        "metvlc_time_utc": "2026-09-28T17:39:00+00:00",
        "metvlc_time_source": "date+time",
        "metvlc_has_real_time": true,
        "metvlc_captura_utc": "2026-09-28T20:33:42+00:00",
        "metvlc_last_seen_utc": "2026-09-28T20:33:42+00:00",
        "metvlc_fuente": "SIGIF/GVA Rayos 24h KMZ"
      },
      "geometry": {
        "type": "Point",
        "coordinates": [
          -1.0907,
          39.3638
        ]
      }
    },
    {
      "type": "Feature",
      "properties": {
        "name": "28/09/2026 19:39:06",
        "COORD": "-1,0905,39,3662",
        "DATE": "2026-09-28",
        "TIME": "19:39",
        "MXI": "-5,28 kA.",
        "STR": "0",
        "SMA": "0,385 Km.",
        "SMI": "0,21600004 Km.",
        "CHI": "1",
        "metvlc_time_utc": "2026-09-28T17:39:00+00:00",
        "metvlc_time_source": "date+time",
        "metvlc_has_real_time": true,
        "metvlc_captura_utc": "2026-09-28T20:33:42+00:00",
        "metvlc_last_seen_utc": "2026-09-28T20:33:42+00:00",
        "metvlc_fuente": "SIGIF/GVA Rayos 24h KMZ"
      },
      "geometry": {
        "type": "Point",
        "coordinates": [
          -1.0905,
          39.3662
        ]
      }
    },
    {
      "type": "Feature",
      "properties": {
        "name": "28/09/2026 19:39:06",
        "COORD": "-1,0905,39,3643",
        "DATE": "2026-09-28",
        "TIME": "19:39",
        "MXI": "-12,94 kA.",
        "STR": "0",
        "SMA": "0,186 Km.",
        "SMI": "0,125 Km.",
        "CHI": "0,6",
        "metvlc_time_utc": "2026-09-28T17:39:00+00:00",
        "metvlc_time_source": "date+time",
        "metvlc_has_real_time": true,
        "metvlc_captura_utc": "2026-09-28T20:33:42+00:00",
        "metvlc_last_seen_utc": "2026-09-28T20:33:42+00:00",
        "metvlc_fuente": "SIGIF/GVA Rayos 24h KMZ"
      },
      "geometry": {
        "type": "Point",
        "coordinates": [
          -1.0905,
          39.3643
        ]
      }
    },
    {
      "type": "Feature",
      "properties": {
        "name": "28/09/2026 19:39:07",
        "COORD": "-1,0907,39,3646",
        "DATE": "2026-09-28",
        "TIME": "19:39",
        "MXI": "-12,11 kA.",
        "STR": "0",
        "SMA": "0,196 Km.",
        "SMI": "0,14700003 Km.",
        "CHI": "0,9",
        "metvlc_time_utc": "2026-09-28T17:39:00+00:00",
        "metvlc_time_source": "date+time",
        "metvlc_has_real_time": true,
        "metvlc_captura_utc": "2026-09-28T20:33:42+00:00",
        "metvlc_last_seen_utc": "2026-09-28T20:33:42+00:00",
        "metvlc_fuente": "SIGIF/GVA Rayos 24h KMZ"
      },
      "geometry": {
        "type": "Point",
        "coordinates": [
          -1.0907,
          39.3646
        ]
      }
    },
    {
      "type": "Feature",
      "properties": {
        "name": "28/09/2026 19:39:22",
        "COORD": "-1,1261,39,3653",
        "DATE": "2026-09-28",
        "TIME": "19:39",
        "MXI": "-4,13 kA.",
        "STR": "0",
        "SMA": "0,389 Km.",
        "SMI": "0,214 Km.",
        "CHI": "1,3",
        "metvlc_time_utc": "2026-09-28T17:39:00+00:00",
        "metvlc_time_source": "date+time",
        "metvlc_has_real_time": true,
        "metvlc_captura_utc": "2026-09-28T20:33:42+00:00",
        "metvlc_last_seen_utc": "2026-09-28T20:33:42+00:00",
        "metvlc_fuente": "SIGIF/GVA Rayos 24h KMZ"
      },
      "geometry": {
        "type": "Point",
        "coordinates": [
          -1.1261,
          39.3653
        ]
      }
    },
    {
      "type": "Feature",
      "properties": {
        "name": "28/09/2026 19:39:22",
        "COORD": "-1,1154,39,3707",
        "DATE": "2026-09-28",
        "TIME": "19:39",
        "MXI": "25,46 kA.",
        "STR": "0",
        "SMA": "0,18 Km.",
        "SMI": "0,13299996 Km.",
        "CHI": "0,9",
        "metvlc_time_utc": "2026-09-28T17:39:00+00:00",
        "metvlc_time_source": "date+time",
        "metvlc_has_real_time": true,
        "metvlc_captura_utc": "2026-09-28T20:33:42+00:00",
        "metvlc_last_seen_utc": "2026-09-28T20:33:42+00:00",
        "metvlc_fuente": "SIGIF/GVA Rayos 24h KMZ"
      },
      "geometry": {
        "type": "Point",
        "coordinates": [
          -1.1154,
          39.3707
        ]
      }
    },
    {
      "type": "Feature",
      "properties": {
        "name": "28/09/2026 19:39:29",
        "COORD": "-1,1116,39,3844",
        "DATE": "2026-09-28",
        "TIME": "19:39",
        "MXI": "-10,13 kA.",
        "STR": "0",
        "SMA": "0,222 Km.",
        "SMI": "0,14200003 Km.",
        "CHI": "0,6",
        "metvlc_time_utc": "2026-09-28T17:39:00+00:00",
        "metvlc_time_source": "date+time",
        "metvlc_has_real_time": true,
        "metvlc_captura_utc": "2026-09-28T20:33:42+00:00",
        "metvlc_last_seen_utc": "2026-09-28T20:33:42+00:00",
        "metvlc_fuente": "SIGIF/GVA Rayos 24h KMZ"
      },
      "geometry": {
        "type": "Point",
        "coordinates": [
          -1.1116,
          39.3844
        ]
      }
    },
    {
      "type": "Feature",
      "properties": {
        "name": "28/09/2026 19:39:42",
        "COORD": "-1,0905,39,3827",
        "DATE": "2026-09-28",
        "TIME": "19:39",
        "MXI": "-19 kA.",
        "STR": "0",
        "SMA": "0,174 Km.",
        "SMI": "0,12799999 Km.",
        "CHI": "0,8",
        "metvlc_time_utc": "2026-09-28T17:39:00+00:00",
        "metvlc_time_source": "date+time",
        "metvlc_has_real_time": true,
        "metvlc_captura_utc": "2026-09-28T20:33:42+00:00",
        "metvlc_last_seen_utc": "2026-09-28T20:33:42+00:00",
        "metvlc_fuente": "SIGIF/GVA Rayos 24h KMZ"
      },
      "geometry": {
        "type": "Point",
        "coordinates": [
          -1.0905,
          39.3827
        ]
      }
    },
    {
      "type": "Feature",
      "properties": {
        "name": "28/09/2026 19:39:42",
        "COORD": "-1,1139,39,3885",
        "DATE": "2026-09-28",
        "TIME": "19:39",
        "MXI": "-19,88 kA.",
        "STR": "0",
        "SMA": "0,166 Km.",
        "SMI": "0,125 Km.",
        "CHI": "1,1",
        "metvlc_time_utc": "2026-09-28T17:39:00+00:00",
        "metvlc_time_source": "date+time",
        "metvlc_has_real_time": true,
        "metvlc_captura_utc": "2026-09-28T20:33:42+00:00",
        "metvlc_last_seen_utc": "2026-09-28T20:33:42+00:00",
        "metvlc_fuente": "SIGIF/GVA Rayos 24h KMZ"
      },
      "geometry": {
        "type": "Point",
        "coordinates": [
          -1.1139,
          39.3885
        ]
      }
    },
    {
      "type": "Feature",
      "properties": {
        "name": "28/09/2026 19:39:42",
        "COORD": "-1,0972,39,3852",
        "DATE": "2026-09-28",
        "TIME": "19:39",
        "MXI": "-26,59 kA.",
        "STR": "0",
        "SMA": "0,17 Km.",
        "SMI": "0,128 Km.",
        "CHI": "0,9",
        "metvlc_time_utc": "2026-09-28T17:39:00+00:00",
        "metvlc_time_source": "date+time",
        "metvlc_has_real_time": true,
        "metvlc_captura_utc": "2026-09-28T20:33:42+00:00",
        "metvlc_last_seen_utc": "2026-09-28T20:33:42+00:00",
        "metvlc_fuente": "SIGIF/GVA Rayos 24h KMZ"
      },
      "geometry": {
        "type": "Point",
        "coordinates": [
          -1.0972,
          39.3852
        ]
      }
    },
    {
      "type": "Feature",
      "properties": {
        "name": "28/09/2026 19:39:42",
        "COORD": "-1,1135,39,4006",
        "DATE": "2026-09-28",
        "TIME": "19:39",
        "MXI": "-14,81 kA.",
        "STR": "0",
        "SMA": "0,171 Km.",
        "SMI": "0,12699997 Km.",
        "CHI": "0,7",
        "metvlc_time_utc": "2026-09-28T17:39:00+00:00",
        "metvlc_time_source": "date+time",
        "metvlc_has_real_time": true,
        "metvlc_captura_utc": "2026-09-28T20:33:42+00:00",
        "metvlc_last_seen_utc": "2026-09-28T20:33:42+00:00",
        "metvlc_fuente": "SIGIF/GVA Rayos 24h KMZ"
      },
      "geometry": {
        "type": "Point",
        "coordinates": [
          -1.1135,
          39.4006
        ]
      }
    },
    {
      "type": "Feature",
      "properties": {
        "name": "28/09/2026 19:39:43",
        "COORD": "-1,1133,39,4001",
        "DATE": "2026-09-28",
        "TIME": "19:39",
        "MXI": "-42,75 kA.",
        "STR": "0",
        "SMA": "0,168 Km.",
        "SMI": "0,12799999 Km.",
        "CHI": "1,2",
        "metvlc_time_utc": "2026-09-28T17:39:00+00:00",
        "metvlc_time_source": "date+time",
        "metvlc_has_real_time": true,
        "metvlc_captura_utc": "2026-09-28T20:33:42+00:00",
        "metvlc_last_seen_utc": "2026-09-28T20:33:42+00:00",
        "metvlc_fuente": "SIGIF/GVA Rayos 24h KMZ"
      },
      "geometry": {
        "type": "Point",
        "coordinates": [
          -1.1133,
          39.4001
        ]
      }
    },
    {
      "type": "Feature",
      "properties": {
        "name": "28/09/2026 19:39:43",
        "COORD": "-1,1135,39,4018",
        "DATE": "2026-09-28",
        "TIME": "19:39",
        "MXI": "-7,12 kA.",
        "STR": "0",
        "SMA": "0,241 Km.",
        "SMI": "0,17899996 Km.",
        "CHI": "0,8",
        "metvlc_time_utc": "2026-09-28T17:39:00+00:00",
        "metvlc_time_source": "date+time",
        "metvlc_has_real_time": true,
        "metvlc_captura_utc": "2026-09-28T20:33:42+00:00",
        "metvlc_last_seen_utc": "2026-09-28T20:33:42+00:00",
        "metvlc_fuente": "SIGIF/GVA Rayos 24h KMZ"
      },
      "geometry": {
        "type": "Point",
        "coordinates": [
          -1.1135,
          39.4018
        ]
      }
    },
    {
      "type": "Feature",
      "properties": {
        "name": "28/09/2026 19:39:43",
        "COORD": "-1,1131,39,4002",
        "DATE": "2026-09-28",
        "TIME": "19:39",
        "MXI": "-18,01 kA.",
        "STR": "0",
        "SMA": "0,168 Km.",
        "SMI": "0,12600003 Km.",
        "CHI": "0,8",
        "metvlc_time_utc": "2026-09-28T17:39:00+00:00",
        "metvlc_time_source": "date+time",
        "metvlc_has_real_time": true,
        "metvlc_captura_utc": "2026-09-28T20:33:42+00:00",
        "metvlc_last_seen_utc": "2026-09-28T20:33:42+00:00",
        "metvlc_fuente": "SIGIF/GVA Rayos 24h KMZ"
      },
      "geometry": {
        "type": "Point",
        "coordinates": [
          -1.1131,
          39.4002
        ]
      }
    },
    {
      "type": "Feature",
      "properties": {
        "name": "28/09/2026 19:39:43",
        "COORD": "-1,1135,39,4004",
        "DATE": "2026-09-28",
        "TIME": "19:39",
        "MXI": "-12,8 kA.",
        "STR": "0",
        "SMA": "0,17 Km.",
        "SMI": "0,12600003 Km.",
        "CHI": "0,9",
        "metvlc_time_utc": "2026-09-28T17:39:00+00:00",
        "metvlc_time_source": "date+time",
        "metvlc_has_real_time": true,
        "metvlc_captura_utc": "2026-09-28T20:33:42+00:00",
        "metvlc_last_seen_utc": "2026-09-28T20:33:42+00:00",
        "metvlc_fuente": "SIGIF/GVA Rayos 24h KMZ"
      },
      "geometry": {
        "type": "Point",
        "coordinates": [
          -1.1135,
          39.4004
        ]
      }
    },
    {
      "type": "Feature",
      "properties": {
        "name": "28/09/2026 19:39:43",
        "COORD": "-1,1141,39,4009",
        "DATE": "2026-09-28",
        "TIME": "19:39",
        "MXI": "-6,45 kA.",
        "STR": "0",
        "SMA": "0,278 Km.",
        "SMI": "0,18900006 Km.",
        "CHI": "0,2",
        "metvlc_time_utc": "2026-09-28T17:39:00+00:00",
        "metvlc_time_source": "date+time",
        "metvlc_has_real_time": true,
        "metvlc_captura_utc": "2026-09-28T20:33:42+00:00",
        "metvlc_last_seen_utc": "2026-09-28T20:33:42+00:00",
        "metvlc_fuente": "SIGIF/GVA Rayos 24h KMZ"
      },
      "geometry": {
        "type": "Point",
        "coordinates": [
          -1.1141,
          39.4009
        ]
      }
    },
    {
      "type": "Feature",
      "properties": {
        "name": "28/09/2026 19:39:43",
        "COORD": "-1,1132,39,4003",
        "DATE": "2026-09-28",
        "TIME": "19:39",
        "MXI": "-10,48 kA.",
        "STR": "0",
        "SMA": "0,171 Km.",
        "SMI": "0,12699997 Km.",
        "CHI": "0,9",
        "metvlc_time_utc": "2026-09-28T17:39:00+00:00",
        "metvlc_time_source": "date+time",
        "metvlc_has_real_time": true,
        "metvlc_captura_utc": "2026-09-28T20:33:42+00:00",
        "metvlc_last_seen_utc": "2026-09-28T20:33:42+00:00",
        "metvlc_fuente": "SIGIF/GVA Rayos 24h KMZ"
      },
      "geometry": {
        "type": "Point",
        "coordinates": [
          -1.1132,
          39.4003
        ]
      }
    },
    {
      "type": "Feature",
      "properties": {
        "name": "28/09/2026 19:39:55",
        "COORD": "-1,0786,39,3641",
        "DATE": "2026-09-28",
        "TIME": "19:39",
        "MXI": "-33,93 kA.",
        "STR": "0",
        "SMA": "0,175 Km.",
        "SMI": "0,13099998 Km.",
        "CHI": "1,3",
        "metvlc_time_utc": "2026-09-28T17:39:00+00:00",
        "metvlc_time_source": "date+time",
        "metvlc_has_real_time": true,
        "metvlc_captura_utc": "2026-09-28T20:33:42+00:00",
        "metvlc_last_seen_utc": "2026-09-28T20:33:42+00:00",
        "metvlc_fuente": "SIGIF/GVA Rayos 24h KMZ"
      },
      "geometry": {
        "type": "Point",
        "coordinates": [
          -1.0786,
          39.3641
        ]
      }
    },
    {
      "type": "Feature",
      "properties": {
        "name": "28/09/2026 19:39:55",
        "COORD": "-1,0785,39,3637",
        "DATE": "2026-09-28",
        "TIME": "19:39",
        "MXI": "-26,36 kA.",
        "STR": "0",
        "SMA": "0,176 Km.",
        "SMI": "0,13000003 Km.",
        "CHI": "1,1",
        "metvlc_time_utc": "2026-09-28T17:39:00+00:00",
        "metvlc_time_source": "date+time",
        "metvlc_has_real_time": true,
        "metvlc_captura_utc": "2026-09-28T20:33:42+00:00",
        "metvlc_last_seen_utc": "2026-09-28T20:33:42+00:00",
        "metvlc_fuente": "SIGIF/GVA Rayos 24h KMZ"
      },
      "geometry": {
        "type": "Point",
        "coordinates": [
          -1.0785,
          39.3637
        ]
      }
    },
    {
      "type": "Feature",
      "properties": {
        "name": "28/09/2026 19:40:16",
        "COORD": "-1,1506,39,3628",
        "DATE": "2026-09-28",
        "TIME": "19:40",
        "MXI": "-15,97 kA.",
        "STR": "0",
        "SMA": "0,174 Km.",
        "SMI": "0,12999995 Km.",
        "CHI": "1",
        "metvlc_time_utc": "2026-09-28T17:40:00+00:00",
        "metvlc_time_source": "date+time",
        "metvlc_has_real_time": true,
        "metvlc_captura_utc": "2026-09-28T20:33:42+00:00",
        "metvlc_last_seen_utc": "2026-09-28T20:33:42+00:00",
        "metvlc_fuente": "SIGIF/GVA Rayos 24h KMZ"
      },
      "geometry": {
        "type": "Point",
        "coordinates": [
          -1.1506,
          39.3628
        ]
      }
    },
    {
      "type": "Feature",
      "properties": {
        "name": "28/09/2026 19:40:16",
        "COORD": "-1,1256,39,3389",
        "DATE": "2026-09-28",
        "TIME": "19:40",
        "MXI": "-16,01 kA.",
        "STR": "0",
        "SMA": "0,174 Km.",
        "SMI": "0,13100003 Km.",
        "CHI": "0,4",
        "metvlc_time_utc": "2026-09-28T17:40:00+00:00",
        "metvlc_time_source": "date+time",
        "metvlc_has_real_time": true,
        "metvlc_captura_utc": "2026-09-28T20:33:42+00:00",
        "metvlc_last_seen_utc": "2026-09-28T20:33:42+00:00",
        "metvlc_fuente": "SIGIF/GVA Rayos 24h KMZ"
      },
      "geometry": {
        "type": "Point",
        "coordinates": [
          -1.1256,
          39.3389
        ]
      }
    },
    {
      "type": "Feature",
      "properties": {
        "name": "28/09/2026 19:40:24",
        "COORD": "-1,0828,39,3975",
        "DATE": "2026-09-28",
        "TIME": "19:40",
        "MXI": "-18,46 kA.",
        "STR": "0",
        "SMA": "0,169 Km.",
        "SMI": "0,12699997 Km.",
        "CHI": "0,8",
        "metvlc_time_utc": "2026-09-28T17:40:00+00:00",
        "metvlc_time_source": "date+time",
        "metvlc_has_real_time": true,
        "metvlc_captura_utc": "2026-09-28T20:33:42+00:00",
        "metvlc_last_seen_utc": "2026-09-28T20:33:42+00:00",
        "metvlc_fuente": "SIGIF/GVA Rayos 24h KMZ"
      },
      "geometry": {
        "type": "Point",
        "coordinates": [
          -1.0828,
          39.3975
        ]
      }
    },
    {
      "type": "Feature",
      "properties": {
        "name": "28/09/2026 19:40:24",
        "COORD": "-1,0782,39,3957",
        "DATE": "2026-09-28",
        "TIME": "19:40",
        "MXI": "-19,5 kA.",
        "STR": "0",
        "SMA": "0,17 Km.",
        "SMI": "0,12600003 Km.",
        "CHI": "0,5",
        "metvlc_time_utc": "2026-09-28T17:40:00+00:00",
        "metvlc_time_source": "date+time",
        "metvlc_has_real_time": true,
        "metvlc_captura_utc": "2026-09-28T20:33:42+00:00",
        "metvlc_last_seen_utc": "2026-09-28T20:33:42+00:00",
        "metvlc_fuente": "SIGIF/GVA Rayos 24h KMZ"
      },
      "geometry": {
        "type": "Point",
        "coordinates": [
          -1.0782,
          39.3957
        ]
      }
    },
    {
      "type": "Feature",
      "properties": {
        "name": "28/09/2026 19:40:24",
        "COORD": "-1,1168,39,3953",
        "DATE": "2026-09-28",
        "TIME": "19:40",
        "MXI": "-14,57 kA.",
        "STR": "0",
        "SMA": "0,167 Km.",
        "SMI": "0,12699996 Km.",
        "CHI": "0,6",
        "metvlc_time_utc": "2026-09-28T17:40:00+00:00",
        "metvlc_time_source": "date+time",
        "metvlc_has_real_time": true,
        "metvlc_captura_utc": "2026-09-28T20:33:42+00:00",
        "metvlc_last_seen_utc": "2026-09-28T20:33:42+00:00",
        "metvlc_fuente": "SIGIF/GVA Rayos 24h KMZ"
      },
      "geometry": {
        "type": "Point",
        "coordinates": [
          -1.1168,
          39.3953
        ]
      }
    },
    {
      "type": "Feature",
      "properties": {
        "name": "28/09/2026 19:40:24",
        "COORD": "-1,1159,39,3951",
        "DATE": "2026-09-28",
        "TIME": "19:40",
        "MXI": "-23,88 kA.",
        "STR": "0",
        "SMA": "0,169 Km.",
        "SMI": "0,125 Km.",
        "CHI": "0,7",
        "metvlc_time_utc": "2026-09-28T17:40:00+00:00",
        "metvlc_time_source": "date+time",
        "metvlc_has_real_time": true,
        "metvlc_captura_utc": "2026-09-28T20:33:42+00:00",
        "metvlc_last_seen_utc": "2026-09-28T20:33:42+00:00",
        "metvlc_fuente": "SIGIF/GVA Rayos 24h KMZ"
      },
      "geometry": {
        "type": "Point",
        "coordinates": [
          -1.1159,
          39.3951
        ]
      }
    },
    {
      "type": "Feature",
      "properties": {
        "name": "28/09/2026 19:40:24",
        "COORD": "-1,1162,39,3952",
        "DATE": "2026-09-28",
        "TIME": "19:40",
        "MXI": "-9,83 kA.",
        "STR": "0",
        "SMA": "0,224 Km.",
        "SMI": "0,16700004 Km.",
        "CHI": "1",
        "metvlc_time_utc": "2026-09-28T17:40:00+00:00",
        "metvlc_time_source": "date+time",
        "metvlc_has_real_time": true,
        "metvlc_captura_utc": "2026-09-28T20:33:42+00:00",
        "metvlc_last_seen_utc": "2026-09-28T20:33:42+00:00",
        "metvlc_fuente": "SIGIF/GVA Rayos 24h KMZ"
      },
      "geometry": {
        "type": "Point",
        "coordinates": [
          -1.1162,
          39.3952
        ]
      }
    },
    {
      "type": "Feature",
      "properties": {
        "name": "28/09/2026 19:40:24",
        "COORD": "-1,1151,39,3947",
        "DATE": "2026-09-28",
        "TIME": "19:40",
        "MXI": "-11,08 kA.",
        "STR": "0",
        "SMA": "0,178 Km.",
        "SMI": "0,13600005 Km.",
        "CHI": "0,7",
        "metvlc_time_utc": "2026-09-28T17:40:00+00:00",
        "metvlc_time_source": "date+time",
        "metvlc_has_real_time": true,
        "metvlc_captura_utc": "2026-09-28T20:33:42+00:00",
        "metvlc_last_seen_utc": "2026-09-28T20:33:42+00:00",
        "metvlc_fuente": "SIGIF/GVA Rayos 24h KMZ"
      },
      "geometry": {
        "type": "Point",
        "coordinates": [
          -1.1151,
          39.3947
        ]
      }
    },
    {
      "type": "Feature",
      "properties": {
        "name": "28/09/2026 19:40:24",
        "COORD": "-1,116,39,3945",
        "DATE": "2026-09-28",
        "TIME": "19:40",
        "MXI": "-11,14 kA.",
        "STR": "0",
        "SMA": "0,16 Km.",
        "SMI": "0,13399997 Km.",
        "CHI": "0,5",
        "metvlc_time_utc": "2026-09-28T17:40:00+00:00",
        "metvlc_time_source": "date+time",
        "metvlc_has_real_time": true,
        "metvlc_captura_utc": "2026-09-28T20:33:42+00:00",
        "metvlc_last_seen_utc": "2026-09-28T20:33:42+00:00",
        "metvlc_fuente": "SIGIF/GVA Rayos 24h KMZ"
      },
      "geometry": {
        "type": "Point",
        "coordinates": [
          -1.116,
          39.3945
        ]
      }
    },
    {
      "type": "Feature",
      "properties": {
        "name": "28/09/2026 19:40:24",
        "COORD": "-1,116,39,3963",
        "DATE": "2026-09-28",
        "TIME": "19:40",
        "MXI": "-4,21 kA.",
        "STR": "0",
        "SMA": "0,407 Km.",
        "SMI": "0,21700001 Km.",
        "CHI": "1,3",
        "metvlc_time_utc": "2026-09-28T17:40:00+00:00",
        "metvlc_time_source": "date+time",
        "metvlc_has_real_time": true,
        "metvlc_captura_utc": "2026-09-28T20:33:42+00:00",
        "metvlc_last_seen_utc": "2026-09-28T20:33:42+00:00",
        "metvlc_fuente": "SIGIF/GVA Rayos 24h KMZ"
      },
      "geometry": {
        "type": "Point",
        "coordinates": [
          -1.116,
          39.3963
        ]
      }
    },
    {
      "type": "Feature",
      "properties": {
        "name": "28/09/2026 19:40:34",
        "COORD": "-1,0827,39,3698",
        "DATE": "2026-09-28",
        "TIME": "19:40",
        "MXI": "-35,73 kA.",
        "STR": "0",
        "SMA": "0,181 Km.",
        "SMI": "0,12899998 Km.",
        "CHI": "1",
        "metvlc_time_utc": "2026-09-28T17:40:00+00:00",
        "metvlc_time_source": "date+time",
        "metvlc_has_real_time": true,
        "metvlc_captura_utc": "2026-09-28T20:33:42+00:00",
        "metvlc_last_seen_utc": "2026-09-28T20:33:42+00:00",
        "metvlc_fuente": "SIGIF/GVA Rayos 24h KMZ"
      },
      "geometry": {
        "type": "Point",
        "coordinates": [
          -1.0827,
          39.3698
        ]
      }
    },
    {
      "type": "Feature",
      "properties": {
        "name": "28/09/2026 19:40:34",
        "COORD": "-1,09,39,3913",
        "DATE": "2026-09-28",
        "TIME": "19:40",
        "MXI": "-23,88 kA.",
        "STR": "0",
        "SMA": "0,169 Km.",
        "SMI": "0,125 Km.",
        "CHI": "1,1",
        "metvlc_time_utc": "2026-09-28T17:40:00+00:00",
        "metvlc_time_source": "date+time",
        "metvlc_has_real_time": true,
        "metvlc_captura_utc": "2026-09-28T20:33:42+00:00",
        "metvlc_last_seen_utc": "2026-09-28T20:33:42+00:00",
        "metvlc_fuente": "SIGIF/GVA Rayos 24h KMZ"
      },
      "geometry": {
        "type": "Point",
        "coordinates": [
          -1.09,
          39.3913
        ]
      }
    },
    {
      "type": "Feature",
      "properties": {
        "name": "28/09/2026 19:40:34",
        "COORD": "-1,0854,39,3886",
        "DATE": "2026-09-28",
        "TIME": "19:40",
        "MXI": "-25,4 kA.",
        "STR": "0",
        "SMA": "0,171 Km.",
        "SMI": "0,125 Km.",
        "CHI": "0,5",
        "metvlc_time_utc": "2026-09-28T17:40:00+00:00",
        "metvlc_time_source": "date+time",
        "metvlc_has_real_time": true,
        "metvlc_captura_utc": "2026-09-28T20:33:42+00:00",
        "metvlc_last_seen_utc": "2026-09-28T20:33:42+00:00",
        "metvlc_fuente": "SIGIF/GVA Rayos 24h KMZ"
      },
      "geometry": {
        "type": "Point",
        "coordinates": [
          -1.0854,
          39.3886
        ]
      }
    },
    {
      "type": "Feature",
      "properties": {
        "name": "28/09/2026 19:40:34",
        "COORD": "-1,0865,39,3899",
        "DATE": "2026-09-28",
        "TIME": "19:40",
        "MXI": "-9,53 kA.",
        "STR": "0",
        "SMA": "0,223 Km.",
        "SMI": "0,14699998 Km.",
        "CHI": "0,8",
        "metvlc_time_utc": "2026-09-28T17:40:00+00:00",
        "metvlc_time_source": "date+time",
        "metvlc_has_real_time": true,
        "metvlc_captura_utc": "2026-09-28T20:33:42+00:00",
        "metvlc_last_seen_utc": "2026-09-28T20:33:42+00:00",
        "metvlc_fuente": "SIGIF/GVA Rayos 24h KMZ"
      },
      "geometry": {
        "type": "Point",
        "coordinates": [
          -1.0865,
          39.3899
        ]
      }
    },
    {
      "type": "Feature",
      "properties": {
        "name": "28/09/2026 19:40:34",
        "COORD": "-1,0529,39,6699",
        "DATE": "2026-09-28",
        "TIME": "19:40",
        "MXI": "-5,98 kA.",
        "STR": "0",
        "SMA": "0,28 Km.",
        "SMI": "0,19399999 Km.",
        "CHI": "0,5",
        "metvlc_time_utc": "2026-09-28T17:40:00+00:00",
        "metvlc_time_source": "date+time",
        "metvlc_has_real_time": true,
        "metvlc_captura_utc": "2026-09-28T20:33:42+00:00",
        "metvlc_last_seen_utc": "2026-09-28T20:33:42+00:00",
        "metvlc_fuente": "SIGIF/GVA Rayos 24h KMZ"
      },
      "geometry": {
        "type": "Point",
        "coordinates": [
          -1.0529,
          39.6699
        ]
      }
    },
    {
      "type": "Feature",
      "properties": {
        "name": "28/09/2026 19:41:09",
        "COORD": "-1,1033,39,3843",
        "DATE": "2026-09-28",
        "TIME": "19:41",
        "MXI": "-23,77 kA.",
        "STR": "0",
        "SMA": "0,175 Km.",
        "SMI": "0,12999998 Km.",
        "CHI": "0,9",
        "metvlc_time_utc": "2026-09-28T17:41:00+00:00",
        "metvlc_time_source": "date+time",
        "metvlc_has_real_time": true,
        "metvlc_captura_utc": "2026-09-28T20:33:42+00:00",
        "metvlc_last_seen_utc": "2026-09-28T20:33:42+00:00",
        "metvlc_fuente": "SIGIF/GVA Rayos 24h KMZ"
      },
      "geometry": {
        "type": "Point",
        "coordinates": [
          -1.1033,
          39.3843
        ]
      }
    },
    {
      "type": "Feature",
      "properties": {
        "name": "28/09/2026 19:41:09",
        "COORD": "-1,0918,39,3957",
        "DATE": "2026-09-28",
        "TIME": "19:41",
        "MXI": "-31,87 kA.",
        "STR": "0",
        "SMA": "0,171 Km.",
        "SMI": "0,12599999 Km.",
        "CHI": "0,6",
        "metvlc_time_utc": "2026-09-28T17:41:00+00:00",
        "metvlc_time_source": "date+time",
        "metvlc_has_real_time": true,
        "metvlc_captura_utc": "2026-09-28T20:33:42+00:00",
        "metvlc_last_seen_utc": "2026-09-28T20:33:42+00:00",
        "metvlc_fuente": "SIGIF/GVA Rayos 24h KMZ"
      },
      "geometry": {
        "type": "Point",
        "coordinates": [
          -1.0918,
          39.3957
        ]
      }
    },
    {
      "type": "Feature",
      "properties": {
        "name": "28/09/2026 19:41:09",
        "COORD": "-1,1054,39,3937",
        "DATE": "2026-09-28",
        "TIME": "19:41",
        "MXI": "-13,69 kA.",
        "STR": "0",
        "SMA": "0,168 Km.",
        "SMI": "0,12699997 Km.",
        "CHI": "0,4",
        "metvlc_time_utc": "2026-09-28T17:41:00+00:00",
        "metvlc_time_source": "date+time",
        "metvlc_has_real_time": true,
        "metvlc_captura_utc": "2026-09-28T20:33:42+00:00",
        "metvlc_last_seen_utc": "2026-09-28T20:33:42+00:00",
        "metvlc_fuente": "SIGIF/GVA Rayos 24h KMZ"
      },
      "geometry": {
        "type": "Point",
        "coordinates": [
          -1.1054,
          39.3937
        ]
      }
    },
    {
      "type": "Feature",
      "properties": {
        "name": "28/09/2026 19:41:09",
        "COORD": "-1,1049,39,3932",
        "DATE": "2026-09-28",
        "TIME": "19:41",
        "MXI": "-16,4 kA.",
        "STR": "0",
        "SMA": "0,17 Km.",
        "SMI": "0,13000003 Km.",
        "CHI": "0,8",
        "metvlc_time_utc": "2026-09-28T17:41:00+00:00",
        "metvlc_time_source": "date+time",
        "metvlc_has_real_time": true,
        "metvlc_captura_utc": "2026-09-28T20:33:42+00:00",
        "metvlc_last_seen_utc": "2026-09-28T20:33:42+00:00",
        "metvlc_fuente": "SIGIF/GVA Rayos 24h KMZ"
      },
      "geometry": {
        "type": "Point",
        "coordinates": [
          -1.1049,
          39.3932
        ]
      }
    },
    {
      "type": "Feature",
      "properties": {
        "name": "28/09/2026 19:41:09",
        "COORD": "-1,1052,39,3936",
        "DATE": "2026-09-28",
        "TIME": "19:41",
        "MXI": "-19,58 kA.",
        "STR": "0",
        "SMA": "0,17 Km.",
        "SMI": "0,12699997 Km.",
        "CHI": "1,1",
        "metvlc_time_utc": "2026-09-28T17:41:00+00:00",
        "metvlc_time_source": "date+time",
        "metvlc_has_real_time": true,
        "metvlc_captura_utc": "2026-09-28T20:33:42+00:00",
        "metvlc_last_seen_utc": "2026-09-28T20:33:42+00:00",
        "metvlc_fuente": "SIGIF/GVA Rayos 24h KMZ"
      },
      "geometry": {
        "type": "Point",
        "coordinates": [
          -1.1052,
          39.3936
        ]
      }
    },
    {
      "type": "Feature",
      "properties": {
        "name": "28/09/2026 19:41:09",
        "COORD": "-1,1049,39,3937",
        "DATE": "2026-09-28",
        "TIME": "19:41",
        "MXI": "-19,91 kA.",
        "STR": "0",
        "SMA": "0,17 Km.",
        "SMI": "0,12699997 Km.",
        "CHI": "0,8",
        "metvlc_time_utc": "2026-09-28T17:41:00+00:00",
        "metvlc_time_source": "date+time",
        "metvlc_has_real_time": true,
        "metvlc_captura_utc": "2026-09-28T20:33:42+00:00",
        "metvlc_last_seen_utc": "2026-09-28T20:33:42+00:00",
        "metvlc_fuente": "SIGIF/GVA Rayos 24h KMZ"
      },
      "geometry": {
        "type": "Point",
        "coordinates": [
          -1.1049,
          39.3937
        ]
      }
    },
    {
      "type": "Feature",
      "properties": {
        "name": "28/09/2026 19:41:09",
        "COORD": "-1,1053,39,3944",
        "DATE": "2026-09-28",
        "TIME": "19:41",
        "MXI": "-7,99 kA.",
        "STR": "0",
        "SMA": "0,237 Km.",
        "SMI": "0,17499997 Km.",
        "CHI": "0,6",
        "metvlc_time_utc": "2026-09-28T17:41:00+00:00",
        "metvlc_time_source": "date+time",
        "metvlc_has_real_time": true,
        "metvlc_captura_utc": "2026-09-28T20:33:42+00:00",
        "metvlc_last_seen_utc": "2026-09-28T20:33:42+00:00",
        "metvlc_fuente": "SIGIF/GVA Rayos 24h KMZ"
      },
      "geometry": {
        "type": "Point",
        "coordinates": [
          -1.1053,
          39.3944
        ]
      }
    },
    {
      "type": "Feature",
      "properties": {
        "name": "28/09/2026 19:41:09",
        "COORD": "-1,1054,39,3958",
        "DATE": "2026-09-28",
        "TIME": "19:41",
        "MXI": "-5,29 kA.",
        "STR": "0",
        "SMA": "0,421 Km.",
        "SMI": "0,21799996 Km.",
        "CHI": "1,8",
        "metvlc_time_utc": "2026-09-28T17:41:00+00:00",
        "metvlc_time_source": "date+time",
        "metvlc_has_real_time": true,
        "metvlc_captura_utc": "2026-09-28T20:33:42+00:00",
        "metvlc_last_seen_utc": "2026-09-28T20:33:42+00:00",
        "metvlc_fuente": "SIGIF/GVA Rayos 24h KMZ"
      },
      "geometry": {
        "type": "Point",
        "coordinates": [
          -1.1054,
          39.3958
        ]
      }
    },
    {
      "type": "Feature",
      "properties": {
        "name": "28/09/2026 19:41:09",
        "COORD": "-1,1051,39,3933",
        "DATE": "2026-09-28",
        "TIME": "19:41",
        "MXI": "-21,68 kA.",
        "STR": "0",
        "SMA": "0,171 Km.",
        "SMI": "0,120000005 Km.",
        "CHI": "0,8",
        "metvlc_time_utc": "2026-09-28T17:41:00+00:00",
        "metvlc_time_source": "date+time",
        "metvlc_has_real_time": true,
        "metvlc_captura_utc": "2026-09-28T20:33:42+00:00",
        "metvlc_last_seen_utc": "2026-09-28T20:33:42+00:00",
        "metvlc_fuente": "SIGIF/GVA Rayos 24h KMZ"
      },
      "geometry": {
        "type": "Point",
        "coordinates": [
          -1.1051,
          39.3933
        ]
      }
    },
    {
      "type": "Feature",
      "properties": {
        "name": "28/09/2026 19:41:09",
        "COORD": "-1,1049,39,3935",
        "DATE": "2026-09-28",
        "TIME": "19:41",
        "MXI": "-8,38 kA.",
        "STR": "0",
        "SMA": "0,228 Km.",
        "SMI": "0,16799998 Km.",
        "CHI": "0,9",
        "metvlc_time_utc": "2026-09-28T17:41:00+00:00",
        "metvlc_time_source": "date+time",
        "metvlc_has_real_time": true,
        "metvlc_captura_utc": "2026-09-28T20:33:42+00:00",
        "metvlc_last_seen_utc": "2026-09-28T20:33:42+00:00",
        "metvlc_fuente": "SIGIF/GVA Rayos 24h KMZ"
      },
      "geometry": {
        "type": "Point",
        "coordinates": [
          -1.1049,
          39.3935
        ]
      }
    },
    {
      "type": "Feature",
      "properties": {
        "name": "28/09/2026 19:41:09",
        "COORD": "-1,1055,39,3934",
        "DATE": "2026-09-28",
        "TIME": "19:41",
        "MXI": "-16,81 kA.",
        "STR": "0",
        "SMA": "0,172 Km.",
        "SMI": "0,12699997 Km.",
        "CHI": "0,5",
        "metvlc_time_utc": "2026-09-28T17:41:00+00:00",
        "metvlc_time_source": "date+time",
        "metvlc_has_real_time": true,
        "metvlc_captura_utc": "2026-09-28T20:33:42+00:00",
        "metvlc_last_seen_utc": "2026-09-28T20:33:42+00:00",
        "metvlc_fuente": "SIGIF/GVA Rayos 24h KMZ"
      },
      "geometry": {
        "type": "Point",
        "coordinates": [
          -1.1055,
          39.3934
        ]
      }
    },
    {
      "type": "Feature",
      "properties": {
        "name": "28/09/2026 19:41:09",
        "COORD": "-1,1052,39,3935",
        "DATE": "2026-09-28",
        "TIME": "19:41",
        "MXI": "-12,01 kA.",
        "STR": "0",
        "SMA": "0,167 Km.",
        "SMI": "0,12800005 Km.",
        "CHI": "0,6",
        "metvlc_time_utc": "2026-09-28T17:41:00+00:00",
        "metvlc_time_source": "date+time",
        "metvlc_has_real_time": true,
        "metvlc_captura_utc": "2026-09-28T20:33:42+00:00",
        "metvlc_last_seen_utc": "2026-09-28T20:33:42+00:00",
        "metvlc_fuente": "SIGIF/GVA Rayos 24h KMZ"
      },
      "geometry": {
        "type": "Point",
        "coordinates": [
          -1.1052,
          39.3935
        ]
      }
    },
    {
      "type": "Feature",
      "properties": {
        "name": "28/09/2026 19:41:44",
        "COORD": "-1,0915,39,3795",
        "DATE": "2026-09-28",
        "TIME": "19:41",
        "MXI": "-43,27 kA.",
        "STR": "0",
        "SMA": "0,174 Km.",
        "SMI": "0,12999995 Km.",
        "CHI": "1,1",
        "metvlc_time_utc": "2026-09-28T17:41:00+00:00",
        "metvlc_time_source": "date+time",
        "metvlc_has_real_time": true,
        "metvlc_captura_utc": "2026-09-28T20:33:42+00:00",
        "metvlc_last_seen_utc": "2026-09-28T20:33:42+00:00",
        "metvlc_fuente": "SIGIF/GVA Rayos 24h KMZ"
      },
      "geometry": {
        "type": "Point",
        "coordinates": [
          -1.0915,
          39.3795
        ]
      }
    },
    {
      "type": "Feature",
      "properties": {
        "name": "28/09/2026 19:41:44",
        "COORD": "-1,059,39,3886",
        "DATE": "2026-09-28",
        "TIME": "19:41",
        "MXI": "-8,63 kA.",
        "STR": "0",
        "SMA": "0,286 Km.",
        "SMI": "0,16400005 Km.",
        "CHI": "0,6",
        "metvlc_time_utc": "2026-09-28T17:41:00+00:00",
        "metvlc_time_source": "date+time",
        "metvlc_has_real_time": true,
        "metvlc_captura_utc": "2026-09-28T20:33:42+00:00",
        "metvlc_last_seen_utc": "2026-09-28T20:33:42+00:00",
        "metvlc_fuente": "SIGIF/GVA Rayos 24h KMZ"
      },
      "geometry": {
        "type": "Point",
        "coordinates": [
          -1.059,
          39.3886
        ]
      }
    },
    {
      "type": "Feature",
      "properties": {
        "name": "28/09/2026 19:41:44",
        "COORD": "-1,087,39,3889",
        "DATE": "2026-09-28",
        "TIME": "19:41",
        "MXI": "-25,48 kA.",
        "STR": "0",
        "SMA": "0,321 Km.",
        "SMI": "0,166 Km.",
        "CHI": "0,6",
        "metvlc_time_utc": "2026-09-28T17:41:00+00:00",
        "metvlc_time_source": "date+time",
        "metvlc_has_real_time": true,
        "metvlc_captura_utc": "2026-09-28T20:33:42+00:00",
        "metvlc_last_seen_utc": "2026-09-28T20:33:42+00:00",
        "metvlc_fuente": "SIGIF/GVA Rayos 24h KMZ"
      },
      "geometry": {
        "type": "Point",
        "coordinates": [
          -1.087,
          39.3889
        ]
      }
    },
    {
      "type": "Feature",
      "properties": {
        "name": "28/09/2026 19:41:44",
        "COORD": "-1,095,39,3829",
        "DATE": "2026-09-28",
        "TIME": "19:41",
        "MXI": "-24,76 kA.",
        "STR": "0",
        "SMA": "0,176 Km.",
        "SMI": "0,13100004 Km.",
        "CHI": "1,1",
        "metvlc_time_utc": "2026-09-28T17:41:00+00:00",
        "metvlc_time_source": "date+time",
        "metvlc_has_real_time": true,
        "metvlc_captura_utc": "2026-09-28T20:33:42+00:00",
        "metvlc_last_seen_utc": "2026-09-28T20:33:42+00:00",
        "metvlc_fuente": "SIGIF/GVA Rayos 24h KMZ"
      },
      "geometry": {
        "type": "Point",
        "coordinates": [
          -1.095,
          39.3829
        ]
      }
    },
    {
      "type": "Feature",
      "properties": {
        "name": "28/09/2026 19:41:45",
        "COORD": "-1,1141,39,3953",
        "DATE": "2026-09-28",
        "TIME": "19:41",
        "MXI": "-11,09 kA.",
        "STR": "0",
        "SMA": "0,174 Km.",
        "SMI": "0,15099998 Km.",
        "CHI": "0,2",
        "metvlc_time_utc": "2026-09-28T17:41:00+00:00",
        "metvlc_time_source": "date+time",
        "metvlc_has_real_time": true,
        "metvlc_captura_utc": "2026-09-28T20:33:42+00:00",
        "metvlc_last_seen_utc": "2026-09-28T20:33:42+00:00",
        "metvlc_fuente": "SIGIF/GVA Rayos 24h KMZ"
      },
      "geometry": {
        "type": "Point",
        "coordinates": [
          -1.1141,
          39.3953
        ]
      }
    },
    {
      "type": "Feature",
      "properties": {
        "name": "28/09/2026 19:41:45",
        "COORD": "-1,1141,39,3951",
        "DATE": "2026-09-28",
        "TIME": "19:41",
        "MXI": "-18,89 kA.",
        "STR": "0",
        "SMA": "0,165 Km.",
        "SMI": "0,12599999 Km.",
        "CHI": "0,6",
        "metvlc_time_utc": "2026-09-28T17:41:00+00:00",
        "metvlc_time_source": "date+time",
        "metvlc_has_real_time": true,
        "metvlc_captura_utc": "2026-09-28T20:33:42+00:00",
        "metvlc_last_seen_utc": "2026-09-28T20:33:42+00:00",
        "metvlc_fuente": "SIGIF/GVA Rayos 24h KMZ"
      },
      "geometry": {
        "type": "Point",
        "coordinates": [
          -1.1141,
          39.3951
        ]
      }
    },
    {
      "type": "Feature",
      "properties": {
        "name": "28/09/2026 19:41:45",
        "COORD": "-1,1143,39,395",
        "DATE": "2026-09-28",
        "TIME": "19:41",
        "MXI": "-16,16 kA.",
        "STR": "0",
        "SMA": "0,164 Km.",
        "SMI": "0,125 Km.",
        "CHI": "0,4",
        "metvlc_time_utc": "2026-09-28T17:41:00+00:00",
        "metvlc_time_source": "date+time",
        "metvlc_has_real_time": true,
        "metvlc_captura_utc": "2026-09-28T20:33:42+00:00",
        "metvlc_last_seen_utc": "2026-09-28T20:33:42+00:00",
        "metvlc_fuente": "SIGIF/GVA Rayos 24h KMZ"
      },
      "geometry": {
        "type": "Point",
        "coordinates": [
          -1.1143,
          39.395
        ]
      }
    },
    {
      "type": "Feature",
      "properties": {
        "name": "28/09/2026 19:41:45",
        "COORD": "-1,1149,39,3954",
        "DATE": "2026-09-28",
        "TIME": "19:41",
        "MXI": "-12 kA.",
        "STR": "0",
        "SMA": "0,172 Km.",
        "SMI": "0,115999974 Km.",
        "CHI": "0,5",
        "metvlc_time_utc": "2026-09-28T17:41:00+00:00",
        "metvlc_time_source": "date+time",
        "metvlc_has_real_time": true,
        "metvlc_captura_utc": "2026-09-28T20:33:42+00:00",
        "metvlc_last_seen_utc": "2026-09-28T20:33:42+00:00",
        "metvlc_fuente": "SIGIF/GVA Rayos 24h KMZ"
      },
      "geometry": {
        "type": "Point",
        "coordinates": [
          -1.1149,
          39.3954
        ]
      }
    },
    {
      "type": "Feature",
      "properties": {
        "name": "28/09/2026 19:41:50",
        "COORD": "-1,0919,39,3376",
        "DATE": "2026-09-28",
        "TIME": "19:41",
        "MXI": "-14,94 kA.",
        "STR": "0",
        "SMA": "0,176 Km.",
        "SMI": "0,13000003 Km.",
        "CHI": "0,7",
        "metvlc_time_utc": "2026-09-28T17:41:00+00:00",
        "metvlc_time_source": "date+time",
        "metvlc_has_real_time": true,
        "metvlc_captura_utc": "2026-09-28T20:33:42+00:00",
        "metvlc_last_seen_utc": "2026-09-28T20:33:42+00:00",
        "metvlc_fuente": "SIGIF/GVA Rayos 24h KMZ"
      },
      "geometry": {
        "type": "Point",
        "coordinates": [
          -1.0919,
          39.3376
        ]
      }
    },
    {
      "type": "Feature",
      "properties": {
        "name": "28/09/2026 19:41:53",
        "COORD": "-1,1154,39,3796",
        "DATE": "2026-09-28",
        "TIME": "19:41",
        "MXI": "36,72 kA.",
        "STR": "0",
        "SMA": "0,239 Km.",
        "SMI": "0,12999997 Km.",
        "CHI": "1,1",
        "metvlc_time_utc": "2026-09-28T17:41:00+00:00",
        "metvlc_time_source": "date+time",
        "metvlc_has_real_time": true,
        "metvlc_captura_utc": "2026-09-28T20:33:42+00:00",
        "metvlc_last_seen_utc": "2026-09-28T20:33:42+00:00",
        "metvlc_fuente": "SIGIF/GVA Rayos 24h KMZ"
      },
      "geometry": {
        "type": "Point",
        "coordinates": [
          -1.1154,
          39.3796
        ]
      }
    },
    {
      "type": "Feature",
      "properties": {
        "name": "28/09/2026 19:42:13",
        "COORD": "-1,0928,39,3968",
        "DATE": "2026-09-28",
        "TIME": "19:42",
        "MXI": "-26,45 kA.",
        "STR": "0",
        "SMA": "0,172 Km.",
        "SMI": "0,125 Km.",
        "CHI": "1,1",
        "metvlc_time_utc": "2026-09-28T17:42:00+00:00",
        "metvlc_time_source": "date+time",
        "metvlc_has_real_time": true,
        "metvlc_captura_utc": "2026-09-28T20:33:42+00:00",
        "metvlc_last_seen_utc": "2026-09-28T20:33:42+00:00",
        "metvlc_fuente": "SIGIF/GVA Rayos 24h KMZ"
      },
      "geometry": {
        "type": "Point",
        "coordinates": [
          -1.0928,
          39.3968
        ]
      }
    },
    {
      "type": "Feature",
      "properties": {
        "name": "28/09/2026 19:42:13",
        "COORD": "-1,0932,39,3969",
        "DATE": "2026-09-28",
        "TIME": "19:42",
        "MXI": "-8,84 kA.",
        "STR": "0",
        "SMA": "0,303 Km.",
        "SMI": "0,164 Km.",
        "CHI": "0,3",
        "metvlc_time_utc": "2026-09-28T17:42:00+00:00",
        "metvlc_time_source": "date+time",
        "metvlc_has_real_time": true,
        "metvlc_captura_utc": "2026-09-28T20:33:42+00:00",
        "metvlc_last_seen_utc": "2026-09-28T20:33:42+00:00",
        "metvlc_fuente": "SIGIF/GVA Rayos 24h KMZ"
      },
      "geometry": {
        "type": "Point",
        "coordinates": [
          -1.0932,
          39.3969
        ]
      }
    },
    {
      "type": "Feature",
      "properties": {
        "name": "28/09/2026 19:42:13",
        "COORD": "-1,093,39,397",
        "DATE": "2026-09-28",
        "TIME": "19:42",
        "MXI": "-20,67 kA.",
        "STR": "0",
        "SMA": "0,175 Km.",
        "SMI": "0,121 Km.",
        "CHI": "0,3",
        "metvlc_time_utc": "2026-09-28T17:42:00+00:00",
        "metvlc_time_source": "date+time",
        "metvlc_has_real_time": true,
        "metvlc_captura_utc": "2026-09-28T20:33:42+00:00",
        "metvlc_last_seen_utc": "2026-09-28T20:33:42+00:00",
        "metvlc_fuente": "SIGIF/GVA Rayos 24h KMZ"
      },
      "geometry": {
        "type": "Point",
        "coordinates": [
          -1.093,
          39.397
        ]
      }
    },
    {
      "type": "Feature",
      "properties": {
        "name": "28/09/2026 19:42:24",
        "COORD": "-1,1324,39,365",
        "DATE": "2026-09-28",
        "TIME": "19:42",
        "MXI": "-17,49 kA.",
        "STR": "0",
        "SMA": "0,177 Km.",
        "SMI": "0,12900001 Km.",
        "CHI": "0,8",
        "metvlc_time_utc": "2026-09-28T17:42:00+00:00",
        "metvlc_time_source": "date+time",
        "metvlc_has_real_time": true,
        "metvlc_captura_utc": "2026-09-28T20:33:42+00:00",
        "metvlc_last_seen_utc": "2026-09-28T20:33:42+00:00",
        "metvlc_fuente": "SIGIF/GVA Rayos 24h KMZ"
      },
      "geometry": {
        "type": "Point",
        "coordinates": [
          -1.1324,
          39.365
        ]
      }
    },
    {
      "type": "Feature",
      "properties": {
        "name": "28/09/2026 19:42:31",
        "COORD": "-1,0872,39,3882",
        "DATE": "2026-09-28",
        "TIME": "19:42",
        "MXI": "-18,19 kA.",
        "STR": "0",
        "SMA": "0,166 Km.",
        "SMI": "0,125 Km.",
        "CHI": "0,4",
        "metvlc_time_utc": "2026-09-28T17:42:00+00:00",
        "metvlc_time_source": "date+time",
        "metvlc_has_real_time": true,
        "metvlc_captura_utc": "2026-09-28T20:33:42+00:00",
        "metvlc_last_seen_utc": "2026-09-28T20:33:42+00:00",
        "metvlc_fuente": "SIGIF/GVA Rayos 24h KMZ"
      },
      "geometry": {
        "type": "Point",
        "coordinates": [
          -1.0872,
          39.3882
        ]
      }
    },
    {
      "type": "Feature",
      "properties": {
        "name": "28/09/2026 19:42:31",
        "COORD": "-1,1139,39,3941",
        "DATE": "2026-09-28",
        "TIME": "19:42",
        "MXI": "-20,48 kA.",
        "STR": "0",
        "SMA": "0,167 Km.",
        "SMI": "0,12599997 Km.",
        "CHI": "0,7",
        "metvlc_time_utc": "2026-09-28T17:42:00+00:00",
        "metvlc_time_source": "date+time",
        "metvlc_has_real_time": true,
        "metvlc_captura_utc": "2026-09-28T20:33:42+00:00",
        "metvlc_last_seen_utc": "2026-09-28T20:33:42+00:00",
        "metvlc_fuente": "SIGIF/GVA Rayos 24h KMZ"
      },
      "geometry": {
        "type": "Point",
        "coordinates": [
          -1.1139,
          39.3941
        ]
      }
    },
    {
      "type": "Feature",
      "properties": {
        "name": "28/09/2026 19:42:56",
        "COORD": "-1,0997,39,3891",
        "DATE": "2026-09-28",
        "TIME": "19:42",
        "MXI": "-28,14 kA.",
        "STR": "0",
        "SMA": "0,17 Km.",
        "SMI": "0,12399998 Km.",
        "CHI": "1",
        "metvlc_time_utc": "2026-09-28T17:42:00+00:00",
        "metvlc_time_source": "date+time",
        "metvlc_has_real_time": true,
        "metvlc_captura_utc": "2026-09-28T20:33:42+00:00",
        "metvlc_last_seen_utc": "2026-09-28T20:33:42+00:00",
        "metvlc_fuente": "SIGIF/GVA Rayos 24h KMZ"
      },
      "geometry": {
        "type": "Point",
        "coordinates": [
          -1.0997,
          39.3891
        ]
      }
    },
    {
      "type": "Feature",
      "properties": {
        "name": "28/09/2026 19:42:56",
        "COORD": "-1,1131,39,3881",
        "DATE": "2026-09-28",
        "TIME": "19:42",
        "MXI": "-17,24 kA.",
        "STR": "0",
        "SMA": "0,172 Km.",
        "SMI": "0,13100001 Km.",
        "CHI": "0,7",
        "metvlc_time_utc": "2026-09-28T17:42:00+00:00",
        "metvlc_time_source": "date+time",
        "metvlc_has_real_time": true,
        "metvlc_captura_utc": "2026-09-28T20:33:42+00:00",
        "metvlc_last_seen_utc": "2026-09-28T20:33:42+00:00",
        "metvlc_fuente": "SIGIF/GVA Rayos 24h KMZ"
      },
      "geometry": {
        "type": "Point",
        "coordinates": [
          -1.1131,
          39.3881
        ]
      }
    },
    {
      "type": "Feature",
      "properties": {
        "name": "28/09/2026 19:42:56",
        "COORD": "-1,0819,39,3899",
        "DATE": "2026-09-28",
        "TIME": "19:42",
        "MXI": "-23,45 kA.",
        "STR": "0",
        "SMA": "0,17 Km.",
        "SMI": "0,125 Km.",
        "CHI": "1",
        "metvlc_time_utc": "2026-09-28T17:42:00+00:00",
        "metvlc_time_source": "date+time",
        "metvlc_has_real_time": true,
        "metvlc_captura_utc": "2026-09-28T20:33:42+00:00",
        "metvlc_last_seen_utc": "2026-09-28T20:33:42+00:00",
        "metvlc_fuente": "SIGIF/GVA Rayos 24h KMZ"
      },
      "geometry": {
        "type": "Point",
        "coordinates": [
          -1.0819,
          39.3899
        ]
      }
    },
    {
      "type": "Feature",
      "properties": {
        "name": "28/09/2026 19:42:56",
        "COORD": "-1,1123,39,3883",
        "DATE": "2026-09-28",
        "TIME": "19:42",
        "MXI": "-26,48 kA.",
        "STR": "0",
        "SMA": "0,168 Km.",
        "SMI": "0,125 Km.",
        "CHI": "0,8",
        "metvlc_time_utc": "2026-09-28T17:42:00+00:00",
        "metvlc_time_source": "date+time",
        "metvlc_has_real_time": true,
        "metvlc_captura_utc": "2026-09-28T20:33:42+00:00",
        "metvlc_last_seen_utc": "2026-09-28T20:33:42+00:00",
        "metvlc_fuente": "SIGIF/GVA Rayos 24h KMZ"
      },
      "geometry": {
        "type": "Point",
        "coordinates": [
          -1.1123,
          39.3883
        ]
      }
    },
    {
      "type": "Feature",
      "properties": {
        "name": "28/09/2026 19:42:56",
        "COORD": "-1,0823,39,3927",
        "DATE": "2026-09-28",
        "TIME": "19:42",
        "MXI": "-5,2 kA.",
        "STR": "0",
        "SMA": "0,412 Km.",
        "SMI": "0,22100005 Km.",
        "CHI": "1,9",
        "metvlc_time_utc": "2026-09-28T17:42:00+00:00",
        "metvlc_time_source": "date+time",
        "metvlc_has_real_time": true,
        "metvlc_captura_utc": "2026-09-28T20:33:42+00:00",
        "metvlc_last_seen_utc": "2026-09-28T20:33:42+00:00",
        "metvlc_fuente": "SIGIF/GVA Rayos 24h KMZ"
      },
      "geometry": {
        "type": "Point",
        "coordinates": [
          -1.0823,
          39.3927
        ]
      }
    },
    {
      "type": "Feature",
      "properties": {
        "name": "28/09/2026 19:43:02",
        "COORD": "-1,2529,39,4711",
        "DATE": "2026-09-28",
        "TIME": "19:43",
        "MXI": "-6,66 kA.",
        "STR": "0",
        "SMA": "0,432 Km.",
        "SMI": "0,22500001 Km.",
        "CHI": "1,5",
        "metvlc_time_utc": "2026-09-28T17:43:00+00:00",
        "metvlc_time_source": "date+time",
        "metvlc_has_real_time": true,
        "metvlc_captura_utc": "2026-09-28T20:33:42+00:00",
        "metvlc_last_seen_utc": "2026-09-28T20:33:42+00:00",
        "metvlc_fuente": "SIGIF/GVA Rayos 24h KMZ"
      },
      "geometry": {
        "type": "Point",
        "coordinates": [
          -1.2529,
          39.4711
        ]
      }
    },
    {
      "type": "Feature",
      "properties": {
        "name": "28/09/2026 19:43:16",
        "COORD": "-1,0902,39,3876",
        "DATE": "2026-09-28",
        "TIME": "19:43",
        "MXI": "-35,75 kA.",
        "STR": "0",
        "SMA": "0,169 Km.",
        "SMI": "0,12699997 Km.",
        "CHI": "1,2",
        "metvlc_time_utc": "2026-09-28T17:43:00+00:00",
        "metvlc_time_source": "date+time",
        "metvlc_has_real_time": true,
        "metvlc_captura_utc": "2026-09-28T20:33:42+00:00",
        "metvlc_last_seen_utc": "2026-09-28T20:33:42+00:00",
        "metvlc_fuente": "SIGIF/GVA Rayos 24h KMZ"
      },
      "geometry": {
        "type": "Point",
        "coordinates": [
          -1.0902,
          39.3876
        ]
      }
    },
    {
      "type": "Feature",
      "properties": {
        "name": "28/09/2026 19:43:16",
        "COORD": "-1,0905,39,3895",
        "DATE": "2026-09-28",
        "TIME": "19:43",
        "MXI": "-6 kA.",
        "STR": "0",
        "SMA": "0,401 Km.",
        "SMI": "0,22200003 Km.",
        "CHI": "1,9",
        "metvlc_time_utc": "2026-09-28T17:43:00+00:00",
        "metvlc_time_source": "date+time",
        "metvlc_has_real_time": true,
        "metvlc_captura_utc": "2026-09-28T20:33:42+00:00",
        "metvlc_last_seen_utc": "2026-09-28T20:33:42+00:00",
        "metvlc_fuente": "SIGIF/GVA Rayos 24h KMZ"
      },
      "geometry": {
        "type": "Point",
        "coordinates": [
          -1.0905,
          39.3895
        ]
      }
    },
    {
      "type": "Feature",
      "properties": {
        "name": "28/09/2026 19:43:42",
        "COORD": "-1,1066,39,398",
        "DATE": "2026-09-28",
        "TIME": "19:43",
        "MXI": "-22,15 kA.",
        "STR": "0",
        "SMA": "0,167 Km.",
        "SMI": "0,12599997 Km.",
        "CHI": "0,7",
        "metvlc_time_utc": "2026-09-28T17:43:00+00:00",
        "metvlc_time_source": "date+time",
        "metvlc_has_real_time": true,
        "metvlc_captura_utc": "2026-09-28T20:33:42+00:00",
        "metvlc_last_seen_utc": "2026-09-28T20:33:42+00:00",
        "metvlc_fuente": "SIGIF/GVA Rayos 24h KMZ"
      },
      "geometry": {
        "type": "Point",
        "coordinates": [
          -1.1066,
          39.398
        ]
      }
    },
    {
      "type": "Feature",
      "properties": {
        "name": "28/09/2026 19:43:42",
        "COORD": "-1,0957,39,4072",
        "DATE": "2026-09-28",
        "TIME": "19:43",
        "MXI": "-19,06 kA.",
        "STR": "0",
        "SMA": "0,166 Km.",
        "SMI": "0,12600003 Km.",
        "CHI": "0,6",
        "metvlc_time_utc": "2026-09-28T17:43:00+00:00",
        "metvlc_time_source": "date+time",
        "metvlc_has_real_time": true,
        "metvlc_captura_utc": "2026-09-28T20:33:42+00:00",
        "metvlc_last_seen_utc": "2026-09-28T20:33:42+00:00",
        "metvlc_fuente": "SIGIF/GVA Rayos 24h KMZ"
      },
      "geometry": {
        "type": "Point",
        "coordinates": [
          -1.0957,
          39.4072
        ]
      }
    },
    {
      "type": "Feature",
      "properties": {
        "name": "28/09/2026 19:43:42",
        "COORD": "-1,0561,39,434",
        "DATE": "2026-09-28",
        "TIME": "19:43",
        "MXI": "-10,37 kA.",
        "STR": "0",
        "SMA": "0,196 Km.",
        "SMI": "0,14300004 Km.",
        "CHI": "0,7",
        "metvlc_time_utc": "2026-09-28T17:43:00+00:00",
        "metvlc_time_source": "date+time",
        "metvlc_has_real_time": true,
        "metvlc_captura_utc": "2026-09-28T20:33:42+00:00",
        "metvlc_last_seen_utc": "2026-09-28T20:33:42+00:00",
        "metvlc_fuente": "SIGIF/GVA Rayos 24h KMZ"
      },
      "geometry": {
        "type": "Point",
        "coordinates": [
          -1.0561,
          39.434
        ]
      }
    },
    {
      "type": "Feature",
      "properties": {
        "name": "28/09/2026 19:43:46",
        "COORD": "-1,1182,39,3697",
        "DATE": "2026-09-28",
        "TIME": "19:43",
        "MXI": "-15,08 kA.",
        "STR": "0",
        "SMA": "0,174 Km.",
        "SMI": "0,13400005 Km.",
        "CHI": "0,6",
        "metvlc_time_utc": "2026-09-28T17:43:00+00:00",
        "metvlc_time_source": "date+time",
        "metvlc_has_real_time": true,
        "metvlc_captura_utc": "2026-09-28T20:33:42+00:00",
        "metvlc_last_seen_utc": "2026-09-28T20:33:42+00:00",
        "metvlc_fuente": "SIGIF/GVA Rayos 24h KMZ"
      },
      "geometry": {
        "type": "Point",
        "coordinates": [
          -1.1182,
          39.3697
        ]
      }
    },
    {
      "type": "Feature",
      "properties": {
        "name": "28/09/2026 19:43:46",
        "COORD": "-1,0995,39,3958",
        "DATE": "2026-09-28",
        "TIME": "19:43",
        "MXI": "-14,25 kA.",
        "STR": "0",
        "SMA": "0,182 Km.",
        "SMI": "0,121000014 Km.",
        "CHI": "0,6",
        "metvlc_time_utc": "2026-09-28T17:43:00+00:00",
        "metvlc_time_source": "date+time",
        "metvlc_has_real_time": true,
        "metvlc_captura_utc": "2026-09-28T20:33:42+00:00",
        "metvlc_last_seen_utc": "2026-09-28T20:33:42+00:00",
        "metvlc_fuente": "SIGIF/GVA Rayos 24h KMZ"
      },
      "geometry": {
        "type": "Point",
        "coordinates": [
          -1.0995,
          39.3958
        ]
      }
    },
    {
      "type": "Feature",
      "properties": {
        "name": "28/09/2026 19:44:06",
        "COORD": "-1,1199,39,3913",
        "DATE": "2026-09-28",
        "TIME": "19:44",
        "MXI": "-20,15 kA.",
        "STR": "0",
        "SMA": "0,168 Km.",
        "SMI": "0,12899996 Km.",
        "CHI": "0,8",
        "metvlc_time_utc": "2026-09-28T17:44:00+00:00",
        "metvlc_time_source": "date+time",
        "metvlc_has_real_time": true,
        "metvlc_captura_utc": "2026-09-28T20:33:42+00:00",
        "metvlc_last_seen_utc": "2026-09-28T20:33:42+00:00",
        "metvlc_fuente": "SIGIF/GVA Rayos 24h KMZ"
      },
      "geometry": {
        "type": "Point",
        "coordinates": [
          -1.1199,
          39.3913
        ]
      }
    },
    {
      "type": "Feature",
      "properties": {
        "name": "28/09/2026 19:44:06",
        "COORD": "-1,1371,39,409",
        "DATE": "2026-09-28",
        "TIME": "19:44",
        "MXI": "-9,53 kA.",
        "STR": "0",
        "SMA": "2,061 Km.",
        "SMI": "0,336 Km.",
        "CHI": "1,1",
        "metvlc_time_utc": "2026-09-28T17:44:00+00:00",
        "metvlc_time_source": "date+time",
        "metvlc_has_real_time": true,
        "metvlc_captura_utc": "2026-09-28T20:33:42+00:00",
        "metvlc_last_seen_utc": "2026-09-28T20:33:42+00:00",
        "metvlc_fuente": "SIGIF/GVA Rayos 24h KMZ"
      },
      "geometry": {
        "type": "Point",
        "coordinates": [
          -1.1371,
          39.409
        ]
      }
    },
    {
      "type": "Feature",
      "properties": {
        "name": "28/09/2026 19:44:06",
        "COORD": "-1,1268,39,3745",
        "DATE": "2026-09-28",
        "TIME": "19:44",
        "MXI": "-11,52 kA.",
        "STR": "0",
        "SMA": "0,19 Km.",
        "SMI": "0,13799997 Km.",
        "CHI": "0,5",
        "metvlc_time_utc": "2026-09-28T17:44:00+00:00",
        "metvlc_time_source": "date+time",
        "metvlc_has_real_time": true,
        "metvlc_captura_utc": "2026-09-28T20:33:42+00:00",
        "metvlc_last_seen_utc": "2026-09-28T20:33:42+00:00",
        "metvlc_fuente": "SIGIF/GVA Rayos 24h KMZ"
      },
      "geometry": {
        "type": "Point",
        "coordinates": [
          -1.1268,
          39.3745
        ]
      }
    },
    {
      "type": "Feature",
      "properties": {
        "name": "28/09/2026 19:44:06",
        "COORD": "-1,1268,39,3741",
        "DATE": "2026-09-28",
        "TIME": "19:44",
        "MXI": "-13,97 kA.",
        "STR": "0",
        "SMA": "0,166 Km.",
        "SMI": "0,12700005 Km.",
        "CHI": "1",
        "metvlc_time_utc": "2026-09-28T17:44:00+00:00",
        "metvlc_time_source": "date+time",
        "metvlc_has_real_time": true,
        "metvlc_captura_utc": "2026-09-28T20:33:42+00:00",
        "metvlc_last_seen_utc": "2026-09-28T20:33:42+00:00",
        "metvlc_fuente": "SIGIF/GVA Rayos 24h KMZ"
      },
      "geometry": {
        "type": "Point",
        "coordinates": [
          -1.1268,
          39.3741
        ]
      }
    },
    {
      "type": "Feature",
      "properties": {
        "name": "28/09/2026 19:44:24",
        "COORD": "-1,0871,39,5054",
        "DATE": "2026-09-28",
        "TIME": "19:44",
        "MXI": "-10,22 kA.",
        "STR": "0",
        "SMA": "0,165 Km.",
        "SMI": "0,12699996 Km.",
        "CHI": "0,5",
        "metvlc_time_utc": "2026-09-28T17:44:00+00:00",
        "metvlc_time_source": "date+time",
        "metvlc_has_real_time": true,
        "metvlc_captura_utc": "2026-09-28T20:33:42+00:00",
        "metvlc_last_seen_utc": "2026-09-28T20:33:42+00:00",
        "metvlc_fuente": "SIGIF/GVA Rayos 24h KMZ"
      },
      "geometry": {
        "type": "Point",
        "coordinates": [
          -1.0871,
          39.5054
        ]
      }
    },
    {
      "type": "Feature",
      "properties": {
        "name": "28/09/2026 19:44:31",
        "COORD": "-1,099,39,3844",
        "DATE": "2026-09-28",
        "TIME": "19:44",
        "MXI": "-21,25 kA.",
        "STR": "0",
        "SMA": "0,172 Km.",
        "SMI": "0,12900004 Km.",
        "CHI": "0,8",
        "metvlc_time_utc": "2026-09-28T17:44:00+00:00",
        "metvlc_time_source": "date+time",
        "metvlc_has_real_time": true,
        "metvlc_captura_utc": "2026-09-28T20:33:42+00:00",
        "metvlc_last_seen_utc": "2026-09-28T20:33:42+00:00",
        "metvlc_fuente": "SIGIF/GVA Rayos 24h KMZ"
      },
      "geometry": {
        "type": "Point",
        "coordinates": [
          -1.099,
          39.3844
        ]
      }
    },
    {
      "type": "Feature",
      "properties": {
        "name": "28/09/2026 19:44:31",
        "COORD": "-1,1247,39,3664",
        "DATE": "2026-09-28",
        "TIME": "19:44",
        "MXI": "-13,15 kA.",
        "STR": "0",
        "SMA": "0,177 Km.",
        "SMI": "0,133 Km.",
        "CHI": "0,7",
        "metvlc_time_utc": "2026-09-28T17:44:00+00:00",
        "metvlc_time_source": "date+time",
        "metvlc_has_real_time": true,
        "metvlc_captura_utc": "2026-09-28T20:33:42+00:00",
        "metvlc_last_seen_utc": "2026-09-28T20:33:42+00:00",
        "metvlc_fuente": "SIGIF/GVA Rayos 24h KMZ"
      },
      "geometry": {
        "type": "Point",
        "coordinates": [
          -1.1247,
          39.3664
        ]
      }
    },
    {
      "type": "Feature",
      "properties": {
        "name": "28/09/2026 19:44:32",
        "COORD": "-1,1237,39,3662",
        "DATE": "2026-09-28",
        "TIME": "19:44",
        "MXI": "-15,22 kA.",
        "STR": "0",
        "SMA": "0,177 Km.",
        "SMI": "0,131 Km.",
        "CHI": "0,8",
        "metvlc_time_utc": "2026-09-28T17:44:00+00:00",
        "metvlc_time_source": "date+time",
        "metvlc_has_real_time": true,
        "metvlc_captura_utc": "2026-09-28T20:33:42+00:00",
        "metvlc_last_seen_utc": "2026-09-28T20:33:42+00:00",
        "metvlc_fuente": "SIGIF/GVA Rayos 24h KMZ"
      },
      "geometry": {
        "type": "Point",
        "coordinates": [
          -1.1237,
          39.3662
        ]
      }
    },
    {
      "type": "Feature",
      "properties": {
        "name": "28/09/2026 19:44:32",
        "COORD": "-1,1251,39,3676",
        "DATE": "2026-09-28",
        "TIME": "19:44",
        "MXI": "-8,11 kA.",
        "STR": "0",
        "SMA": "0,243 Km.",
        "SMI": "0,17599998 Km.",
        "CHI": "1,1",
        "metvlc_time_utc": "2026-09-28T17:44:00+00:00",
        "metvlc_time_source": "date+time",
        "metvlc_has_real_time": true,
        "metvlc_captura_utc": "2026-09-28T20:33:42+00:00",
        "metvlc_last_seen_utc": "2026-09-28T20:33:42+00:00",
        "metvlc_fuente": "SIGIF/GVA Rayos 24h KMZ"
      },
      "geometry": {
        "type": "Point",
        "coordinates": [
          -1.1251,
          39.3676
        ]
      }
    },
    {
      "type": "Feature",
      "properties": {
        "name": "28/09/2026 19:44:37",
        "COORD": "-1,041,39,3873",
        "DATE": "2026-09-28",
        "TIME": "19:44",
        "MXI": "-6,34 kA.",
        "STR": "0",
        "SMA": "0,607 Km.",
        "SMI": "0,255 Km.",
        "CHI": "0,1",
        "metvlc_time_utc": "2026-09-28T17:44:00+00:00",
        "metvlc_time_source": "date+time",
        "metvlc_has_real_time": true,
        "metvlc_captura_utc": "2026-09-28T20:33:42+00:00",
        "metvlc_last_seen_utc": "2026-09-28T20:33:42+00:00",
        "metvlc_fuente": "SIGIF/GVA Rayos 24h KMZ"
      },
      "geometry": {
        "type": "Point",
        "coordinates": [
          -1.041,
          39.3873
        ]
      }
    },
    {
      "type": "Feature",
      "properties": {
        "name": "28/09/2026 19:45:00",
        "COORD": "-1,0795,39,3965",
        "DATE": "2026-09-28",
        "TIME": "19:45",
        "MXI": "-28,58 kA.",
        "STR": "0",
        "SMA": "0,167 Km.",
        "SMI": "0,125 Km.",
        "CHI": "0,8",
        "metvlc_time_utc": "2026-09-28T17:45:00+00:00",
        "metvlc_time_source": "date+time",
        "metvlc_has_real_time": true,
        "metvlc_captura_utc": "2026-09-28T20:33:42+00:00",
        "metvlc_last_seen_utc": "2026-09-28T20:33:42+00:00",
        "metvlc_fuente": "SIGIF/GVA Rayos 24h KMZ"
      },
      "geometry": {
        "type": "Point",
        "coordinates": [
          -1.0795,
          39.3965
        ]
      }
    },
    {
      "type": "Feature",
      "properties": {
        "name": "28/09/2026 19:45:00",
        "COORD": "-1,083,39,3963",
        "DATE": "2026-09-28",
        "TIME": "19:45",
        "MXI": "-19,18 kA.",
        "STR": "0",
        "SMA": "0,208 Km.",
        "SMI": "0,122999996 Km.",
        "CHI": "0,8",
        "metvlc_time_utc": "2026-09-28T17:45:00+00:00",
        "metvlc_time_source": "date+time",
        "metvlc_has_real_time": true,
        "metvlc_captura_utc": "2026-09-28T20:33:42+00:00",
        "metvlc_last_seen_utc": "2026-09-28T20:33:42+00:00",
        "metvlc_fuente": "SIGIF/GVA Rayos 24h KMZ"
      },
      "geometry": {
        "type": "Point",
        "coordinates": [
          -1.083,
          39.3963
        ]
      }
    },
    {
      "type": "Feature",
      "properties": {
        "name": "28/09/2026 19:45:00",
        "COORD": "-1,0831,39,3969",
        "DATE": "2026-09-28",
        "TIME": "19:45",
        "MXI": "-7,21 kA.",
        "STR": "0",
        "SMA": "0,305 Km.",
        "SMI": "0,16700003 Km.",
        "CHI": "0,6",
        "metvlc_time_utc": "2026-09-28T17:45:00+00:00",
        "metvlc_time_source": "date+time",
        "metvlc_has_real_time": true,
        "metvlc_captura_utc": "2026-09-28T20:33:42+00:00",
        "metvlc_last_seen_utc": "2026-09-28T20:33:42+00:00",
        "metvlc_fuente": "SIGIF/GVA Rayos 24h KMZ"
      },
      "geometry": {
        "type": "Point",
        "coordinates": [
          -1.0831,
          39.3969
        ]
      }
    },
    {
      "type": "Feature",
      "properties": {
        "name": "28/09/2026 19:45:00",
        "COORD": "-1,083,39,396",
        "DATE": "2026-09-28",
        "TIME": "19:45",
        "MXI": "-13,15 kA.",
        "STR": "0",
        "SMA": "0,167 Km.",
        "SMI": "0,13100001 Km.",
        "CHI": "0,4",
        "metvlc_time_utc": "2026-09-28T17:45:00+00:00",
        "metvlc_time_source": "date+time",
        "metvlc_has_real_time": true,
        "metvlc_captura_utc": "2026-09-28T20:33:42+00:00",
        "metvlc_last_seen_utc": "2026-09-28T20:33:42+00:00",
        "metvlc_fuente": "SIGIF/GVA Rayos 24h KMZ"
      },
      "geometry": {
        "type": "Point",
        "coordinates": [
          -1.083,
          39.396
        ]
      }
    },
    {
      "type": "Feature",
      "properties": {
        "name": "28/09/2026 19:45:12",
        "COORD": "-1,1281,39,3649",
        "DATE": "2026-09-28",
        "TIME": "19:45",
        "MXI": "-16,2 kA.",
        "STR": "0",
        "SMA": "0,175 Km.",
        "SMI": "0,12800004 Km.",
        "CHI": "0,7",
        "metvlc_time_utc": "2026-09-28T17:45:00+00:00",
        "metvlc_time_source": "date+time",
        "metvlc_has_real_time": true,
        "metvlc_captura_utc": "2026-09-28T20:33:42+00:00",
        "metvlc_last_seen_utc": "2026-09-28T20:33:42+00:00",
        "metvlc_fuente": "SIGIF/GVA Rayos 24h KMZ"
      },
      "geometry": {
        "type": "Point",
        "coordinates": [
          -1.1281,
          39.3649
        ]
      }
    },
    {
      "type": "Feature",
      "properties": {
        "name": "28/09/2026 19:45:12",
        "COORD": "-1,1054,39,3447",
        "DATE": "2026-09-28",
        "TIME": "19:45",
        "MXI": "-20,35 kA.",
        "STR": "0",
        "SMA": "0,172 Km.",
        "SMI": "0,13400002 Km.",
        "CHI": "0,8",
        "metvlc_time_utc": "2026-09-28T17:45:00+00:00",
        "metvlc_time_source": "date+time",
        "metvlc_has_real_time": true,
        "metvlc_captura_utc": "2026-09-28T20:33:42+00:00",
        "metvlc_last_seen_utc": "2026-09-28T20:33:42+00:00",
        "metvlc_fuente": "SIGIF/GVA Rayos 24h KMZ"
      },
      "geometry": {
        "type": "Point",
        "coordinates": [
          -1.1054,
          39.3447
        ]
      }
    },
    {
      "type": "Feature",
      "properties": {
        "name": "28/09/2026 19:45:12",
        "COORD": "-1,1066,39,346",
        "DATE": "2026-09-28",
        "TIME": "19:45",
        "MXI": "-5,12 kA.",
        "STR": "0",
        "SMA": "0,37 Km.",
        "SMI": "0,21700002 Km.",
        "CHI": "0,5",
        "metvlc_time_utc": "2026-09-28T17:45:00+00:00",
        "metvlc_time_source": "date+time",
        "metvlc_has_real_time": true,
        "metvlc_captura_utc": "2026-09-28T20:33:42+00:00",
        "metvlc_last_seen_utc": "2026-09-28T20:33:42+00:00",
        "metvlc_fuente": "SIGIF/GVA Rayos 24h KMZ"
      },
      "geometry": {
        "type": "Point",
        "coordinates": [
          -1.1066,
          39.346
        ]
      }
    },
    {
      "type": "Feature",
      "properties": {
        "name": "28/09/2026 19:45:12",
        "COORD": "-1,1061,39,3468",
        "DATE": "2026-09-28",
        "TIME": "19:45",
        "MXI": "-7,69 kA.",
        "STR": "0",
        "SMA": "0,299 Km.",
        "SMI": "0,16999996 Km.",
        "CHI": "0,9",
        "metvlc_time_utc": "2026-09-28T17:45:00+00:00",
        "metvlc_time_source": "date+time",
        "metvlc_has_real_time": true,
        "metvlc_captura_utc": "2026-09-28T20:33:42+00:00",
        "metvlc_last_seen_utc": "2026-09-28T20:33:42+00:00",
        "metvlc_fuente": "SIGIF/GVA Rayos 24h KMZ"
      },
      "geometry": {
        "type": "Point",
        "coordinates": [
          -1.1061,
          39.3468
        ]
      }
    },
    {
      "type": "Feature",
      "properties": {
        "name": "28/09/2026 19:45:31",
        "COORD": "-1,0997,39,3482",
        "DATE": "2026-09-28",
        "TIME": "19:45",
        "MXI": "-23,11 kA.",
        "STR": "0",
        "SMA": "0,175 Km.",
        "SMI": "0,13400002 Km.",
        "CHI": "1",
        "metvlc_time_utc": "2026-09-28T17:45:00+00:00",
        "metvlc_time_source": "date+time",
        "metvlc_has_real_time": true,
        "metvlc_captura_utc": "2026-09-28T20:33:42+00:00",
        "metvlc_last_seen_utc": "2026-09-28T20:33:42+00:00",
        "metvlc_fuente": "SIGIF/GVA Rayos 24h KMZ"
      },
      "geometry": {
        "type": "Point",
        "coordinates": [
          -1.0997,
          39.3482
        ]
      }
    },
    {
      "type": "Feature",
      "properties": {
        "name": "28/09/2026 19:45:31",
        "COORD": "-1,1049,39,3482",
        "DATE": "2026-09-28",
        "TIME": "19:45",
        "MXI": "-6,64 kA.",
        "STR": "0",
        "SMA": "0,384 Km.",
        "SMI": "0,22099994 Km.",
        "CHI": "1,9",
        "metvlc_time_utc": "2026-09-28T17:45:00+00:00",
        "metvlc_time_source": "date+time",
        "metvlc_has_real_time": true,
        "metvlc_captura_utc": "2026-09-28T20:33:42+00:00",
        "metvlc_last_seen_utc": "2026-09-28T20:33:42+00:00",
        "metvlc_fuente": "SIGIF/GVA Rayos 24h KMZ"
      },
      "geometry": {
        "type": "Point",
        "coordinates": [
          -1.1049,
          39.3482
        ]
      }
    },
    {
      "type": "Feature",
      "properties": {
        "name": "28/09/2026 19:45:37",
        "COORD": "-1,1096,39,3866",
        "DATE": "2026-09-28",
        "TIME": "19:45",
        "MXI": "-16,73 kA.",
        "STR": "0",
        "SMA": "0,168 Km.",
        "SMI": "0,123999976 Km.",
        "CHI": "0,8",
        "metvlc_time_utc": "2026-09-28T17:45:00+00:00",
        "metvlc_time_source": "date+time",
        "metvlc_has_real_time": true,
        "metvlc_captura_utc": "2026-09-28T20:33:42+00:00",
        "metvlc_last_seen_utc": "2026-09-28T20:33:42+00:00",
        "metvlc_fuente": "SIGIF/GVA Rayos 24h KMZ"
      },
      "geometry": {
        "type": "Point",
        "coordinates": [
          -1.1096,
          39.3866
        ]
      }
    },
    {
      "type": "Feature",
      "properties": {
        "name": "28/09/2026 19:45:43",
        "COORD": "-1,1222,39,3706",
        "DATE": "2026-09-28",
        "TIME": "19:45",
        "MXI": "-24,18 kA.",
        "STR": "0",
        "SMA": "0,174 Km.",
        "SMI": "0,13199998 Km.",
        "CHI": "0,8",
        "metvlc_time_utc": "2026-09-28T17:45:00+00:00",
        "metvlc_time_source": "date+time",
        "metvlc_has_real_time": true,
        "metvlc_captura_utc": "2026-09-28T20:33:42+00:00",
        "metvlc_last_seen_utc": "2026-09-28T20:33:42+00:00",
        "metvlc_fuente": "SIGIF/GVA Rayos 24h KMZ"
      },
      "geometry": {
        "type": "Point",
        "coordinates": [
          -1.1222,
          39.3706
        ]
      }
    },
    {
      "type": "Feature",
      "properties": {
        "name": "28/09/2026 19:45:43",
        "COORD": "-1,1227,39,3702",
        "DATE": "2026-09-28",
        "TIME": "19:45",
        "MXI": "-14,61 kA.",
        "STR": "0",
        "SMA": "0,176 Km.",
        "SMI": "0,12900001 Km.",
        "CHI": "0,4",
        "metvlc_time_utc": "2026-09-28T17:45:00+00:00",
        "metvlc_time_source": "date+time",
        "metvlc_has_real_time": true,
        "metvlc_captura_utc": "2026-09-28T20:33:42+00:00",
        "metvlc_last_seen_utc": "2026-09-28T20:33:42+00:00",
        "metvlc_fuente": "SIGIF/GVA Rayos 24h KMZ"
      },
      "geometry": {
        "type": "Point",
        "coordinates": [
          -1.1227,
          39.3702
        ]
      }
    },
    {
      "type": "Feature",
      "properties": {
        "name": "28/09/2026 19:45:43",
        "COORD": "-1,1227,39,3696",
        "DATE": "2026-09-28",
        "TIME": "19:45",
        "MXI": "-27,33 kA.",
        "STR": "0",
        "SMA": "0,222 Km.",
        "SMI": "0,11900002 Km.",
        "CHI": "0,6",
        "metvlc_time_utc": "2026-09-28T17:45:00+00:00",
        "metvlc_time_source": "date+time",
        "metvlc_has_real_time": true,
        "metvlc_captura_utc": "2026-09-28T20:33:42+00:00",
        "metvlc_last_seen_utc": "2026-09-28T20:33:42+00:00",
        "metvlc_fuente": "SIGIF/GVA Rayos 24h KMZ"
      },
      "geometry": {
        "type": "Point",
        "coordinates": [
          -1.1227,
          39.3696
        ]
      }
    },
    {
      "type": "Feature",
      "properties": {
        "name": "28/09/2026 19:45:43",
        "COORD": "-1,1222,39,3704",
        "DATE": "2026-09-28",
        "TIME": "19:45",
        "MXI": "-19,12 kA.",
        "STR": "0",
        "SMA": "0,177 Km.",
        "SMI": "0,13200001 Km.",
        "CHI": "0,7",
        "metvlc_time_utc": "2026-09-28T17:45:00+00:00",
        "metvlc_time_source": "date+time",
        "metvlc_has_real_time": true,
        "metvlc_captura_utc": "2026-09-28T20:33:42+00:00",
        "metvlc_last_seen_utc": "2026-09-28T20:33:42+00:00",
        "metvlc_fuente": "SIGIF/GVA Rayos 24h KMZ"
      },
      "geometry": {
        "type": "Point",
        "coordinates": [
          -1.1222,
          39.3704
        ]
      }
    },
    {
      "type": "Feature",
      "properties": {
        "name": "28/09/2026 19:45:43",
        "COORD": "-1,1222,39,3705",
        "DATE": "2026-09-28",
        "TIME": "19:45",
        "MXI": "-20,34 kA.",
        "STR": "0",
        "SMA": "0,179 Km.",
        "SMI": "0,13600005 Km.",
        "CHI": "0,6",
        "metvlc_time_utc": "2026-09-28T17:45:00+00:00",
        "metvlc_time_source": "date+time",
        "metvlc_has_real_time": true,
        "metvlc_captura_utc": "2026-09-28T20:33:42+00:00",
        "metvlc_last_seen_utc": "2026-09-28T20:33:42+00:00",
        "metvlc_fuente": "SIGIF/GVA Rayos 24h KMZ"
      },
      "geometry": {
        "type": "Point",
        "coordinates": [
          -1.1222,
          39.3705
        ]
      }
    },
    {
      "type": "Feature",
      "properties": {
        "name": "28/09/2026 19:45:56",
        "COORD": "-1,1037,39,3791",
        "DATE": "2026-09-28",
        "TIME": "19:45",
        "MXI": "-31,5 kA.",
        "STR": "0",
        "SMA": "0,214 Km.",
        "SMI": "0,16099995 Km.",
        "CHI": "1,1",
        "metvlc_time_utc": "2026-09-28T17:45:00+00:00",
        "metvlc_time_source": "date+time",
        "metvlc_has_real_time": true,
        "metvlc_captura_utc": "2026-09-28T20:33:42+00:00",
        "metvlc_last_seen_utc": "2026-09-28T20:33:42+00:00",
        "metvlc_fuente": "SIGIF/GVA Rayos 24h KMZ"
      },
      "geometry": {
        "type": "Point",
        "coordinates": [
          -1.1037,
          39.3791
        ]
      }
    },
    {
      "type": "Feature",
      "properties": {
        "name": "28/09/2026 19:45:56",
        "COORD": "-1,1036,39,3759",
        "DATE": "2026-09-28",
        "TIME": "19:45",
        "MXI": "-12,62 kA.",
        "STR": "0",
        "SMA": "0,228 Km.",
        "SMI": "0,13599996 Km.",
        "CHI": "0,3",
        "metvlc_time_utc": "2026-09-28T17:45:00+00:00",
        "metvlc_time_source": "date+time",
        "metvlc_has_real_time": true,
        "metvlc_captura_utc": "2026-09-28T20:33:42+00:00",
        "metvlc_last_seen_utc": "2026-09-28T20:33:42+00:00",
        "metvlc_fuente": "SIGIF/GVA Rayos 24h KMZ"
      },
      "geometry": {
        "type": "Point",
        "coordinates": [
          -1.1036,
          39.3759
        ]
      }
    },
    {
      "type": "Feature",
      "properties": {
        "name": "28/09/2026 19:45:56",
        "COORD": "-1,1037,39,3774",
        "DATE": "2026-09-28",
        "TIME": "19:45",
        "MXI": "-6,87 kA.",
        "STR": "0",
        "SMA": "0,237 Km.",
        "SMI": "0,17999996 Km.",
        "CHI": "0,2",
        "metvlc_time_utc": "2026-09-28T17:45:00+00:00",
        "metvlc_time_source": "date+time",
        "metvlc_has_real_time": true,
        "metvlc_captura_utc": "2026-09-28T20:33:42+00:00",
        "metvlc_last_seen_utc": "2026-09-28T20:33:42+00:00",
        "metvlc_fuente": "SIGIF/GVA Rayos 24h KMZ"
      },
      "geometry": {
        "type": "Point",
        "coordinates": [
          -1.1037,
          39.3774
        ]
      }
    },
    {
      "type": "Feature",
      "properties": {
        "name": "28/09/2026 19:46:05",
        "COORD": "-1,0706,39,3718",
        "DATE": "2026-09-28",
        "TIME": "19:46",
        "MXI": "-46,28 kA.",
        "STR": "0",
        "SMA": "0,172 Km.",
        "SMI": "0,128 Km.",
        "CHI": "1,3",
        "metvlc_time_utc": "2026-09-28T17:46:00+00:00",
        "metvlc_time_source": "date+time",
        "metvlc_has_real_time": true,
        "metvlc_captura_utc": "2026-09-28T20:33:42+00:00",
        "metvlc_last_seen_utc": "2026-09-28T20:33:42+00:00",
        "metvlc_fuente": "SIGIF/GVA Rayos 24h KMZ"
      },
      "geometry": {
        "type": "Point",
        "coordinates": [
          -1.0706,
          39.3718
        ]
      }
    },
    {
      "type": "Feature",
      "properties": {
        "name": "28/09/2026 19:46:05",
        "COORD": "-1,0713,39,3721",
        "DATE": "2026-09-28",
        "TIME": "19:46",
        "MXI": "-12,49 kA.",
        "STR": "0",
        "SMA": "0,167 Km.",
        "SMI": "0,12400001 Km.",
        "CHI": "0,6",
        "metvlc_time_utc": "2026-09-28T17:46:00+00:00",
        "metvlc_time_source": "date+time",
        "metvlc_has_real_time": true,
        "metvlc_captura_utc": "2026-09-28T20:33:42+00:00",
        "metvlc_last_seen_utc": "2026-09-28T20:33:42+00:00",
        "metvlc_fuente": "SIGIF/GVA Rayos 24h KMZ"
      },
      "geometry": {
        "type": "Point",
        "coordinates": [
          -1.0713,
          39.3721
        ]
      }
    },
    {
      "type": "Feature",
      "properties": {
        "name": "28/09/2026 19:46:05",
        "COORD": "-1,0706,39,3717",
        "DATE": "2026-09-28",
        "TIME": "19:46",
        "MXI": "-34,17 kA.",
        "STR": "0",
        "SMA": "0,17 Km.",
        "SMI": "0,13500004 Km.",
        "CHI": "0,9",
        "metvlc_time_utc": "2026-09-28T17:46:00+00:00",
        "metvlc_time_source": "date+time",
        "metvlc_has_real_time": true,
        "metvlc_captura_utc": "2026-09-28T20:33:42+00:00",
        "metvlc_last_seen_utc": "2026-09-28T20:33:42+00:00",
        "metvlc_fuente": "SIGIF/GVA Rayos 24h KMZ"
      },
      "geometry": {
        "type": "Point",
        "coordinates": [
          -1.0706,
          39.3717
        ]
      }
    },
    {
      "type": "Feature",
      "properties": {
        "name": "28/09/2026 19:46:05",
        "COORD": "-1,0708,39,3714",
        "DATE": "2026-09-28",
        "TIME": "19:46",
        "MXI": "-27,92 kA.",
        "STR": "0",
        "SMA": "0,173 Km.",
        "SMI": "0,13099997 Km.",
        "CHI": "0,8",
        "metvlc_time_utc": "2026-09-28T17:46:00+00:00",
        "metvlc_time_source": "date+time",
        "metvlc_has_real_time": true,
        "metvlc_captura_utc": "2026-09-28T20:33:42+00:00",
        "metvlc_last_seen_utc": "2026-09-28T20:33:42+00:00",
        "metvlc_fuente": "SIGIF/GVA Rayos 24h KMZ"
      },
      "geometry": {
        "type": "Point",
        "coordinates": [
          -1.0708,
          39.3714
        ]
      }
    },
    {
      "type": "Feature",
      "properties": {
        "name": "28/09/2026 19:46:05",
        "COORD": "-1,0709,39,3717",
        "DATE": "2026-09-28",
        "TIME": "19:46",
        "MXI": "-14,57 kA.",
        "STR": "0",
        "SMA": "0,172 Km.",
        "SMI": "0,13300002 Km.",
        "CHI": "0,5",
        "metvlc_time_utc": "2026-09-28T17:46:00+00:00",
        "metvlc_time_source": "date+time",
        "metvlc_has_real_time": true,
        "metvlc_captura_utc": "2026-09-28T20:33:42+00:00",
        "metvlc_last_seen_utc": "2026-09-28T20:33:42+00:00",
        "metvlc_fuente": "SIGIF/GVA Rayos 24h KMZ"
      },
      "geometry": {
        "type": "Point",
        "coordinates": [
          -1.0709,
          39.3717
        ]
      }
    },
    {
      "type": "Feature",
      "properties": {
        "name": "28/09/2026 19:46:05",
        "COORD": "-1,071,39,3725",
        "DATE": "2026-09-28",
        "TIME": "19:46",
        "MXI": "-5,17 kA.",
        "STR": "0",
        "SMA": "0,383 Km.",
        "SMI": "0,21600002 Km.",
        "CHI": "0,6",
        "metvlc_time_utc": "2026-09-28T17:46:00+00:00",
        "metvlc_time_source": "date+time",
        "metvlc_has_real_time": true,
        "metvlc_captura_utc": "2026-09-28T20:33:42+00:00",
        "metvlc_last_seen_utc": "2026-09-28T20:33:42+00:00",
        "metvlc_fuente": "SIGIF/GVA Rayos 24h KMZ"
      },
      "geometry": {
        "type": "Point",
        "coordinates": [
          -1.071,
          39.3725
        ]
      }
    },
    {
      "type": "Feature",
      "properties": {
        "name": "28/09/2026 19:46:18",
        "COORD": "-1,0589,39,3742",
        "DATE": "2026-09-28",
        "TIME": "19:46",
        "MXI": "-47,87 kA.",
        "STR": "0",
        "SMA": "0,172 Km.",
        "SMI": "0,12900004 Km.",
        "CHI": "1,2",
        "metvlc_time_utc": "2026-09-28T17:46:00+00:00",
        "metvlc_time_source": "date+time",
        "metvlc_has_real_time": true,
        "metvlc_captura_utc": "2026-09-28T20:33:42+00:00",
        "metvlc_last_seen_utc": "2026-09-28T20:33:42+00:00",
        "metvlc_fuente": "SIGIF/GVA Rayos 24h KMZ"
      },
      "geometry": {
        "type": "Point",
        "coordinates": [
          -1.0589,
          39.3742
        ]
      }
    },
    {
      "type": "Feature",
      "properties": {
        "name": "28/09/2026 19:46:18",
        "COORD": "-1,0585,39,3729",
        "DATE": "2026-09-28",
        "TIME": "19:46",
        "MXI": "-9,59 kA.",
        "STR": "0",
        "SMA": "0,279 Km.",
        "SMI": "0,143 Km.",
        "CHI": "0,5",
        "metvlc_time_utc": "2026-09-28T17:46:00+00:00",
        "metvlc_time_source": "date+time",
        "metvlc_has_real_time": true,
        "metvlc_captura_utc": "2026-09-28T20:33:42+00:00",
        "metvlc_last_seen_utc": "2026-09-28T20:33:42+00:00",
        "metvlc_fuente": "SIGIF/GVA Rayos 24h KMZ"
      },
      "geometry": {
        "type": "Point",
        "coordinates": [
          -1.0585,
          39.3729
        ]
      }
    },
    {
      "type": "Feature",
      "properties": {
        "name": "28/09/2026 19:46:18",
        "COORD": "-1,0587,39,3744",
        "DATE": "2026-09-28",
        "TIME": "19:46",
        "MXI": "-44,42 kA.",
        "STR": "0",
        "SMA": "0,206 Km.",
        "SMI": "0,13100001 Km.",
        "CHI": "1,5",
        "metvlc_time_utc": "2026-09-28T17:46:00+00:00",
        "metvlc_time_source": "date+time",
        "metvlc_has_real_time": true,
        "metvlc_captura_utc": "2026-09-28T20:33:42+00:00",
        "metvlc_last_seen_utc": "2026-09-28T20:33:42+00:00",
        "metvlc_fuente": "SIGIF/GVA Rayos 24h KMZ"
      },
      "geometry": {
        "type": "Point",
        "coordinates": [
          -1.0587,
          39.3744
        ]
      }
    },
    {
      "type": "Feature",
      "properties": {
        "name": "28/09/2026 19:46:18",
        "COORD": "-1,0593,39,3747",
        "DATE": "2026-09-28",
        "TIME": "19:46",
        "MXI": "-14,99 kA.",
        "STR": "0",
        "SMA": "0,17 Km.",
        "SMI": "0,12699997 Km.",
        "CHI": "0,7",
        "metvlc_time_utc": "2026-09-28T17:46:00+00:00",
        "metvlc_time_source": "date+time",
        "metvlc_has_real_time": true,
        "metvlc_captura_utc": "2026-09-28T20:33:42+00:00",
        "metvlc_last_seen_utc": "2026-09-28T20:33:42+00:00",
        "metvlc_fuente": "SIGIF/GVA Rayos 24h KMZ"
      },
      "geometry": {
        "type": "Point",
        "coordinates": [
          -1.0593,
          39.3747
        ]
      }
    },
    {
      "type": "Feature",
      "properties": {
        "name": "28/09/2026 19:46:18",
        "COORD": "-1,1108,39,3853",
        "DATE": "2026-09-28",
        "TIME": "19:46",
        "MXI": "-14,09 kA.",
        "STR": "0",
        "SMA": "0,163 Km.",
        "SMI": "0,12599999 Km.",
        "CHI": "0,3",
        "metvlc_time_utc": "2026-09-28T17:46:00+00:00",
        "metvlc_time_source": "date+time",
        "metvlc_has_real_time": true,
        "metvlc_captura_utc": "2026-09-28T20:33:42+00:00",
        "metvlc_last_seen_utc": "2026-09-28T20:33:42+00:00",
        "metvlc_fuente": "SIGIF/GVA Rayos 24h KMZ"
      },
      "geometry": {
        "type": "Point",
        "coordinates": [
          -1.1108,
          39.3853
        ]
      }
    },
    {
      "type": "Feature",
      "properties": {
        "name": "28/09/2026 19:46:20",
        "COORD": "-1,0305,39,6126",
        "DATE": "2026-09-28",
        "TIME": "19:46",
        "MXI": "-14,97 kA.",
        "STR": "0",
        "SMA": "0,157 Km.",
        "SMI": "0,124000005 Km.",
        "CHI": "0,3",
        "metvlc_time_utc": "2026-09-28T17:46:00+00:00",
        "metvlc_time_source": "date+time",
        "metvlc_has_real_time": true,
        "metvlc_captura_utc": "2026-09-28T20:33:42+00:00",
        "metvlc_last_seen_utc": "2026-09-28T20:33:42+00:00",
        "metvlc_fuente": "SIGIF/GVA Rayos 24h KMZ"
      },
      "geometry": {
        "type": "Point",
        "coordinates": [
          -1.0305,
          39.6126
        ]
      }
    },
    {
      "type": "Feature",
      "properties": {
        "name": "28/09/2026 19:46:58",
        "COORD": "-1,0789,39,4057",
        "DATE": "2026-09-28",
        "TIME": "19:46",
        "MXI": "-10,17 kA.",
        "STR": "0",
        "SMA": "0,195 Km.",
        "SMI": "0,14200003 Km.",
        "CHI": "0,8",
        "metvlc_time_utc": "2026-09-28T17:46:00+00:00",
        "metvlc_time_source": "date+time",
        "metvlc_has_real_time": true,
        "metvlc_captura_utc": "2026-09-28T20:33:42+00:00",
        "metvlc_last_seen_utc": "2026-09-28T20:33:42+00:00",
        "metvlc_fuente": "SIGIF/GVA Rayos 24h KMZ"
      },
      "geometry": {
        "type": "Point",
        "coordinates": [
          -1.0789,
          39.4057
        ]
      }
    },
    {
      "type": "Feature",
      "properties": {
        "name": "28/09/2026 19:46:58",
        "COORD": "-1,0971,39,3949",
        "DATE": "2026-09-28",
        "TIME": "19:46",
        "MXI": "-15,18 kA.",
        "STR": "0",
        "SMA": "0,168 Km.",
        "SMI": "0,12600003 Km.",
        "CHI": "0,6",
        "metvlc_time_utc": "2026-09-28T17:46:00+00:00",
        "metvlc_time_source": "date+time",
        "metvlc_has_real_time": true,
        "metvlc_captura_utc": "2026-09-28T20:33:42+00:00",
        "metvlc_last_seen_utc": "2026-09-28T20:33:42+00:00",
        "metvlc_fuente": "SIGIF/GVA Rayos 24h KMZ"
      },
      "geometry": {
        "type": "Point",
        "coordinates": [
          -1.0971,
          39.3949
        ]
      }
    },
    {
      "type": "Feature",
      "properties": {
        "name": "28/09/2026 19:46:58",
        "COORD": "-1,0678,39,4232",
        "DATE": "2026-09-28",
        "TIME": "19:46",
        "MXI": "-12,46 kA.",
        "STR": "0",
        "SMA": "0,171 Km.",
        "SMI": "0,13099995 Km.",
        "CHI": "1",
        "metvlc_time_utc": "2026-09-28T17:46:00+00:00",
        "metvlc_time_source": "date+time",
        "metvlc_has_real_time": true,
        "metvlc_captura_utc": "2026-09-28T20:33:42+00:00",
        "metvlc_last_seen_utc": "2026-09-28T20:33:42+00:00",
        "metvlc_fuente": "SIGIF/GVA Rayos 24h KMZ"
      },
      "geometry": {
        "type": "Point",
        "coordinates": [
          -1.0678,
          39.4232
        ]
      }
    },
    {
      "type": "Feature",
      "properties": {
        "name": "28/09/2026 19:46:58",
        "COORD": "-1,1152,39,394",
        "DATE": "2026-09-28",
        "TIME": "19:46",
        "MXI": "-10,01 kA.",
        "STR": "0",
        "SMA": "0,172 Km.",
        "SMI": "0,13900001 Km.",
        "CHI": "0,5",
        "metvlc_time_utc": "2026-09-28T17:46:00+00:00",
        "metvlc_time_source": "date+time",
        "metvlc_has_real_time": true,
        "metvlc_captura_utc": "2026-09-28T20:33:42+00:00",
        "metvlc_last_seen_utc": "2026-09-28T20:33:42+00:00",
        "metvlc_fuente": "SIGIF/GVA Rayos 24h KMZ"
      },
      "geometry": {
        "type": "Point",
        "coordinates": [
          -1.1152,
          39.394
        ]
      }
    },
    {
      "type": "Feature",
      "properties": {
        "name": "28/09/2026 19:46:58",
        "COORD": "-1,1149,39,3924",
        "DATE": "2026-09-28",
        "TIME": "19:46",
        "MXI": "-9,35 kA.",
        "STR": "0",
        "SMA": "0,166 Km.",
        "SMI": "0,13899995 Km.",
        "CHI": "0,7",
        "metvlc_time_utc": "2026-09-28T17:46:00+00:00",
        "metvlc_time_source": "date+time",
        "metvlc_has_real_time": true,
        "metvlc_captura_utc": "2026-09-28T20:33:42+00:00",
        "metvlc_last_seen_utc": "2026-09-28T20:33:42+00:00",
        "metvlc_fuente": "SIGIF/GVA Rayos 24h KMZ"
      },
      "geometry": {
        "type": "Point",
        "coordinates": [
          -1.1149,
          39.3924
        ]
      }
    },
    {
      "type": "Feature",
      "properties": {
        "name": "28/09/2026 19:46:58",
        "COORD": "-1,1146,39,3926",
        "DATE": "2026-09-28",
        "TIME": "19:46",
        "MXI": "-23,82 kA.",
        "STR": "0",
        "SMA": "0,166 Km.",
        "SMI": "0,125 Km.",
        "CHI": "0,8",
        "metvlc_time_utc": "2026-09-28T17:46:00+00:00",
        "metvlc_time_source": "date+time",
        "metvlc_has_real_time": true,
        "metvlc_captura_utc": "2026-09-28T20:33:42+00:00",
        "metvlc_last_seen_utc": "2026-09-28T20:33:42+00:00",
        "metvlc_fuente": "SIGIF/GVA Rayos 24h KMZ"
      },
      "geometry": {
        "type": "Point",
        "coordinates": [
          -1.1146,
          39.3926
        ]
      }
    },
    {
      "type": "Feature",
      "properties": {
        "name": "28/09/2026 19:46:59",
        "COORD": "-1,1155,39,3921",
        "DATE": "2026-09-28",
        "TIME": "19:46",
        "MXI": "-5,47 kA.",
        "STR": "0",
        "SMA": "0,315 Km.",
        "SMI": "0,21600005 Km.",
        "CHI": "0",
        "metvlc_time_utc": "2026-09-28T17:46:00+00:00",
        "metvlc_time_source": "date+time",
        "metvlc_has_real_time": true,
        "metvlc_captura_utc": "2026-09-28T20:33:42+00:00",
        "metvlc_last_seen_utc": "2026-09-28T20:33:42+00:00",
        "metvlc_fuente": "SIGIF/GVA Rayos 24h KMZ"
      },
      "geometry": {
        "type": "Point",
        "coordinates": [
          -1.1155,
          39.3921
        ]
      }
    },
    {
      "type": "Feature",
      "properties": {
        "name": "28/09/2026 19:47:09",
        "COORD": "-1,1124,39,3847",
        "DATE": "2026-09-28",
        "TIME": "19:47",
        "MXI": "-18,18 kA.",
        "STR": "0",
        "SMA": "0,168 Km.",
        "SMI": "0,12600003 Km.",
        "CHI": "1",
        "metvlc_time_utc": "2026-09-28T17:47:00+00:00",
        "metvlc_time_source": "date+time",
        "metvlc_has_real_time": true,
        "metvlc_captura_utc": "2026-09-28T20:33:42+00:00",
        "metvlc_last_seen_utc": "2026-09-28T20:33:42+00:00",
        "metvlc_fuente": "SIGIF/GVA Rayos 24h KMZ"
      },
      "geometry": {
        "type": "Point",
        "coordinates": [
          -1.1124,
          39.3847
        ]
      }
    },
    {
      "type": "Feature",
      "properties": {
        "name": "28/09/2026 19:47:34",
        "COORD": "-1,0858,39,4021",
        "DATE": "2026-09-28",
        "TIME": "19:47",
        "MXI": "-13,44 kA.",
        "STR": "0",
        "SMA": "0,169 Km.",
        "SMI": "0,12699997 Km.",
        "CHI": "0,9",
        "metvlc_time_utc": "2026-09-28T17:47:00+00:00",
        "metvlc_time_source": "date+time",
        "metvlc_has_real_time": true,
        "metvlc_captura_utc": "2026-09-28T20:33:42+00:00",
        "metvlc_last_seen_utc": "2026-09-28T20:33:42+00:00",
        "metvlc_fuente": "SIGIF/GVA Rayos 24h KMZ"
      },
      "geometry": {
        "type": "Point",
        "coordinates": [
          -1.0858,
          39.4021
        ]
      }
    },
    {
      "type": "Feature",
      "properties": {
        "name": "28/09/2026 19:47:34",
        "COORD": "-1,0935,39,4158",
        "DATE": "2026-09-28",
        "TIME": "19:47",
        "MXI": "-12,14 kA.",
        "STR": "0",
        "SMA": "0,167 Km.",
        "SMI": "0,12599997 Km.",
        "CHI": "0,6",
        "metvlc_time_utc": "2026-09-28T17:47:00+00:00",
        "metvlc_time_source": "date+time",
        "metvlc_has_real_time": true,
        "metvlc_captura_utc": "2026-09-28T20:33:42+00:00",
        "metvlc_last_seen_utc": "2026-09-28T20:33:42+00:00",
        "metvlc_fuente": "SIGIF/GVA Rayos 24h KMZ"
      },
      "geometry": {
        "type": "Point",
        "coordinates": [
          -1.0935,
          39.4158
        ]
      }
    },
    {
      "type": "Feature",
      "properties": {
        "name": "28/09/2026 19:47:34",
        "COORD": "-1,0936,39,4154",
        "DATE": "2026-09-28",
        "TIME": "19:47",
        "MXI": "-14,57 kA.",
        "STR": "0",
        "SMA": "0,168 Km.",
        "SMI": "0,12699997 Km.",
        "CHI": "0,5",
        "metvlc_time_utc": "2026-09-28T17:47:00+00:00",
        "metvlc_time_source": "date+time",
        "metvlc_has_real_time": true,
        "metvlc_captura_utc": "2026-09-28T20:33:42+00:00",
        "metvlc_last_seen_utc": "2026-09-28T20:33:42+00:00",
        "metvlc_fuente": "SIGIF/GVA Rayos 24h KMZ"
      },
      "geometry": {
        "type": "Point",
        "coordinates": [
          -1.0936,
          39.4154
        ]
      }
    },
    {
      "type": "Feature",
      "properties": {
        "name": "28/09/2026 19:47:49",
        "COORD": "-1,0857,39,3762",
        "DATE": "2026-09-28",
        "TIME": "19:47",
        "MXI": "-51,02 kA.",
        "STR": "0",
        "SMA": "0,159 Km.",
        "SMI": "0,137 Km.",
        "CHI": "1,3",
        "metvlc_time_utc": "2026-09-28T17:47:00+00:00",
        "metvlc_time_source": "date+time",
        "metvlc_has_real_time": true,
        "metvlc_captura_utc": "2026-09-28T20:33:42+00:00",
        "metvlc_last_seen_utc": "2026-09-28T20:33:42+00:00",
        "metvlc_fuente": "SIGIF/GVA Rayos 24h KMZ"
      },
      "geometry": {
        "type": "Point",
        "coordinates": [
          -1.0857,
          39.3762
        ]
      }
    },
    {
      "type": "Feature",
      "properties": {
        "name": "28/09/2026 19:47:49",
        "COORD": "-1,0863,39,3773",
        "DATE": "2026-09-28",
        "TIME": "19:47",
        "MXI": "-7,03 kA.",
        "STR": "0",
        "SMA": "0,227 Km.",
        "SMI": "0,16800006 Km.",
        "CHI": "0,6",
        "metvlc_time_utc": "2026-09-28T17:47:00+00:00",
        "metvlc_time_source": "date+time",
        "metvlc_has_real_time": true,
        "metvlc_captura_utc": "2026-09-28T20:33:42+00:00",
        "metvlc_last_seen_utc": "2026-09-28T20:33:42+00:00",
        "metvlc_fuente": "SIGIF/GVA Rayos 24h KMZ"
      },
      "geometry": {
        "type": "Point",
        "coordinates": [
          -1.0863,
          39.3773
        ]
      }
    },
    {
      "type": "Feature",
      "properties": {
        "name": "28/09/2026 19:48:18",
        "COORD": "-1,0866,39,4121",
        "DATE": "2026-09-28",
        "TIME": "19:48",
        "MXI": "-14,5 kA.",
        "STR": "0",
        "SMA": "0,166 Km.",
        "SMI": "0,12600003 Km.",
        "CHI": "0,5",
        "metvlc_time_utc": "2026-09-28T17:48:00+00:00",
        "metvlc_time_source": "date+time",
        "metvlc_has_real_time": true,
        "metvlc_captura_utc": "2026-09-28T20:33:42+00:00",
        "metvlc_last_seen_utc": "2026-09-28T20:33:42+00:00",
        "metvlc_fuente": "SIGIF/GVA Rayos 24h KMZ"
      },
      "geometry": {
        "type": "Point",
        "coordinates": [
          -1.0866,
          39.4121
        ]
      }
    },
    {
      "type": "Feature",
      "properties": {
        "name": "28/09/2026 19:48:18",
        "COORD": "-1,107,39,3784",
        "DATE": "2026-09-28",
        "TIME": "19:48",
        "MXI": "-16,6 kA.",
        "STR": "0",
        "SMA": "0,173 Km.",
        "SMI": "0,12800004 Km.",
        "CHI": "0,9",
        "metvlc_time_utc": "2026-09-28T17:48:00+00:00",
        "metvlc_time_source": "date+time",
        "metvlc_has_real_time": true,
        "metvlc_captura_utc": "2026-09-28T20:33:42+00:00",
        "metvlc_last_seen_utc": "2026-09-28T20:33:42+00:00",
        "metvlc_fuente": "SIGIF/GVA Rayos 24h KMZ"
      },
      "geometry": {
        "type": "Point",
        "coordinates": [
          -1.107,
          39.3784
        ]
      }
    },
    {
      "type": "Feature",
      "properties": {
        "name": "28/09/2026 19:48:18",
        "COORD": "-1,1023,39,403",
        "DATE": "2026-09-28",
        "TIME": "19:48",
        "MXI": "-12,12 kA.",
        "STR": "0",
        "SMA": "0,168 Km.",
        "SMI": "0,12699997 Km.",
        "CHI": "0,4",
        "metvlc_time_utc": "2026-09-28T17:48:00+00:00",
        "metvlc_time_source": "date+time",
        "metvlc_has_real_time": true,
        "metvlc_captura_utc": "2026-09-28T20:33:42+00:00",
        "metvlc_last_seen_utc": "2026-09-28T20:33:42+00:00",
        "metvlc_fuente": "SIGIF/GVA Rayos 24h KMZ"
      },
      "geometry": {
        "type": "Point",
        "coordinates": [
          -1.1023,
          39.403
        ]
      }
    },
    {
      "type": "Feature",
      "properties": {
        "name": "28/09/2026 19:48:53",
        "COORD": "-1,1006,39,3849",
        "DATE": "2026-09-28",
        "TIME": "19:48",
        "MXI": "-17,93 kA.",
        "STR": "0",
        "SMA": "0,174 Km.",
        "SMI": "0,13400005 Km.",
        "CHI": "0,6",
        "metvlc_time_utc": "2026-09-28T17:48:00+00:00",
        "metvlc_time_source": "date+time",
        "metvlc_has_real_time": true,
        "metvlc_captura_utc": "2026-09-28T20:33:42+00:00",
        "metvlc_last_seen_utc": "2026-09-28T20:33:42+00:00",
        "metvlc_fuente": "SIGIF/GVA Rayos 24h KMZ"
      },
      "geometry": {
        "type": "Point",
        "coordinates": [
          -1.1006,
          39.3849
        ]
      }
    },
    {
      "type": "Feature",
      "properties": {
        "name": "28/09/2026 19:48:53",
        "COORD": "-1,1036,39,3997",
        "DATE": "2026-09-28",
        "TIME": "19:48",
        "MXI": "-24,45 kA.",
        "STR": "0",
        "SMA": "0,166 Km.",
        "SMI": "0,12899996 Km.",
        "CHI": "0,6",
        "metvlc_time_utc": "2026-09-28T17:48:00+00:00",
        "metvlc_time_source": "date+time",
        "metvlc_has_real_time": true,
        "metvlc_captura_utc": "2026-09-28T20:33:42+00:00",
        "metvlc_last_seen_utc": "2026-09-28T20:33:42+00:00",
        "metvlc_fuente": "SIGIF/GVA Rayos 24h KMZ"
      },
      "geometry": {
        "type": "Point",
        "coordinates": [
          -1.1036,
          39.3997
        ]
      }
    },
    {
      "type": "Feature",
      "properties": {
        "name": "28/09/2026 19:48:53",
        "COORD": "-1,0823,39,4184",
        "DATE": "2026-09-28",
        "TIME": "19:48",
        "MXI": "-16,93 kA.",
        "STR": "0",
        "SMA": "0,167 Km.",
        "SMI": "0,12699996 Km.",
        "CHI": "0,8",
        "metvlc_time_utc": "2026-09-28T17:48:00+00:00",
        "metvlc_time_source": "date+time",
        "metvlc_has_real_time": true,
        "metvlc_captura_utc": "2026-09-28T20:33:42+00:00",
        "metvlc_last_seen_utc": "2026-09-28T20:33:42+00:00",
        "metvlc_fuente": "SIGIF/GVA Rayos 24h KMZ"
      },
      "geometry": {
        "type": "Point",
        "coordinates": [
          -1.0823,
          39.4184
        ]
      }
    },
    {
      "type": "Feature",
      "properties": {
        "name": "28/09/2026 19:49:15",
        "COORD": "-1,0606,39,3651",
        "DATE": "2026-09-28",
        "TIME": "19:49",
        "MXI": "-41,36 kA.",
        "STR": "0",
        "SMA": "0,174 Km.",
        "SMI": "0,12799999 Km.",
        "CHI": "0,9",
        "metvlc_time_utc": "2026-09-28T17:49:00+00:00",
        "metvlc_time_source": "date+time",
        "metvlc_has_real_time": true,
        "metvlc_captura_utc": "2026-09-28T20:33:42+00:00",
        "metvlc_last_seen_utc": "2026-09-28T20:33:42+00:00",
        "metvlc_fuente": "SIGIF/GVA Rayos 24h KMZ"
      },
      "geometry": {
        "type": "Point",
        "coordinates": [
          -1.0606,
          39.3651
        ]
      }
    },
    {
      "type": "Feature",
      "properties": {
        "name": "28/09/2026 19:49:15",
        "COORD": "-1,0608,39,3654",
        "DATE": "2026-09-28",
        "TIME": "19:49",
        "MXI": "-16,43 kA.",
        "STR": "0",
        "SMA": "0,174 Km.",
        "SMI": "0,13100003 Km.",
        "CHI": "0,8",
        "metvlc_time_utc": "2026-09-28T17:49:00+00:00",
        "metvlc_time_source": "date+time",
        "metvlc_has_real_time": true,
        "metvlc_captura_utc": "2026-09-28T20:33:42+00:00",
        "metvlc_last_seen_utc": "2026-09-28T20:33:42+00:00",
        "metvlc_fuente": "SIGIF/GVA Rayos 24h KMZ"
      },
      "geometry": {
        "type": "Point",
        "coordinates": [
          -1.0608,
          39.3654
        ]
      }
    },
    {
      "type": "Feature",
      "properties": {
        "name": "28/09/2026 19:49:15",
        "COORD": "-1,0605,39,3792",
        "DATE": "2026-09-28",
        "TIME": "19:49",
        "MXI": "-11,77 kA.",
        "STR": "0",
        "SMA": "0,174 Km.",
        "SMI": "0,12900001 Km.",
        "CHI": "0,4",
        "metvlc_time_utc": "2026-09-28T17:49:00+00:00",
        "metvlc_time_source": "date+time",
        "metvlc_has_real_time": true,
        "metvlc_captura_utc": "2026-09-28T20:33:42+00:00",
        "metvlc_last_seen_utc": "2026-09-28T20:33:42+00:00",
        "metvlc_fuente": "SIGIF/GVA Rayos 24h KMZ"
      },
      "geometry": {
        "type": "Point",
        "coordinates": [
          -1.0605,
          39.3792
        ]
      }
    },
    {
      "type": "Feature",
      "properties": {
        "name": "28/09/2026 19:49:16",
        "COORD": "-1,0614,39,366",
        "DATE": "2026-09-28",
        "TIME": "19:49",
        "MXI": "-10,2 kA.",
        "STR": "0",
        "SMA": "0,221 Km.",
        "SMI": "0,15500005 Km.",
        "CHI": "0,9",
        "metvlc_time_utc": "2026-09-28T17:49:00+00:00",
        "metvlc_time_source": "date+time",
        "metvlc_has_real_time": true,
        "metvlc_captura_utc": "2026-09-28T20:33:42+00:00",
        "metvlc_last_seen_utc": "2026-09-28T20:33:42+00:00",
        "metvlc_fuente": "SIGIF/GVA Rayos 24h KMZ"
      },
      "geometry": {
        "type": "Point",
        "coordinates": [
          -1.0614,
          39.366
        ]
      }
    },
    {
      "type": "Feature",
      "properties": {
        "name": "28/09/2026 19:49:16",
        "COORD": "-1,0604,39,3652",
        "DATE": "2026-09-28",
        "TIME": "19:49",
        "MXI": "-16,03 kA.",
        "STR": "0",
        "SMA": "0,174 Km.",
        "SMI": "0,13100003 Km.",
        "CHI": "0,5",
        "metvlc_time_utc": "2026-09-28T17:49:00+00:00",
        "metvlc_time_source": "date+time",
        "metvlc_has_real_time": true,
        "metvlc_captura_utc": "2026-09-28T20:33:42+00:00",
        "metvlc_last_seen_utc": "2026-09-28T20:33:42+00:00",
        "metvlc_fuente": "SIGIF/GVA Rayos 24h KMZ"
      },
      "geometry": {
        "type": "Point",
        "coordinates": [
          -1.0604,
          39.3652
        ]
      }
    },
    {
      "type": "Feature",
      "properties": {
        "name": "28/09/2026 19:49:16",
        "COORD": "-1,0602,39,3654",
        "DATE": "2026-09-28",
        "TIME": "19:49",
        "MXI": "-12,26 kA.",
        "STR": "0",
        "SMA": "0,177 Km.",
        "SMI": "0,12900001 Km.",
        "CHI": "0,6",
        "metvlc_time_utc": "2026-09-28T17:49:00+00:00",
        "metvlc_time_source": "date+time",
        "metvlc_has_real_time": true,
        "metvlc_captura_utc": "2026-09-28T20:33:42+00:00",
        "metvlc_last_seen_utc": "2026-09-28T20:33:42+00:00",
        "metvlc_fuente": "SIGIF/GVA Rayos 24h KMZ"
      },
      "geometry": {
        "type": "Point",
        "coordinates": [
          -1.0602,
          39.3654
        ]
      }
    },
    {
      "type": "Feature",
      "properties": {
        "name": "28/09/2026 19:49:16",
        "COORD": "-1,0605,39,3652",
        "DATE": "2026-09-28",
        "TIME": "19:49",
        "MXI": "-18,45 kA.",
        "STR": "0",
        "SMA": "0,171 Km.",
        "SMI": "0,12899995 Km.",
        "CHI": "0,9",
        "metvlc_time_utc": "2026-09-28T17:49:00+00:00",
        "metvlc_time_source": "date+time",
        "metvlc_has_real_time": true,
        "metvlc_captura_utc": "2026-09-28T20:33:42+00:00",
        "metvlc_last_seen_utc": "2026-09-28T20:33:42+00:00",
        "metvlc_fuente": "SIGIF/GVA Rayos 24h KMZ"
      },
      "geometry": {
        "type": "Point",
        "coordinates": [
          -1.0605,
          39.3652
        ]
      }
    },
    {
      "type": "Feature",
      "properties": {
        "name": "28/09/2026 19:49:16",
        "COORD": "-1,061,39,3682",
        "DATE": "2026-09-28",
        "TIME": "19:49",
        "MXI": "-5,52 kA.",
        "STR": "0",
        "SMA": "0,404 Km.",
        "SMI": "0,21800001 Km.",
        "CHI": "1,9",
        "metvlc_time_utc": "2026-09-28T17:49:00+00:00",
        "metvlc_time_source": "date+time",
        "metvlc_has_real_time": true,
        "metvlc_captura_utc": "2026-09-28T20:33:42+00:00",
        "metvlc_last_seen_utc": "2026-09-28T20:33:42+00:00",
        "metvlc_fuente": "SIGIF/GVA Rayos 24h KMZ"
      },
      "geometry": {
        "type": "Point",
        "coordinates": [
          -1.061,
          39.3682
        ]
      }
    },
    {
      "type": "Feature",
      "properties": {
        "name": "28/09/2026 19:49:16",
        "COORD": "-1,061,39,3658",
        "DATE": "2026-09-28",
        "TIME": "19:49",
        "MXI": "-6,8 kA.",
        "STR": "0",
        "SMA": "0,277 Km.",
        "SMI": "0,18600005 Km.",
        "CHI": "0,2",
        "metvlc_time_utc": "2026-09-28T17:49:00+00:00",
        "metvlc_time_source": "date+time",
        "metvlc_has_real_time": true,
        "metvlc_captura_utc": "2026-09-28T20:33:42+00:00",
        "metvlc_last_seen_utc": "2026-09-28T20:33:42+00:00",
        "metvlc_fuente": "SIGIF/GVA Rayos 24h KMZ"
      },
      "geometry": {
        "type": "Point",
        "coordinates": [
          -1.061,
          39.3658
        ]
      }
    },
    {
      "type": "Feature",
      "properties": {
        "name": "28/09/2026 19:49:16",
        "COORD": "-1,0607,39,3648",
        "DATE": "2026-09-28",
        "TIME": "19:49",
        "MXI": "-9,97 kA.",
        "STR": "0",
        "SMA": "0,18 Km.",
        "SMI": "0,15699998 Km.",
        "CHI": "0,2",
        "metvlc_time_utc": "2026-09-28T17:49:00+00:00",
        "metvlc_time_source": "date+time",
        "metvlc_has_real_time": true,
        "metvlc_captura_utc": "2026-09-28T20:33:42+00:00",
        "metvlc_last_seen_utc": "2026-09-28T20:33:42+00:00",
        "metvlc_fuente": "SIGIF/GVA Rayos 24h KMZ"
      },
      "geometry": {
        "type": "Point",
        "coordinates": [
          -1.0607,
          39.3648
        ]
      }
    },
    {
      "type": "Feature",
      "properties": {
        "name": "28/09/2026 19:49:25",
        "COORD": "-1,1062,39,3691",
        "DATE": "2026-09-28",
        "TIME": "19:49",
        "MXI": "-14,85 kA.",
        "STR": "0",
        "SMA": "0,172 Km.",
        "SMI": "0,12600003 Km.",
        "CHI": "0,9",
        "metvlc_time_utc": "2026-09-28T17:49:00+00:00",
        "metvlc_time_source": "date+time",
        "metvlc_has_real_time": true,
        "metvlc_captura_utc": "2026-09-28T20:33:42+00:00",
        "metvlc_last_seen_utc": "2026-09-28T20:33:42+00:00",
        "metvlc_fuente": "SIGIF/GVA Rayos 24h KMZ"
      },
      "geometry": {
        "type": "Point",
        "coordinates": [
          -1.1062,
          39.3691
        ]
      }
    },
    {
      "type": "Feature",
      "properties": {
        "name": "28/09/2026 19:49:38",
        "COORD": "-1,0603,39,6588",
        "DATE": "2026-09-28",
        "TIME": "19:49",
        "MXI": "-6,52 kA.",
        "STR": "0",
        "SMA": "0,29 Km.",
        "SMI": "0,22300008 Km.",
        "CHI": "0,7",
        "metvlc_time_utc": "2026-09-28T17:49:00+00:00",
        "metvlc_time_source": "date+time",
        "metvlc_has_real_time": true,
        "metvlc_captura_utc": "2026-09-28T20:33:42+00:00",
        "metvlc_last_seen_utc": "2026-09-28T20:33:42+00:00",
        "metvlc_fuente": "SIGIF/GVA Rayos 24h KMZ"
      },
      "geometry": {
        "type": "Point",
        "coordinates": [
          -1.0603,
          39.6588
        ]
      }
    },
    {
      "type": "Feature",
      "properties": {
        "name": "28/09/2026 19:49:39",
        "COORD": "-1,1085,39,3774",
        "DATE": "2026-09-28",
        "TIME": "19:49",
        "MXI": "-19,54 kA.",
        "STR": "0",
        "SMA": "0,173 Km.",
        "SMI": "0,13000003 Km.",
        "CHI": "1",
        "metvlc_time_utc": "2026-09-28T17:49:00+00:00",
        "metvlc_time_source": "date+time",
        "metvlc_has_real_time": true,
        "metvlc_captura_utc": "2026-09-28T20:33:42+00:00",
        "metvlc_last_seen_utc": "2026-09-28T20:33:42+00:00",
        "metvlc_fuente": "SIGIF/GVA Rayos 24h KMZ"
      },
      "geometry": {
        "type": "Point",
        "coordinates": [
          -1.1085,
          39.3774
        ]
      }
    },
    {
      "type": "Feature",
      "properties": {
        "name": "28/09/2026 19:49:39",
        "COORD": "-1,1104,39,3787",
        "DATE": "2026-09-28",
        "TIME": "19:49",
        "MXI": "-27,15 kA.",
        "STR": "0",
        "SMA": "0,173 Km.",
        "SMI": "0,13000003 Km.",
        "CHI": "1,1",
        "metvlc_time_utc": "2026-09-28T17:49:00+00:00",
        "metvlc_time_source": "date+time",
        "metvlc_has_real_time": true,
        "metvlc_captura_utc": "2026-09-28T20:33:42+00:00",
        "metvlc_last_seen_utc": "2026-09-28T20:33:42+00:00",
        "metvlc_fuente": "SIGIF/GVA Rayos 24h KMZ"
      },
      "geometry": {
        "type": "Point",
        "coordinates": [
          -1.1104,
          39.3787
        ]
      }
    },
    {
      "type": "Feature",
      "properties": {
        "name": "28/09/2026 19:49:55",
        "COORD": "-1,0994,39,4095",
        "DATE": "2026-09-28",
        "TIME": "19:49",
        "MXI": "-17,51 kA.",
        "STR": "0",
        "SMA": "0,167 Km.",
        "SMI": "0,125 Km.",
        "CHI": "0,8",
        "metvlc_time_utc": "2026-09-28T17:49:00+00:00",
        "metvlc_time_source": "date+time",
        "metvlc_has_real_time": true,
        "metvlc_captura_utc": "2026-09-28T20:33:42+00:00",
        "metvlc_last_seen_utc": "2026-09-28T20:33:42+00:00",
        "metvlc_fuente": "SIGIF/GVA Rayos 24h KMZ"
      },
      "geometry": {
        "type": "Point",
        "coordinates": [
          -1.0994,
          39.4095
        ]
      }
    },
    {
      "type": "Feature",
      "properties": {
        "name": "28/09/2026 19:49:55",
        "COORD": "-1,0562,39,4323",
        "DATE": "2026-09-28",
        "TIME": "19:49",
        "MXI": "-5,64 kA.",
        "STR": "0",
        "SMA": "0,308 Km.",
        "SMI": "0,184 Km.",
        "CHI": "0,5",
        "metvlc_time_utc": "2026-09-28T17:49:00+00:00",
        "metvlc_time_source": "date+time",
        "metvlc_has_real_time": true,
        "metvlc_captura_utc": "2026-09-28T20:33:42+00:00",
        "metvlc_last_seen_utc": "2026-09-28T20:33:42+00:00",
        "metvlc_fuente": "SIGIF/GVA Rayos 24h KMZ"
      },
      "geometry": {
        "type": "Point",
        "coordinates": [
          -1.0562,
          39.4323
        ]
      }
    },
    {
      "type": "Feature",
      "properties": {
        "name": "28/09/2026 19:50:14",
        "COORD": "-1,0986,39,3993",
        "DATE": "2026-09-28",
        "TIME": "19:50",
        "MXI": "-12,61 kA.",
        "STR": "0",
        "SMA": "0,152 Km.",
        "SMI": "0,125 Km.",
        "CHI": "0,5",
        "metvlc_time_utc": "2026-09-28T17:50:00+00:00",
        "metvlc_time_source": "date+time",
        "metvlc_has_real_time": true,
        "metvlc_captura_utc": "2026-09-28T20:33:42+00:00",
        "metvlc_last_seen_utc": "2026-09-28T20:33:42+00:00",
        "metvlc_fuente": "SIGIF/GVA Rayos 24h KMZ"
      },
      "geometry": {
        "type": "Point",
        "coordinates": [
          -1.0986,
          39.3993
        ]
      }
    },
    {
      "type": "Feature",
      "properties": {
        "name": "28/09/2026 19:50:14",
        "COORD": "-1,1006,39,377",
        "DATE": "2026-09-28",
        "TIME": "19:50",
        "MXI": "-14,58 kA.",
        "STR": "0",
        "SMA": "0,184 Km.",
        "SMI": "0,12600003 Km.",
        "CHI": "0,7",
        "metvlc_time_utc": "2026-09-28T17:50:00+00:00",
        "metvlc_time_source": "date+time",
        "metvlc_has_real_time": true,
        "metvlc_captura_utc": "2026-09-28T20:33:42+00:00",
        "metvlc_last_seen_utc": "2026-09-28T20:33:42+00:00",
        "metvlc_fuente": "SIGIF/GVA Rayos 24h KMZ"
      },
      "geometry": {
        "type": "Point",
        "coordinates": [
          -1.1006,
          39.377
        ]
      }
    },
    {
      "type": "Feature",
      "properties": {
        "name": "28/09/2026 19:50:58",
        "COORD": "-1,0675,39,4014",
        "DATE": "2026-09-28",
        "TIME": "19:50",
        "MXI": "-21,88 kA.",
        "STR": "0",
        "SMA": "0,168 Km.",
        "SMI": "0,12600003 Km.",
        "CHI": "0,7",
        "metvlc_time_utc": "2026-09-28T17:50:00+00:00",
        "metvlc_time_source": "date+time",
        "metvlc_has_real_time": true,
        "metvlc_captura_utc": "2026-09-28T20:33:42+00:00",
        "metvlc_last_seen_utc": "2026-09-28T20:33:42+00:00",
        "metvlc_fuente": "SIGIF/GVA Rayos 24h KMZ"
      },
      "geometry": {
        "type": "Point",
        "coordinates": [
          -1.0675,
          39.4014
        ]
      }
    },
    {
      "type": "Feature",
      "properties": {
        "name": "28/09/2026 19:50:58",
        "COORD": "-1,0908,39,4084",
        "DATE": "2026-09-28",
        "TIME": "19:50",
        "MXI": "-14,62 kA.",
        "STR": "0",
        "SMA": "0,166 Km.",
        "SMI": "0,125 Km.",
        "CHI": "0,5",
        "metvlc_time_utc": "2026-09-28T17:50:00+00:00",
        "metvlc_time_source": "date+time",
        "metvlc_has_real_time": true,
        "metvlc_captura_utc": "2026-09-28T20:33:42+00:00",
        "metvlc_last_seen_utc": "2026-09-28T20:33:42+00:00",
        "metvlc_fuente": "SIGIF/GVA Rayos 24h KMZ"
      },
      "geometry": {
        "type": "Point",
        "coordinates": [
          -1.0908,
          39.4084
        ]
      }
    },
    {
      "type": "Feature",
      "properties": {
        "name": "28/09/2026 19:50:58",
        "COORD": "-1,0524,39,4166",
        "DATE": "2026-09-28",
        "TIME": "19:50",
        "MXI": "-22,03 kA.",
        "STR": "0",
        "SMA": "0,171 Km.",
        "SMI": "0,13300003 Km.",
        "CHI": "0,7",
        "metvlc_time_utc": "2026-09-28T17:50:00+00:00",
        "metvlc_time_source": "date+time",
        "metvlc_has_real_time": true,
        "metvlc_captura_utc": "2026-09-28T20:33:42+00:00",
        "metvlc_last_seen_utc": "2026-09-28T20:33:42+00:00",
        "metvlc_fuente": "SIGIF/GVA Rayos 24h KMZ"
      },
      "geometry": {
        "type": "Point",
        "coordinates": [
          -1.0524,
          39.4166
        ]
      }
    },
    {
      "type": "Feature",
      "properties": {
        "name": "28/09/2026 19:50:58",
        "COORD": "-1,0932,39,4064",
        "DATE": "2026-09-28",
        "TIME": "19:50",
        "MXI": "-13,37 kA.",
        "STR": "0",
        "SMA": "0,168 Km.",
        "SMI": "0,12600003 Km.",
        "CHI": "0,6",
        "metvlc_time_utc": "2026-09-28T17:50:00+00:00",
        "metvlc_time_source": "date+time",
        "metvlc_has_real_time": true,
        "metvlc_captura_utc": "2026-09-28T20:33:42+00:00",
        "metvlc_last_seen_utc": "2026-09-28T20:33:42+00:00",
        "metvlc_fuente": "SIGIF/GVA Rayos 24h KMZ"
      },
      "geometry": {
        "type": "Point",
        "coordinates": [
          -1.0932,
          39.4064
        ]
      }
    },
    {
      "type": "Feature",
      "properties": {
        "name": "28/09/2026 19:50:58",
        "COORD": "-1,1059,39,3809",
        "DATE": "2026-09-28",
        "TIME": "19:50",
        "MXI": "-17,12 kA.",
        "STR": "0",
        "SMA": "0,173 Km.",
        "SMI": "0,132 Km.",
        "CHI": "0,9",
        "metvlc_time_utc": "2026-09-28T17:50:00+00:00",
        "metvlc_time_source": "date+time",
        "metvlc_has_real_time": true,
        "metvlc_captura_utc": "2026-09-28T20:33:42+00:00",
        "metvlc_last_seen_utc": "2026-09-28T20:33:42+00:00",
        "metvlc_fuente": "SIGIF/GVA Rayos 24h KMZ"
      },
      "geometry": {
        "type": "Point",
        "coordinates": [
          -1.1059,
          39.3809
        ]
      }
    },
    {
      "type": "Feature",
      "properties": {
        "name": "28/09/2026 19:50:58",
        "COORD": "-1,0615,39,4393",
        "DATE": "2026-09-28",
        "TIME": "19:50",
        "MXI": "-11,71 kA.",
        "STR": "0",
        "SMA": "0,183 Km.",
        "SMI": "0,12599999 Km.",
        "CHI": "0,6",
        "metvlc_time_utc": "2026-09-28T17:50:00+00:00",
        "metvlc_time_source": "date+time",
        "metvlc_has_real_time": true,
        "metvlc_captura_utc": "2026-09-28T20:33:42+00:00",
        "metvlc_last_seen_utc": "2026-09-28T20:33:42+00:00",
        "metvlc_fuente": "SIGIF/GVA Rayos 24h KMZ"
      },
      "geometry": {
        "type": "Point",
        "coordinates": [
          -1.0615,
          39.4393
        ]
      }
    },
    {
      "type": "Feature",
      "properties": {
        "name": "28/09/2026 19:51:05",
        "COORD": "-1,0484,39,6129",
        "DATE": "2026-09-28",
        "TIME": "19:51",
        "MXI": "-24,69 kA.",
        "STR": "0",
        "SMA": "0,156 Km.",
        "SMI": "0,12600002 Km.",
        "CHI": "0,7",
        "metvlc_time_utc": "2026-09-28T17:51:00+00:00",
        "metvlc_time_source": "date+time",
        "metvlc_has_real_time": true,
        "metvlc_captura_utc": "2026-09-28T20:33:42+00:00",
        "metvlc_last_seen_utc": "2026-09-28T20:33:42+00:00",
        "metvlc_fuente": "SIGIF/GVA Rayos 24h KMZ"
      },
      "geometry": {
        "type": "Point",
        "coordinates": [
          -1.0484,
          39.6129
        ]
      }
    },
    {
      "type": "Feature",
      "properties": {
        "name": "28/09/2026 19:51:41",
        "COORD": "-1,032,39,4832",
        "DATE": "2026-09-28",
        "TIME": "19:51",
        "MXI": "-5,58 kA.",
        "STR": "0",
        "SMA": "2,233 Km.",
        "SMI": "0,34699997 Km.",
        "CHI": "1",
        "metvlc_time_utc": "2026-09-28T17:51:00+00:00",
        "metvlc_time_source": "date+time",
        "metvlc_has_real_time": true,
        "metvlc_captura_utc": "2026-09-28T20:33:42+00:00",
        "metvlc_last_seen_utc": "2026-09-28T20:33:42+00:00",
        "metvlc_fuente": "SIGIF/GVA Rayos 24h KMZ"
      },
      "geometry": {
        "type": "Point",
        "coordinates": [
          -1.032,
          39.4832
        ]
      }
    },
    {
      "type": "Feature",
      "properties": {
        "name": "28/09/2026 19:51:51",
        "COORD": "-1,0362,39,6551",
        "DATE": "2026-09-28",
        "TIME": "19:51",
        "MXI": "-9,64 kA.",
        "STR": "0",
        "SMA": "0,158 Km.",
        "SMI": "0,125 Km.",
        "CHI": "0,2",
        "metvlc_time_utc": "2026-09-28T17:51:00+00:00",
        "metvlc_time_source": "date+time",
        "metvlc_has_real_time": true,
        "metvlc_captura_utc": "2026-09-28T20:33:42+00:00",
        "metvlc_last_seen_utc": "2026-09-28T20:33:42+00:00",
        "metvlc_fuente": "SIGIF/GVA Rayos 24h KMZ"
      },
      "geometry": {
        "type": "Point",
        "coordinates": [
          -1.0362,
          39.6551
        ]
      }
    },
    {
      "type": "Feature",
      "properties": {
        "name": "28/09/2026 19:51:51",
        "COORD": "-1,0367,39,6553",
        "DATE": "2026-09-28",
        "TIME": "19:51",
        "MXI": "-14,5 kA.",
        "STR": "0",
        "SMA": "0,155 Km.",
        "SMI": "0,122999966 Km.",
        "CHI": "0,2",
        "metvlc_time_utc": "2026-09-28T17:51:00+00:00",
        "metvlc_time_source": "date+time",
        "metvlc_has_real_time": true,
        "metvlc_captura_utc": "2026-09-28T20:33:42+00:00",
        "metvlc_last_seen_utc": "2026-09-28T20:33:42+00:00",
        "metvlc_fuente": "SIGIF/GVA Rayos 24h KMZ"
      },
      "geometry": {
        "type": "Point",
        "coordinates": [
          -1.0367,
          39.6553
        ]
      }
    },
    {
      "type": "Feature",
      "properties": {
        "name": "28/09/2026 19:51:51",
        "COORD": "-1,0364,39,6547",
        "DATE": "2026-09-28",
        "TIME": "19:51",
        "MXI": "-15,89 kA.",
        "STR": "0",
        "SMA": "0,151 Km.",
        "SMI": "0,12399999 Km.",
        "CHI": "0,3",
        "metvlc_time_utc": "2026-09-28T17:51:00+00:00",
        "metvlc_time_source": "date+time",
        "metvlc_has_real_time": true,
        "metvlc_captura_utc": "2026-09-28T20:33:42+00:00",
        "metvlc_last_seen_utc": "2026-09-28T20:33:42+00:00",
        "metvlc_fuente": "SIGIF/GVA Rayos 24h KMZ"
      },
      "geometry": {
        "type": "Point",
        "coordinates": [
          -1.0364,
          39.6547
        ]
      }
    },
    {
      "type": "Feature",
      "properties": {
        "name": "28/09/2026 19:52:39",
        "COORD": "-1,0361,39,6582",
        "DATE": "2026-09-28",
        "TIME": "19:52",
        "MXI": "-21,31 kA.",
        "STR": "0",
        "SMA": "0,156 Km.",
        "SMI": "0,12600002 Km.",
        "CHI": "0,8",
        "metvlc_time_utc": "2026-09-28T17:52:00+00:00",
        "metvlc_time_source": "date+time",
        "metvlc_has_real_time": true,
        "metvlc_captura_utc": "2026-09-28T20:33:42+00:00",
        "metvlc_last_seen_utc": "2026-09-28T20:33:42+00:00",
        "metvlc_fuente": "SIGIF/GVA Rayos 24h KMZ"
      },
      "geometry": {
        "type": "Point",
        "coordinates": [
          -1.0361,
          39.6582
        ]
      }
    },
    {
      "type": "Feature",
      "properties": {
        "name": "28/09/2026 19:52:39",
        "COORD": "-1,0269,39,6517",
        "DATE": "2026-09-28",
        "TIME": "19:52",
        "MXI": "-25,01 kA.",
        "STR": "0",
        "SMA": "0,154 Km.",
        "SMI": "0,12400004 Km.",
        "CHI": "0,7",
        "metvlc_time_utc": "2026-09-28T17:52:00+00:00",
        "metvlc_time_source": "date+time",
        "metvlc_has_real_time": true,
        "metvlc_captura_utc": "2026-09-28T20:33:42+00:00",
        "metvlc_last_seen_utc": "2026-09-28T20:33:42+00:00",
        "metvlc_fuente": "SIGIF/GVA Rayos 24h KMZ"
      },
      "geometry": {
        "type": "Point",
        "coordinates": [
          -1.0269,
          39.6517
        ]
      }
    },
    {
      "type": "Feature",
      "properties": {
        "name": "28/09/2026 19:52:39",
        "COORD": "-1,0513,39,661",
        "DATE": "2026-09-28",
        "TIME": "19:52",
        "MXI": "-23,49 kA.",
        "STR": "0",
        "SMA": "0,164 Km.",
        "SMI": "0,12999995 Km.",
        "CHI": "0,7",
        "metvlc_time_utc": "2026-09-28T17:52:00+00:00",
        "metvlc_time_source": "date+time",
        "metvlc_has_real_time": true,
        "metvlc_captura_utc": "2026-09-28T20:33:42+00:00",
        "metvlc_last_seen_utc": "2026-09-28T20:33:42+00:00",
        "metvlc_fuente": "SIGIF/GVA Rayos 24h KMZ"
      },
      "geometry": {
        "type": "Point",
        "coordinates": [
          -1.0513,
          39.661
        ]
      }
    },
    {
      "type": "Feature",
      "properties": {
        "name": "28/09/2026 19:52:39",
        "COORD": "-1,0516,39,6609",
        "DATE": "2026-09-28",
        "TIME": "19:52",
        "MXI": "-16,65 kA.",
        "STR": "0",
        "SMA": "0,163 Km.",
        "SMI": "0,129 Km.",
        "CHI": "0,4",
        "metvlc_time_utc": "2026-09-28T17:52:00+00:00",
        "metvlc_time_source": "date+time",
        "metvlc_has_real_time": true,
        "metvlc_captura_utc": "2026-09-28T20:33:42+00:00",
        "metvlc_last_seen_utc": "2026-09-28T20:33:42+00:00",
        "metvlc_fuente": "SIGIF/GVA Rayos 24h KMZ"
      },
      "geometry": {
        "type": "Point",
        "coordinates": [
          -1.0516,
          39.6609
        ]
      }
    },
    {
      "type": "Feature",
      "properties": {
        "name": "28/09/2026 19:52:39",
        "COORD": "-1,0508,39,661",
        "DATE": "2026-09-28",
        "TIME": "19:52",
        "MXI": "-7,71 kA.",
        "STR": "0",
        "SMA": "0,197 Km.",
        "SMI": "0,16600001 Km.",
        "CHI": "0,1",
        "metvlc_time_utc": "2026-09-28T17:52:00+00:00",
        "metvlc_time_source": "date+time",
        "metvlc_has_real_time": true,
        "metvlc_captura_utc": "2026-09-28T20:33:42+00:00",
        "metvlc_last_seen_utc": "2026-09-28T20:33:42+00:00",
        "metvlc_fuente": "SIGIF/GVA Rayos 24h KMZ"
      },
      "geometry": {
        "type": "Point",
        "coordinates": [
          -1.0508,
          39.661
        ]
      }
    },
    {
      "type": "Feature",
      "properties": {
        "name": "28/09/2026 19:52:39",
        "COORD": "-1,0511,39,6613",
        "DATE": "2026-09-28",
        "TIME": "19:52",
        "MXI": "-11,24 kA.",
        "STR": "0",
        "SMA": "0,163 Km.",
        "SMI": "0,13299999 Km.",
        "CHI": "0,3",
        "metvlc_time_utc": "2026-09-28T17:52:00+00:00",
        "metvlc_time_source": "date+time",
        "metvlc_has_real_time": true,
        "metvlc_captura_utc": "2026-09-28T20:33:42+00:00",
        "metvlc_last_seen_utc": "2026-09-28T20:33:42+00:00",
        "metvlc_fuente": "SIGIF/GVA Rayos 24h KMZ"
      },
      "geometry": {
        "type": "Point",
        "coordinates": [
          -1.0511,
          39.6613
        ]
      }
    },
    {
      "type": "Feature",
      "properties": {
        "name": "28/09/2026 19:52:39",
        "COORD": "-1,0514,39,661",
        "DATE": "2026-09-28",
        "TIME": "19:52",
        "MXI": "-11,04 kA.",
        "STR": "0",
        "SMA": "0,162 Km.",
        "SMI": "0,13 Km.",
        "CHI": "0,3",
        "metvlc_time_utc": "2026-09-28T17:52:00+00:00",
        "metvlc_time_source": "date+time",
        "metvlc_has_real_time": true,
        "metvlc_captura_utc": "2026-09-28T20:33:42+00:00",
        "metvlc_last_seen_utc": "2026-09-28T20:33:42+00:00",
        "metvlc_fuente": "SIGIF/GVA Rayos 24h KMZ"
      },
      "geometry": {
        "type": "Point",
        "coordinates": [
          -1.0514,
          39.661
        ]
      }
    },
    {
      "type": "Feature",
      "properties": {
        "name": "28/09/2026 19:52:45",
        "COORD": "-1,0705,39,4024",
        "DATE": "2026-09-28",
        "TIME": "19:52",
        "MXI": "-12,31 kA.",
        "STR": "0",
        "SMA": "0,178 Km.",
        "SMI": "0,13099997 Km.",
        "CHI": "0,5",
        "metvlc_time_utc": "2026-09-28T17:52:00+00:00",
        "metvlc_time_source": "date+time",
        "metvlc_has_real_time": true,
        "metvlc_captura_utc": "2026-09-28T20:33:42+00:00",
        "metvlc_last_seen_utc": "2026-09-28T20:33:42+00:00",
        "metvlc_fuente": "SIGIF/GVA Rayos 24h KMZ"
      },
      "geometry": {
        "type": "Point",
        "coordinates": [
          -1.0705,
          39.4024
        ]
      }
    },
    {
      "type": "Feature",
      "properties": {
        "name": "28/09/2026 19:52:46",
        "COORD": "-1,071,39,4028",
        "DATE": "2026-09-28",
        "TIME": "19:52",
        "MXI": "-16,79 kA.",
        "STR": "0",
        "SMA": "0,167 Km.",
        "SMI": "0,12599997 Km.",
        "CHI": "0,5",
        "metvlc_time_utc": "2026-09-28T17:52:00+00:00",
        "metvlc_time_source": "date+time",
        "metvlc_has_real_time": true,
        "metvlc_captura_utc": "2026-09-28T20:33:42+00:00",
        "metvlc_last_seen_utc": "2026-09-28T20:33:42+00:00",
        "metvlc_fuente": "SIGIF/GVA Rayos 24h KMZ"
      },
      "geometry": {
        "type": "Point",
        "coordinates": [
          -1.071,
          39.4028
        ]
      }
    },
    {
      "type": "Feature",
      "properties": {
        "name": "28/09/2026 19:52:46",
        "COORD": "-1,0713,39,4033",
        "DATE": "2026-09-28",
        "TIME": "19:52",
        "MXI": "-8,17 kA.",
        "STR": "0",
        "SMA": "0,239 Km.",
        "SMI": "0,17700006 Km.",
        "CHI": "1,1",
        "metvlc_time_utc": "2026-09-28T17:52:00+00:00",
        "metvlc_time_source": "date+time",
        "metvlc_has_real_time": true,
        "metvlc_captura_utc": "2026-09-28T20:33:42+00:00",
        "metvlc_last_seen_utc": "2026-09-28T20:33:42+00:00",
        "metvlc_fuente": "SIGIF/GVA Rayos 24h KMZ"
      },
      "geometry": {
        "type": "Point",
        "coordinates": [
          -1.0713,
          39.4033
        ]
      }
    },
    {
      "type": "Feature",
      "properties": {
        "name": "28/09/2026 19:53:02",
        "COORD": "-1,1551,39,9957",
        "DATE": "2026-09-28",
        "TIME": "19:53",
        "MXI": "-14,81 kA.",
        "STR": "0",
        "SMA": "0,158 Km.",
        "SMI": "0,13400006 Km.",
        "CHI": "0,6",
        "metvlc_time_utc": "2026-09-28T17:53:00+00:00",
        "metvlc_time_source": "date+time",
        "metvlc_has_real_time": true,
        "metvlc_captura_utc": "2026-09-28T20:33:42+00:00",
        "metvlc_last_seen_utc": "2026-09-28T20:33:42+00:00",
        "metvlc_fuente": "SIGIF/GVA Rayos 24h KMZ"
      },
      "geometry": {
        "type": "Point",
        "coordinates": [
          -1.1551,
          39.9957
        ]
      }
    },
    {
      "type": "Feature",
      "properties": {
        "name": "28/09/2026 19:54:03",
        "COORD": "-1,0663,39,4163",
        "DATE": "2026-09-28",
        "TIME": "19:54",
        "MXI": "-64,72 kA.",
        "STR": "0",
        "SMA": "0,168 Km.",
        "SMI": "0,12699997 Km.",
        "CHI": "1,4",
        "metvlc_time_utc": "2026-09-28T17:54:00+00:00",
        "metvlc_time_source": "date+time",
        "metvlc_has_real_time": true,
        "metvlc_captura_utc": "2026-09-28T20:33:42+00:00",
        "metvlc_last_seen_utc": "2026-09-28T20:33:42+00:00",
        "metvlc_fuente": "SIGIF/GVA Rayos 24h KMZ"
      },
      "geometry": {
        "type": "Point",
        "coordinates": [
          -1.0663,
          39.4163
        ]
      }
    },
    {
      "type": "Feature",
      "properties": {
        "name": "28/09/2026 19:54:03",
        "COORD": "-1,0593,39,4218",
        "DATE": "2026-09-28",
        "TIME": "19:54",
        "MXI": "-35,21 kA.",
        "STR": "0",
        "SMA": "0,169 Km.",
        "SMI": "0,12899995 Km.",
        "CHI": "1,2",
        "metvlc_time_utc": "2026-09-28T17:54:00+00:00",
        "metvlc_time_source": "date+time",
        "metvlc_has_real_time": true,
        "metvlc_captura_utc": "2026-09-28T20:33:42+00:00",
        "metvlc_last_seen_utc": "2026-09-28T20:33:42+00:00",
        "metvlc_fuente": "SIGIF/GVA Rayos 24h KMZ"
      },
      "geometry": {
        "type": "Point",
        "coordinates": [
          -1.0593,
          39.4218
        ]
      }
    },
    {
      "type": "Feature",
      "properties": {
        "name": "28/09/2026 19:54:04",
        "COORD": "-1,0589,39,4215",
        "DATE": "2026-09-28",
        "TIME": "19:54",
        "MXI": "-26,12 kA.",
        "STR": "0",
        "SMA": "0,173 Km.",
        "SMI": "0,11999997 Km.",
        "CHI": "1,2",
        "metvlc_time_utc": "2026-09-28T17:54:00+00:00",
        "metvlc_time_source": "date+time",
        "metvlc_has_real_time": true,
        "metvlc_captura_utc": "2026-09-28T20:33:42+00:00",
        "metvlc_last_seen_utc": "2026-09-28T20:33:42+00:00",
        "metvlc_fuente": "SIGIF/GVA Rayos 24h KMZ"
      },
      "geometry": {
        "type": "Point",
        "coordinates": [
          -1.0589,
          39.4215
        ]
      }
    },
    {
      "type": "Feature",
      "properties": {
        "name": "28/09/2026 19:54:05",
        "COORD": "-1,0367,39,6618",
        "DATE": "2026-09-28",
        "TIME": "19:54",
        "MXI": "-5,58 kA.",
        "STR": "0",
        "SMA": "0,285 Km.",
        "SMI": "0,228 Km.",
        "CHI": "0,6",
        "metvlc_time_utc": "2026-09-28T17:54:00+00:00",
        "metvlc_time_source": "date+time",
        "metvlc_has_real_time": true,
        "metvlc_captura_utc": "2026-09-28T20:33:42+00:00",
        "metvlc_last_seen_utc": "2026-09-28T20:33:42+00:00",
        "metvlc_fuente": "SIGIF/GVA Rayos 24h KMZ"
      },
      "geometry": {
        "type": "Point",
        "coordinates": [
          -1.0367,
          39.6618
        ]
      }
    },
    {
      "type": "Feature",
      "properties": {
        "name": "28/09/2026 19:59:30",
        "COORD": "-1,0469,39,7152",
        "DATE": "2026-09-28",
        "TIME": "19:59",
        "MXI": "-35,35 kA.",
        "STR": "0",
        "SMA": "0,156 Km.",
        "SMI": "0,12900004 Km.",
        "CHI": "0,8",
        "metvlc_time_utc": "2026-09-28T17:59:00+00:00",
        "metvlc_time_source": "date+time",
        "metvlc_has_real_time": true,
        "metvlc_captura_utc": "2026-09-28T20:33:42+00:00",
        "metvlc_last_seen_utc": "2026-09-28T20:33:42+00:00",
        "metvlc_fuente": "SIGIF/GVA Rayos 24h KMZ"
      },
      "geometry": {
        "type": "Point",
        "coordinates": [
          -1.0469,
          39.7152
        ]
      }
    },
    {
      "type": "Feature",
      "properties": {
        "name": "28/09/2026 19:59:30",
        "COORD": "-1,0466,39,7149",
        "DATE": "2026-09-28",
        "TIME": "19:59",
        "MXI": "-15,9 kA.",
        "STR": "0",
        "SMA": "0,162 Km.",
        "SMI": "0,13199997 Km.",
        "CHI": "0,5",
        "metvlc_time_utc": "2026-09-28T17:59:00+00:00",
        "metvlc_time_source": "date+time",
        "metvlc_has_real_time": true,
        "metvlc_captura_utc": "2026-09-28T20:33:42+00:00",
        "metvlc_last_seen_utc": "2026-09-28T20:33:42+00:00",
        "metvlc_fuente": "SIGIF/GVA Rayos 24h KMZ"
      },
      "geometry": {
        "type": "Point",
        "coordinates": [
          -1.0466,
          39.7149
        ]
      }
    },
    {
      "type": "Feature",
      "properties": {
        "name": "28/09/2026 19:59:30",
        "COORD": "-0,9938,39,6632",
        "DATE": "2026-09-28",
        "TIME": "19:59",
        "MXI": "-11,12 kA.",
        "STR": "0",
        "SMA": "0,159 Km.",
        "SMI": "0,13100004 Km.",
        "CHI": "0,4",
        "metvlc_time_utc": "2026-09-28T17:59:00+00:00",
        "metvlc_time_source": "date+time",
        "metvlc_has_real_time": true,
        "metvlc_captura_utc": "2026-09-28T20:33:42+00:00",
        "metvlc_last_seen_utc": "2026-09-28T20:33:42+00:00",
        "metvlc_fuente": "SIGIF/GVA Rayos 24h KMZ"
      },
      "geometry": {
        "type": "Point",
        "coordinates": [
          -0.9938,
          39.6632
        ]
      }
    },
    {
      "type": "Feature",
      "properties": {
        "name": "28/09/2026 20:00:23",
        "COORD": "-1,0514,39,7075",
        "DATE": "2026-09-28",
        "TIME": "20:00",
        "MXI": "-5,44 kA.",
        "STR": "0",
        "SMA": "0,233 Km.",
        "SMI": "0,22099993 Km.",
        "CHI": "0,1",
        "metvlc_time_utc": "2026-09-28T18:00:00+00:00",
        "metvlc_time_source": "date+time",
        "metvlc_has_real_time": true,
        "metvlc_captura_utc": "2026-09-28T20:33:42+00:00",
        "metvlc_last_seen_utc": "2026-09-28T20:33:42+00:00",
        "metvlc_fuente": "SIGIF/GVA Rayos 24h KMZ"
      },
      "geometry": {
        "type": "Point",
        "coordinates": [
          -1.0514,
          39.7075
        ]
      }
    },
    {
      "type": "Feature",
      "properties": {
        "name": "28/09/2026 20:00:51",
        "COORD": "-1,1303,40,0008",
        "DATE": "2026-09-28",
        "TIME": "20:00",
        "MXI": "-12,57 kA.",
        "STR": "0",
        "SMA": "0,182 Km.",
        "SMI": "0,144 Km.",
        "CHI": "0,7",
        "metvlc_time_utc": "2026-09-28T18:00:00+00:00",
        "metvlc_time_source": "date+time",
        "metvlc_has_real_time": true,
        "metvlc_captura_utc": "2026-09-28T20:33:42+00:00",
        "metvlc_last_seen_utc": "2026-09-28T20:33:42+00:00",
        "metvlc_fuente": "SIGIF/GVA Rayos 24h KMZ"
      },
      "geometry": {
        "type": "Point",
        "coordinates": [
          -1.1303,
          40.0008
        ]
      }
    },
    {
      "type": "Feature",
      "properties": {
        "name": "28/09/2026 20:00:51",
        "COORD": "-1,1483,39,9838",
        "DATE": "2026-09-28",
        "TIME": "20:00",
        "MXI": "-18,65 kA.",
        "STR": "0",
        "SMA": "0,156 Km.",
        "SMI": "0,13200003 Km.",
        "CHI": "0,4",
        "metvlc_time_utc": "2026-09-28T18:00:00+00:00",
        "metvlc_time_source": "date+time",
        "metvlc_has_real_time": true,
        "metvlc_captura_utc": "2026-09-28T20:33:42+00:00",
        "metvlc_last_seen_utc": "2026-09-28T20:33:42+00:00",
        "metvlc_fuente": "SIGIF/GVA Rayos 24h KMZ"
      },
      "geometry": {
        "type": "Point",
        "coordinates": [
          -1.1483,
          39.9838
        ]
      }
    },
    {
      "type": "Feature",
      "properties": {
        "name": "28/09/2026 20:00:56",
        "COORD": "-1,0018,39,6844",
        "DATE": "2026-09-28",
        "TIME": "20:00",
        "MXI": "25,88 kA.",
        "STR": "0",
        "SMA": "0,178 Km.",
        "SMI": "0,16299993 Km.",
        "CHI": "1,1",
        "metvlc_time_utc": "2026-09-28T18:00:00+00:00",
        "metvlc_time_source": "date+time",
        "metvlc_has_real_time": true,
        "metvlc_captura_utc": "2026-09-28T20:33:42+00:00",
        "metvlc_last_seen_utc": "2026-09-28T20:33:42+00:00",
        "metvlc_fuente": "SIGIF/GVA Rayos 24h KMZ"
      },
      "geometry": {
        "type": "Point",
        "coordinates": [
          -1.0018,
          39.6844
        ]
      }
    },
    {
      "type": "Feature",
      "properties": {
        "name": "28/09/2026 20:00:58",
        "COORD": "-1,115,39,6271",
        "DATE": "2026-09-28",
        "TIME": "20:00",
        "MXI": "-16,95 kA.",
        "STR": "0",
        "SMA": "0,165 Km.",
        "SMI": "0,13299996 Km.",
        "CHI": "0,9",
        "metvlc_time_utc": "2026-09-28T18:00:00+00:00",
        "metvlc_time_source": "date+time",
        "metvlc_has_real_time": true,
        "metvlc_captura_utc": "2026-09-28T20:33:42+00:00",
        "metvlc_last_seen_utc": "2026-09-28T20:33:42+00:00",
        "metvlc_fuente": "SIGIF/GVA Rayos 24h KMZ"
      },
      "geometry": {
        "type": "Point",
        "coordinates": [
          -1.115,
          39.6271
        ]
      }
    },
    {
      "type": "Feature",
      "properties": {
        "name": "28/09/2026 20:01:21",
        "COORD": "-1,0451,39,7222",
        "DATE": "2026-09-28",
        "TIME": "20:01",
        "MXI": "-18,94 kA.",
        "STR": "0",
        "SMA": "0,161 Km.",
        "SMI": "0,13099997 Km.",
        "CHI": "0,7",
        "metvlc_time_utc": "2026-09-28T18:01:00+00:00",
        "metvlc_time_source": "date+time",
        "metvlc_has_real_time": true,
        "metvlc_captura_utc": "2026-09-28T20:33:42+00:00",
        "metvlc_last_seen_utc": "2026-09-28T20:33:42+00:00",
        "metvlc_fuente": "SIGIF/GVA Rayos 24h KMZ"
      },
      "geometry": {
        "type": "Point",
        "coordinates": [
          -1.0451,
          39.7222
        ]
      }
    },
    {
      "type": "Feature",
      "properties": {
        "name": "28/09/2026 20:01:21",
        "COORD": "-1,0504,39,7178",
        "DATE": "2026-09-28",
        "TIME": "20:01",
        "MXI": "-13,69 kA.",
        "STR": "0",
        "SMA": "0,159 Km.",
        "SMI": "0,12999998 Km.",
        "CHI": "0,5",
        "metvlc_time_utc": "2026-09-28T18:01:00+00:00",
        "metvlc_time_source": "date+time",
        "metvlc_has_real_time": true,
        "metvlc_captura_utc": "2026-09-28T20:33:42+00:00",
        "metvlc_last_seen_utc": "2026-09-28T20:33:42+00:00",
        "metvlc_fuente": "SIGIF/GVA Rayos 24h KMZ"
      },
      "geometry": {
        "type": "Point",
        "coordinates": [
          -1.0504,
          39.7178
        ]
      }
    },
    {
      "type": "Feature",
      "properties": {
        "name": "28/09/2026 20:01:21",
        "COORD": "-1,0367,39,6982",
        "DATE": "2026-09-28",
        "TIME": "20:01",
        "MXI": "-15 kA.",
        "STR": "0",
        "SMA": "0,163 Km.",
        "SMI": "0,13200006 Km.",
        "CHI": "0,3",
        "metvlc_time_utc": "2026-09-28T18:01:00+00:00",
        "metvlc_time_source": "date+time",
        "metvlc_has_real_time": true,
        "metvlc_captura_utc": "2026-09-28T20:33:42+00:00",
        "metvlc_last_seen_utc": "2026-09-28T20:33:42+00:00",
        "metvlc_fuente": "SIGIF/GVA Rayos 24h KMZ"
      },
      "geometry": {
        "type": "Point",
        "coordinates": [
          -1.0367,
          39.6982
        ]
      }
    },
    {
      "type": "Feature",
      "properties": {
        "name": "28/09/2026 20:01:21",
        "COORD": "-1,0475,39,7208",
        "DATE": "2026-09-28",
        "TIME": "20:01",
        "MXI": "-21,23 kA.",
        "STR": "0",
        "SMA": "0,162 Km.",
        "SMI": "0,13100001 Km.",
        "CHI": "0,6",
        "metvlc_time_utc": "2026-09-28T18:01:00+00:00",
        "metvlc_time_source": "date+time",
        "metvlc_has_real_time": true,
        "metvlc_captura_utc": "2026-09-28T20:33:42+00:00",
        "metvlc_last_seen_utc": "2026-09-28T20:33:42+00:00",
        "metvlc_fuente": "SIGIF/GVA Rayos 24h KMZ"
      },
      "geometry": {
        "type": "Point",
        "coordinates": [
          -1.0475,
          39.7208
        ]
      }
    },
    {
      "type": "Feature",
      "properties": {
        "name": "28/09/2026 20:02:28",
        "COORD": "-0,9688,39,6411",
        "DATE": "2026-09-28",
        "TIME": "20:02",
        "MXI": "-32,76 kA.",
        "STR": "0",
        "SMA": "0,153 Km.",
        "SMI": "0,125 Km.",
        "CHI": "0,7",
        "metvlc_time_utc": "2026-09-28T18:02:00+00:00",
        "metvlc_time_source": "date+time",
        "metvlc_has_real_time": true,
        "metvlc_captura_utc": "2026-09-28T20:33:42+00:00",
        "metvlc_last_seen_utc": "2026-09-28T20:33:42+00:00",
        "metvlc_fuente": "SIGIF/GVA Rayos 24h KMZ"
      },
      "geometry": {
        "type": "Point",
        "coordinates": [
          -0.9688,
          39.6411
        ]
      }
    },
    {
      "type": "Feature",
      "properties": {
        "name": "28/09/2026 20:02:28",
        "COORD": "-0,9689,39,6414",
        "DATE": "2026-09-28",
        "TIME": "20:02",
        "MXI": "-36,7 kA.",
        "STR": "0",
        "SMA": "0,175 Km.",
        "SMI": "0,11900002 Km.",
        "CHI": "0,5",
        "metvlc_time_utc": "2026-09-28T18:02:00+00:00",
        "metvlc_time_source": "date+time",
        "metvlc_has_real_time": true,
        "metvlc_captura_utc": "2026-09-28T20:33:42+00:00",
        "metvlc_last_seen_utc": "2026-09-28T20:33:42+00:00",
        "metvlc_fuente": "SIGIF/GVA Rayos 24h KMZ"
      },
      "geometry": {
        "type": "Point",
        "coordinates": [
          -0.9689,
          39.6414
        ]
      }
    },
    {
      "type": "Feature",
      "properties": {
        "name": "28/09/2026 20:04:24",
        "COORD": "-0,9935,39,5121",
        "DATE": "2026-09-28",
        "TIME": "20:04",
        "MXI": "-178,52 kA.",
        "STR": "0",
        "SMA": "0,213 Km.",
        "SMI": "0,12700002 Km.",
        "CHI": "1,6",
        "metvlc_time_utc": "2026-09-28T18:04:00+00:00",
        "metvlc_time_source": "date+time",
        "metvlc_has_real_time": true,
        "metvlc_captura_utc": "2026-09-28T20:33:42+00:00",
        "metvlc_last_seen_utc": "2026-09-28T20:33:42+00:00",
        "metvlc_fuente": "SIGIF/GVA Rayos 24h KMZ"
      },
      "geometry": {
        "type": "Point",
        "coordinates": [
          -0.9935,
          39.5121
        ]
      }
    },
    {
      "type": "Feature",
      "properties": {
        "name": "28/09/2026 20:04:24",
        "COORD": "-0,9952,39,511",
        "DATE": "2026-09-28",
        "TIME": "20:04",
        "MXI": "-18,97 kA.",
        "STR": "0",
        "SMA": "0,209 Km.",
        "SMI": "0,119999975 Km.",
        "CHI": "0,5",
        "metvlc_time_utc": "2026-09-28T18:04:00+00:00",
        "metvlc_time_source": "date+time",
        "metvlc_has_real_time": true,
        "metvlc_captura_utc": "2026-09-28T20:33:42+00:00",
        "metvlc_last_seen_utc": "2026-09-28T20:33:42+00:00",
        "metvlc_fuente": "SIGIF/GVA Rayos 24h KMZ"
      },
      "geometry": {
        "type": "Point",
        "coordinates": [
          -0.9952,
          39.511
        ]
      }
    },
    {
      "type": "Feature",
      "properties": {
        "name": "28/09/2026 20:04:24",
        "COORD": "-0,9942,39,5119",
        "DATE": "2026-09-28",
        "TIME": "20:04",
        "MXI": "-29,45 kA.",
        "STR": "0",
        "SMA": "0,165 Km.",
        "SMI": "0,125 Km.",
        "CHI": "0,7",
        "metvlc_time_utc": "2026-09-28T18:04:00+00:00",
        "metvlc_time_source": "date+time",
        "metvlc_has_real_time": true,
        "metvlc_captura_utc": "2026-09-28T20:33:42+00:00",
        "metvlc_last_seen_utc": "2026-09-28T20:33:42+00:00",
        "metvlc_fuente": "SIGIF/GVA Rayos 24h KMZ"
      },
      "geometry": {
        "type": "Point",
        "coordinates": [
          -0.9942,
          39.5119
        ]
      }
    },
    {
      "type": "Feature",
      "properties": {
        "name": "28/09/2026 20:04:24",
        "COORD": "-0,9938,39,5137",
        "DATE": "2026-09-28",
        "TIME": "20:04",
        "MXI": "-9,49 kA.",
        "STR": "0",
        "SMA": "0,405 Km.",
        "SMI": "0,17499998 Km.",
        "CHI": "0,7",
        "metvlc_time_utc": "2026-09-28T18:04:00+00:00",
        "metvlc_time_source": "date+time",
        "metvlc_has_real_time": true,
        "metvlc_captura_utc": "2026-09-28T20:33:42+00:00",
        "metvlc_last_seen_utc": "2026-09-28T20:33:42+00:00",
        "metvlc_fuente": "SIGIF/GVA Rayos 24h KMZ"
      },
      "geometry": {
        "type": "Point",
        "coordinates": [
          -0.9938,
          39.5137
        ]
      }
    },
    {
      "type": "Feature",
      "properties": {
        "name": "28/09/2026 20:04:24",
        "COORD": "-0,9944,39,5122",
        "DATE": "2026-09-28",
        "TIME": "20:04",
        "MXI": "-29,69 kA.",
        "STR": "0",
        "SMA": "0,176 Km.",
        "SMI": "0,12900001 Km.",
        "CHI": "0,5",
        "metvlc_time_utc": "2026-09-28T18:04:00+00:00",
        "metvlc_time_source": "date+time",
        "metvlc_has_real_time": true,
        "metvlc_captura_utc": "2026-09-28T20:33:42+00:00",
        "metvlc_last_seen_utc": "2026-09-28T20:33:42+00:00",
        "metvlc_fuente": "SIGIF/GVA Rayos 24h KMZ"
      },
      "geometry": {
        "type": "Point",
        "coordinates": [
          -0.9944,
          39.5122
        ]
      }
    },
    {
      "type": "Feature",
      "properties": {
        "name": "28/09/2026 20:04:24",
        "COORD": "-0,9938,39,5119",
        "DATE": "2026-09-28",
        "TIME": "20:04",
        "MXI": "-20,38 kA.",
        "STR": "0",
        "SMA": "0,158 Km.",
        "SMI": "0,12399996 Km.",
        "CHI": "0,9",
        "metvlc_time_utc": "2026-09-28T18:04:00+00:00",
        "metvlc_time_source": "date+time",
        "metvlc_has_real_time": true,
        "metvlc_captura_utc": "2026-09-28T20:33:42+00:00",
        "metvlc_last_seen_utc": "2026-09-28T20:33:42+00:00",
        "metvlc_fuente": "SIGIF/GVA Rayos 24h KMZ"
      },
      "geometry": {
        "type": "Point",
        "coordinates": [
          -0.9938,
          39.5119
        ]
      }
    },
    {
      "type": "Feature",
      "properties": {
        "name": "28/09/2026 20:04:24",
        "COORD": "-0,9943,39,5124",
        "DATE": "2026-09-28",
        "TIME": "20:04",
        "MXI": "-6,45 kA.",
        "STR": "0",
        "SMA": "0,217 Km.",
        "SMI": "0,16799995 Km.",
        "CHI": "0,6",
        "metvlc_time_utc": "2026-09-28T18:04:00+00:00",
        "metvlc_time_source": "date+time",
        "metvlc_has_real_time": true,
        "metvlc_captura_utc": "2026-09-28T20:33:42+00:00",
        "metvlc_last_seen_utc": "2026-09-28T20:33:42+00:00",
        "metvlc_fuente": "SIGIF/GVA Rayos 24h KMZ"
      },
      "geometry": {
        "type": "Point",
        "coordinates": [
          -0.9943,
          39.5124
        ]
      }
    },
    {
      "type": "Feature",
      "properties": {
        "name": "28/09/2026 20:04:24",
        "COORD": "-0,994,39,5116",
        "DATE": "2026-09-28",
        "TIME": "20:04",
        "MXI": "-23,81 kA.",
        "STR": "0",
        "SMA": "0,166 Km.",
        "SMI": "0,125 Km.",
        "CHI": "0,9",
        "metvlc_time_utc": "2026-09-28T18:04:00+00:00",
        "metvlc_time_source": "date+time",
        "metvlc_has_real_time": true,
        "metvlc_captura_utc": "2026-09-28T20:33:42+00:00",
        "metvlc_last_seen_utc": "2026-09-28T20:33:42+00:00",
        "metvlc_fuente": "SIGIF/GVA Rayos 24h KMZ"
      },
      "geometry": {
        "type": "Point",
        "coordinates": [
          -0.994,
          39.5116
        ]
      }
    },
    {
      "type": "Feature",
      "properties": {
        "name": "28/09/2026 20:04:24",
        "COORD": "-0,9943,39,5132",
        "DATE": "2026-09-28",
        "TIME": "20:04",
        "MXI": "-7,24 kA.",
        "STR": "0",
        "SMA": "0,319 Km.",
        "SMI": "0,171 Km.",
        "CHI": "1,3",
        "metvlc_time_utc": "2026-09-28T18:04:00+00:00",
        "metvlc_time_source": "date+time",
        "metvlc_has_real_time": true,
        "metvlc_captura_utc": "2026-09-28T20:33:42+00:00",
        "metvlc_last_seen_utc": "2026-09-28T20:33:42+00:00",
        "metvlc_fuente": "SIGIF/GVA Rayos 24h KMZ"
      },
      "geometry": {
        "type": "Point",
        "coordinates": [
          -0.9943,
          39.5132
        ]
      }
    },
    {
      "type": "Feature",
      "properties": {
        "name": "28/09/2026 20:04:24",
        "COORD": "-0,994,39,512",
        "DATE": "2026-09-28",
        "TIME": "20:04",
        "MXI": "-10,01 kA.",
        "STR": "0",
        "SMA": "0,197 Km.",
        "SMI": "0,15299995 Km.",
        "CHI": "0,4",
        "metvlc_time_utc": "2026-09-28T18:04:00+00:00",
        "metvlc_time_source": "date+time",
        "metvlc_has_real_time": true,
        "metvlc_captura_utc": "2026-09-28T20:33:42+00:00",
        "metvlc_last_seen_utc": "2026-09-28T20:33:42+00:00",
        "metvlc_fuente": "SIGIF/GVA Rayos 24h KMZ"
      },
      "geometry": {
        "type": "Point",
        "coordinates": [
          -0.994,
          39.512
        ]
      }
    },
    {
      "type": "Feature",
      "properties": {
        "name": "28/09/2026 20:07:18",
        "COORD": "-1,0136,39,6993",
        "DATE": "2026-09-28",
        "TIME": "20:07",
        "MXI": "-17,31 kA.",
        "STR": "0",
        "SMA": "0,16 Km.",
        "SMI": "0,121 Km.",
        "CHI": "0,5",
        "metvlc_time_utc": "2026-09-28T18:07:00+00:00",
        "metvlc_time_source": "date+time",
        "metvlc_has_real_time": true,
        "metvlc_captura_utc": "2026-09-28T20:33:42+00:00",
        "metvlc_last_seen_utc": "2026-09-28T20:33:42+00:00",
        "metvlc_fuente": "SIGIF/GVA Rayos 24h KMZ"
      },
      "geometry": {
        "type": "Point",
        "coordinates": [
          -1.0136,
          39.6993
        ]
      }
    },
    {
      "type": "Feature",
      "properties": {
        "name": "28/09/2026 20:09:19",
        "COORD": "-1,0209,39,7126",
        "DATE": "2026-09-28",
        "TIME": "20:09",
        "MXI": "-12,6 kA.",
        "STR": "0",
        "SMA": "0,162 Km.",
        "SMI": "0,13199997 Km.",
        "CHI": "0,3",
        "metvlc_time_utc": "2026-09-28T18:09:00+00:00",
        "metvlc_time_source": "date+time",
        "metvlc_has_real_time": true,
        "metvlc_captura_utc": "2026-09-28T20:33:42+00:00",
        "metvlc_last_seen_utc": "2026-09-28T20:33:42+00:00",
        "metvlc_fuente": "SIGIF/GVA Rayos 24h KMZ"
      },
      "geometry": {
        "type": "Point",
        "coordinates": [
          -1.0209,
          39.7126
        ]
      }
    },
    {
      "type": "Feature",
      "properties": {
        "name": "28/09/2026 20:09:19",
        "COORD": "-1,0148,39,7006",
        "DATE": "2026-09-28",
        "TIME": "20:09",
        "MXI": "-11,5 kA.",
        "STR": "0",
        "SMA": "0,16 Km.",
        "SMI": "0,12600003 Km.",
        "CHI": "0,3",
        "metvlc_time_utc": "2026-09-28T18:09:00+00:00",
        "metvlc_time_source": "date+time",
        "metvlc_has_real_time": true,
        "metvlc_captura_utc": "2026-09-28T20:33:42+00:00",
        "metvlc_last_seen_utc": "2026-09-28T20:33:42+00:00",
        "metvlc_fuente": "SIGIF/GVA Rayos 24h KMZ"
      },
      "geometry": {
        "type": "Point",
        "coordinates": [
          -1.0148,
          39.7006
        ]
      }
    },
    {
      "type": "Feature",
      "properties": {
        "name": "28/09/2026 20:09:19",
        "COORD": "-1,0142,39,6984",
        "DATE": "2026-09-28",
        "TIME": "20:09",
        "MXI": "-9,65 kA.",
        "STR": "0",
        "SMA": "0,164 Km.",
        "SMI": "0,125 Km.",
        "CHI": "0,2",
        "metvlc_time_utc": "2026-09-28T18:09:00+00:00",
        "metvlc_time_source": "date+time",
        "metvlc_has_real_time": true,
        "metvlc_captura_utc": "2026-09-28T20:33:42+00:00",
        "metvlc_last_seen_utc": "2026-09-28T20:33:42+00:00",
        "metvlc_fuente": "SIGIF/GVA Rayos 24h KMZ"
      },
      "geometry": {
        "type": "Point",
        "coordinates": [
          -1.0142,
          39.6984
        ]
      }
    },
    {
      "type": "Feature",
      "properties": {
        "name": "28/09/2026 20:09:19",
        "COORD": "-1,0141,39,6984",
        "DATE": "2026-09-28",
        "TIME": "20:09",
        "MXI": "-7,43 kA.",
        "STR": "0",
        "SMA": "0,207 Km.",
        "SMI": "0,17000002 Km.",
        "CHI": "0,2",
        "metvlc_time_utc": "2026-09-28T18:09:00+00:00",
        "metvlc_time_source": "date+time",
        "metvlc_has_real_time": true,
        "metvlc_captura_utc": "2026-09-28T20:33:42+00:00",
        "metvlc_last_seen_utc": "2026-09-28T20:33:42+00:00",
        "metvlc_fuente": "SIGIF/GVA Rayos 24h KMZ"
      },
      "geometry": {
        "type": "Point",
        "coordinates": [
          -1.0141,
          39.6984
        ]
      }
    },
    {
      "type": "Feature",
      "properties": {
        "name": "28/09/2026 20:09:54",
        "COORD": "-1,0153,39,6736",
        "DATE": "2026-09-28",
        "TIME": "20:09",
        "MXI": "-20,45 kA.",
        "STR": "0",
        "SMA": "0,153 Km.",
        "SMI": "0,12599997 Km.",
        "CHI": "0,4",
        "metvlc_time_utc": "2026-09-28T18:09:00+00:00",
        "metvlc_time_source": "date+time",
        "metvlc_has_real_time": true,
        "metvlc_captura_utc": "2026-09-28T20:33:42+00:00",
        "metvlc_last_seen_utc": "2026-09-28T20:33:42+00:00",
        "metvlc_fuente": "SIGIF/GVA Rayos 24h KMZ"
      },
      "geometry": {
        "type": "Point",
        "coordinates": [
          -1.0153,
          39.6736
        ]
      }
    },
    {
      "type": "Feature",
      "properties": {
        "name": "28/09/2026 20:09:54",
        "COORD": "-1,0426,39,6715",
        "DATE": "2026-09-28",
        "TIME": "20:09",
        "MXI": "-12,01 kA.",
        "STR": "0",
        "SMA": "0,163 Km.",
        "SMI": "0,13800006 Km.",
        "CHI": "0,4",
        "metvlc_time_utc": "2026-09-28T18:09:00+00:00",
        "metvlc_time_source": "date+time",
        "metvlc_has_real_time": true,
        "metvlc_captura_utc": "2026-09-28T20:33:42+00:00",
        "metvlc_last_seen_utc": "2026-09-28T20:33:42+00:00",
        "metvlc_fuente": "SIGIF/GVA Rayos 24h KMZ"
      },
      "geometry": {
        "type": "Point",
        "coordinates": [
          -1.0426,
          39.6715
        ]
      }
    },
    {
      "type": "Feature",
      "properties": {
        "name": "28/09/2026 20:09:54",
        "COORD": "-1,0044,39,6862",
        "DATE": "2026-09-28",
        "TIME": "20:09",
        "MXI": "-22,07 kA.",
        "STR": "0",
        "SMA": "0,162 Km.",
        "SMI": "0,13 Km.",
        "CHI": "0,7",
        "metvlc_time_utc": "2026-09-28T18:09:00+00:00",
        "metvlc_time_source": "date+time",
        "metvlc_has_real_time": true,
        "metvlc_captura_utc": "2026-09-28T20:33:42+00:00",
        "metvlc_last_seen_utc": "2026-09-28T20:33:42+00:00",
        "metvlc_fuente": "SIGIF/GVA Rayos 24h KMZ"
      },
      "geometry": {
        "type": "Point",
        "coordinates": [
          -1.0044,
          39.6862
        ]
      }
    },
    {
      "type": "Feature",
      "properties": {
        "name": "28/09/2026 20:10:24",
        "COORD": "-1,088,39,6573",
        "DATE": "2026-09-28",
        "TIME": "20:10",
        "MXI": "-5,16 kA.",
        "STR": "0",
        "SMA": "0,591 Km.",
        "SMI": "0,22499998 Km.",
        "CHI": "0,4",
        "metvlc_time_utc": "2026-09-28T18:10:00+00:00",
        "metvlc_time_source": "date+time",
        "metvlc_has_real_time": true,
        "metvlc_captura_utc": "2026-09-28T20:33:42+00:00",
        "metvlc_last_seen_utc": "2026-09-28T20:33:42+00:00",
        "metvlc_fuente": "SIGIF/GVA Rayos 24h KMZ"
      },
      "geometry": {
        "type": "Point",
        "coordinates": [
          -1.088,
          39.6573
        ]
      }
    },
    {
      "type": "Feature",
      "properties": {
        "name": "28/09/2026 20:12:56",
        "COORD": "-1,0233,39,6807",
        "DATE": "2026-09-28",
        "TIME": "20:12",
        "MXI": "-18,9 kA.",
        "STR": "0",
        "SMA": "0,149 Km.",
        "SMI": "0,12300001 Km.",
        "CHI": "0,5",
        "metvlc_time_utc": "2026-09-28T18:12:00+00:00",
        "metvlc_time_source": "date+time",
        "metvlc_has_real_time": true,
        "metvlc_captura_utc": "2026-09-28T20:33:42+00:00",
        "metvlc_last_seen_utc": "2026-09-28T20:33:42+00:00",
        "metvlc_fuente": "SIGIF/GVA Rayos 24h KMZ"
      },
      "geometry": {
        "type": "Point",
        "coordinates": [
          -1.0233,
          39.6807
        ]
      }
    },
    {
      "type": "Feature",
      "properties": {
        "name": "28/09/2026 20:12:56",
        "COORD": "-1,0259,39,6817",
        "DATE": "2026-09-28",
        "TIME": "20:12",
        "MXI": "-11,68 kA.",
        "STR": "0",
        "SMA": "0,163 Km.",
        "SMI": "0,13299999 Km.",
        "CHI": "0,4",
        "metvlc_time_utc": "2026-09-28T18:12:00+00:00",
        "metvlc_time_source": "date+time",
        "metvlc_has_real_time": true,
        "metvlc_captura_utc": "2026-09-28T20:33:42+00:00",
        "metvlc_last_seen_utc": "2026-09-28T20:33:42+00:00",
        "metvlc_fuente": "SIGIF/GVA Rayos 24h KMZ"
      },
      "geometry": {
        "type": "Point",
        "coordinates": [
          -1.0259,
          39.6817
        ]
      }
    },
    {
      "type": "Feature",
      "properties": {
        "name": "28/09/2026 20:12:56",
        "COORD": "-1,0253,39,6823",
        "DATE": "2026-09-28",
        "TIME": "20:12",
        "MXI": "-38,7 kA.",
        "STR": "0",
        "SMA": "0,182 Km.",
        "SMI": "0,13799995 Km.",
        "CHI": "0,7",
        "metvlc_time_utc": "2026-09-28T18:12:00+00:00",
        "metvlc_time_source": "date+time",
        "metvlc_has_real_time": true,
        "metvlc_captura_utc": "2026-09-28T20:33:42+00:00",
        "metvlc_last_seen_utc": "2026-09-28T20:33:42+00:00",
        "metvlc_fuente": "SIGIF/GVA Rayos 24h KMZ"
      },
      "geometry": {
        "type": "Point",
        "coordinates": [
          -1.0253,
          39.6823
        ]
      }
    },
    {
      "type": "Feature",
      "properties": {
        "name": "28/09/2026 20:12:56",
        "COORD": "-1,0245,39,681",
        "DATE": "2026-09-28",
        "TIME": "20:12",
        "MXI": "-33,7 kA.",
        "STR": "0",
        "SMA": "0,159 Km.",
        "SMI": "0,08299998 Km.",
        "CHI": "0,4",
        "metvlc_time_utc": "2026-09-28T18:12:00+00:00",
        "metvlc_time_source": "date+time",
        "metvlc_has_real_time": true,
        "metvlc_captura_utc": "2026-09-28T20:33:42+00:00",
        "metvlc_last_seen_utc": "2026-09-28T20:33:42+00:00",
        "metvlc_fuente": "SIGIF/GVA Rayos 24h KMZ"
      },
      "geometry": {
        "type": "Point",
        "coordinates": [
          -1.0245,
          39.681
        ]
      }
    },
    {
      "type": "Feature",
      "properties": {
        "name": "28/09/2026 20:12:56",
        "COORD": "-1,0247,39,6814",
        "DATE": "2026-09-28",
        "TIME": "20:12",
        "MXI": "-10,06 kA.",
        "STR": "0",
        "SMA": "0,162 Km.",
        "SMI": "0,14200002 Km.",
        "CHI": "0,3",
        "metvlc_time_utc": "2026-09-28T18:12:00+00:00",
        "metvlc_time_source": "date+time",
        "metvlc_has_real_time": true,
        "metvlc_captura_utc": "2026-09-28T20:33:42+00:00",
        "metvlc_last_seen_utc": "2026-09-28T20:33:42+00:00",
        "metvlc_fuente": "SIGIF/GVA Rayos 24h KMZ"
      },
      "geometry": {
        "type": "Point",
        "coordinates": [
          -1.0247,
          39.6814
        ]
      }
    },
    {
      "type": "Feature",
      "properties": {
        "name": "28/09/2026 20:12:56",
        "COORD": "-1,0255,39,6812",
        "DATE": "2026-09-28",
        "TIME": "20:12",
        "MXI": "-11,61 kA.",
        "STR": "0",
        "SMA": "0,179 Km.",
        "SMI": "0,135 Km.",
        "CHI": "0,4",
        "metvlc_time_utc": "2026-09-28T18:12:00+00:00",
        "metvlc_time_source": "date+time",
        "metvlc_has_real_time": true,
        "metvlc_captura_utc": "2026-09-28T20:33:42+00:00",
        "metvlc_last_seen_utc": "2026-09-28T20:33:42+00:00",
        "metvlc_fuente": "SIGIF/GVA Rayos 24h KMZ"
      },
      "geometry": {
        "type": "Point",
        "coordinates": [
          -1.0255,
          39.6812
        ]
      }
    },
    {
      "type": "Feature",
      "properties": {
        "name": "28/09/2026 20:12:56",
        "COORD": "-1,0252,39,6809",
        "DATE": "2026-09-28",
        "TIME": "20:12",
        "MXI": "-13,17 kA.",
        "STR": "0",
        "SMA": "0,162 Km.",
        "SMI": "0,13199997 Km.",
        "CHI": "0,4",
        "metvlc_time_utc": "2026-09-28T18:12:00+00:00",
        "metvlc_time_source": "date+time",
        "metvlc_has_real_time": true,
        "metvlc_captura_utc": "2026-09-28T20:33:42+00:00",
        "metvlc_last_seen_utc": "2026-09-28T20:33:42+00:00",
        "metvlc_fuente": "SIGIF/GVA Rayos 24h KMZ"
      },
      "geometry": {
        "type": "Point",
        "coordinates": [
          -1.0252,
          39.6809
        ]
      }
    },
    {
      "type": "Feature",
      "properties": {
        "name": "28/09/2026 20:12:56",
        "COORD": "-1,0255,39,6815",
        "DATE": "2026-09-28",
        "TIME": "20:12",
        "MXI": "-12,67 kA.",
        "STR": "0",
        "SMA": "0,171 Km.",
        "SMI": "0,13400005 Km.",
        "CHI": "0,4",
        "metvlc_time_utc": "2026-09-28T18:12:00+00:00",
        "metvlc_time_source": "date+time",
        "metvlc_has_real_time": true,
        "metvlc_captura_utc": "2026-09-28T20:33:42+00:00",
        "metvlc_last_seen_utc": "2026-09-28T20:33:42+00:00",
        "metvlc_fuente": "SIGIF/GVA Rayos 24h KMZ"
      },
      "geometry": {
        "type": "Point",
        "coordinates": [
          -1.0255,
          39.6815
        ]
      }
    },
    {
      "type": "Feature",
      "properties": {
        "name": "28/09/2026 20:12:56",
        "COORD": "-1,0261,39,6806",
        "DATE": "2026-09-28",
        "TIME": "20:12",
        "MXI": "-10,67 kA.",
        "STR": "0",
        "SMA": "0,161 Km.",
        "SMI": "0,14499998 Km.",
        "CHI": "0,5",
        "metvlc_time_utc": "2026-09-28T18:12:00+00:00",
        "metvlc_time_source": "date+time",
        "metvlc_has_real_time": true,
        "metvlc_captura_utc": "2026-09-28T20:33:42+00:00",
        "metvlc_last_seen_utc": "2026-09-28T20:33:42+00:00",
        "metvlc_fuente": "SIGIF/GVA Rayos 24h KMZ"
      },
      "geometry": {
        "type": "Point",
        "coordinates": [
          -1.0261,
          39.6806
        ]
      }
    },
    {
      "type": "Feature",
      "properties": {
        "name": "28/09/2026 20:12:56",
        "COORD": "-1,0253,39,6813",
        "DATE": "2026-09-28",
        "TIME": "20:12",
        "MXI": "-7,79 kA.",
        "STR": "0",
        "SMA": "0,289 Km.",
        "SMI": "0,17300004 Km.",
        "CHI": "0,2",
        "metvlc_time_utc": "2026-09-28T18:12:00+00:00",
        "metvlc_time_source": "date+time",
        "metvlc_has_real_time": true,
        "metvlc_captura_utc": "2026-09-28T20:33:42+00:00",
        "metvlc_last_seen_utc": "2026-09-28T20:33:42+00:00",
        "metvlc_fuente": "SIGIF/GVA Rayos 24h KMZ"
      },
      "geometry": {
        "type": "Point",
        "coordinates": [
          -1.0253,
          39.6813
        ]
      }
    },
    {
      "type": "Feature",
      "properties": {
        "name": "28/09/2026 20:12:56",
        "COORD": "-1,0247,39,6805",
        "DATE": "2026-09-28",
        "TIME": "20:12",
        "MXI": "-19,41 kA.",
        "STR": "0",
        "SMA": "0,171 Km.",
        "SMI": "0,13300003 Km.",
        "CHI": "0,9",
        "metvlc_time_utc": "2026-09-28T18:12:00+00:00",
        "metvlc_time_source": "date+time",
        "metvlc_has_real_time": true,
        "metvlc_captura_utc": "2026-09-28T20:33:42+00:00",
        "metvlc_last_seen_utc": "2026-09-28T20:33:42+00:00",
        "metvlc_fuente": "SIGIF/GVA Rayos 24h KMZ"
      },
      "geometry": {
        "type": "Point",
        "coordinates": [
          -1.0247,
          39.6805
        ]
      }
    },
    {
      "type": "Feature",
      "properties": {
        "name": "28/09/2026 20:12:56",
        "COORD": "-1,0254,39,681",
        "DATE": "2026-09-28",
        "TIME": "20:12",
        "MXI": "-12,25 kA.",
        "STR": "0",
        "SMA": "0,169 Km.",
        "SMI": "0,134 Km.",
        "CHI": "0,3",
        "metvlc_time_utc": "2026-09-28T18:12:00+00:00",
        "metvlc_time_source": "date+time",
        "metvlc_has_real_time": true,
        "metvlc_captura_utc": "2026-09-28T20:33:42+00:00",
        "metvlc_last_seen_utc": "2026-09-28T20:33:42+00:00",
        "metvlc_fuente": "SIGIF/GVA Rayos 24h KMZ"
      },
      "geometry": {
        "type": "Point",
        "coordinates": [
          -1.0254,
          39.681
        ]
      }
    },
    {
      "type": "Feature",
      "properties": {
        "name": "28/09/2026 20:12:56",
        "COORD": "-1,025,39,682",
        "DATE": "2026-09-28",
        "TIME": "20:12",
        "MXI": "-7,77 kA.",
        "STR": "0",
        "SMA": "0,292 Km.",
        "SMI": "0,18199995 Km.",
        "CHI": "0,2",
        "metvlc_time_utc": "2026-09-28T18:12:00+00:00",
        "metvlc_time_source": "date+time",
        "metvlc_has_real_time": true,
        "metvlc_captura_utc": "2026-09-28T20:33:42+00:00",
        "metvlc_last_seen_utc": "2026-09-28T20:33:42+00:00",
        "metvlc_fuente": "SIGIF/GVA Rayos 24h KMZ"
      },
      "geometry": {
        "type": "Point",
        "coordinates": [
          -1.025,
          39.682
        ]
      }
    },
    {
      "type": "Feature",
      "properties": {
        "name": "28/09/2026 20:12:57",
        "COORD": "-1,0254,39,6814",
        "DATE": "2026-09-28",
        "TIME": "20:12",
        "MXI": "-14,78 kA.",
        "STR": "0",
        "SMA": "0,174 Km.",
        "SMI": "0,13299996 Km.",
        "CHI": "0,4",
        "metvlc_time_utc": "2026-09-28T18:12:00+00:00",
        "metvlc_time_source": "date+time",
        "metvlc_has_real_time": true,
        "metvlc_captura_utc": "2026-09-28T20:33:42+00:00",
        "metvlc_last_seen_utc": "2026-09-28T20:33:42+00:00",
        "metvlc_fuente": "SIGIF/GVA Rayos 24h KMZ"
      },
      "geometry": {
        "type": "Point",
        "coordinates": [
          -1.0254,
          39.6814
        ]
      }
    },
    {
      "type": "Feature",
      "properties": {
        "name": "28/09/2026 20:13:38",
        "COORD": "-0,9891,39,7005",
        "DATE": "2026-09-28",
        "TIME": "20:13",
        "MXI": "28,04 kA.",
        "STR": "0",
        "SMA": "0,238 Km.",
        "SMI": "0,13900003 Km.",
        "CHI": "0,8",
        "metvlc_time_utc": "2026-09-28T18:13:00+00:00",
        "metvlc_time_source": "date+time",
        "metvlc_has_real_time": true,
        "metvlc_captura_utc": "2026-09-28T20:33:42+00:00",
        "metvlc_last_seen_utc": "2026-09-28T20:33:42+00:00",
        "metvlc_fuente": "SIGIF/GVA Rayos 24h KMZ"
      },
      "geometry": {
        "type": "Point",
        "coordinates": [
          -0.9891,
          39.7005
        ]
      }
    },
    {
      "type": "Feature",
      "properties": {
        "name": "28/09/2026 20:24:25",
        "COORD": "-0,9631,39,8019",
        "DATE": "2026-09-28",
        "TIME": "20:24",
        "MXI": "-12,02 kA.",
        "STR": "0",
        "SMA": "0,186 Km.",
        "SMI": "0,13399997 Km.",
        "CHI": "0,4",
        "metvlc_time_utc": "2026-09-28T18:24:00+00:00",
        "metvlc_time_source": "date+time",
        "metvlc_has_real_time": true,
        "metvlc_captura_utc": "2026-09-28T20:33:42+00:00",
        "metvlc_last_seen_utc": "2026-09-28T20:33:42+00:00",
        "metvlc_fuente": "SIGIF/GVA Rayos 24h KMZ"
      },
      "geometry": {
        "type": "Point",
        "coordinates": [
          -0.9631,
          39.8019
        ]
      }
    }
  ]
}