{
  "type": "FeatureCollection",
  "features": [
    {
      "type": "Feature",
      "properties": {
        "name": "09/09/2026 19:46:30",
        "COORD": "-0,5445,39,2689",
        "DATE": "2026-09-09",
        "TIME": "19:46",
        "MXI": "-26,81 kA.",
        "STR": "0",
        "SMA": "0,235 Km.",
        "SMI": "0,13900004 Km.",
        "CHI": "0,5",
        "metvlc_time_utc": "2026-09-09T17:46:00+00:00",
        "metvlc_time_source": "date+time",
        "metvlc_has_real_time": true,
        "metvlc_captura_utc": "2026-09-10T09:46:16+00:00",
        "metvlc_last_seen_utc": "2026-09-10T17:42:19+00:00",
        "metvlc_fuente": "SIGIF/GVA Rayos 24h KMZ"
      },
      "geometry": {
        "type": "Point",
        "coordinates": [
          -0.5445,
          39.2689
        ]
      }
    },
    {
      "type": "Feature",
      "properties": {
        "name": "09/09/2026 19:46:30",
        "COORD": "-0,5673,39,2611",
        "DATE": "2026-09-09",
        "TIME": "19:46",
        "MXI": "-12,28 kA.",
        "STR": "0",
        "SMA": "0,244 Km.",
        "SMI": "0,13500004 Km.",
        "CHI": "0,3",
        "metvlc_time_utc": "2026-09-09T17:46:00+00:00",
        "metvlc_time_source": "date+time",
        "metvlc_has_real_time": true,
        "metvlc_captura_utc": "2026-09-10T09:46:16+00:00",
        "metvlc_last_seen_utc": "2026-09-10T17:42:19+00:00",
        "metvlc_fuente": "SIGIF/GVA Rayos 24h KMZ"
      },
      "geometry": {
        "type": "Point",
        "coordinates": [
          -0.5673,
          39.2611
        ]
      }
    },
    {
      "type": "Feature",
      "properties": {
        "name": "09/09/2026 19:46:30",
        "COORD": "-0,5683,39,2621",
        "DATE": "2026-09-09",
        "TIME": "19:46",
        "MXI": "-8,26 kA.",
        "STR": "0",
        "SMA": "0,375 Km.",
        "SMI": "0,19000003 Km.",
        "CHI": "0,5",
        "metvlc_time_utc": "2026-09-09T17:46:00+00:00",
        "metvlc_time_source": "date+time",
        "metvlc_has_real_time": true,
        "metvlc_captura_utc": "2026-09-10T09:46:16+00:00",
        "metvlc_last_seen_utc": "2026-09-10T17:42:19+00:00",
        "metvlc_fuente": "SIGIF/GVA Rayos 24h KMZ"
      },
      "geometry": {
        "type": "Point",
        "coordinates": [
          -0.5683,
          39.2621
        ]
      }
    },
    {
      "type": "Feature",
      "properties": {
        "name": "09/09/2026 19:46:39",
        "COORD": "-1,0592,38,9859",
        "DATE": "2026-09-09",
        "TIME": "19:46",
        "MXI": "-9,74 kA.",
        "STR": "0",
        "SMA": "0,472 Km.",
        "SMI": "0,17099999 Km.",
        "CHI": "1,4",
        "metvlc_time_utc": "2026-09-09T17:46:00+00:00",
        "metvlc_time_source": "date+time",
        "metvlc_has_real_time": true,
        "metvlc_captura_utc": "2026-09-10T09:46:16+00:00",
        "metvlc_last_seen_utc": "2026-09-10T17:42:19+00:00",
        "metvlc_fuente": "SIGIF/GVA Rayos 24h KMZ"
      },
      "geometry": {
        "type": "Point",
        "coordinates": [
          -1.0592,
          38.9859
        ]
      }
    },
    {
      "type": "Feature",
      "properties": {
        "name": "09/09/2026 19:50:32",
        "COORD": "-1,3432,38,9413",
        "DATE": "2026-09-09",
        "TIME": "19:50",
        "MXI": "20,55 kA.",
        "STR": "0",
        "SMA": "0,262 Km.",
        "SMI": "0,12799999 Km.",
        "CHI": "0,9",
        "metvlc_time_utc": "2026-09-09T17:50:00+00:00",
        "metvlc_time_source": "date+time",
        "metvlc_has_real_time": true,
        "metvlc_captura_utc": "2026-09-10T09:46:16+00:00",
        "metvlc_last_seen_utc": "2026-09-10T17:42:19+00:00",
        "metvlc_fuente": "SIGIF/GVA Rayos 24h KMZ"
      },
      "geometry": {
        "type": "Point",
        "coordinates": [
          -1.3432,
          38.9413
        ]
      }
    },
    {
      "type": "Feature",
      "properties": {
        "name": "09/09/2026 19:50:32",
        "COORD": "-1,3914,38,9163",
        "DATE": "2026-09-09",
        "TIME": "19:50",
        "MXI": "-26,34 kA.",
        "STR": "0",
        "SMA": "0,223 Km.",
        "SMI": "0,12900001 Km.",
        "CHI": "0,5",
        "metvlc_time_utc": "2026-09-09T17:50:00+00:00",
        "metvlc_time_source": "date+time",
        "metvlc_has_real_time": true,
        "metvlc_captura_utc": "2026-09-10T09:46:16+00:00",
        "metvlc_last_seen_utc": "2026-09-10T17:42:19+00:00",
        "metvlc_fuente": "SIGIF/GVA Rayos 24h KMZ"
      },
      "geometry": {
        "type": "Point",
        "coordinates": [
          -1.3914,
          38.9163
        ]
      }
    },
    {
      "type": "Feature",
      "properties": {
        "name": "09/09/2026 19:52:51",
        "COORD": "-0,8065,39,1828",
        "DATE": "2026-09-09",
        "TIME": "19:52",
        "MXI": "15,66 kA.",
        "STR": "0",
        "SMA": "0,216 Km.",
        "SMI": "0,11399999 Km.",
        "CHI": "0,4",
        "metvlc_time_utc": "2026-09-09T17:52:00+00:00",
        "metvlc_time_source": "date+time",
        "metvlc_has_real_time": true,
        "metvlc_captura_utc": "2026-09-10T09:46:16+00:00",
        "metvlc_last_seen_utc": "2026-09-10T17:42:19+00:00",
        "metvlc_fuente": "SIGIF/GVA Rayos 24h KMZ"
      },
      "geometry": {
        "type": "Point",
        "coordinates": [
          -0.8065,
          39.1828
        ]
      }
    },
    {
      "type": "Feature",
      "properties": {
        "name": "09/09/2026 19:52:52",
        "COORD": "-0,8184,39,1757",
        "DATE": "2026-09-09",
        "TIME": "19:52",
        "MXI": "-10,74 kA.",
        "STR": "0",
        "SMA": "0,265 Km.",
        "SMI": "0,12800002 Km.",
        "CHI": "0,4",
        "metvlc_time_utc": "2026-09-09T17:52:00+00:00",
        "metvlc_time_source": "date+time",
        "metvlc_has_real_time": true,
        "metvlc_captura_utc": "2026-09-10T09:46:16+00:00",
        "metvlc_last_seen_utc": "2026-09-10T17:42:19+00:00",
        "metvlc_fuente": "SIGIF/GVA Rayos 24h KMZ"
      },
      "geometry": {
        "type": "Point",
        "coordinates": [
          -0.8184,
          39.1757
        ]
      }
    },
    {
      "type": "Feature",
      "properties": {
        "name": "09/09/2026 19:56:07",
        "COORD": "-0,5773,39,2574",
        "DATE": "2026-09-09",
        "TIME": "19:56",
        "MXI": "-11,29 kA.",
        "STR": "0",
        "SMA": "0,322 Km.",
        "SMI": "0,15600005 Km.",
        "CHI": "0,4",
        "metvlc_time_utc": "2026-09-09T17:56:00+00:00",
        "metvlc_time_source": "date+time",
        "metvlc_has_real_time": true,
        "metvlc_captura_utc": "2026-09-10T09:46:16+00:00",
        "metvlc_last_seen_utc": "2026-09-10T17:42:19+00:00",
        "metvlc_fuente": "SIGIF/GVA Rayos 24h KMZ"
      },
      "geometry": {
        "type": "Point",
        "coordinates": [
          -0.5773,
          39.2574
        ]
      }
    },
    {
      "type": "Feature",
      "properties": {
        "name": "09/09/2026 19:56:07",
        "COORD": "-0,5537,39,2686",
        "DATE": "2026-09-09",
        "TIME": "19:56",
        "MXI": "-10,94 kA.",
        "STR": "0",
        "SMA": "0,241 Km.",
        "SMI": "0,14699997 Km.",
        "CHI": "0,3",
        "metvlc_time_utc": "2026-09-09T17:56:00+00:00",
        "metvlc_time_source": "date+time",
        "metvlc_has_real_time": true,
        "metvlc_captura_utc": "2026-09-10T09:46:16+00:00",
        "metvlc_last_seen_utc": "2026-09-10T17:42:19+00:00",
        "metvlc_fuente": "SIGIF/GVA Rayos 24h KMZ"
      },
      "geometry": {
        "type": "Point",
        "coordinates": [
          -0.5537,
          39.2686
        ]
      }
    },
    {
      "type": "Feature",
      "properties": {
        "name": "09/09/2026 19:56:07",
        "COORD": "-0,5431,39,2797",
        "DATE": "2026-09-09",
        "TIME": "19:56",
        "MXI": "-14,19 kA.",
        "STR": "0",
        "SMA": "0,245 Km.",
        "SMI": "0,14 Km.",
        "CHI": "0,4",
        "metvlc_time_utc": "2026-09-09T17:56:00+00:00",
        "metvlc_time_source": "date+time",
        "metvlc_has_real_time": true,
        "metvlc_captura_utc": "2026-09-10T09:46:16+00:00",
        "metvlc_last_seen_utc": "2026-09-10T17:42:19+00:00",
        "metvlc_fuente": "SIGIF/GVA Rayos 24h KMZ"
      },
      "geometry": {
        "type": "Point",
        "coordinates": [
          -0.5431,
          39.2797
        ]
      }
    },
    {
      "type": "Feature",
      "properties": {
        "name": "09/09/2026 19:59:12",
        "COORD": "-0,8958,39,1038",
        "DATE": "2026-09-09",
        "TIME": "19:59",
        "MXI": "24,16 kA.",
        "STR": "0",
        "SMA": "0,307 Km.",
        "SMI": "0,13099997 Km.",
        "CHI": "1,2",
        "metvlc_time_utc": "2026-09-09T17:59:00+00:00",
        "metvlc_time_source": "date+time",
        "metvlc_has_real_time": true,
        "metvlc_captura_utc": "2026-09-10T09:46:16+00:00",
        "metvlc_last_seen_utc": "2026-09-10T17:42:19+00:00",
        "metvlc_fuente": "SIGIF/GVA Rayos 24h KMZ"
      },
      "geometry": {
        "type": "Point",
        "coordinates": [
          -0.8958,
          39.1038
        ]
      }
    },
    {
      "type": "Feature",
      "properties": {
        "name": "09/09/2026 20:04:19",
        "COORD": "-0,9769,38,9645",
        "DATE": "2026-09-09",
        "TIME": "20:04",
        "MXI": "-42,57 kA.",
        "STR": "0",
        "SMA": "0,238 Km.",
        "SMI": "0,12699999 Km.",
        "CHI": "0,7",
        "metvlc_time_utc": "2026-09-09T18:04:00+00:00",
        "metvlc_time_source": "date+time",
        "metvlc_has_real_time": true,
        "metvlc_captura_utc": "2026-09-10T09:46:16+00:00",
        "metvlc_last_seen_utc": "2026-09-10T17:42:19+00:00",
        "metvlc_fuente": "SIGIF/GVA Rayos 24h KMZ"
      },
      "geometry": {
        "type": "Point",
        "coordinates": [
          -0.9769,
          38.9645
        ]
      }
    },
    {
      "type": "Feature",
      "properties": {
        "name": "09/09/2026 20:04:19",
        "COORD": "-0,9768,38,9641",
        "DATE": "2026-09-09",
        "TIME": "20:04",
        "MXI": "-17,4 kA.",
        "STR": "0",
        "SMA": "0,251 Km.",
        "SMI": "0,12600002 Km.",
        "CHI": "0,4",
        "metvlc_time_utc": "2026-09-09T18:04:00+00:00",
        "metvlc_time_source": "date+time",
        "metvlc_has_real_time": true,
        "metvlc_captura_utc": "2026-09-10T09:46:16+00:00",
        "metvlc_last_seen_utc": "2026-09-10T17:42:19+00:00",
        "metvlc_fuente": "SIGIF/GVA Rayos 24h KMZ"
      },
      "geometry": {
        "type": "Point",
        "coordinates": [
          -0.9768,
          38.9641
        ]
      }
    },
    {
      "type": "Feature",
      "properties": {
        "name": "09/09/2026 20:04:19",
        "COORD": "-0,9767,38,9648",
        "DATE": "2026-09-09",
        "TIME": "20:04",
        "MXI": "-23,38 kA.",
        "STR": "0",
        "SMA": "0,256 Km.",
        "SMI": "0,125 Km.",
        "CHI": "0,8",
        "metvlc_time_utc": "2026-09-09T18:04:00+00:00",
        "metvlc_time_source": "date+time",
        "metvlc_has_real_time": true,
        "metvlc_captura_utc": "2026-09-10T09:46:16+00:00",
        "metvlc_last_seen_utc": "2026-09-10T17:42:19+00:00",
        "metvlc_fuente": "SIGIF/GVA Rayos 24h KMZ"
      },
      "geometry": {
        "type": "Point",
        "coordinates": [
          -0.9767,
          38.9648
        ]
      }
    },
    {
      "type": "Feature",
      "properties": {
        "name": "09/09/2026 20:06:31",
        "COORD": "-0,5295,39,2288",
        "DATE": "2026-09-09",
        "TIME": "20:06",
        "MXI": "-18,31 kA.",
        "STR": "0",
        "SMA": "0,226 Km.",
        "SMI": "0,13999997 Km.",
        "CHI": "0,9",
        "metvlc_time_utc": "2026-09-09T18:06:00+00:00",
        "metvlc_time_source": "date+time",
        "metvlc_has_real_time": true,
        "metvlc_captura_utc": "2026-09-10T09:46:16+00:00",
        "metvlc_last_seen_utc": "2026-09-10T17:42:19+00:00",
        "metvlc_fuente": "SIGIF/GVA Rayos 24h KMZ"
      },
      "geometry": {
        "type": "Point",
        "coordinates": [
          -0.5295,
          39.2288
        ]
      }
    },
    {
      "type": "Feature",
      "properties": {
        "name": "09/09/2026 20:06:31",
        "COORD": "-0,525,39,2498",
        "DATE": "2026-09-09",
        "TIME": "20:06",
        "MXI": "-13,04 kA.",
        "STR": "0",
        "SMA": "0,263 Km.",
        "SMI": "0,13800001 Km.",
        "CHI": "0,4",
        "metvlc_time_utc": "2026-09-09T18:06:00+00:00",
        "metvlc_time_source": "date+time",
        "metvlc_has_real_time": true,
        "metvlc_captura_utc": "2026-09-10T09:46:16+00:00",
        "metvlc_last_seen_utc": "2026-09-10T17:42:19+00:00",
        "metvlc_fuente": "SIGIF/GVA Rayos 24h KMZ"
      },
      "geometry": {
        "type": "Point",
        "coordinates": [
          -0.525,
          39.2498
        ]
      }
    },
    {
      "type": "Feature",
      "properties": {
        "name": "09/09/2026 20:06:31",
        "COORD": "-0,5108,39,2536",
        "DATE": "2026-09-09",
        "TIME": "20:06",
        "MXI": "-11,86 kA.",
        "STR": "0",
        "SMA": "0,235 Km.",
        "SMI": "0,136 Km.",
        "CHI": "0,7",
        "metvlc_time_utc": "2026-09-09T18:06:00+00:00",
        "metvlc_time_source": "date+time",
        "metvlc_has_real_time": true,
        "metvlc_captura_utc": "2026-09-10T09:46:16+00:00",
        "metvlc_last_seen_utc": "2026-09-10T17:42:19+00:00",
        "metvlc_fuente": "SIGIF/GVA Rayos 24h KMZ"
      },
      "geometry": {
        "type": "Point",
        "coordinates": [
          -0.5108,
          39.2536
        ]
      }
    },
    {
      "type": "Feature",
      "properties": {
        "name": "09/09/2026 20:06:31",
        "COORD": "-0,5091,39,2543",
        "DATE": "2026-09-09",
        "TIME": "20:06",
        "MXI": "-13,53 kA.",
        "STR": "0",
        "SMA": "0,243 Km.",
        "SMI": "0,13099998 Km.",
        "CHI": "0,2",
        "metvlc_time_utc": "2026-09-09T18:06:00+00:00",
        "metvlc_time_source": "date+time",
        "metvlc_has_real_time": true,
        "metvlc_captura_utc": "2026-09-10T09:46:16+00:00",
        "metvlc_last_seen_utc": "2026-09-10T17:42:19+00:00",
        "metvlc_fuente": "SIGIF/GVA Rayos 24h KMZ"
      },
      "geometry": {
        "type": "Point",
        "coordinates": [
          -0.5091,
          39.2543
        ]
      }
    },
    {
      "type": "Feature",
      "properties": {
        "name": "09/09/2026 20:09:17",
        "COORD": "-0,5965,39,2235",
        "DATE": "2026-09-09",
        "TIME": "20:09",
        "MXI": "42,1 kA.",
        "STR": "0",
        "SMA": "0,384 Km.",
        "SMI": "0,14800003 Km.",
        "CHI": "1,4",
        "metvlc_time_utc": "2026-09-09T18:09:00+00:00",
        "metvlc_time_source": "date+time",
        "metvlc_has_real_time": true,
        "metvlc_captura_utc": "2026-09-10T09:46:16+00:00",
        "metvlc_last_seen_utc": "2026-09-10T17:42:19+00:00",
        "metvlc_fuente": "SIGIF/GVA Rayos 24h KMZ"
      },
      "geometry": {
        "type": "Point",
        "coordinates": [
          -0.5965,
          39.2235
        ]
      }
    },
    {
      "type": "Feature",
      "properties": {
        "name": "09/09/2026 20:09:18",
        "COORD": "-0,5793,39,2117",
        "DATE": "2026-09-09",
        "TIME": "20:09",
        "MXI": "27,3 kA.",
        "STR": "0",
        "SMA": "0,239 Km.",
        "SMI": "0,12600003 Km.",
        "CHI": "0,9",
        "metvlc_time_utc": "2026-09-09T18:09:00+00:00",
        "metvlc_time_source": "date+time",
        "metvlc_has_real_time": true,
        "metvlc_captura_utc": "2026-09-10T09:46:16+00:00",
        "metvlc_last_seen_utc": "2026-09-10T17:42:19+00:00",
        "metvlc_fuente": "SIGIF/GVA Rayos 24h KMZ"
      },
      "geometry": {
        "type": "Point",
        "coordinates": [
          -0.5793,
          39.2117
        ]
      }
    },
    {
      "type": "Feature",
      "properties": {
        "name": "09/09/2026 20:10:33",
        "COORD": "-0,803,39,0982",
        "DATE": "2026-09-09",
        "TIME": "20:10",
        "MXI": "23,19 kA.",
        "STR": "0",
        "SMA": "0,24 Km.",
        "SMI": "0,13399999 Km.",
        "CHI": "0,8",
        "metvlc_time_utc": "2026-09-09T18:10:00+00:00",
        "metvlc_time_source": "date+time",
        "metvlc_has_real_time": true,
        "metvlc_captura_utc": "2026-09-10T09:46:16+00:00",
        "metvlc_last_seen_utc": "2026-09-10T17:42:19+00:00",
        "metvlc_fuente": "SIGIF/GVA Rayos 24h KMZ"
      },
      "geometry": {
        "type": "Point",
        "coordinates": [
          -0.803,
          39.0982
        ]
      }
    },
    {
      "type": "Feature",
      "properties": {
        "name": "09/09/2026 20:13:50",
        "COORD": "-0,5528,39,1957",
        "DATE": "2026-09-09",
        "TIME": "20:13",
        "MXI": "40,51 kA.",
        "STR": "0",
        "SMA": "0,244 Km.",
        "SMI": "0,14199999 Km.",
        "CHI": "0,7",
        "metvlc_time_utc": "2026-09-09T18:13:00+00:00",
        "metvlc_time_source": "date+time",
        "metvlc_has_real_time": true,
        "metvlc_captura_utc": "2026-09-10T09:46:16+00:00",
        "metvlc_last_seen_utc": "2026-09-10T17:42:19+00:00",
        "metvlc_fuente": "SIGIF/GVA Rayos 24h KMZ"
      },
      "geometry": {
        "type": "Point",
        "coordinates": [
          -0.5528,
          39.1957
        ]
      }
    },
    {
      "type": "Feature",
      "properties": {
        "name": "09/09/2026 20:15:15",
        "COORD": "-0,8034,39,0055",
        "DATE": "2026-09-09",
        "TIME": "20:15",
        "MXI": "-12,58 kA.",
        "STR": "0",
        "SMA": "0,239 Km.",
        "SMI": "0,13300003 Km.",
        "CHI": "0,2",
        "metvlc_time_utc": "2026-09-09T18:15:00+00:00",
        "metvlc_time_source": "date+time",
        "metvlc_has_real_time": true,
        "metvlc_captura_utc": "2026-09-10T09:46:16+00:00",
        "metvlc_last_seen_utc": "2026-09-10T17:42:19+00:00",
        "metvlc_fuente": "SIGIF/GVA Rayos 24h KMZ"
      },
      "geometry": {
        "type": "Point",
        "coordinates": [
          -0.8034,
          39.0055
        ]
      }
    },
    {
      "type": "Feature",
      "properties": {
        "name": "09/09/2026 20:15:29",
        "COORD": "-0,6576,39,1227",
        "DATE": "2026-09-09",
        "TIME": "20:15",
        "MXI": "-31,46 kA.",
        "STR": "0",
        "SMA": "0,217 Km.",
        "SMI": "0,116999984 Km.",
        "CHI": "0,8",
        "metvlc_time_utc": "2026-09-09T18:15:00+00:00",
        "metvlc_time_source": "date+time",
        "metvlc_has_real_time": true,
        "metvlc_captura_utc": "2026-09-10T09:46:16+00:00",
        "metvlc_last_seen_utc": "2026-09-10T17:42:19+00:00",
        "metvlc_fuente": "SIGIF/GVA Rayos 24h KMZ"
      },
      "geometry": {
        "type": "Point",
        "coordinates": [
          -0.6576,
          39.1227
        ]
      }
    },
    {
      "type": "Feature",
      "properties": {
        "name": "09/09/2026 20:19:15",
        "COORD": "-0,6332,39,0917",
        "DATE": "2026-09-09",
        "TIME": "20:19",
        "MXI": "49,74 kA.",
        "STR": "0",
        "SMA": "0,222 Km.",
        "SMI": "0,11600001 Km.",
        "CHI": "1",
        "metvlc_time_utc": "2026-09-09T18:19:00+00:00",
        "metvlc_time_source": "date+time",
        "metvlc_has_real_time": true,
        "metvlc_captura_utc": "2026-09-10T09:46:16+00:00",
        "metvlc_last_seen_utc": "2026-09-10T17:42:19+00:00",
        "metvlc_fuente": "SIGIF/GVA Rayos 24h KMZ"
      },
      "geometry": {
        "type": "Point",
        "coordinates": [
          -0.6332,
          39.0917
        ]
      }
    },
    {
      "type": "Feature",
      "properties": {
        "name": "09/09/2026 20:19:22",
        "COORD": "-0,7322,38,9869",
        "DATE": "2026-09-09",
        "TIME": "20:19",
        "MXI": "-14,71 kA.",
        "STR": "0",
        "SMA": "0,241 Km.",
        "SMI": "0,13000001 Km.",
        "CHI": "0,4",
        "metvlc_time_utc": "2026-09-09T18:19:00+00:00",
        "metvlc_time_source": "date+time",
        "metvlc_has_real_time": true,
        "metvlc_captura_utc": "2026-09-10T09:46:16+00:00",
        "metvlc_last_seen_utc": "2026-09-10T17:42:19+00:00",
        "metvlc_fuente": "SIGIF/GVA Rayos 24h KMZ"
      },
      "geometry": {
        "type": "Point",
        "coordinates": [
          -0.7322,
          38.9869
        ]
      }
    },
    {
      "type": "Feature",
      "properties": {
        "name": "09/09/2026 20:19:22",
        "COORD": "-0,7242,38,9858",
        "DATE": "2026-09-09",
        "TIME": "20:19",
        "MXI": "-8,09 kA.",
        "STR": "0",
        "SMA": "0,422 Km.",
        "SMI": "0,19499995 Km.",
        "CHI": "0,2",
        "metvlc_time_utc": "2026-09-09T18:19:00+00:00",
        "metvlc_time_source": "date+time",
        "metvlc_has_real_time": true,
        "metvlc_captura_utc": "2026-09-10T09:46:16+00:00",
        "metvlc_last_seen_utc": "2026-09-10T17:42:19+00:00",
        "metvlc_fuente": "SIGIF/GVA Rayos 24h KMZ"
      },
      "geometry": {
        "type": "Point",
        "coordinates": [
          -0.7242,
          38.9858
        ]
      }
    },
    {
      "type": "Feature",
      "properties": {
        "name": "09/09/2026 20:21:59",
        "COORD": "-0,5787,39,1062",
        "DATE": "2026-09-09",
        "TIME": "20:21",
        "MXI": "22,82 kA.",
        "STR": "0",
        "SMA": "0,242 Km.",
        "SMI": "0,121 Km.",
        "CHI": "0,8",
        "metvlc_time_utc": "2026-09-09T18:21:00+00:00",
        "metvlc_time_source": "date+time",
        "metvlc_has_real_time": true,
        "metvlc_captura_utc": "2026-09-10T09:46:16+00:00",
        "metvlc_last_seen_utc": "2026-09-10T17:42:19+00:00",
        "metvlc_fuente": "SIGIF/GVA Rayos 24h KMZ"
      },
      "geometry": {
        "type": "Point",
        "coordinates": [
          -0.5787,
          39.1062
        ]
      }
    },
    {
      "type": "Feature",
      "properties": {
        "name": "09/09/2026 20:22:46",
        "COORD": "-0,8833,39,0101",
        "DATE": "2026-09-09",
        "TIME": "20:22",
        "MXI": "-6,87 kA.",
        "STR": "0",
        "SMA": "2,213 Km.",
        "SMI": "0,207 Km.",
        "CHI": "0,5",
        "metvlc_time_utc": "2026-09-09T18:22:00+00:00",
        "metvlc_time_source": "date+time",
        "metvlc_has_real_time": true,
        "metvlc_captura_utc": "2026-09-10T09:46:16+00:00",
        "metvlc_last_seen_utc": "2026-09-10T17:42:19+00:00",
        "metvlc_fuente": "SIGIF/GVA Rayos 24h KMZ"
      },
      "geometry": {
        "type": "Point",
        "coordinates": [
          -0.8833,
          39.0101
        ]
      }
    },
    {
      "type": "Feature",
      "properties": {
        "name": "09/09/2026 20:30:46",
        "COORD": "-0,7145,38,9928",
        "DATE": "2026-09-09",
        "TIME": "20:30",
        "MXI": "30,56 kA.",
        "STR": "0",
        "SMA": "0,234 Km.",
        "SMI": "0,13 Km.",
        "CHI": "0,5",
        "metvlc_time_utc": "2026-09-09T18:30:00+00:00",
        "metvlc_time_source": "date+time",
        "metvlc_has_real_time": true,
        "metvlc_captura_utc": "2026-09-10T09:46:16+00:00",
        "metvlc_last_seen_utc": "2026-09-10T17:42:19+00:00",
        "metvlc_fuente": "SIGIF/GVA Rayos 24h KMZ"
      },
      "geometry": {
        "type": "Point",
        "coordinates": [
          -0.7145,
          38.9928
        ]
      }
    },
    {
      "type": "Feature",
      "properties": {
        "name": "09/09/2026 20:31:38",
        "COORD": "-0,5035,39,108",
        "DATE": "2026-09-09",
        "TIME": "20:31",
        "MXI": "-19,74 kA.",
        "STR": "0",
        "SMA": "0,241 Km.",
        "SMI": "0,12600002 Km.",
        "CHI": "0,5",
        "metvlc_time_utc": "2026-09-09T18:31:00+00:00",
        "metvlc_time_source": "date+time",
        "metvlc_has_real_time": true,
        "metvlc_captura_utc": "2026-09-10T09:46:16+00:00",
        "metvlc_last_seen_utc": "2026-09-10T17:42:19+00:00",
        "metvlc_fuente": "SIGIF/GVA Rayos 24h KMZ"
      },
      "geometry": {
        "type": "Point",
        "coordinates": [
          -0.5035,
          39.108
        ]
      }
    },
    {
      "type": "Feature",
      "properties": {
        "name": "09/09/2026 20:31:38",
        "COORD": "-0,5034,39,1082",
        "DATE": "2026-09-09",
        "TIME": "20:31",
        "MXI": "-7,02 kA.",
        "STR": "0",
        "SMA": "0,453 Km.",
        "SMI": "0,20699999 Km.",
        "CHI": "0,3",
        "metvlc_time_utc": "2026-09-09T18:31:00+00:00",
        "metvlc_time_source": "date+time",
        "metvlc_has_real_time": true,
        "metvlc_captura_utc": "2026-09-10T09:46:16+00:00",
        "metvlc_last_seen_utc": "2026-09-10T17:42:19+00:00",
        "metvlc_fuente": "SIGIF/GVA Rayos 24h KMZ"
      },
      "geometry": {
        "type": "Point",
        "coordinates": [
          -0.5034,
          39.1082
        ]
      }
    },
    {
      "type": "Feature",
      "properties": {
        "name": "09/09/2026 20:31:38",
        "COORD": "-0,5042,39,108",
        "DATE": "2026-09-09",
        "TIME": "20:31",
        "MXI": "-12,25 kA.",
        "STR": "0",
        "SMA": "0,511 Km.",
        "SMI": "0,17900003 Km.",
        "CHI": "0,5",
        "metvlc_time_utc": "2026-09-09T18:31:00+00:00",
        "metvlc_time_source": "date+time",
        "metvlc_has_real_time": true,
        "metvlc_captura_utc": "2026-09-10T09:46:16+00:00",
        "metvlc_last_seen_utc": "2026-09-10T17:42:19+00:00",
        "metvlc_fuente": "SIGIF/GVA Rayos 24h KMZ"
      },
      "geometry": {
        "type": "Point",
        "coordinates": [
          -0.5042,
          39.108
        ]
      }
    },
    {
      "type": "Feature",
      "properties": {
        "name": "09/09/2026 20:31:38",
        "COORD": "-0,5036,39,1084",
        "DATE": "2026-09-09",
        "TIME": "20:31",
        "MXI": "-23,28 kA.",
        "STR": "0",
        "SMA": "0,245 Km.",
        "SMI": "0,12800004 Km.",
        "CHI": "0,4",
        "metvlc_time_utc": "2026-09-09T18:31:00+00:00",
        "metvlc_time_source": "date+time",
        "metvlc_has_real_time": true,
        "metvlc_captura_utc": "2026-09-10T09:46:16+00:00",
        "metvlc_last_seen_utc": "2026-09-10T17:42:19+00:00",
        "metvlc_fuente": "SIGIF/GVA Rayos 24h KMZ"
      },
      "geometry": {
        "type": "Point",
        "coordinates": [
          -0.5036,
          39.1084
        ]
      }
    },
    {
      "type": "Feature",
      "properties": {
        "name": "09/09/2026 20:31:38",
        "COORD": "-0,5031,39,1087",
        "DATE": "2026-09-09",
        "TIME": "20:31",
        "MXI": "-7,35 kA.",
        "STR": "0",
        "SMA": "0,455 Km.",
        "SMI": "0,20400003 Km.",
        "CHI": "0,6",
        "metvlc_time_utc": "2026-09-09T18:31:00+00:00",
        "metvlc_time_source": "date+time",
        "metvlc_has_real_time": true,
        "metvlc_captura_utc": "2026-09-10T09:46:16+00:00",
        "metvlc_last_seen_utc": "2026-09-10T17:42:19+00:00",
        "metvlc_fuente": "SIGIF/GVA Rayos 24h KMZ"
      },
      "geometry": {
        "type": "Point",
        "coordinates": [
          -0.5031,
          39.1087
        ]
      }
    },
    {
      "type": "Feature",
      "properties": {
        "name": "09/09/2026 20:41:12",
        "COORD": "-0,4886,39,0999",
        "DATE": "2026-09-09",
        "TIME": "20:41",
        "MXI": "38,75 kA.",
        "STR": "0",
        "SMA": "0,219 Km.",
        "SMI": "0,113000005 Km.",
        "CHI": "1",
        "metvlc_time_utc": "2026-09-09T18:41:00+00:00",
        "metvlc_time_source": "date+time",
        "metvlc_has_real_time": true,
        "metvlc_captura_utc": "2026-09-10T09:46:16+00:00",
        "metvlc_last_seen_utc": "2026-09-10T17:42:19+00:00",
        "metvlc_fuente": "SIGIF/GVA Rayos 24h KMZ"
      },
      "geometry": {
        "type": "Point",
        "coordinates": [
          -0.4886,
          39.0999
        ]
      }
    },
    {
      "type": "Feature",
      "properties": {
        "name": "09/09/2026 20:43:12",
        "COORD": "-0,5925,38,9409",
        "DATE": "2026-09-09",
        "TIME": "20:43",
        "MXI": "-7,95 kA.",
        "STR": "0",
        "SMA": "0,465 Km.",
        "SMI": "0,192 Km.",
        "CHI": "0,4",
        "metvlc_time_utc": "2026-09-09T18:43:00+00:00",
        "metvlc_time_source": "date+time",
        "metvlc_has_real_time": true,
        "metvlc_captura_utc": "2026-09-10T09:46:16+00:00",
        "metvlc_last_seen_utc": "2026-09-10T17:42:19+00:00",
        "metvlc_fuente": "SIGIF/GVA Rayos 24h KMZ"
      },
      "geometry": {
        "type": "Point",
        "coordinates": [
          -0.5925,
          38.9409
        ]
      }
    },
    {
      "type": "Feature",
      "properties": {
        "name": "09/09/2026 20:46:04",
        "COORD": "-0,6083,38,9796",
        "DATE": "2026-09-09",
        "TIME": "20:46",
        "MXI": "-28,75 kA.",
        "STR": "0",
        "SMA": "0,251 Km.",
        "SMI": "0,12600002 Km.",
        "CHI": "1",
        "metvlc_time_utc": "2026-09-09T18:46:00+00:00",
        "metvlc_time_source": "date+time",
        "metvlc_has_real_time": true,
        "metvlc_captura_utc": "2026-09-10T09:46:16+00:00",
        "metvlc_last_seen_utc": "2026-09-10T17:42:19+00:00",
        "metvlc_fuente": "SIGIF/GVA Rayos 24h KMZ"
      },
      "geometry": {
        "type": "Point",
        "coordinates": [
          -0.6083,
          38.9796
        ]
      }
    },
    {
      "type": "Feature",
      "properties": {
        "name": "09/09/2026 20:49:38",
        "COORD": "-0,5893,39",
        "DATE": "2026-09-09",
        "TIME": "20:49",
        "MXI": "24,99 kA.",
        "STR": "0",
        "SMA": "0,239 Km.",
        "SMI": "0,125 Km.",
        "CHI": "0,8",
        "metvlc_time_utc": "2026-09-09T18:49:00+00:00",
        "metvlc_time_source": "date+time",
        "metvlc_has_real_time": true,
        "metvlc_captura_utc": "2026-09-10T09:46:16+00:00",
        "metvlc_last_seen_utc": "2026-09-10T17:42:19+00:00",
        "metvlc_fuente": "SIGIF/GVA Rayos 24h KMZ"
      },
      "geometry": {
        "type": "Point",
        "coordinates": [
          -0.5893,
          39.0
        ]
      }
    },
    {
      "type": "Feature",
      "properties": {
        "name": "09/09/2026 20:49:58",
        "COORD": "-0,5996,38,8676",
        "DATE": "2026-09-09",
        "TIME": "20:49",
        "MXI": "-10,07 kA.",
        "STR": "0",
        "SMA": "0,923 Km.",
        "SMI": "0,21700001 Km.",
        "CHI": "0,3",
        "metvlc_time_utc": "2026-09-09T18:49:00+00:00",
        "metvlc_time_source": "date+time",
        "metvlc_has_real_time": true,
        "metvlc_captura_utc": "2026-09-10T09:46:16+00:00",
        "metvlc_last_seen_utc": "2026-09-10T17:42:19+00:00",
        "metvlc_fuente": "SIGIF/GVA Rayos 24h KMZ"
      },
      "geometry": {
        "type": "Point",
        "coordinates": [
          -0.5996,
          38.8676
        ]
      }
    },
    {
      "type": "Feature",
      "properties": {
        "name": "09/09/2026 20:49:58",
        "COORD": "-0,5948,38,8614",
        "DATE": "2026-09-09",
        "TIME": "20:49",
        "MXI": "-13,34 kA.",
        "STR": "0",
        "SMA": "0,351 Km.",
        "SMI": "0,158 Km.",
        "CHI": "0,3",
        "metvlc_time_utc": "2026-09-09T18:49:00+00:00",
        "metvlc_time_source": "date+time",
        "metvlc_has_real_time": true,
        "metvlc_captura_utc": "2026-09-10T09:46:16+00:00",
        "metvlc_last_seen_utc": "2026-09-10T17:42:19+00:00",
        "metvlc_fuente": "SIGIF/GVA Rayos 24h KMZ"
      },
      "geometry": {
        "type": "Point",
        "coordinates": [
          -0.5948,
          38.8614
        ]
      }
    },
    {
      "type": "Feature",
      "properties": {
        "name": "09/09/2026 20:50:21",
        "COORD": "-1,2861,38,8114",
        "DATE": "2026-09-09",
        "TIME": "20:50",
        "MXI": "-9,57 kA.",
        "STR": "0",
        "SMA": "0,568 Km.",
        "SMI": "0,18799998 Km.",
        "CHI": "1,2",
        "metvlc_time_utc": "2026-09-09T18:50:00+00:00",
        "metvlc_time_source": "date+time",
        "metvlc_has_real_time": true,
        "metvlc_captura_utc": "2026-09-10T09:46:16+00:00",
        "metvlc_last_seen_utc": "2026-09-10T17:42:19+00:00",
        "metvlc_fuente": "SIGIF/GVA Rayos 24h KMZ"
      },
      "geometry": {
        "type": "Point",
        "coordinates": [
          -1.2861,
          38.8114
        ]
      }
    },
    {
      "type": "Feature",
      "properties": {
        "name": "09/09/2026 20:52:01",
        "COORD": "-0,5574,38,8743",
        "DATE": "2026-09-09",
        "TIME": "20:52",
        "MXI": "-16,65 kA.",
        "STR": "0",
        "SMA": "0,252 Km.",
        "SMI": "0,136 Km.",
        "CHI": "0,3",
        "metvlc_time_utc": "2026-09-09T18:52:00+00:00",
        "metvlc_time_source": "date+time",
        "metvlc_has_real_time": true,
        "metvlc_captura_utc": "2026-09-10T09:46:16+00:00",
        "metvlc_last_seen_utc": "2026-09-10T17:42:19+00:00",
        "metvlc_fuente": "SIGIF/GVA Rayos 24h KMZ"
      },
      "geometry": {
        "type": "Point",
        "coordinates": [
          -0.5574,
          38.8743
        ]
      }
    },
    {
      "type": "Feature",
      "properties": {
        "name": "09/09/2026 20:52:01",
        "COORD": "-0,5504,38,8667",
        "DATE": "2026-09-09",
        "TIME": "20:52",
        "MXI": "-9,66 kA.",
        "STR": "0",
        "SMA": "0,895 Km.",
        "SMI": "0,22200003 Km.",
        "CHI": "0,7",
        "metvlc_time_utc": "2026-09-09T18:52:00+00:00",
        "metvlc_time_source": "date+time",
        "metvlc_has_real_time": true,
        "metvlc_captura_utc": "2026-09-10T09:46:16+00:00",
        "metvlc_last_seen_utc": "2026-09-10T17:42:19+00:00",
        "metvlc_fuente": "SIGIF/GVA Rayos 24h KMZ"
      },
      "geometry": {
        "type": "Point",
        "coordinates": [
          -0.5504,
          38.8667
        ]
      }
    },
    {
      "type": "Feature",
      "properties": {
        "name": "09/09/2026 20:56:16",
        "COORD": "-0,5288,38,8659",
        "DATE": "2026-09-09",
        "TIME": "20:56",
        "MXI": "-16,77 kA.",
        "STR": "0",
        "SMA": "0,249 Km.",
        "SMI": "0,12899996 Km.",
        "CHI": "0,5",
        "metvlc_time_utc": "2026-09-09T18:56:00+00:00",
        "metvlc_time_source": "date+time",
        "metvlc_has_real_time": true,
        "metvlc_captura_utc": "2026-09-10T09:46:16+00:00",
        "metvlc_last_seen_utc": "2026-09-10T17:42:19+00:00",
        "metvlc_fuente": "SIGIF/GVA Rayos 24h KMZ"
      },
      "geometry": {
        "type": "Point",
        "coordinates": [
          -0.5288,
          38.8659
        ]
      }
    },
    {
      "type": "Feature",
      "properties": {
        "name": "09/09/2026 20:56:41",
        "COORD": "-0,4821,38,9797",
        "DATE": "2026-09-09",
        "TIME": "20:56",
        "MXI": "92,53 kA.",
        "STR": "0",
        "SMA": "0,268 Km.",
        "SMI": "0,13600002 Km.",
        "CHI": "0,9",
        "metvlc_time_utc": "2026-09-09T18:56:00+00:00",
        "metvlc_time_source": "date+time",
        "metvlc_has_real_time": true,
        "metvlc_captura_utc": "2026-09-10T09:46:16+00:00",
        "metvlc_last_seen_utc": "2026-09-10T17:42:19+00:00",
        "metvlc_fuente": "SIGIF/GVA Rayos 24h KMZ"
      },
      "geometry": {
        "type": "Point",
        "coordinates": [
          -0.4821,
          38.9797
        ]
      }
    },
    {
      "type": "Feature",
      "properties": {
        "name": "09/09/2026 20:57:27",
        "COORD": "-0,569,38,8275",
        "DATE": "2026-09-09",
        "TIME": "20:57",
        "MXI": "31,03 kA.",
        "STR": "0",
        "SMA": "0,263 Km.",
        "SMI": "0,13600004 Km.",
        "CHI": "1",
        "metvlc_time_utc": "2026-09-09T18:57:00+00:00",
        "metvlc_time_source": "date+time",
        "metvlc_has_real_time": true,
        "metvlc_captura_utc": "2026-09-10T09:46:16+00:00",
        "metvlc_last_seen_utc": "2026-09-10T17:42:19+00:00",
        "metvlc_fuente": "SIGIF/GVA Rayos 24h KMZ"
      },
      "geometry": {
        "type": "Point",
        "coordinates": [
          -0.569,
          38.8275
        ]
      }
    },
    {
      "type": "Feature",
      "properties": {
        "name": "09/09/2026 21:00:00",
        "COORD": "-1,1139,38,7521",
        "DATE": "2026-09-09",
        "TIME": "21:00",
        "MXI": "-20,87 kA.",
        "STR": "0",
        "SMA": "0,252 Km.",
        "SMI": "0,117000006 Km.",
        "CHI": "0,6",
        "metvlc_time_utc": "2026-09-09T19:00:00+00:00",
        "metvlc_time_source": "date+time",
        "metvlc_has_real_time": true,
        "metvlc_captura_utc": "2026-09-10T09:46:16+00:00",
        "metvlc_last_seen_utc": "2026-09-10T17:42:19+00:00",
        "metvlc_fuente": "SIGIF/GVA Rayos 24h KMZ"
      },
      "geometry": {
        "type": "Point",
        "coordinates": [
          -1.1139,
          38.7521
        ]
      }
    },
    {
      "type": "Feature",
      "properties": {
        "name": "09/09/2026 21:00:36",
        "COORD": "-1,2475,38,7529",
        "DATE": "2026-09-09",
        "TIME": "21:00",
        "MXI": "-11,59 kA.",
        "STR": "0",
        "SMA": "0,591 Km.",
        "SMI": "0,19399999 Km.",
        "CHI": "0,9",
        "metvlc_time_utc": "2026-09-09T19:00:00+00:00",
        "metvlc_time_source": "date+time",
        "metvlc_has_real_time": true,
        "metvlc_captura_utc": "2026-09-10T09:46:16+00:00",
        "metvlc_last_seen_utc": "2026-09-10T17:42:19+00:00",
        "metvlc_fuente": "SIGIF/GVA Rayos 24h KMZ"
      },
      "geometry": {
        "type": "Point",
        "coordinates": [
          -1.2475,
          38.7529
        ]
      }
    },
    {
      "type": "Feature",
      "properties": {
        "name": "09/09/2026 21:01:47",
        "COORD": "-0,5538,38,8203",
        "DATE": "2026-09-09",
        "TIME": "21:01",
        "MXI": "-18,46 kA.",
        "STR": "0",
        "SMA": "0,251 Km.",
        "SMI": "0,12800002 Km.",
        "CHI": "0,6",
        "metvlc_time_utc": "2026-09-09T19:01:00+00:00",
        "metvlc_time_source": "date+time",
        "metvlc_has_real_time": true,
        "metvlc_captura_utc": "2026-09-10T09:46:16+00:00",
        "metvlc_last_seen_utc": "2026-09-10T17:42:19+00:00",
        "metvlc_fuente": "SIGIF/GVA Rayos 24h KMZ"
      },
      "geometry": {
        "type": "Point",
        "coordinates": [
          -0.5538,
          38.8203
        ]
      }
    },
    {
      "type": "Feature",
      "properties": {
        "name": "09/09/2026 21:03:57",
        "COORD": "-0,538,38,8183",
        "DATE": "2026-09-09",
        "TIME": "21:03",
        "MXI": "-11,64 kA.",
        "STR": "0",
        "SMA": "0,268 Km.",
        "SMI": "0,128 Km.",
        "CHI": "0,5",
        "metvlc_time_utc": "2026-09-09T19:03:00+00:00",
        "metvlc_time_source": "date+time",
        "metvlc_has_real_time": true,
        "metvlc_captura_utc": "2026-09-10T09:46:16+00:00",
        "metvlc_last_seen_utc": "2026-09-10T17:42:19+00:00",
        "metvlc_fuente": "SIGIF/GVA Rayos 24h KMZ"
      },
      "geometry": {
        "type": "Point",
        "coordinates": [
          -0.538,
          38.8183
        ]
      }
    },
    {
      "type": "Feature",
      "properties": {
        "name": "09/09/2026 21:04:37",
        "COORD": "-0,5279,38,8055",
        "DATE": "2026-09-09",
        "TIME": "21:04",
        "MXI": "-26,06 kA.",
        "STR": "0",
        "SMA": "0,222 Km.",
        "SMI": "0,09699999 Km.",
        "CHI": "0,4",
        "metvlc_time_utc": "2026-09-09T19:04:00+00:00",
        "metvlc_time_source": "date+time",
        "metvlc_has_real_time": true,
        "metvlc_captura_utc": "2026-09-10T09:46:16+00:00",
        "metvlc_last_seen_utc": "2026-09-10T17:42:19+00:00",
        "metvlc_fuente": "SIGIF/GVA Rayos 24h KMZ"
      },
      "geometry": {
        "type": "Point",
        "coordinates": [
          -0.5279,
          38.8055
        ]
      }
    },
    {
      "type": "Feature",
      "properties": {
        "name": "09/09/2026 21:04:37",
        "COORD": "-0,529,38,806",
        "DATE": "2026-09-09",
        "TIME": "21:04",
        "MXI": "-9,98 kA.",
        "STR": "0",
        "SMA": "0,32 Km.",
        "SMI": "0,17099999 Km.",
        "CHI": "0,4",
        "metvlc_time_utc": "2026-09-09T19:04:00+00:00",
        "metvlc_time_source": "date+time",
        "metvlc_has_real_time": true,
        "metvlc_captura_utc": "2026-09-10T09:46:16+00:00",
        "metvlc_last_seen_utc": "2026-09-10T17:42:19+00:00",
        "metvlc_fuente": "SIGIF/GVA Rayos 24h KMZ"
      },
      "geometry": {
        "type": "Point",
        "coordinates": [
          -0.529,
          38.806
        ]
      }
    },
    {
      "type": "Feature",
      "properties": {
        "name": "09/09/2026 21:04:37",
        "COORD": "-0,5275,38,8057",
        "DATE": "2026-09-09",
        "TIME": "21:04",
        "MXI": "-20,9 kA.",
        "STR": "0",
        "SMA": "0,244 Km.",
        "SMI": "0,125 Km.",
        "CHI": "0,4",
        "metvlc_time_utc": "2026-09-09T19:04:00+00:00",
        "metvlc_time_source": "date+time",
        "metvlc_has_real_time": true,
        "metvlc_captura_utc": "2026-09-10T09:46:16+00:00",
        "metvlc_last_seen_utc": "2026-09-10T17:42:19+00:00",
        "metvlc_fuente": "SIGIF/GVA Rayos 24h KMZ"
      },
      "geometry": {
        "type": "Point",
        "coordinates": [
          -0.5275,
          38.8057
        ]
      }
    },
    {
      "type": "Feature",
      "properties": {
        "name": "09/09/2026 21:04:37",
        "COORD": "-0,528,38,8057",
        "DATE": "2026-09-09",
        "TIME": "21:04",
        "MXI": "-11,35 kA.",
        "STR": "0",
        "SMA": "0,265 Km.",
        "SMI": "0,15699999 Km.",
        "CHI": "0,1",
        "metvlc_time_utc": "2026-09-09T19:04:00+00:00",
        "metvlc_time_source": "date+time",
        "metvlc_has_real_time": true,
        "metvlc_captura_utc": "2026-09-10T09:46:16+00:00",
        "metvlc_last_seen_utc": "2026-09-10T17:42:19+00:00",
        "metvlc_fuente": "SIGIF/GVA Rayos 24h KMZ"
      },
      "geometry": {
        "type": "Point",
        "coordinates": [
          -0.528,
          38.8057
        ]
      }
    },
    {
      "type": "Feature",
      "properties": {
        "name": "09/09/2026 21:04:37",
        "COORD": "-0,5252,38,8074",
        "DATE": "2026-09-09",
        "TIME": "21:04",
        "MXI": "-7,92 kA.",
        "STR": "0",
        "SMA": "2,204 Km.",
        "SMI": "0,40400004 Km.",
        "CHI": "0,2",
        "metvlc_time_utc": "2026-09-09T19:04:00+00:00",
        "metvlc_time_source": "date+time",
        "metvlc_has_real_time": true,
        "metvlc_captura_utc": "2026-09-10T09:46:16+00:00",
        "metvlc_last_seen_utc": "2026-09-10T17:42:19+00:00",
        "metvlc_fuente": "SIGIF/GVA Rayos 24h KMZ"
      },
      "geometry": {
        "type": "Point",
        "coordinates": [
          -0.5252,
          38.8074
        ]
      }
    },
    {
      "type": "Feature",
      "properties": {
        "name": "09/09/2026 21:04:37",
        "COORD": "-0,5285,38,8064",
        "DATE": "2026-09-09",
        "TIME": "21:04",
        "MXI": "-8,06 kA.",
        "STR": "0",
        "SMA": "0,477 Km.",
        "SMI": "0,19499998 Km.",
        "CHI": "1",
        "metvlc_time_utc": "2026-09-09T19:04:00+00:00",
        "metvlc_time_source": "date+time",
        "metvlc_has_real_time": true,
        "metvlc_captura_utc": "2026-09-10T09:46:16+00:00",
        "metvlc_last_seen_utc": "2026-09-10T17:42:19+00:00",
        "metvlc_fuente": "SIGIF/GVA Rayos 24h KMZ"
      },
      "geometry": {
        "type": "Point",
        "coordinates": [
          -0.5285,
          38.8064
        ]
      }
    },
    {
      "type": "Feature",
      "properties": {
        "name": "09/09/2026 21:05:33",
        "COORD": "-0,5453,38,8055",
        "DATE": "2026-09-09",
        "TIME": "21:05",
        "MXI": "-12,85 kA.",
        "STR": "0",
        "SMA": "0,324 Km.",
        "SMI": "0,16100003 Km.",
        "CHI": "0,4",
        "metvlc_time_utc": "2026-09-09T19:05:00+00:00",
        "metvlc_time_source": "date+time",
        "metvlc_has_real_time": true,
        "metvlc_captura_utc": "2026-09-10T09:46:16+00:00",
        "metvlc_last_seen_utc": "2026-09-10T17:42:19+00:00",
        "metvlc_fuente": "SIGIF/GVA Rayos 24h KMZ"
      },
      "geometry": {
        "type": "Point",
        "coordinates": [
          -0.5453,
          38.8055
        ]
      }
    },
    {
      "type": "Feature",
      "properties": {
        "name": "09/09/2026 21:06:03",
        "COORD": "-0,3355,39,0684",
        "DATE": "2026-09-09",
        "TIME": "21:06",
        "MXI": "29,31 kA.",
        "STR": "0",
        "SMA": "0,242 Km.",
        "SMI": "0,13700002 Km.",
        "CHI": "0,7",
        "metvlc_time_utc": "2026-09-09T19:06:00+00:00",
        "metvlc_time_source": "date+time",
        "metvlc_has_real_time": true,
        "metvlc_captura_utc": "2026-09-10T09:46:16+00:00",
        "metvlc_last_seen_utc": "2026-09-10T17:42:19+00:00",
        "metvlc_fuente": "SIGIF/GVA Rayos 24h KMZ"
      },
      "geometry": {
        "type": "Point",
        "coordinates": [
          -0.3355,
          39.0684
        ]
      }
    },
    {
      "type": "Feature",
      "properties": {
        "name": "09/09/2026 21:07:19",
        "COORD": "-0,5018,38,8405",
        "DATE": "2026-09-09",
        "TIME": "21:07",
        "MXI": "-12,76 kA.",
        "STR": "0",
        "SMA": "0,281 Km.",
        "SMI": "0,13999999 Km.",
        "CHI": "0,4",
        "metvlc_time_utc": "2026-09-09T19:07:00+00:00",
        "metvlc_time_source": "date+time",
        "metvlc_has_real_time": true,
        "metvlc_captura_utc": "2026-09-10T09:46:16+00:00",
        "metvlc_last_seen_utc": "2026-09-10T17:42:19+00:00",
        "metvlc_fuente": "SIGIF/GVA Rayos 24h KMZ"
      },
      "geometry": {
        "type": "Point",
        "coordinates": [
          -0.5018,
          38.8405
        ]
      }
    },
    {
      "type": "Feature",
      "properties": {
        "name": "09/09/2026 21:07:46",
        "COORD": "-1,178,38,7456",
        "DATE": "2026-09-09",
        "TIME": "21:07",
        "MXI": "-26,43 kA.",
        "STR": "0",
        "SMA": "0,248 Km.",
        "SMI": "0,126 Km.",
        "CHI": "0,7",
        "metvlc_time_utc": "2026-09-09T19:07:00+00:00",
        "metvlc_time_source": "date+time",
        "metvlc_has_real_time": true,
        "metvlc_captura_utc": "2026-09-10T09:46:16+00:00",
        "metvlc_last_seen_utc": "2026-09-10T17:42:19+00:00",
        "metvlc_fuente": "SIGIF/GVA Rayos 24h KMZ"
      },
      "geometry": {
        "type": "Point",
        "coordinates": [
          -1.178,
          38.7456
        ]
      }
    },
    {
      "type": "Feature",
      "properties": {
        "name": "09/09/2026 21:07:46",
        "COORD": "-1,1774,38,7455",
        "DATE": "2026-09-09",
        "TIME": "21:07",
        "MXI": "-15,9 kA.",
        "STR": "0",
        "SMA": "0,23 Km.",
        "SMI": "0,13799998 Km.",
        "CHI": "0,5",
        "metvlc_time_utc": "2026-09-09T19:07:00+00:00",
        "metvlc_time_source": "date+time",
        "metvlc_has_real_time": true,
        "metvlc_captura_utc": "2026-09-10T09:46:16+00:00",
        "metvlc_last_seen_utc": "2026-09-10T17:42:19+00:00",
        "metvlc_fuente": "SIGIF/GVA Rayos 24h KMZ"
      },
      "geometry": {
        "type": "Point",
        "coordinates": [
          -1.1774,
          38.7455
        ]
      }
    },
    {
      "type": "Feature",
      "properties": {
        "name": "09/09/2026 21:08:25",
        "COORD": "-0,1526,39,4098",
        "DATE": "2026-09-09",
        "TIME": "21:08",
        "MXI": "-22,66 kA.",
        "STR": "0",
        "SMA": "0,219 Km.",
        "SMI": "0,12899995 Km.",
        "CHI": "0,4",
        "metvlc_time_utc": "2026-09-09T19:08:00+00:00",
        "metvlc_time_source": "date+time",
        "metvlc_has_real_time": true,
        "metvlc_captura_utc": "2026-09-10T09:46:16+00:00",
        "metvlc_last_seen_utc": "2026-09-10T17:42:19+00:00",
        "metvlc_fuente": "SIGIF/GVA Rayos 24h KMZ"
      },
      "geometry": {
        "type": "Point",
        "coordinates": [
          -0.1526,
          39.4098
        ]
      }
    },
    {
      "type": "Feature",
      "properties": {
        "name": "09/09/2026 21:08:33",
        "COORD": "-0,5072,38,8335",
        "DATE": "2026-09-09",
        "TIME": "21:08",
        "MXI": "-17,64 kA.",
        "STR": "0",
        "SMA": "0,261 Km.",
        "SMI": "0,127 Km.",
        "CHI": "0,4",
        "metvlc_time_utc": "2026-09-09T19:08:00+00:00",
        "metvlc_time_source": "date+time",
        "metvlc_has_real_time": true,
        "metvlc_captura_utc": "2026-09-10T09:46:16+00:00",
        "metvlc_last_seen_utc": "2026-09-10T17:42:19+00:00",
        "metvlc_fuente": "SIGIF/GVA Rayos 24h KMZ"
      },
      "geometry": {
        "type": "Point",
        "coordinates": [
          -0.5072,
          38.8335
        ]
      }
    },
    {
      "type": "Feature",
      "properties": {
        "name": "09/09/2026 21:08:33",
        "COORD": "-0,507,38,8313",
        "DATE": "2026-09-09",
        "TIME": "21:08",
        "MXI": "-9,88 kA.",
        "STR": "0",
        "SMA": "0,374 Km.",
        "SMI": "0,16899998 Km.",
        "CHI": "0,3",
        "metvlc_time_utc": "2026-09-09T19:08:00+00:00",
        "metvlc_time_source": "date+time",
        "metvlc_has_real_time": true,
        "metvlc_captura_utc": "2026-09-10T09:46:16+00:00",
        "metvlc_last_seen_utc": "2026-09-10T17:42:19+00:00",
        "metvlc_fuente": "SIGIF/GVA Rayos 24h KMZ"
      },
      "geometry": {
        "type": "Point",
        "coordinates": [
          -0.507,
          38.8313
        ]
      }
    },
    {
      "type": "Feature",
      "properties": {
        "name": "09/09/2026 21:08:39",
        "COORD": "-0,4446,38,9115",
        "DATE": "2026-09-09",
        "TIME": "21:08",
        "MXI": "-41,82 kA.",
        "STR": "0",
        "SMA": "0,241 Km.",
        "SMI": "0,13400003 Km.",
        "CHI": "0,9",
        "metvlc_time_utc": "2026-09-09T19:08:00+00:00",
        "metvlc_time_source": "date+time",
        "metvlc_has_real_time": true,
        "metvlc_captura_utc": "2026-09-10T09:46:16+00:00",
        "metvlc_last_seen_utc": "2026-09-10T17:42:19+00:00",
        "metvlc_fuente": "SIGIF/GVA Rayos 24h KMZ"
      },
      "geometry": {
        "type": "Point",
        "coordinates": [
          -0.4446,
          38.9115
        ]
      }
    },
    {
      "type": "Feature",
      "properties": {
        "name": "09/09/2026 21:08:39",
        "COORD": "-0,4384,38,9133",
        "DATE": "2026-09-09",
        "TIME": "21:08",
        "MXI": "-14,57 kA.",
        "STR": "0",
        "SMA": "0,271 Km.",
        "SMI": "0,12799998 Km.",
        "CHI": "0,2",
        "metvlc_time_utc": "2026-09-09T19:08:00+00:00",
        "metvlc_time_source": "date+time",
        "metvlc_has_real_time": true,
        "metvlc_captura_utc": "2026-09-10T09:46:16+00:00",
        "metvlc_last_seen_utc": "2026-09-10T17:42:19+00:00",
        "metvlc_fuente": "SIGIF/GVA Rayos 24h KMZ"
      },
      "geometry": {
        "type": "Point",
        "coordinates": [
          -0.4384,
          38.9133
        ]
      }
    },
    {
      "type": "Feature",
      "properties": {
        "name": "09/09/2026 21:08:39",
        "COORD": "-0,4228,38,9309",
        "DATE": "2026-09-09",
        "TIME": "21:08",
        "MXI": "-18,26 kA.",
        "STR": "0",
        "SMA": "0,242 Km.",
        "SMI": "0,13499998 Km.",
        "CHI": "0,6",
        "metvlc_time_utc": "2026-09-09T19:08:00+00:00",
        "metvlc_time_source": "date+time",
        "metvlc_has_real_time": true,
        "metvlc_captura_utc": "2026-09-10T09:46:16+00:00",
        "metvlc_last_seen_utc": "2026-09-10T17:42:19+00:00",
        "metvlc_fuente": "SIGIF/GVA Rayos 24h KMZ"
      },
      "geometry": {
        "type": "Point",
        "coordinates": [
          -0.4228,
          38.9309
        ]
      }
    },
    {
      "type": "Feature",
      "properties": {
        "name": "09/09/2026 21:11:21",
        "COORD": "-1,1572,38,7038",
        "DATE": "2026-09-09",
        "TIME": "21:11",
        "MXI": "-8,06 kA.",
        "STR": "0",
        "SMA": "0,604 Km.",
        "SMI": "0,22600003 Km.",
        "CHI": "1,6",
        "metvlc_time_utc": "2026-09-09T19:11:00+00:00",
        "metvlc_time_source": "date+time",
        "metvlc_has_real_time": true,
        "metvlc_captura_utc": "2026-09-10T09:46:16+00:00",
        "metvlc_last_seen_utc": "2026-09-10T17:42:19+00:00",
        "metvlc_fuente": "SIGIF/GVA Rayos 24h KMZ"
      },
      "geometry": {
        "type": "Point",
        "coordinates": [
          -1.1572,
          38.7038
        ]
      }
    },
    {
      "type": "Feature",
      "properties": {
        "name": "09/09/2026 21:11:21",
        "COORD": "-1,1564,38,7037",
        "DATE": "2026-09-09",
        "TIME": "21:11",
        "MXI": "-15,98 kA.",
        "STR": "0",
        "SMA": "0,255 Km.",
        "SMI": "0,13599999 Km.",
        "CHI": "0,3",
        "metvlc_time_utc": "2026-09-09T19:11:00+00:00",
        "metvlc_time_source": "date+time",
        "metvlc_has_real_time": true,
        "metvlc_captura_utc": "2026-09-10T09:46:16+00:00",
        "metvlc_last_seen_utc": "2026-09-10T17:42:19+00:00",
        "metvlc_fuente": "SIGIF/GVA Rayos 24h KMZ"
      },
      "geometry": {
        "type": "Point",
        "coordinates": [
          -1.1564,
          38.7037
        ]
      }
    },
    {
      "type": "Feature",
      "properties": {
        "name": "09/09/2026 21:13:13",
        "COORD": "-0,0881,39,3555",
        "DATE": "2026-09-09",
        "TIME": "21:13",
        "MXI": "-26,95 kA.",
        "STR": "0",
        "SMA": "0,218 Km.",
        "SMI": "0,13399997 Km.",
        "CHI": "0,5",
        "metvlc_time_utc": "2026-09-09T19:13:00+00:00",
        "metvlc_time_source": "date+time",
        "metvlc_has_real_time": true,
        "metvlc_captura_utc": "2026-09-10T09:46:16+00:00",
        "metvlc_last_seen_utc": "2026-09-10T17:42:19+00:00",
        "metvlc_fuente": "SIGIF/GVA Rayos 24h KMZ"
      },
      "geometry": {
        "type": "Point",
        "coordinates": [
          -0.0881,
          39.3555
        ]
      }
    },
    {
      "type": "Feature",
      "properties": {
        "name": "09/09/2026 21:13:42",
        "COORD": "-0,4799,38,8354",
        "DATE": "2026-09-09",
        "TIME": "21:13",
        "MXI": "-10,64 kA.",
        "STR": "0",
        "SMA": "0,441 Km.",
        "SMI": "0,16500002 Km.",
        "CHI": "0,4",
        "metvlc_time_utc": "2026-09-09T19:13:00+00:00",
        "metvlc_time_source": "date+time",
        "metvlc_has_real_time": true,
        "metvlc_captura_utc": "2026-09-10T09:46:16+00:00",
        "metvlc_last_seen_utc": "2026-09-10T17:42:19+00:00",
        "metvlc_fuente": "SIGIF/GVA Rayos 24h KMZ"
      },
      "geometry": {
        "type": "Point",
        "coordinates": [
          -0.4799,
          38.8354
        ]
      }
    },
    {
      "type": "Feature",
      "properties": {
        "name": "09/09/2026 21:15:14",
        "COORD": "0,0447,39,3339",
        "DATE": "2026-09-09",
        "TIME": "21:15",
        "MXI": "-31,93 kA.",
        "STR": "0",
        "SMA": "0,243 Km.",
        "SMI": "0,135 Km.",
        "CHI": "0,8",
        "metvlc_time_utc": "2026-09-09T19:15:00+00:00",
        "metvlc_time_source": "date+time",
        "metvlc_has_real_time": true,
        "metvlc_captura_utc": "2026-09-10T09:46:16+00:00",
        "metvlc_last_seen_utc": "2026-09-10T17:42:19+00:00",
        "metvlc_fuente": "SIGIF/GVA Rayos 24h KMZ"
      },
      "geometry": {
        "type": "Point",
        "coordinates": [
          0.0447,
          39.3339
        ]
      }
    },
    {
      "type": "Feature",
      "properties": {
        "name": "09/09/2026 21:16:28",
        "COORD": "-1,1332,38,7235",
        "DATE": "2026-09-09",
        "TIME": "21:16",
        "MXI": "-13,73 kA.",
        "STR": "0",
        "SMA": "0,269 Km.",
        "SMI": "0,151 Km.",
        "CHI": "0,9",
        "metvlc_time_utc": "2026-09-09T19:16:00+00:00",
        "metvlc_time_source": "date+time",
        "metvlc_has_real_time": true,
        "metvlc_captura_utc": "2026-09-10T09:46:16+00:00",
        "metvlc_last_seen_utc": "2026-09-10T17:42:19+00:00",
        "metvlc_fuente": "SIGIF/GVA Rayos 24h KMZ"
      },
      "geometry": {
        "type": "Point",
        "coordinates": [
          -1.1332,
          38.7235
        ]
      }
    },
    {
      "type": "Feature",
      "properties": {
        "name": "09/09/2026 21:16:51",
        "COORD": "-0,0796,39,355",
        "DATE": "2026-09-09",
        "TIME": "21:16",
        "MXI": "-30,82 kA.",
        "STR": "0",
        "SMA": "0,229 Km.",
        "SMI": "0,12899998 Km.",
        "CHI": "0,7",
        "metvlc_time_utc": "2026-09-09T19:16:00+00:00",
        "metvlc_time_source": "date+time",
        "metvlc_has_real_time": true,
        "metvlc_captura_utc": "2026-09-10T09:46:16+00:00",
        "metvlc_last_seen_utc": "2026-09-10T17:42:19+00:00",
        "metvlc_fuente": "SIGIF/GVA Rayos 24h KMZ"
      },
      "geometry": {
        "type": "Point",
        "coordinates": [
          -0.0796,
          39.355
        ]
      }
    },
    {
      "type": "Feature",
      "properties": {
        "name": "09/09/2026 21:16:51",
        "COORD": "-0,0795,39,3557",
        "DATE": "2026-09-09",
        "TIME": "21:16",
        "MXI": "-16,26 kA.",
        "STR": "0",
        "SMA": "0,24 Km.",
        "SMI": "0,13999997 Km.",
        "CHI": "0,5",
        "metvlc_time_utc": "2026-09-09T19:16:00+00:00",
        "metvlc_time_source": "date+time",
        "metvlc_has_real_time": true,
        "metvlc_captura_utc": "2026-09-10T09:46:16+00:00",
        "metvlc_last_seen_utc": "2026-09-10T17:42:19+00:00",
        "metvlc_fuente": "SIGIF/GVA Rayos 24h KMZ"
      },
      "geometry": {
        "type": "Point",
        "coordinates": [
          -0.0795,
          39.3557
        ]
      }
    },
    {
      "type": "Feature",
      "properties": {
        "name": "09/09/2026 21:17:01",
        "COORD": "-0,0196,39,4277",
        "DATE": "2026-09-09",
        "TIME": "21:17",
        "MXI": "-7,11 kA.",
        "STR": "0",
        "SMA": "1,296 Km.",
        "SMI": "0,28400004 Km.",
        "CHI": "0,2",
        "metvlc_time_utc": "2026-09-09T19:17:00+00:00",
        "metvlc_time_source": "date+time",
        "metvlc_has_real_time": true,
        "metvlc_captura_utc": "2026-09-10T09:46:16+00:00",
        "metvlc_last_seen_utc": "2026-09-10T17:42:19+00:00",
        "metvlc_fuente": "SIGIF/GVA Rayos 24h KMZ"
      },
      "geometry": {
        "type": "Point",
        "coordinates": [
          -0.0196,
          39.4277
        ]
      }
    },
    {
      "type": "Feature",
      "properties": {
        "name": "09/09/2026 21:17:01",
        "COORD": "-0,0179,39,3868",
        "DATE": "2026-09-09",
        "TIME": "21:17",
        "MXI": "-9,71 kA.",
        "STR": "0",
        "SMA": "0,417 Km.",
        "SMI": "0,22400002 Km.",
        "CHI": "0,5",
        "metvlc_time_utc": "2026-09-09T19:17:00+00:00",
        "metvlc_time_source": "date+time",
        "metvlc_has_real_time": true,
        "metvlc_captura_utc": "2026-09-10T09:46:16+00:00",
        "metvlc_last_seen_utc": "2026-09-10T17:42:19+00:00",
        "metvlc_fuente": "SIGIF/GVA Rayos 24h KMZ"
      },
      "geometry": {
        "type": "Point",
        "coordinates": [
          -0.0179,
          39.3868
        ]
      }
    },
    {
      "type": "Feature",
      "properties": {
        "name": "09/09/2026 21:19:03",
        "COORD": "-0,4041,38,7832",
        "DATE": "2026-09-09",
        "TIME": "21:19",
        "MXI": "-18,63 kA.",
        "STR": "0",
        "SMA": "0,248 Km.",
        "SMI": "0,137 Km.",
        "CHI": "0,3",
        "metvlc_time_utc": "2026-09-09T19:19:00+00:00",
        "metvlc_time_source": "date+time",
        "metvlc_has_real_time": true,
        "metvlc_captura_utc": "2026-09-10T09:46:16+00:00",
        "metvlc_last_seen_utc": "2026-09-10T17:42:19+00:00",
        "metvlc_fuente": "SIGIF/GVA Rayos 24h KMZ"
      },
      "geometry": {
        "type": "Point",
        "coordinates": [
          -0.4041,
          38.7832
        ]
      }
    },
    {
      "type": "Feature",
      "properties": {
        "name": "09/09/2026 21:20:27",
        "COORD": "-0,4074,38,8103",
        "DATE": "2026-09-09",
        "TIME": "21:20",
        "MXI": "-12,45 kA.",
        "STR": "0",
        "SMA": "0,323 Km.",
        "SMI": "0,16600002 Km.",
        "CHI": "0,3",
        "metvlc_time_utc": "2026-09-09T19:20:00+00:00",
        "metvlc_time_source": "date+time",
        "metvlc_has_real_time": true,
        "metvlc_captura_utc": "2026-09-10T09:46:16+00:00",
        "metvlc_last_seen_utc": "2026-09-10T17:42:19+00:00",
        "metvlc_fuente": "SIGIF/GVA Rayos 24h KMZ"
      },
      "geometry": {
        "type": "Point",
        "coordinates": [
          -0.4074,
          38.8103
        ]
      }
    },
    {
      "type": "Feature",
      "properties": {
        "name": "09/09/2026 21:20:27",
        "COORD": "-0,4067,38,8105",
        "DATE": "2026-09-09",
        "TIME": "21:20",
        "MXI": "-21,06 kA.",
        "STR": "0",
        "SMA": "0,255 Km.",
        "SMI": "0,138 Km.",
        "CHI": "0,2",
        "metvlc_time_utc": "2026-09-09T19:20:00+00:00",
        "metvlc_time_source": "date+time",
        "metvlc_has_real_time": true,
        "metvlc_captura_utc": "2026-09-10T09:46:16+00:00",
        "metvlc_last_seen_utc": "2026-09-10T17:42:19+00:00",
        "metvlc_fuente": "SIGIF/GVA Rayos 24h KMZ"
      },
      "geometry": {
        "type": "Point",
        "coordinates": [
          -0.4067,
          38.8105
        ]
      }
    },
    {
      "type": "Feature",
      "properties": {
        "name": "09/09/2026 21:20:27",
        "COORD": "-0,4616,38,8149",
        "DATE": "2026-09-09",
        "TIME": "21:20",
        "MXI": "-16,49 kA.",
        "STR": "0",
        "SMA": "0,329 Km.",
        "SMI": "0,15600003 Km.",
        "CHI": "1",
        "metvlc_time_utc": "2026-09-09T19:20:00+00:00",
        "metvlc_time_source": "date+time",
        "metvlc_has_real_time": true,
        "metvlc_captura_utc": "2026-09-10T09:46:16+00:00",
        "metvlc_last_seen_utc": "2026-09-10T17:42:19+00:00",
        "metvlc_fuente": "SIGIF/GVA Rayos 24h KMZ"
      },
      "geometry": {
        "type": "Point",
        "coordinates": [
          -0.4616,
          38.8149
        ]
      }
    },
    {
      "type": "Feature",
      "properties": {
        "name": "09/09/2026 21:20:29",
        "COORD": "0,0054,39,2868",
        "DATE": "2026-09-09",
        "TIME": "21:20",
        "MXI": "-35,47 kA.",
        "STR": "0",
        "SMA": "0,265 Km.",
        "SMI": "0,13499999 Km.",
        "CHI": "0,5",
        "metvlc_time_utc": "2026-09-09T19:20:00+00:00",
        "metvlc_time_source": "date+time",
        "metvlc_has_real_time": true,
        "metvlc_captura_utc": "2026-09-10T09:46:16+00:00",
        "metvlc_last_seen_utc": "2026-09-10T17:42:19+00:00",
        "metvlc_fuente": "SIGIF/GVA Rayos 24h KMZ"
      },
      "geometry": {
        "type": "Point",
        "coordinates": [
          0.0054,
          39.2868
        ]
      }
    },
    {
      "type": "Feature",
      "properties": {
        "name": "09/09/2026 21:20:29",
        "COORD": "-0,0682,39,3179",
        "DATE": "2026-09-09",
        "TIME": "21:20",
        "MXI": "-9,91 kA.",
        "STR": "0",
        "SMA": "0,325 Km.",
        "SMI": "0,17799997 Km.",
        "CHI": "0,2",
        "metvlc_time_utc": "2026-09-09T19:20:00+00:00",
        "metvlc_time_source": "date+time",
        "metvlc_has_real_time": true,
        "metvlc_captura_utc": "2026-09-10T09:46:16+00:00",
        "metvlc_last_seen_utc": "2026-09-10T17:42:19+00:00",
        "metvlc_fuente": "SIGIF/GVA Rayos 24h KMZ"
      },
      "geometry": {
        "type": "Point",
        "coordinates": [
          -0.0682,
          39.3179
        ]
      }
    },
    {
      "type": "Feature",
      "properties": {
        "name": "09/09/2026 21:20:29",
        "COORD": "0,0058,39,287",
        "DATE": "2026-09-09",
        "TIME": "21:20",
        "MXI": "-20,66 kA.",
        "STR": "0",
        "SMA": "0,237 Km.",
        "SMI": "0,13299999 Km.",
        "CHI": "0,5",
        "metvlc_time_utc": "2026-09-09T19:20:00+00:00",
        "metvlc_time_source": "date+time",
        "metvlc_has_real_time": true,
        "metvlc_captura_utc": "2026-09-10T09:46:16+00:00",
        "metvlc_last_seen_utc": "2026-09-10T17:42:19+00:00",
        "metvlc_fuente": "SIGIF/GVA Rayos 24h KMZ"
      },
      "geometry": {
        "type": "Point",
        "coordinates": [
          0.0058,
          39.287
        ]
      }
    },
    {
      "type": "Feature",
      "properties": {
        "name": "09/09/2026 21:20:52",
        "COORD": "-1,1069,38,7013",
        "DATE": "2026-09-09",
        "TIME": "21:20",
        "MXI": "18,24 kA.",
        "STR": "0",
        "SMA": "0,324 Km.",
        "SMI": "0,163 Km.",
        "CHI": "0,7",
        "metvlc_time_utc": "2026-09-09T19:20:00+00:00",
        "metvlc_time_source": "date+time",
        "metvlc_has_real_time": true,
        "metvlc_captura_utc": "2026-09-10T09:46:16+00:00",
        "metvlc_last_seen_utc": "2026-09-10T17:42:19+00:00",
        "metvlc_fuente": "SIGIF/GVA Rayos 24h KMZ"
      },
      "geometry": {
        "type": "Point",
        "coordinates": [
          -1.1069,
          38.7013
        ]
      }
    },
    {
      "type": "Feature",
      "properties": {
        "name": "09/09/2026 21:21:30",
        "COORD": "0,0251,39,2965",
        "DATE": "2026-09-09",
        "TIME": "21:21",
        "MXI": "-44,44 kA.",
        "STR": "0",
        "SMA": "0,233 Km.",
        "SMI": "0,131 Km.",
        "CHI": "0,8",
        "metvlc_time_utc": "2026-09-09T19:21:00+00:00",
        "metvlc_time_source": "date+time",
        "metvlc_has_real_time": true,
        "metvlc_captura_utc": "2026-09-10T09:46:16+00:00",
        "metvlc_last_seen_utc": "2026-09-10T17:42:19+00:00",
        "metvlc_fuente": "SIGIF/GVA Rayos 24h KMZ"
      },
      "geometry": {
        "type": "Point",
        "coordinates": [
          0.0251,
          39.2965
        ]
      }
    },
    {
      "type": "Feature",
      "properties": {
        "name": "09/09/2026 21:21:45",
        "COORD": "-0,0819,39,3883",
        "DATE": "2026-09-09",
        "TIME": "21:21",
        "MXI": "-31,65 kA.",
        "STR": "0",
        "SMA": "0,23 Km.",
        "SMI": "0,13100001 Km.",
        "CHI": "0,8",
        "metvlc_time_utc": "2026-09-09T19:21:00+00:00",
        "metvlc_time_source": "date+time",
        "metvlc_has_real_time": true,
        "metvlc_captura_utc": "2026-09-10T09:46:16+00:00",
        "metvlc_last_seen_utc": "2026-09-10T17:42:19+00:00",
        "metvlc_fuente": "SIGIF/GVA Rayos 24h KMZ"
      },
      "geometry": {
        "type": "Point",
        "coordinates": [
          -0.0819,
          39.3883
        ]
      }
    },
    {
      "type": "Feature",
      "properties": {
        "name": "09/09/2026 21:21:45",
        "COORD": "-0,0808,39,3895",
        "DATE": "2026-09-09",
        "TIME": "21:21",
        "MXI": "-13,1 kA.",
        "STR": "0",
        "SMA": "0,319 Km.",
        "SMI": "0,15300003 Km.",
        "CHI": "0,3",
        "metvlc_time_utc": "2026-09-09T19:21:00+00:00",
        "metvlc_time_source": "date+time",
        "metvlc_has_real_time": true,
        "metvlc_captura_utc": "2026-09-10T09:46:16+00:00",
        "metvlc_last_seen_utc": "2026-09-10T17:42:19+00:00",
        "metvlc_fuente": "SIGIF/GVA Rayos 24h KMZ"
      },
      "geometry": {
        "type": "Point",
        "coordinates": [
          -0.0808,
          39.3895
        ]
      }
    },
    {
      "type": "Feature",
      "properties": {
        "name": "09/09/2026 21:22:20",
        "COORD": "-0,4379,38,7764",
        "DATE": "2026-09-09",
        "TIME": "21:22",
        "MXI": "-11,06 kA.",
        "STR": "0",
        "SMA": "0,464 Km.",
        "SMI": "0,17100002 Km.",
        "CHI": "0,2",
        "metvlc_time_utc": "2026-09-09T19:22:00+00:00",
        "metvlc_time_source": "date+time",
        "metvlc_has_real_time": true,
        "metvlc_captura_utc": "2026-09-10T09:46:16+00:00",
        "metvlc_last_seen_utc": "2026-09-10T17:42:19+00:00",
        "metvlc_fuente": "SIGIF/GVA Rayos 24h KMZ"
      },
      "geometry": {
        "type": "Point",
        "coordinates": [
          -0.4379,
          38.7764
        ]
      }
    },
    {
      "type": "Feature",
      "properties": {
        "name": "09/09/2026 21:22:20",
        "COORD": "-0,4378,38,7773",
        "DATE": "2026-09-09",
        "TIME": "21:22",
        "MXI": "-17,39 kA.",
        "STR": "0",
        "SMA": "0,253 Km.",
        "SMI": "0,136 Km.",
        "CHI": "0,3",
        "metvlc_time_utc": "2026-09-09T19:22:00+00:00",
        "metvlc_time_source": "date+time",
        "metvlc_has_real_time": true,
        "metvlc_captura_utc": "2026-09-10T09:46:16+00:00",
        "metvlc_last_seen_utc": "2026-09-10T17:42:19+00:00",
        "metvlc_fuente": "SIGIF/GVA Rayos 24h KMZ"
      },
      "geometry": {
        "type": "Point",
        "coordinates": [
          -0.4378,
          38.7773
        ]
      }
    },
    {
      "type": "Feature",
      "properties": {
        "name": "09/09/2026 21:22:20",
        "COORD": "-0,4393,38,7786",
        "DATE": "2026-09-09",
        "TIME": "21:22",
        "MXI": "-9,03 kA.",
        "STR": "0",
        "SMA": "1,254 Km.",
        "SMI": "0,239 Km.",
        "CHI": "0,3",
        "metvlc_time_utc": "2026-09-09T19:22:00+00:00",
        "metvlc_time_source": "date+time",
        "metvlc_has_real_time": true,
        "metvlc_captura_utc": "2026-09-10T09:46:16+00:00",
        "metvlc_last_seen_utc": "2026-09-10T17:42:19+00:00",
        "metvlc_fuente": "SIGIF/GVA Rayos 24h KMZ"
      },
      "geometry": {
        "type": "Point",
        "coordinates": [
          -0.4393,
          38.7786
        ]
      }
    },
    {
      "type": "Feature",
      "properties": {
        "name": "09/09/2026 21:22:20",
        "COORD": "-0,4384,38,7781",
        "DATE": "2026-09-09",
        "TIME": "21:22",
        "MXI": "-24,49 kA.",
        "STR": "0",
        "SMA": "0,24 Km.",
        "SMI": "0,125 Km.",
        "CHI": "0,3",
        "metvlc_time_utc": "2026-09-09T19:22:00+00:00",
        "metvlc_time_source": "date+time",
        "metvlc_has_real_time": true,
        "metvlc_captura_utc": "2026-09-10T09:46:16+00:00",
        "metvlc_last_seen_utc": "2026-09-10T17:42:19+00:00",
        "metvlc_fuente": "SIGIF/GVA Rayos 24h KMZ"
      },
      "geometry": {
        "type": "Point",
        "coordinates": [
          -0.4384,
          38.7781
        ]
      }
    },
    {
      "type": "Feature",
      "properties": {
        "name": "09/09/2026 21:22:21",
        "COORD": "-0,4389,38,7779",
        "DATE": "2026-09-09",
        "TIME": "21:22",
        "MXI": "-14,09 kA.",
        "STR": "0",
        "SMA": "0,325 Km.",
        "SMI": "0,14400002 Km.",
        "CHI": "0,2",
        "metvlc_time_utc": "2026-09-09T19:22:00+00:00",
        "metvlc_time_source": "date+time",
        "metvlc_has_real_time": true,
        "metvlc_captura_utc": "2026-09-10T09:46:16+00:00",
        "metvlc_last_seen_utc": "2026-09-10T17:42:19+00:00",
        "metvlc_fuente": "SIGIF/GVA Rayos 24h KMZ"
      },
      "geometry": {
        "type": "Point",
        "coordinates": [
          -0.4389,
          38.7779
        ]
      }
    },
    {
      "type": "Feature",
      "properties": {
        "name": "09/09/2026 21:23:55",
        "COORD": "-1,1367,38,6722",
        "DATE": "2026-09-09",
        "TIME": "21:23",
        "MXI": "-7,69 kA.",
        "STR": "0",
        "SMA": "0,704 Km.",
        "SMI": "0,23000005 Km.",
        "CHI": "0,4",
        "metvlc_time_utc": "2026-09-09T19:23:00+00:00",
        "metvlc_time_source": "date+time",
        "metvlc_has_real_time": true,
        "metvlc_captura_utc": "2026-09-10T09:46:16+00:00",
        "metvlc_last_seen_utc": "2026-09-10T17:42:19+00:00",
        "metvlc_fuente": "SIGIF/GVA Rayos 24h KMZ"
      },
      "geometry": {
        "type": "Point",
        "coordinates": [
          -1.1367,
          38.6722
        ]
      }
    },
    {
      "type": "Feature",
      "properties": {
        "name": "09/09/2026 21:25:40",
        "COORD": "-0,0034,39,3665",
        "DATE": "2026-09-09",
        "TIME": "21:25",
        "MXI": "17,44 kA.",
        "STR": "0",
        "SMA": "0,288 Km.",
        "SMI": "0,15199998 Km.",
        "CHI": "0,6",
        "metvlc_time_utc": "2026-09-09T19:25:00+00:00",
        "metvlc_time_source": "date+time",
        "metvlc_has_real_time": true,
        "metvlc_captura_utc": "2026-09-10T09:46:16+00:00",
        "metvlc_last_seen_utc": "2026-09-10T17:42:19+00:00",
        "metvlc_fuente": "SIGIF/GVA Rayos 24h KMZ"
      },
      "geometry": {
        "type": "Point",
        "coordinates": [
          -0.0034,
          39.3665
        ]
      }
    },
    {
      "type": "Feature",
      "properties": {
        "name": "09/09/2026 21:26:06",
        "COORD": "-0,0818,39,325",
        "DATE": "2026-09-09",
        "TIME": "21:26",
        "MXI": "-23,39 kA.",
        "STR": "0",
        "SMA": "0,231 Km.",
        "SMI": "0,13300002 Km.",
        "CHI": "0,5",
        "metvlc_time_utc": "2026-09-09T19:26:00+00:00",
        "metvlc_time_source": "date+time",
        "metvlc_has_real_time": true,
        "metvlc_captura_utc": "2026-09-10T09:46:16+00:00",
        "metvlc_last_seen_utc": "2026-09-10T17:42:19+00:00",
        "metvlc_fuente": "SIGIF/GVA Rayos 24h KMZ"
      },
      "geometry": {
        "type": "Point",
        "coordinates": [
          -0.0818,
          39.325
        ]
      }
    },
    {
      "type": "Feature",
      "properties": {
        "name": "09/09/2026 21:27:28",
        "COORD": "-0,487,38,7652",
        "DATE": "2026-09-09",
        "TIME": "21:27",
        "MXI": "-18,53 kA.",
        "STR": "0",
        "SMA": "0,244 Km.",
        "SMI": "0,122999996 Km.",
        "CHI": "0,6",
        "metvlc_time_utc": "2026-09-09T19:27:00+00:00",
        "metvlc_time_source": "date+time",
        "metvlc_has_real_time": true,
        "metvlc_captura_utc": "2026-09-10T09:46:16+00:00",
        "metvlc_last_seen_utc": "2026-09-10T17:42:19+00:00",
        "metvlc_fuente": "SIGIF/GVA Rayos 24h KMZ"
      },
      "geometry": {
        "type": "Point",
        "coordinates": [
          -0.487,
          38.7652
        ]
      }
    },
    {
      "type": "Feature",
      "properties": {
        "name": "09/09/2026 21:27:28",
        "COORD": "-0,4866,38,7637",
        "DATE": "2026-09-09",
        "TIME": "21:27",
        "MXI": "-19,45 kA.",
        "STR": "0",
        "SMA": "0,243 Km.",
        "SMI": "0,12099997 Km.",
        "CHI": "0,2",
        "metvlc_time_utc": "2026-09-09T19:27:00+00:00",
        "metvlc_time_source": "date+time",
        "metvlc_has_real_time": true,
        "metvlc_captura_utc": "2026-09-10T09:46:16+00:00",
        "metvlc_last_seen_utc": "2026-09-10T17:42:19+00:00",
        "metvlc_fuente": "SIGIF/GVA Rayos 24h KMZ"
      },
      "geometry": {
        "type": "Point",
        "coordinates": [
          -0.4866,
          38.7637
        ]
      }
    },
    {
      "type": "Feature",
      "properties": {
        "name": "09/09/2026 21:27:28",
        "COORD": "-0,4863,38,7634",
        "DATE": "2026-09-09",
        "TIME": "21:27",
        "MXI": "-12,15 kA.",
        "STR": "0",
        "SMA": "0,291 Km.",
        "SMI": "0,141 Km.",
        "CHI": "0,5",
        "metvlc_time_utc": "2026-09-09T19:27:00+00:00",
        "metvlc_time_source": "date+time",
        "metvlc_has_real_time": true,
        "metvlc_captura_utc": "2026-09-10T09:46:16+00:00",
        "metvlc_last_seen_utc": "2026-09-10T17:42:19+00:00",
        "metvlc_fuente": "SIGIF/GVA Rayos 24h KMZ"
      },
      "geometry": {
        "type": "Point",
        "coordinates": [
          -0.4863,
          38.7634
        ]
      }
    },
    {
      "type": "Feature",
      "properties": {
        "name": "09/09/2026 21:33:34",
        "COORD": "-0,0136,39,4471",
        "DATE": "2026-09-09",
        "TIME": "21:33",
        "MXI": "46,47 kA.",
        "STR": "0",
        "SMA": "0,222 Km.",
        "SMI": "0,148 Km.",
        "CHI": "0,8",
        "metvlc_time_utc": "2026-09-09T19:33:00+00:00",
        "metvlc_time_source": "date+time",
        "metvlc_has_real_time": true,
        "metvlc_captura_utc": "2026-09-10T09:46:16+00:00",
        "metvlc_last_seen_utc": "2026-09-10T17:42:19+00:00",
        "metvlc_fuente": "SIGIF/GVA Rayos 24h KMZ"
      },
      "geometry": {
        "type": "Point",
        "coordinates": [
          -0.0136,
          39.4471
        ]
      }
    },
    {
      "type": "Feature",
      "properties": {
        "name": "09/09/2026 21:43:23",
        "COORD": "-0,0038,39,431",
        "DATE": "2026-09-09",
        "TIME": "21:43",
        "MXI": "20,16 kA.",
        "STR": "0",
        "SMA": "0,242 Km.",
        "SMI": "0,126 Km.",
        "CHI": "0,7",
        "metvlc_time_utc": "2026-09-09T19:43:00+00:00",
        "metvlc_time_source": "date+time",
        "metvlc_has_real_time": true,
        "metvlc_captura_utc": "2026-09-10T09:46:16+00:00",
        "metvlc_last_seen_utc": "2026-09-10T17:42:19+00:00",
        "metvlc_fuente": "SIGIF/GVA Rayos 24h KMZ"
      },
      "geometry": {
        "type": "Point",
        "coordinates": [
          -0.0038,
          39.431
        ]
      }
    },
    {
      "type": "Feature",
      "properties": {
        "name": "09/09/2026 21:44:24",
        "COORD": "0,0009,39,4551",
        "DATE": "2026-09-09",
        "TIME": "21:44",
        "MXI": "26,03 kA.",
        "STR": "0",
        "SMA": "0,235 Km.",
        "SMI": "0,12900004 Km.",
        "CHI": "0,5",
        "metvlc_time_utc": "2026-09-09T19:44:00+00:00",
        "metvlc_time_source": "date+time",
        "metvlc_has_real_time": true,
        "metvlc_captura_utc": "2026-09-10T09:46:16+00:00",
        "metvlc_last_seen_utc": "2026-09-10T17:42:19+00:00",
        "metvlc_fuente": "SIGIF/GVA Rayos 24h KMZ"
      },
      "geometry": {
        "type": "Point",
        "coordinates": [
          0.0009,
          39.4551
        ]
      }
    },
    {
      "type": "Feature",
      "properties": {
        "name": "09/09/2026 21:55:19",
        "COORD": "0,0431,39,3278",
        "DATE": "2026-09-09",
        "TIME": "21:55",
        "MXI": "-42,39 kA.",
        "STR": "0",
        "SMA": "0,254 Km.",
        "SMI": "0,128 Km.",
        "CHI": "0,8",
        "metvlc_time_utc": "2026-09-09T19:55:00+00:00",
        "metvlc_time_source": "date+time",
        "metvlc_has_real_time": true,
        "metvlc_captura_utc": "2026-09-10T09:46:16+00:00",
        "metvlc_last_seen_utc": "2026-09-10T17:42:19+00:00",
        "metvlc_fuente": "SIGIF/GVA Rayos 24h KMZ"
      },
      "geometry": {
        "type": "Point",
        "coordinates": [
          0.0431,
          39.3278
        ]
      }
    },
    {
      "type": "Feature",
      "properties": {
        "name": "09/09/2026 21:55:23",
        "COORD": "-0,2577,38,739",
        "DATE": "2026-09-09",
        "TIME": "21:55",
        "MXI": "-10,19 kA.",
        "STR": "0",
        "SMA": "0,301 Km.",
        "SMI": "0,13800003 Km.",
        "CHI": "0,3",
        "metvlc_time_utc": "2026-09-09T19:55:00+00:00",
        "metvlc_time_source": "date+time",
        "metvlc_has_real_time": true,
        "metvlc_captura_utc": "2026-09-10T09:46:16+00:00",
        "metvlc_last_seen_utc": "2026-09-10T17:42:19+00:00",
        "metvlc_fuente": "SIGIF/GVA Rayos 24h KMZ"
      },
      "geometry": {
        "type": "Point",
        "coordinates": [
          -0.2577,
          38.739
        ]
      }
    },
    {
      "type": "Feature",
      "properties": {
        "name": "09/09/2026 21:56:56",
        "COORD": "-0,0042,39,4679",
        "DATE": "2026-09-09",
        "TIME": "21:56",
        "MXI": "15,91 kA.",
        "STR": "0",
        "SMA": "0,872 Km.",
        "SMI": "0,261 Km.",
        "CHI": "1,2",
        "metvlc_time_utc": "2026-09-09T19:56:00+00:00",
        "metvlc_time_source": "date+time",
        "metvlc_has_real_time": true,
        "metvlc_captura_utc": "2026-09-10T09:46:16+00:00",
        "metvlc_last_seen_utc": "2026-09-10T17:42:19+00:00",
        "metvlc_fuente": "SIGIF/GVA Rayos 24h KMZ"
      },
      "geometry": {
        "type": "Point",
        "coordinates": [
          -0.0042,
          39.4679
        ]
      }
    },
    {
      "type": "Feature",
      "properties": {
        "name": "09/09/2026 21:57:06",
        "COORD": "-0,241,38,7394",
        "DATE": "2026-09-09",
        "TIME": "21:57",
        "MXI": "34,38 kA.",
        "STR": "0",
        "SMA": "0,248 Km.",
        "SMI": "0,105999984 Km.",
        "CHI": "0,9",
        "metvlc_time_utc": "2026-09-09T19:57:00+00:00",
        "metvlc_time_source": "date+time",
        "metvlc_has_real_time": true,
        "metvlc_captura_utc": "2026-09-10T09:46:16+00:00",
        "metvlc_last_seen_utc": "2026-09-10T17:42:19+00:00",
        "metvlc_fuente": "SIGIF/GVA Rayos 24h KMZ"
      },
      "geometry": {
        "type": "Point",
        "coordinates": [
          -0.241,
          38.7394
        ]
      }
    },
    {
      "type": "Feature",
      "properties": {
        "name": "09/09/2026 21:59:27",
        "COORD": "-0,0291,39,4986",
        "DATE": "2026-09-09",
        "TIME": "21:59",
        "MXI": "-21,57 kA.",
        "STR": "0",
        "SMA": "0,233 Km.",
        "SMI": "0,11999998 Km.",
        "CHI": "0,3",
        "metvlc_time_utc": "2026-09-09T19:59:00+00:00",
        "metvlc_time_source": "date+time",
        "metvlc_has_real_time": true,
        "metvlc_captura_utc": "2026-09-10T09:46:16+00:00",
        "metvlc_last_seen_utc": "2026-09-10T17:42:19+00:00",
        "metvlc_fuente": "SIGIF/GVA Rayos 24h KMZ"
      },
      "geometry": {
        "type": "Point",
        "coordinates": [
          -0.0291,
          39.4986
        ]
      }
    },
    {
      "type": "Feature",
      "properties": {
        "name": "09/09/2026 22:06:28",
        "COORD": "-0,1886,38,7014",
        "DATE": "2026-09-09",
        "TIME": "22:06",
        "MXI": "36,54 kA.",
        "STR": "0",
        "SMA": "0,279 Km.",
        "SMI": "0,12799998 Km.",
        "CHI": "0,7",
        "metvlc_time_utc": "2026-09-09T20:06:00+00:00",
        "metvlc_time_source": "date+time",
        "metvlc_has_real_time": true,
        "metvlc_captura_utc": "2026-09-10T09:46:16+00:00",
        "metvlc_last_seen_utc": "2026-09-10T17:42:19+00:00",
        "metvlc_fuente": "SIGIF/GVA Rayos 24h KMZ"
      },
      "geometry": {
        "type": "Point",
        "coordinates": [
          -0.1886,
          38.7014
        ]
      }
    },
    {
      "type": "Feature",
      "properties": {
        "name": "09/09/2026 22:25:36",
        "COORD": "-0,0106,39,23",
        "DATE": "2026-09-09",
        "TIME": "22:25",
        "MXI": "-19,29 kA.",
        "STR": "0",
        "SMA": "0,227 Km.",
        "SMI": "0,133 Km.",
        "CHI": "0,4",
        "metvlc_time_utc": "2026-09-09T20:25:00+00:00",
        "metvlc_time_source": "date+time",
        "metvlc_has_real_time": true,
        "metvlc_captura_utc": "2026-09-10T09:46:16+00:00",
        "metvlc_last_seen_utc": "2026-09-10T17:42:19+00:00",
        "metvlc_fuente": "SIGIF/GVA Rayos 24h KMZ"
      },
      "geometry": {
        "type": "Point",
        "coordinates": [
          -0.0106,
          39.23
        ]
      }
    },
    {
      "type": "Feature",
      "properties": {
        "name": "09/09/2026 22:36:43",
        "COORD": "0,0471,39,1387",
        "DATE": "2026-09-09",
        "TIME": "22:36",
        "MXI": "-9,9 kA.",
        "STR": "0",
        "SMA": "1,074 Km.",
        "SMI": "0,26999998 Km.",
        "CHI": "0,4",
        "metvlc_time_utc": "2026-09-09T20:36:00+00:00",
        "metvlc_time_source": "date+time",
        "metvlc_has_real_time": true,
        "metvlc_captura_utc": "2026-09-10T09:46:16+00:00",
        "metvlc_last_seen_utc": "2026-09-10T17:42:19+00:00",
        "metvlc_fuente": "SIGIF/GVA Rayos 24h KMZ"
      },
      "geometry": {
        "type": "Point",
        "coordinates": [
          0.0471,
          39.1387
        ]
      }
    },
    {
      "type": "Feature",
      "properties": {
        "name": "09/09/2026 22:41:33",
        "COORD": "-0,097,39,6757",
        "DATE": "2026-09-09",
        "TIME": "22:41",
        "MXI": "-32,26 kA.",
        "STR": "0",
        "SMA": "0,2 Km.",
        "SMI": "0,12200002 Km.",
        "CHI": "0,7",
        "metvlc_time_utc": "2026-09-09T20:41:00+00:00",
        "metvlc_time_source": "date+time",
        "metvlc_has_real_time": true,
        "metvlc_captura_utc": "2026-09-10T09:46:16+00:00",
        "metvlc_last_seen_utc": "2026-09-10T17:42:19+00:00",
        "metvlc_fuente": "SIGIF/GVA Rayos 24h KMZ"
      },
      "geometry": {
        "type": "Point",
        "coordinates": [
          -0.097,
          39.6757
        ]
      }
    },
    {
      "type": "Feature",
      "properties": {
        "name": "09/09/2026 22:42:47",
        "COORD": "-0,054,39,5833",
        "DATE": "2026-09-09",
        "TIME": "22:42",
        "MXI": "-22,97 kA.",
        "STR": "0",
        "SMA": "0,232 Km.",
        "SMI": "0,12299999 Km.",
        "CHI": "0,5",
        "metvlc_time_utc": "2026-09-09T20:42:00+00:00",
        "metvlc_time_source": "date+time",
        "metvlc_has_real_time": true,
        "metvlc_captura_utc": "2026-09-10T09:46:16+00:00",
        "metvlc_last_seen_utc": "2026-09-10T17:42:19+00:00",
        "metvlc_fuente": "SIGIF/GVA Rayos 24h KMZ"
      },
      "geometry": {
        "type": "Point",
        "coordinates": [
          -0.054,
          39.5833
        ]
      }
    },
    {
      "type": "Feature",
      "properties": {
        "name": "09/09/2026 22:43:13",
        "COORD": "-0,0331,39,5678",
        "DATE": "2026-09-09",
        "TIME": "22:43",
        "MXI": "-13,28 kA.",
        "STR": "0",
        "SMA": "0,235 Km.",
        "SMI": "0,120999984 Km.",
        "CHI": "0,3",
        "metvlc_time_utc": "2026-09-09T20:43:00+00:00",
        "metvlc_time_source": "date+time",
        "metvlc_has_real_time": true,
        "metvlc_captura_utc": "2026-09-10T09:46:16+00:00",
        "metvlc_last_seen_utc": "2026-09-10T17:42:19+00:00",
        "metvlc_fuente": "SIGIF/GVA Rayos 24h KMZ"
      },
      "geometry": {
        "type": "Point",
        "coordinates": [
          -0.0331,
          39.5678
        ]
      }
    },
    {
      "type": "Feature",
      "properties": {
        "name": "09/09/2026 22:44:47",
        "COORD": "0,0322,39,1476",
        "DATE": "2026-09-09",
        "TIME": "22:44",
        "MXI": "-12,54 kA.",
        "STR": "0",
        "SMA": "0,279 Km.",
        "SMI": "0,14400001 Km.",
        "CHI": "0,5",
        "metvlc_time_utc": "2026-09-09T20:44:00+00:00",
        "metvlc_time_source": "date+time",
        "metvlc_has_real_time": true,
        "metvlc_captura_utc": "2026-09-10T09:46:16+00:00",
        "metvlc_last_seen_utc": "2026-09-10T17:42:19+00:00",
        "metvlc_fuente": "SIGIF/GVA Rayos 24h KMZ"
      },
      "geometry": {
        "type": "Point",
        "coordinates": [
          0.0322,
          39.1476
        ]
      }
    },
    {
      "type": "Feature",
      "properties": {
        "name": "09/09/2026 22:44:47",
        "COORD": "0,0316,39,1475",
        "DATE": "2026-09-09",
        "TIME": "22:44",
        "MXI": "-21,49 kA.",
        "STR": "0",
        "SMA": "0,232 Km.",
        "SMI": "0,13500004 Km.",
        "CHI": "0,5",
        "metvlc_time_utc": "2026-09-09T20:44:00+00:00",
        "metvlc_time_source": "date+time",
        "metvlc_has_real_time": true,
        "metvlc_captura_utc": "2026-09-10T09:46:16+00:00",
        "metvlc_last_seen_utc": "2026-09-10T17:42:19+00:00",
        "metvlc_fuente": "SIGIF/GVA Rayos 24h KMZ"
      },
      "geometry": {
        "type": "Point",
        "coordinates": [
          0.0316,
          39.1475
        ]
      }
    },
    {
      "type": "Feature",
      "properties": {
        "name": "09/09/2026 23:01:00",
        "COORD": "-0,0687,39,5875",
        "DATE": "2026-09-09",
        "TIME": "23:01",
        "MXI": "-24,94 kA.",
        "STR": "0",
        "SMA": "0,217 Km.",
        "SMI": "0,12899996 Km.",
        "CHI": "0,7",
        "metvlc_time_utc": "2026-09-09T21:01:00+00:00",
        "metvlc_time_source": "date+time",
        "metvlc_has_real_time": true,
        "metvlc_captura_utc": "2026-09-10T09:46:16+00:00",
        "metvlc_last_seen_utc": "2026-09-10T17:42:19+00:00",
        "metvlc_fuente": "SIGIF/GVA Rayos 24h KMZ"
      },
      "geometry": {
        "type": "Point",
        "coordinates": [
          -0.0687,
          39.5875
        ]
      }
    },
    {
      "type": "Feature",
      "properties": {
        "name": "09/09/2026 23:01:00",
        "COORD": "-0,0686,39,5868",
        "DATE": "2026-09-09",
        "TIME": "23:01",
        "MXI": "-31,73 kA.",
        "STR": "0",
        "SMA": "0,263 Km.",
        "SMI": "0,12199998 Km.",
        "CHI": "0,6",
        "metvlc_time_utc": "2026-09-09T21:01:00+00:00",
        "metvlc_time_source": "date+time",
        "metvlc_has_real_time": true,
        "metvlc_captura_utc": "2026-09-10T09:46:16+00:00",
        "metvlc_last_seen_utc": "2026-09-10T17:42:19+00:00",
        "metvlc_fuente": "SIGIF/GVA Rayos 24h KMZ"
      },
      "geometry": {
        "type": "Point",
        "coordinates": [
          -0.0686,
          39.5868
        ]
      }
    },
    {
      "type": "Feature",
      "properties": {
        "name": "09/09/2026 23:01:00",
        "COORD": "-0,0695,39,5876",
        "DATE": "2026-09-09",
        "TIME": "23:01",
        "MXI": "-12,37 kA.",
        "STR": "0",
        "SMA": "0,263 Km.",
        "SMI": "0,13800001 Km.",
        "CHI": "0,4",
        "metvlc_time_utc": "2026-09-09T21:01:00+00:00",
        "metvlc_time_source": "date+time",
        "metvlc_has_real_time": true,
        "metvlc_captura_utc": "2026-09-10T09:46:16+00:00",
        "metvlc_last_seen_utc": "2026-09-10T17:42:19+00:00",
        "metvlc_fuente": "SIGIF/GVA Rayos 24h KMZ"
      },
      "geometry": {
        "type": "Point",
        "coordinates": [
          -0.0695,
          39.5876
        ]
      }
    },
    {
      "type": "Feature",
      "properties": {
        "name": "09/09/2026 23:01:00",
        "COORD": "-0,0694,39,5885",
        "DATE": "2026-09-09",
        "TIME": "23:01",
        "MXI": "-8,56 kA.",
        "STR": "0",
        "SMA": "0,306 Km.",
        "SMI": "0,154 Km.",
        "CHI": "0,7",
        "metvlc_time_utc": "2026-09-09T21:01:00+00:00",
        "metvlc_time_source": "date+time",
        "metvlc_has_real_time": true,
        "metvlc_captura_utc": "2026-09-10T09:46:16+00:00",
        "metvlc_last_seen_utc": "2026-09-10T17:42:19+00:00",
        "metvlc_fuente": "SIGIF/GVA Rayos 24h KMZ"
      },
      "geometry": {
        "type": "Point",
        "coordinates": [
          -0.0694,
          39.5885
        ]
      }
    },
    {
      "type": "Feature",
      "properties": {
        "name": "09/09/2026 23:01:00",
        "COORD": "-0,07,39,5884",
        "DATE": "2026-09-09",
        "TIME": "23:01",
        "MXI": "-11,9 kA.",
        "STR": "0",
        "SMA": "0,215 Km.",
        "SMI": "0,132 Km.",
        "CHI": "0,4",
        "metvlc_time_utc": "2026-09-09T21:01:00+00:00",
        "metvlc_time_source": "date+time",
        "metvlc_has_real_time": true,
        "metvlc_captura_utc": "2026-09-10T09:46:16+00:00",
        "metvlc_last_seen_utc": "2026-09-10T17:42:19+00:00",
        "metvlc_fuente": "SIGIF/GVA Rayos 24h KMZ"
      },
      "geometry": {
        "type": "Point",
        "coordinates": [
          -0.07,
          39.5884
        ]
      }
    },
    {
      "type": "Feature",
      "properties": {
        "name": "09/09/2026 23:18:21",
        "COORD": "-0,0218,39,7123",
        "DATE": "2026-09-09",
        "TIME": "23:18",
        "MXI": "-22,29 kA.",
        "STR": "0",
        "SMA": "0,195 Km.",
        "SMI": "0,13 Km.",
        "CHI": "0,6",
        "metvlc_time_utc": "2026-09-09T21:18:00+00:00",
        "metvlc_time_source": "date+time",
        "metvlc_has_real_time": true,
        "metvlc_captura_utc": "2026-09-10T09:46:16+00:00",
        "metvlc_last_seen_utc": "2026-09-10T17:42:19+00:00",
        "metvlc_fuente": "SIGIF/GVA Rayos 24h KMZ"
      },
      "geometry": {
        "type": "Point",
        "coordinates": [
          -0.0218,
          39.7123
        ]
      }
    },
    {
      "type": "Feature",
      "properties": {
        "name": "09/09/2026 23:18:21",
        "COORD": "-0,0224,39,7119",
        "DATE": "2026-09-09",
        "TIME": "23:18",
        "MXI": "-21,21 kA.",
        "STR": "0",
        "SMA": "0,196 Km.",
        "SMI": "0,12400001 Km.",
        "CHI": "0,7",
        "metvlc_time_utc": "2026-09-09T21:18:00+00:00",
        "metvlc_time_source": "date+time",
        "metvlc_has_real_time": true,
        "metvlc_captura_utc": "2026-09-10T09:46:16+00:00",
        "metvlc_last_seen_utc": "2026-09-10T17:42:19+00:00",
        "metvlc_fuente": "SIGIF/GVA Rayos 24h KMZ"
      },
      "geometry": {
        "type": "Point",
        "coordinates": [
          -0.0224,
          39.7119
        ]
      }
    },
    {
      "type": "Feature",
      "properties": {
        "name": "09/09/2026 23:18:21",
        "COORD": "-0,0224,39,7128",
        "DATE": "2026-09-09",
        "TIME": "23:18",
        "MXI": "-20,11 kA.",
        "STR": "0",
        "SMA": "0,197 Km.",
        "SMI": "0,123999976 Km.",
        "CHI": "0,6",
        "metvlc_time_utc": "2026-09-09T21:18:00+00:00",
        "metvlc_time_source": "date+time",
        "metvlc_has_real_time": true,
        "metvlc_captura_utc": "2026-09-10T09:46:16+00:00",
        "metvlc_last_seen_utc": "2026-09-10T17:42:19+00:00",
        "metvlc_fuente": "SIGIF/GVA Rayos 24h KMZ"
      },
      "geometry": {
        "type": "Point",
        "coordinates": [
          -0.0224,
          39.7128
        ]
      }
    },
    {
      "type": "Feature",
      "properties": {
        "name": "09/09/2026 23:18:21",
        "COORD": "-0,0229,39,7139",
        "DATE": "2026-09-09",
        "TIME": "23:18",
        "MXI": "-18,47 kA.",
        "STR": "0",
        "SMA": "0,215 Km.",
        "SMI": "0,11600002 Km.",
        "CHI": "0,6",
        "metvlc_time_utc": "2026-09-09T21:18:00+00:00",
        "metvlc_time_source": "date+time",
        "metvlc_has_real_time": true,
        "metvlc_captura_utc": "2026-09-10T09:46:16+00:00",
        "metvlc_last_seen_utc": "2026-09-10T17:42:19+00:00",
        "metvlc_fuente": "SIGIF/GVA Rayos 24h KMZ"
      },
      "geometry": {
        "type": "Point",
        "coordinates": [
          -0.0229,
          39.7139
        ]
      }
    },
    {
      "type": "Feature",
      "properties": {
        "name": "09/09/2026 23:23:39",
        "COORD": "0,0476,39,6825",
        "DATE": "2026-09-09",
        "TIME": "23:23",
        "MXI": "38,02 kA.",
        "STR": "0",
        "SMA": "0,216 Km.",
        "SMI": "0,14000002 Km.",
        "CHI": "0,9",
        "metvlc_time_utc": "2026-09-09T21:23:00+00:00",
        "metvlc_time_source": "date+time",
        "metvlc_has_real_time": true,
        "metvlc_captura_utc": "2026-09-10T09:46:16+00:00",
        "metvlc_last_seen_utc": "2026-09-10T17:42:19+00:00",
        "metvlc_fuente": "SIGIF/GVA Rayos 24h KMZ"
      },
      "geometry": {
        "type": "Point",
        "coordinates": [
          0.0476,
          39.6825
        ]
      }
    },
    {
      "type": "Feature",
      "properties": {
        "name": "09/09/2026 23:47:56",
        "COORD": "-0,0098,39,5598",
        "DATE": "2026-09-09",
        "TIME": "23:47",
        "MXI": "-18,82 kA.",
        "STR": "0",
        "SMA": "0,221 Km.",
        "SMI": "0,12900002 Km.",
        "CHI": "0,6",
        "metvlc_time_utc": "2026-09-09T21:47:00+00:00",
        "metvlc_time_source": "date+time",
        "metvlc_has_real_time": true,
        "metvlc_captura_utc": "2026-09-10T09:46:16+00:00",
        "metvlc_last_seen_utc": "2026-09-10T17:42:19+00:00",
        "metvlc_fuente": "SIGIF/GVA Rayos 24h KMZ"
      },
      "geometry": {
        "type": "Point",
        "coordinates": [
          -0.0098,
          39.5598
        ]
      }
    },
    {
      "type": "Feature",
      "properties": {
        "name": "10/09/2026 00:15:40",
        "COORD": "-0,1541,39,8134",
        "DATE": "2026-09-10",
        "TIME": "00:15",
        "MXI": "28,6 kA.",
        "STR": "0",
        "SMA": "0,234 Km.",
        "SMI": "0,14299996 Km.",
        "CHI": "0,9",
        "metvlc_time_utc": "2026-09-09T22:15:00+00:00",
        "metvlc_time_source": "date+time",
        "metvlc_has_real_time": true,
        "metvlc_captura_utc": "2026-09-10T09:46:16+00:00",
        "metvlc_last_seen_utc": "2026-09-10T17:42:19+00:00",
        "metvlc_fuente": "SIGIF/GVA Rayos 24h KMZ"
      },
      "geometry": {
        "type": "Point",
        "coordinates": [
          -0.1541,
          39.8134
        ]
      }
    },
    {
      "type": "Feature",
      "properties": {
        "name": "10/09/2026 00:38:46",
        "COORD": "-0,226,39,3933",
        "DATE": "2026-09-10",
        "TIME": "00:38",
        "MXI": "-9,3 kA.",
        "STR": "0",
        "SMA": "0,377 Km.",
        "SMI": "0,21400003 Km.",
        "CHI": "1,3",
        "metvlc_time_utc": "2026-09-09T22:38:00+00:00",
        "metvlc_time_source": "date+time",
        "metvlc_has_real_time": true,
        "metvlc_captura_utc": "2026-09-10T09:46:16+00:00",
        "metvlc_last_seen_utc": "2026-09-10T17:42:19+00:00",
        "metvlc_fuente": "SIGIF/GVA Rayos 24h KMZ"
      },
      "geometry": {
        "type": "Point",
        "coordinates": [
          -0.226,
          39.3933
        ]
      }
    },
    {
      "type": "Feature",
      "properties": {
        "name": "10/09/2026 00:39:45",
        "COORD": "0,039,38,9842",
        "DATE": "2026-09-10",
        "TIME": "00:39",
        "MXI": "-15,42 kA.",
        "STR": "0",
        "SMA": "0,271 Km.",
        "SMI": "0,13900001 Km.",
        "CHI": "0,4",
        "metvlc_time_utc": "2026-09-09T22:39:00+00:00",
        "metvlc_time_source": "date+time",
        "metvlc_has_real_time": true,
        "metvlc_captura_utc": "2026-09-10T09:46:16+00:00",
        "metvlc_last_seen_utc": "2026-09-10T17:42:19+00:00",
        "metvlc_fuente": "SIGIF/GVA Rayos 24h KMZ"
      },
      "geometry": {
        "type": "Point",
        "coordinates": [
          0.039,
          38.9842
        ]
      }
    },
    {
      "type": "Feature",
      "properties": {
        "name": "10/09/2026 00:42:09",
        "COORD": "-0,1306,39,2977",
        "DATE": "2026-09-10",
        "TIME": "00:42",
        "MXI": "-19,47 kA.",
        "STR": "0",
        "SMA": "0,23 Km.",
        "SMI": "0,13300003 Km.",
        "CHI": "0,4",
        "metvlc_time_utc": "2026-09-09T22:42:00+00:00",
        "metvlc_time_source": "date+time",
        "metvlc_has_real_time": true,
        "metvlc_captura_utc": "2026-09-10T09:46:16+00:00",
        "metvlc_last_seen_utc": "2026-09-10T17:42:19+00:00",
        "metvlc_fuente": "SIGIF/GVA Rayos 24h KMZ"
      },
      "geometry": {
        "type": "Point",
        "coordinates": [
          -0.1306,
          39.2977
        ]
      }
    },
    {
      "type": "Feature",
      "properties": {
        "name": "10/09/2026 00:44:20",
        "COORD": "-0,0708,39,363",
        "DATE": "2026-09-10",
        "TIME": "00:44",
        "MXI": "35,7 kA.",
        "STR": "0",
        "SMA": "0,263 Km.",
        "SMI": "0,127 Km.",
        "CHI": "1,4",
        "metvlc_time_utc": "2026-09-09T22:44:00+00:00",
        "metvlc_time_source": "date+time",
        "metvlc_has_real_time": true,
        "metvlc_captura_utc": "2026-09-10T09:46:16+00:00",
        "metvlc_last_seen_utc": "2026-09-10T17:42:19+00:00",
        "metvlc_fuente": "SIGIF/GVA Rayos 24h KMZ"
      },
      "geometry": {
        "type": "Point",
        "coordinates": [
          -0.0708,
          39.363
        ]
      }
    },
    {
      "type": "Feature",
      "properties": {
        "name": "10/09/2026 01:10:46",
        "COORD": "0,0121,39,0143",
        "DATE": "2026-09-10",
        "TIME": "01:10",
        "MXI": "-19,12 kA.",
        "STR": "0",
        "SMA": "0,294 Km.",
        "SMI": "0,15299997 Km.",
        "CHI": "0,6",
        "metvlc_time_utc": "2026-09-09T23:10:00+00:00",
        "metvlc_time_source": "date+time",
        "metvlc_has_real_time": true,
        "metvlc_captura_utc": "2026-09-10T09:46:16+00:00",
        "metvlc_last_seen_utc": "2026-09-10T17:42:19+00:00",
        "metvlc_fuente": "SIGIF/GVA Rayos 24h KMZ"
      },
      "geometry": {
        "type": "Point",
        "coordinates": [
          0.0121,
          39.0143
        ]
      }
    },
    {
      "type": "Feature",
      "properties": {
        "name": "10/09/2026 01:10:46",
        "COORD": "-0,0807,39,015",
        "DATE": "2026-09-10",
        "TIME": "01:10",
        "MXI": "-16,15 kA.",
        "STR": "0",
        "SMA": "0,527 Km.",
        "SMI": "0,227 Km.",
        "CHI": "0,9",
        "metvlc_time_utc": "2026-09-09T23:10:00+00:00",
        "metvlc_time_source": "date+time",
        "metvlc_has_real_time": true,
        "metvlc_captura_utc": "2026-09-10T09:46:16+00:00",
        "metvlc_last_seen_utc": "2026-09-10T17:42:19+00:00",
        "metvlc_fuente": "SIGIF/GVA Rayos 24h KMZ"
      },
      "geometry": {
        "type": "Point",
        "coordinates": [
          -0.0807,
          39.015
        ]
      }
    },
    {
      "type": "Feature",
      "properties": {
        "name": "10/09/2026 01:18:17",
        "COORD": "-0,0634,39,0788",
        "DATE": "2026-09-10",
        "TIME": "01:18",
        "MXI": "-28,42 kA.",
        "STR": "0",
        "SMA": "0,287 Km.",
        "SMI": "0,14199999 Km.",
        "CHI": "1",
        "metvlc_time_utc": "2026-09-09T23:18:00+00:00",
        "metvlc_time_source": "date+time",
        "metvlc_has_real_time": true,
        "metvlc_captura_utc": "2026-09-10T09:46:16+00:00",
        "metvlc_last_seen_utc": "2026-09-10T17:42:19+00:00",
        "metvlc_fuente": "SIGIF/GVA Rayos 24h KMZ"
      },
      "geometry": {
        "type": "Point",
        "coordinates": [
          -0.0634,
          39.0788
        ]
      }
    },
    {
      "type": "Feature",
      "properties": {
        "name": "10/09/2026 01:55:13",
        "COORD": "-0,0535,39,4353",
        "DATE": "2026-09-10",
        "TIME": "01:55",
        "MXI": "-17,33 kA.",
        "STR": "0",
        "SMA": "0,223 Km.",
        "SMI": "0,13400002 Km.",
        "CHI": "0,9",
        "metvlc_time_utc": "2026-09-09T23:55:00+00:00",
        "metvlc_time_source": "date+time",
        "metvlc_has_real_time": true,
        "metvlc_captura_utc": "2026-09-10T09:46:16+00:00",
        "metvlc_last_seen_utc": "2026-09-10T17:42:19+00:00",
        "metvlc_fuente": "SIGIF/GVA Rayos 24h KMZ"
      },
      "geometry": {
        "type": "Point",
        "coordinates": [
          -0.0535,
          39.4353
        ]
      }
    },
    {
      "type": "Feature",
      "properties": {
        "name": "10/09/2026 02:01:13",
        "COORD": "-0,0107,39,2997",
        "DATE": "2026-09-10",
        "TIME": "02:01",
        "MXI": "27,95 kA.",
        "STR": "0",
        "SMA": "0,216 Km.",
        "SMI": "0,116 Km.",
        "CHI": "1",
        "metvlc_time_utc": "2026-09-10T00:01:00+00:00",
        "metvlc_time_source": "date+time",
        "metvlc_has_real_time": true,
        "metvlc_captura_utc": "2026-09-10T09:46:16+00:00",
        "metvlc_last_seen_utc": "2026-09-10T17:42:19+00:00",
        "metvlc_fuente": "SIGIF/GVA Rayos 24h KMZ"
      },
      "geometry": {
        "type": "Point",
        "coordinates": [
          -0.0107,
          39.2997
        ]
      }
    },
    {
      "type": "Feature",
      "properties": {
        "name": "10/09/2026 02:17:23",
        "COORD": "-0,0832,39,2735",
        "DATE": "2026-09-10",
        "TIME": "02:17",
        "MXI": "-25,62 kA.",
        "STR": "0",
        "SMA": "0,229 Km.",
        "SMI": "0,13400002 Km.",
        "CHI": "0,5",
        "metvlc_time_utc": "2026-09-10T00:17:00+00:00",
        "metvlc_time_source": "date+time",
        "metvlc_has_real_time": true,
        "metvlc_captura_utc": "2026-09-10T09:46:16+00:00",
        "metvlc_last_seen_utc": "2026-09-10T17:42:19+00:00",
        "metvlc_fuente": "SIGIF/GVA Rayos 24h KMZ"
      },
      "geometry": {
        "type": "Point",
        "coordinates": [
          -0.0832,
          39.2735
        ]
      }
    },
    {
      "type": "Feature",
      "properties": {
        "name": "10/09/2026 02:18:16",
        "COORD": "-0,0714,39,3333",
        "DATE": "2026-09-10",
        "TIME": "02:18",
        "MXI": "-17,58 kA.",
        "STR": "0",
        "SMA": "0,249 Km.",
        "SMI": "0,14000003 Km.",
        "CHI": "0,4",
        "metvlc_time_utc": "2026-09-10T00:18:00+00:00",
        "metvlc_time_source": "date+time",
        "metvlc_has_real_time": true,
        "metvlc_captura_utc": "2026-09-10T09:46:16+00:00",
        "metvlc_last_seen_utc": "2026-09-10T17:42:19+00:00",
        "metvlc_fuente": "SIGIF/GVA Rayos 24h KMZ"
      },
      "geometry": {
        "type": "Point",
        "coordinates": [
          -0.0714,
          39.3333
        ]
      }
    },
    {
      "type": "Feature",
      "properties": {
        "name": "10/09/2026 02:18:52",
        "COORD": "-0,0452,39,3447",
        "DATE": "2026-09-10",
        "TIME": "02:18",
        "MXI": "-29,3 kA.",
        "STR": "0",
        "SMA": "0,225 Km.",
        "SMI": "0,13799998 Km.",
        "CHI": "0,8",
        "metvlc_time_utc": "2026-09-10T00:18:00+00:00",
        "metvlc_time_source": "date+time",
        "metvlc_has_real_time": true,
        "metvlc_captura_utc": "2026-09-10T09:46:16+00:00",
        "metvlc_last_seen_utc": "2026-09-10T17:42:19+00:00",
        "metvlc_fuente": "SIGIF/GVA Rayos 24h KMZ"
      },
      "geometry": {
        "type": "Point",
        "coordinates": [
          -0.0452,
          39.3447
        ]
      }
    },
    {
      "type": "Feature",
      "properties": {
        "name": "10/09/2026 02:21:39",
        "COORD": "-0,0448,39,3287",
        "DATE": "2026-09-10",
        "TIME": "02:21",
        "MXI": "-26,45 kA.",
        "STR": "0",
        "SMA": "0,238 Km.",
        "SMI": "0,136 Km.",
        "CHI": "0,5",
        "metvlc_time_utc": "2026-09-10T00:21:00+00:00",
        "metvlc_time_source": "date+time",
        "metvlc_has_real_time": true,
        "metvlc_captura_utc": "2026-09-10T09:46:16+00:00",
        "metvlc_last_seen_utc": "2026-09-10T17:42:19+00:00",
        "metvlc_fuente": "SIGIF/GVA Rayos 24h KMZ"
      },
      "geometry": {
        "type": "Point",
        "coordinates": [
          -0.0448,
          39.3287
        ]
      }
    },
    {
      "type": "Feature",
      "properties": {
        "name": "10/09/2026 02:22:32",
        "COORD": "0,0168,39,3465",
        "DATE": "2026-09-10",
        "TIME": "02:22",
        "MXI": "32,07 kA.",
        "STR": "0",
        "SMA": "0,23 Km.",
        "SMI": "0,12599999 Km.",
        "CHI": "0,7",
        "metvlc_time_utc": "2026-09-10T00:22:00+00:00",
        "metvlc_time_source": "date+time",
        "metvlc_has_real_time": true,
        "metvlc_captura_utc": "2026-09-10T09:46:16+00:00",
        "metvlc_last_seen_utc": "2026-09-10T17:42:19+00:00",
        "metvlc_fuente": "SIGIF/GVA Rayos 24h KMZ"
      },
      "geometry": {
        "type": "Point",
        "coordinates": [
          0.0168,
          39.3465
        ]
      }
    },
    {
      "type": "Feature",
      "properties": {
        "name": "10/09/2026 02:27:30",
        "COORD": "-0,0533,39,4",
        "DATE": "2026-09-10",
        "TIME": "02:27",
        "MXI": "-14,02 kA.",
        "STR": "0",
        "SMA": "0,279 Km.",
        "SMI": "0,143 Km.",
        "CHI": "0,4",
        "metvlc_time_utc": "2026-09-10T00:27:00+00:00",
        "metvlc_time_source": "date+time",
        "metvlc_has_real_time": true,
        "metvlc_captura_utc": "2026-09-10T09:46:16+00:00",
        "metvlc_last_seen_utc": "2026-09-10T17:42:19+00:00",
        "metvlc_fuente": "SIGIF/GVA Rayos 24h KMZ"
      },
      "geometry": {
        "type": "Point",
        "coordinates": [
          -0.0533,
          39.4
        ]
      }
    },
    {
      "type": "Feature",
      "properties": {
        "name": "10/09/2026 02:30:10",
        "COORD": "-0,0666,39,4625",
        "DATE": "2026-09-10",
        "TIME": "02:30",
        "MXI": "29,98 kA.",
        "STR": "0",
        "SMA": "0,235 Km.",
        "SMI": "0,14099997 Km.",
        "CHI": "1,1",
        "metvlc_time_utc": "2026-09-10T00:30:00+00:00",
        "metvlc_time_source": "date+time",
        "metvlc_has_real_time": true,
        "metvlc_captura_utc": "2026-09-10T09:46:16+00:00",
        "metvlc_last_seen_utc": "2026-09-10T17:42:19+00:00",
        "metvlc_fuente": "SIGIF/GVA Rayos 24h KMZ"
      },
      "geometry": {
        "type": "Point",
        "coordinates": [
          -0.0666,
          39.4625
        ]
      }
    },
    {
      "type": "Feature",
      "properties": {
        "name": "10/09/2026 02:30:10",
        "COORD": "-0,0465,39,3948",
        "DATE": "2026-09-10",
        "TIME": "02:30",
        "MXI": "-11,72 kA.",
        "STR": "0",
        "SMA": "0,226 Km.",
        "SMI": "0,13099998 Km.",
        "CHI": "0,2",
        "metvlc_time_utc": "2026-09-10T00:30:00+00:00",
        "metvlc_time_source": "date+time",
        "metvlc_has_real_time": true,
        "metvlc_captura_utc": "2026-09-10T09:46:16+00:00",
        "metvlc_last_seen_utc": "2026-09-10T17:42:19+00:00",
        "metvlc_fuente": "SIGIF/GVA Rayos 24h KMZ"
      },
      "geometry": {
        "type": "Point",
        "coordinates": [
          -0.0465,
          39.3948
        ]
      }
    },
    {
      "type": "Feature",
      "properties": {
        "name": "10/09/2026 02:35:05",
        "COORD": "0,0139,39,2467",
        "DATE": "2026-09-10",
        "TIME": "02:35",
        "MXI": "27,19 kA.",
        "STR": "0",
        "SMA": "0,253 Km.",
        "SMI": "0,13299997 Km.",
        "CHI": "1",
        "metvlc_time_utc": "2026-09-10T00:35:00+00:00",
        "metvlc_time_source": "date+time",
        "metvlc_has_real_time": true,
        "metvlc_captura_utc": "2026-09-10T09:46:16+00:00",
        "metvlc_last_seen_utc": "2026-09-10T17:42:19+00:00",
        "metvlc_fuente": "SIGIF/GVA Rayos 24h KMZ"
      },
      "geometry": {
        "type": "Point",
        "coordinates": [
          0.0139,
          39.2467
        ]
      }
    },
    {
      "type": "Feature",
      "properties": {
        "name": "10/09/2026 02:36:14",
        "COORD": "-0,0345,39,2786",
        "DATE": "2026-09-10",
        "TIME": "02:36",
        "MXI": "-14,75 kA.",
        "STR": "0",
        "SMA": "0,269 Km.",
        "SMI": "0,13800003 Km.",
        "CHI": "0,3",
        "metvlc_time_utc": "2026-09-10T00:36:00+00:00",
        "metvlc_time_source": "date+time",
        "metvlc_has_real_time": true,
        "metvlc_captura_utc": "2026-09-10T09:46:16+00:00",
        "metvlc_last_seen_utc": "2026-09-10T17:42:19+00:00",
        "metvlc_fuente": "SIGIF/GVA Rayos 24h KMZ"
      },
      "geometry": {
        "type": "Point",
        "coordinates": [
          -0.0345,
          39.2786
        ]
      }
    },
    {
      "type": "Feature",
      "properties": {
        "name": "10/09/2026 02:44:14",
        "COORD": "0,0196,39,2246",
        "DATE": "2026-09-10",
        "TIME": "02:44",
        "MXI": "41,72 kA.",
        "STR": "0",
        "SMA": "0,246 Km.",
        "SMI": "0,13500002 Km.",
        "CHI": "1,4",
        "metvlc_time_utc": "2026-09-10T00:44:00+00:00",
        "metvlc_time_source": "date+time",
        "metvlc_has_real_time": true,
        "metvlc_captura_utc": "2026-09-10T09:46:16+00:00",
        "metvlc_last_seen_utc": "2026-09-10T17:42:19+00:00",
        "metvlc_fuente": "SIGIF/GVA Rayos 24h KMZ"
      },
      "geometry": {
        "type": "Point",
        "coordinates": [
          0.0196,
          39.2246
        ]
      }
    },
    {
      "type": "Feature",
      "properties": {
        "name": "10/09/2026 02:58:54",
        "COORD": "0,0393,39,2066",
        "DATE": "2026-09-10",
        "TIME": "02:58",
        "MXI": "38,39 kA.",
        "STR": "0",
        "SMA": "0,303 Km.",
        "SMI": "0,13800001 Km.",
        "CHI": "1,8",
        "metvlc_time_utc": "2026-09-10T00:58:00+00:00",
        "metvlc_time_source": "date+time",
        "metvlc_has_real_time": true,
        "metvlc_captura_utc": "2026-09-10T09:46:16+00:00",
        "metvlc_last_seen_utc": "2026-09-10T17:42:19+00:00",
        "metvlc_fuente": "SIGIF/GVA Rayos 24h KMZ"
      },
      "geometry": {
        "type": "Point",
        "coordinates": [
          0.0393,
          39.2066
        ]
      }
    },
    {
      "type": "Feature",
      "properties": {
        "name": "10/09/2026 03:02:34",
        "COORD": "0,0262,39,216",
        "DATE": "2026-09-10",
        "TIME": "03:02",
        "MXI": "89,67 kA.",
        "STR": "0",
        "SMA": "0,244 Km.",
        "SMI": "0,124 Km.",
        "CHI": "1,2",
        "metvlc_time_utc": "2026-09-10T01:02:00+00:00",
        "metvlc_time_source": "date+time",
        "metvlc_has_real_time": true,
        "metvlc_captura_utc": "2026-09-10T09:46:16+00:00",
        "metvlc_last_seen_utc": "2026-09-10T17:42:19+00:00",
        "metvlc_fuente": "SIGIF/GVA Rayos 24h KMZ"
      },
      "geometry": {
        "type": "Point",
        "coordinates": [
          0.0262,
          39.216
        ]
      }
    },
    {
      "type": "Feature",
      "properties": {
        "name": "10/09/2026 05:52:26",
        "COORD": "-0,1392,39,0675",
        "DATE": "2026-09-10",
        "TIME": "05:52",
        "MXI": "30,69 kA.",
        "STR": "0",
        "SMA": "0,265 Km.",
        "SMI": "0,123000026 Km.",
        "CHI": "1",
        "metvlc_time_utc": "2026-09-10T03:52:00+00:00",
        "metvlc_time_source": "date+time",
        "metvlc_has_real_time": true,
        "metvlc_captura_utc": "2026-09-10T09:46:16+00:00",
        "metvlc_last_seen_utc": "2026-09-10T17:42:19+00:00",
        "metvlc_fuente": "SIGIF/GVA Rayos 24h KMZ"
      },
      "geometry": {
        "type": "Point",
        "coordinates": [
          -0.1392,
          39.0675
        ]
      }
    },
    {
      "type": "Feature",
      "properties": {
        "name": "10/09/2026 06:14:36",
        "COORD": "-0,1146,39,0217",
        "DATE": "2026-09-10",
        "TIME": "06:14",
        "MXI": "-24,5 kA.",
        "STR": "0",
        "SMA": "0,231 Km.",
        "SMI": "0,09700001 Km.",
        "CHI": "0,5",
        "metvlc_time_utc": "2026-09-10T04:14:00+00:00",
        "metvlc_time_source": "date+time",
        "metvlc_has_real_time": true,
        "metvlc_captura_utc": "2026-09-10T09:46:16+00:00",
        "metvlc_last_seen_utc": "2026-09-10T17:42:19+00:00",
        "metvlc_fuente": "SIGIF/GVA Rayos 24h KMZ"
      },
      "geometry": {
        "type": "Point",
        "coordinates": [
          -0.1146,
          39.0217
        ]
      }
    },
    {
      "type": "Feature",
      "properties": {
        "name": "10/09/2026 06:15:54",
        "COORD": "-0,1059,39,0033",
        "DATE": "2026-09-10",
        "TIME": "06:15",
        "MXI": "21,09 kA.",
        "STR": "0",
        "SMA": "0,507 Km.",
        "SMI": "0,155 Km.",
        "CHI": "1",
        "metvlc_time_utc": "2026-09-10T04:15:00+00:00",
        "metvlc_time_source": "date+time",
        "metvlc_has_real_time": true,
        "metvlc_captura_utc": "2026-09-10T09:46:16+00:00",
        "metvlc_last_seen_utc": "2026-09-10T17:42:19+00:00",
        "metvlc_fuente": "SIGIF/GVA Rayos 24h KMZ"
      },
      "geometry": {
        "type": "Point",
        "coordinates": [
          -0.1059,
          39.0033
        ]
      }
    },
    {
      "type": "Feature",
      "properties": {
        "name": "10/09/2026 06:22:51",
        "COORD": "-0,1292,38,9916",
        "DATE": "2026-09-10",
        "TIME": "06:22",
        "MXI": "54,09 kA.",
        "STR": "0",
        "SMA": "0,261 Km.",
        "SMI": "0,122000016 Km.",
        "CHI": "0,7",
        "metvlc_time_utc": "2026-09-10T04:22:00+00:00",
        "metvlc_time_source": "date+time",
        "metvlc_has_real_time": true,
        "metvlc_captura_utc": "2026-09-10T09:46:16+00:00",
        "metvlc_last_seen_utc": "2026-09-10T17:42:19+00:00",
        "metvlc_fuente": "SIGIF/GVA Rayos 24h KMZ"
      },
      "geometry": {
        "type": "Point",
        "coordinates": [
          -0.1292,
          38.9916
        ]
      }
    },
    {
      "type": "Feature",
      "properties": {
        "name": "10/09/2026 06:26:33",
        "COORD": "-0,1397,38,9902",
        "DATE": "2026-09-10",
        "TIME": "06:26",
        "MXI": "32,02 kA.",
        "STR": "0",
        "SMA": "0,266 Km.",
        "SMI": "0,122 Km.",
        "CHI": "0,4",
        "metvlc_time_utc": "2026-09-10T04:26:00+00:00",
        "metvlc_time_source": "date+time",
        "metvlc_has_real_time": true,
        "metvlc_captura_utc": "2026-09-10T09:46:16+00:00",
        "metvlc_last_seen_utc": "2026-09-10T17:42:19+00:00",
        "metvlc_fuente": "SIGIF/GVA Rayos 24h KMZ"
      },
      "geometry": {
        "type": "Point",
        "coordinates": [
          -0.1397,
          38.9902
        ]
      }
    },
    {
      "type": "Feature",
      "properties": {
        "name": "10/09/2026 06:26:55",
        "COORD": "-0,1207,39,0134",
        "DATE": "2026-09-10",
        "TIME": "06:26",
        "MXI": "30,06 kA.",
        "STR": "0",
        "SMA": "0,241 Km.",
        "SMI": "0,12699999 Km.",
        "CHI": "0,9",
        "metvlc_time_utc": "2026-09-10T04:26:00+00:00",
        "metvlc_time_source": "date+time",
        "metvlc_has_real_time": true,
        "metvlc_captura_utc": "2026-09-10T09:46:16+00:00",
        "metvlc_last_seen_utc": "2026-09-10T17:42:19+00:00",
        "metvlc_fuente": "SIGIF/GVA Rayos 24h KMZ"
      },
      "geometry": {
        "type": "Point",
        "coordinates": [
          -0.1207,
          39.0134
        ]
      }
    },
    {
      "type": "Feature",
      "properties": {
        "name": "10/09/2026 06:30:32",
        "COORD": "-0,122,39,0199",
        "DATE": "2026-09-10",
        "TIME": "06:30",
        "MXI": "30,4 kA.",
        "STR": "0",
        "SMA": "0,242 Km.",
        "SMI": "0,13200003 Km.",
        "CHI": "0,5",
        "metvlc_time_utc": "2026-09-10T04:30:00+00:00",
        "metvlc_time_source": "date+time",
        "metvlc_has_real_time": true,
        "metvlc_captura_utc": "2026-09-10T09:46:16+00:00",
        "metvlc_last_seen_utc": "2026-09-10T17:42:19+00:00",
        "metvlc_fuente": "SIGIF/GVA Rayos 24h KMZ"
      },
      "geometry": {
        "type": "Point",
        "coordinates": [
          -0.122,
          39.0199
        ]
      }
    },
    {
      "type": "Feature",
      "properties": {
        "name": "10/09/2026 06:32:52",
        "COORD": "-0,1538,38,991",
        "DATE": "2026-09-10",
        "TIME": "06:32",
        "MXI": "18,99 kA.",
        "STR": "0",
        "SMA": "0,229 Km.",
        "SMI": "0,102 Km.",
        "CHI": "0,4",
        "metvlc_time_utc": "2026-09-10T04:32:00+00:00",
        "metvlc_time_source": "date+time",
        "metvlc_has_real_time": true,
        "metvlc_captura_utc": "2026-09-10T09:46:16+00:00",
        "metvlc_last_seen_utc": "2026-09-10T17:42:19+00:00",
        "metvlc_fuente": "SIGIF/GVA Rayos 24h KMZ"
      },
      "geometry": {
        "type": "Point",
        "coordinates": [
          -0.1538,
          38.991
        ]
      }
    },
    {
      "type": "Feature",
      "properties": {
        "name": "10/09/2026 06:37:42",
        "COORD": "-0,1654,38,9864",
        "DATE": "2026-09-10",
        "TIME": "06:37",
        "MXI": "44,45 kA.",
        "STR": "0",
        "SMA": "0,288 Km.",
        "SMI": "0,13399997 Km.",
        "CHI": "0,6",
        "metvlc_time_utc": "2026-09-10T04:37:00+00:00",
        "metvlc_time_source": "date+time",
        "metvlc_has_real_time": true,
        "metvlc_captura_utc": "2026-09-10T09:46:16+00:00",
        "metvlc_last_seen_utc": "2026-09-10T17:42:19+00:00",
        "metvlc_fuente": "SIGIF/GVA Rayos 24h KMZ"
      },
      "geometry": {
        "type": "Point",
        "coordinates": [
          -0.1654,
          38.9864
        ]
      }
    },
    {
      "type": "Feature",
      "properties": {
        "name": "10/09/2026 06:38:29",
        "COORD": "-0,1485,38,9838",
        "DATE": "2026-09-10",
        "TIME": "06:38",
        "MXI": "28,51 kA.",
        "STR": "0",
        "SMA": "0,243 Km.",
        "SMI": "0,11799999 Km.",
        "CHI": "0,8",
        "metvlc_time_utc": "2026-09-10T04:38:00+00:00",
        "metvlc_time_source": "date+time",
        "metvlc_has_real_time": true,
        "metvlc_captura_utc": "2026-09-10T09:46:16+00:00",
        "metvlc_last_seen_utc": "2026-09-10T17:42:19+00:00",
        "metvlc_fuente": "SIGIF/GVA Rayos 24h KMZ"
      },
      "geometry": {
        "type": "Point",
        "coordinates": [
          -0.1485,
          38.9838
        ]
      }
    },
    {
      "type": "Feature",
      "properties": {
        "name": "10/09/2026 06:41:18",
        "COORD": "-0,1064,38,9629",
        "DATE": "2026-09-10",
        "TIME": "06:41",
        "MXI": "-16,71 kA.",
        "STR": "0",
        "SMA": "0,301 Km.",
        "SMI": "0,14799999 Km.",
        "CHI": "0,6",
        "metvlc_time_utc": "2026-09-10T04:41:00+00:00",
        "metvlc_time_source": "date+time",
        "metvlc_has_real_time": true,
        "metvlc_captura_utc": "2026-09-10T09:46:16+00:00",
        "metvlc_last_seen_utc": "2026-09-10T17:42:19+00:00",
        "metvlc_fuente": "SIGIF/GVA Rayos 24h KMZ"
      },
      "geometry": {
        "type": "Point",
        "coordinates": [
          -0.1064,
          38.9629
        ]
      }
    },
    {
      "type": "Feature",
      "properties": {
        "name": "10/09/2026 06:41:18",
        "COORD": "-0,1066,38,9601",
        "DATE": "2026-09-10",
        "TIME": "06:41",
        "MXI": "-22,6 kA.",
        "STR": "0",
        "SMA": "0,263 Km.",
        "SMI": "0,13399997 Km.",
        "CHI": "0,4",
        "metvlc_time_utc": "2026-09-10T04:41:00+00:00",
        "metvlc_time_source": "date+time",
        "metvlc_has_real_time": true,
        "metvlc_captura_utc": "2026-09-10T09:46:16+00:00",
        "metvlc_last_seen_utc": "2026-09-10T17:42:19+00:00",
        "metvlc_fuente": "SIGIF/GVA Rayos 24h KMZ"
      },
      "geometry": {
        "type": "Point",
        "coordinates": [
          -0.1066,
          38.9601
        ]
      }
    },
    {
      "type": "Feature",
      "properties": {
        "name": "10/09/2026 06:41:18",
        "COORD": "-0,1031,38,9629",
        "DATE": "2026-09-10",
        "TIME": "06:41",
        "MXI": "-18,66 kA.",
        "STR": "0",
        "SMA": "0,281 Km.",
        "SMI": "0,13999999 Km.",
        "CHI": "0,4",
        "metvlc_time_utc": "2026-09-10T04:41:00+00:00",
        "metvlc_time_source": "date+time",
        "metvlc_has_real_time": true,
        "metvlc_captura_utc": "2026-09-10T09:46:16+00:00",
        "metvlc_last_seen_utc": "2026-09-10T17:42:19+00:00",
        "metvlc_fuente": "SIGIF/GVA Rayos 24h KMZ"
      },
      "geometry": {
        "type": "Point",
        "coordinates": [
          -0.1031,
          38.9629
        ]
      }
    },
    {
      "type": "Feature",
      "properties": {
        "name": "10/09/2026 06:41:18",
        "COORD": "-0,1668,38,9879",
        "DATE": "2026-09-10",
        "TIME": "06:41",
        "MXI": "-7,38 kA.",
        "STR": "0",
        "SMA": "1,004 Km.",
        "SMI": "0,307 Km.",
        "CHI": "0,1",
        "metvlc_time_utc": "2026-09-10T04:41:00+00:00",
        "metvlc_time_source": "date+time",
        "metvlc_has_real_time": true,
        "metvlc_captura_utc": "2026-09-10T09:46:16+00:00",
        "metvlc_last_seen_utc": "2026-09-10T17:42:19+00:00",
        "metvlc_fuente": "SIGIF/GVA Rayos 24h KMZ"
      },
      "geometry": {
        "type": "Point",
        "coordinates": [
          -0.1668,
          38.9879
        ]
      }
    },
    {
      "type": "Feature",
      "properties": {
        "name": "10/09/2026 06:47:57",
        "COORD": "-0,1068,38,9845",
        "DATE": "2026-09-10",
        "TIME": "06:47",
        "MXI": "-31,85 kA.",
        "STR": "0",
        "SMA": "0,273 Km.",
        "SMI": "0,14 Km.",
        "CHI": "0,8",
        "metvlc_time_utc": "2026-09-10T04:47:00+00:00",
        "metvlc_time_source": "date+time",
        "metvlc_has_real_time": true,
        "metvlc_captura_utc": "2026-09-10T09:46:16+00:00",
        "metvlc_last_seen_utc": "2026-09-10T17:42:19+00:00",
        "metvlc_fuente": "SIGIF/GVA Rayos 24h KMZ"
      },
      "geometry": {
        "type": "Point",
        "coordinates": [
          -0.1068,
          38.9845
        ]
      }
    },
    {
      "type": "Feature",
      "properties": {
        "name": "10/09/2026 06:48:41",
        "COORD": "-0,1097,38,9828",
        "DATE": "2026-09-10",
        "TIME": "06:48",
        "MXI": "-39,88 kA.",
        "STR": "0",
        "SMA": "0,263 Km.",
        "SMI": "0,14500003 Km.",
        "CHI": "0,5",
        "metvlc_time_utc": "2026-09-10T04:48:00+00:00",
        "metvlc_time_source": "date+time",
        "metvlc_has_real_time": true,
        "metvlc_captura_utc": "2026-09-10T09:46:16+00:00",
        "metvlc_last_seen_utc": "2026-09-10T17:42:19+00:00",
        "metvlc_fuente": "SIGIF/GVA Rayos 24h KMZ"
      },
      "geometry": {
        "type": "Point",
        "coordinates": [
          -0.1097,
          38.9828
        ]
      }
    },
    {
      "type": "Feature",
      "properties": {
        "name": "10/09/2026 06:49:21",
        "COORD": "-0,1148,38,9865",
        "DATE": "2026-09-10",
        "TIME": "06:49",
        "MXI": "-36,26 kA.",
        "STR": "0",
        "SMA": "0,249 Km.",
        "SMI": "0,13399999 Km.",
        "CHI": "0,4",
        "metvlc_time_utc": "2026-09-10T04:49:00+00:00",
        "metvlc_time_source": "date+time",
        "metvlc_has_real_time": true,
        "metvlc_captura_utc": "2026-09-10T09:46:16+00:00",
        "metvlc_last_seen_utc": "2026-09-10T17:42:19+00:00",
        "metvlc_fuente": "SIGIF/GVA Rayos 24h KMZ"
      },
      "geometry": {
        "type": "Point",
        "coordinates": [
          -0.1148,
          38.9865
        ]
      }
    },
    {
      "type": "Feature",
      "properties": {
        "name": "10/09/2026 06:51:02",
        "COORD": "-0,1593,38,9752",
        "DATE": "2026-09-10",
        "TIME": "06:51",
        "MXI": "30,01 kA.",
        "STR": "0",
        "SMA": "0,257 Km.",
        "SMI": "0,15800002 Km.",
        "CHI": "1,1",
        "metvlc_time_utc": "2026-09-10T04:51:00+00:00",
        "metvlc_time_source": "date+time",
        "metvlc_has_real_time": true,
        "metvlc_captura_utc": "2026-09-10T09:46:16+00:00",
        "metvlc_last_seen_utc": "2026-09-10T17:42:19+00:00",
        "metvlc_fuente": "SIGIF/GVA Rayos 24h KMZ"
      },
      "geometry": {
        "type": "Point",
        "coordinates": [
          -0.1593,
          38.9752
        ]
      }
    },
    {
      "type": "Feature",
      "properties": {
        "name": "10/09/2026 06:51:19",
        "COORD": "-0,1266,38,9837",
        "DATE": "2026-09-10",
        "TIME": "06:51",
        "MXI": "-11,29 kA.",
        "STR": "0",
        "SMA": "0,289 Km.",
        "SMI": "0,16300002 Km.",
        "CHI": "0,5",
        "metvlc_time_utc": "2026-09-10T04:51:00+00:00",
        "metvlc_time_source": "date+time",
        "metvlc_has_real_time": true,
        "metvlc_captura_utc": "2026-09-10T09:46:16+00:00",
        "metvlc_last_seen_utc": "2026-09-10T17:42:19+00:00",
        "metvlc_fuente": "SIGIF/GVA Rayos 24h KMZ"
      },
      "geometry": {
        "type": "Point",
        "coordinates": [
          -0.1266,
          38.9837
        ]
      }
    },
    {
      "type": "Feature",
      "properties": {
        "name": "10/09/2026 06:52:02",
        "COORD": "-0,1645,38,9683",
        "DATE": "2026-09-10",
        "TIME": "06:52",
        "MXI": "17,89 kA.",
        "STR": "0",
        "SMA": "0,288 Km.",
        "SMI": "0,13900001 Km.",
        "CHI": "0,5",
        "metvlc_time_utc": "2026-09-10T04:52:00+00:00",
        "metvlc_time_source": "date+time",
        "metvlc_has_real_time": true,
        "metvlc_captura_utc": "2026-09-10T09:46:16+00:00",
        "metvlc_last_seen_utc": "2026-09-10T17:42:19+00:00",
        "metvlc_fuente": "SIGIF/GVA Rayos 24h KMZ"
      },
      "geometry": {
        "type": "Point",
        "coordinates": [
          -0.1645,
          38.9683
        ]
      }
    },
    {
      "type": "Feature",
      "properties": {
        "name": "10/09/2026 06:52:22",
        "COORD": "-0,1218,38,9803",
        "DATE": "2026-09-10",
        "TIME": "06:52",
        "MXI": "-17,12 kA.",
        "STR": "0",
        "SMA": "0,251 Km.",
        "SMI": "0,14799999 Km.",
        "CHI": "0,6",
        "metvlc_time_utc": "2026-09-10T04:52:00+00:00",
        "metvlc_time_source": "date+time",
        "metvlc_has_real_time": true,
        "metvlc_captura_utc": "2026-09-10T09:46:16+00:00",
        "metvlc_last_seen_utc": "2026-09-10T17:42:19+00:00",
        "metvlc_fuente": "SIGIF/GVA Rayos 24h KMZ"
      },
      "geometry": {
        "type": "Point",
        "coordinates": [
          -0.1218,
          38.9803
        ]
      }
    },
    {
      "type": "Feature",
      "properties": {
        "name": "10/09/2026 06:52:22",
        "COORD": "-0,1187,38,9783",
        "DATE": "2026-09-10",
        "TIME": "06:52",
        "MXI": "-19,7 kA.",
        "STR": "0",
        "SMA": "0,237 Km.",
        "SMI": "0,12699997 Km.",
        "CHI": "0,4",
        "metvlc_time_utc": "2026-09-10T04:52:00+00:00",
        "metvlc_time_source": "date+time",
        "metvlc_has_real_time": true,
        "metvlc_captura_utc": "2026-09-10T09:46:16+00:00",
        "metvlc_last_seen_utc": "2026-09-10T17:42:19+00:00",
        "metvlc_fuente": "SIGIF/GVA Rayos 24h KMZ"
      },
      "geometry": {
        "type": "Point",
        "coordinates": [
          -0.1187,
          38.9783
        ]
      }
    },
    {
      "type": "Feature",
      "properties": {
        "name": "10/09/2026 06:53:38",
        "COORD": "-0,1453,38,9814",
        "DATE": "2026-09-10",
        "TIME": "06:53",
        "MXI": "-30 kA.",
        "STR": "0",
        "SMA": "0,237 Km.",
        "SMI": "0,12600003 Km.",
        "CHI": "0,3",
        "metvlc_time_utc": "2026-09-10T04:53:00+00:00",
        "metvlc_time_source": "date+time",
        "metvlc_has_real_time": true,
        "metvlc_captura_utc": "2026-09-10T09:46:16+00:00",
        "metvlc_last_seen_utc": "2026-09-10T17:42:19+00:00",
        "metvlc_fuente": "SIGIF/GVA Rayos 24h KMZ"
      },
      "geometry": {
        "type": "Point",
        "coordinates": [
          -0.1453,
          38.9814
        ]
      }
    },
    {
      "type": "Feature",
      "properties": {
        "name": "10/09/2026 06:53:38",
        "COORD": "-0,1228,38,9747",
        "DATE": "2026-09-10",
        "TIME": "06:53",
        "MXI": "-29,77 kA.",
        "STR": "0",
        "SMA": "0,282 Km.",
        "SMI": "0,14200003 Km.",
        "CHI": "0,7",
        "metvlc_time_utc": "2026-09-10T04:53:00+00:00",
        "metvlc_time_source": "date+time",
        "metvlc_has_real_time": true,
        "metvlc_captura_utc": "2026-09-10T09:46:16+00:00",
        "metvlc_last_seen_utc": "2026-09-10T17:42:19+00:00",
        "metvlc_fuente": "SIGIF/GVA Rayos 24h KMZ"
      },
      "geometry": {
        "type": "Point",
        "coordinates": [
          -0.1228,
          38.9747
        ]
      }
    },
    {
      "type": "Feature",
      "properties": {
        "name": "10/09/2026 07:07:32",
        "COORD": "-0,1644,39,0233",
        "DATE": "2026-09-10",
        "TIME": "07:07",
        "MXI": "21,21 kA.",
        "STR": "0",
        "SMA": "0,184 Km.",
        "SMI": "0,08800001 Km.",
        "CHI": "0,6",
        "metvlc_time_utc": "2026-09-10T05:07:00+00:00",
        "metvlc_time_source": "date+time",
        "metvlc_has_real_time": true,
        "metvlc_captura_utc": "2026-09-10T09:46:16+00:00",
        "metvlc_last_seen_utc": "2026-09-10T17:42:19+00:00",
        "metvlc_fuente": "SIGIF/GVA Rayos 24h KMZ"
      },
      "geometry": {
        "type": "Point",
        "coordinates": [
          -0.1644,
          39.0233
        ]
      }
    },
    {
      "type": "Feature",
      "properties": {
        "name": "10/09/2026 07:09:44",
        "COORD": "-0,1494,39,0082",
        "DATE": "2026-09-10",
        "TIME": "07:09",
        "MXI": "-5,16 kA.",
        "STR": "0",
        "SMA": "2,903 Km.",
        "SMI": "0,368 Km.",
        "CHI": "0",
        "metvlc_time_utc": "2026-09-10T05:09:00+00:00",
        "metvlc_time_source": "date+time",
        "metvlc_has_real_time": true,
        "metvlc_captura_utc": "2026-09-10T09:46:16+00:00",
        "metvlc_last_seen_utc": "2026-09-10T17:42:19+00:00",
        "metvlc_fuente": "SIGIF/GVA Rayos 24h KMZ"
      },
      "geometry": {
        "type": "Point",
        "coordinates": [
          -0.1494,
          39.0082
        ]
      }
    },
    {
      "type": "Feature",
      "properties": {
        "name": "10/09/2026 07:10:20",
        "COORD": "-0,1947,38,9929",
        "DATE": "2026-09-10",
        "TIME": "07:10",
        "MXI": "27,72 kA.",
        "STR": "0",
        "SMA": "0,237 Km.",
        "SMI": "0,112000026 Km.",
        "CHI": "0,6",
        "metvlc_time_utc": "2026-09-10T05:10:00+00:00",
        "metvlc_time_source": "date+time",
        "metvlc_has_real_time": true,
        "metvlc_captura_utc": "2026-09-10T09:46:16+00:00",
        "metvlc_last_seen_utc": "2026-09-10T17:42:19+00:00",
        "metvlc_fuente": "SIGIF/GVA Rayos 24h KMZ"
      },
      "geometry": {
        "type": "Point",
        "coordinates": [
          -0.1947,
          38.9929
        ]
      }
    },
    {
      "type": "Feature",
      "properties": {
        "name": "10/09/2026 07:10:32",
        "COORD": "-0,0618,38,8443",
        "DATE": "2026-09-10",
        "TIME": "07:10",
        "MXI": "-44,33 kA.",
        "STR": "0",
        "SMA": "0,248 Km.",
        "SMI": "0,13000003 Km.",
        "CHI": "0,3",
        "metvlc_time_utc": "2026-09-10T05:10:00+00:00",
        "metvlc_time_source": "date+time",
        "metvlc_has_real_time": true,
        "metvlc_captura_utc": "2026-09-10T09:46:16+00:00",
        "metvlc_last_seen_utc": "2026-09-10T17:42:19+00:00",
        "metvlc_fuente": "SIGIF/GVA Rayos 24h KMZ"
      },
      "geometry": {
        "type": "Point",
        "coordinates": [
          -0.0618,
          38.8443
        ]
      }
    },
    {
      "type": "Feature",
      "properties": {
        "name": "10/09/2026 07:11:10",
        "COORD": "-0,1265,39,0026",
        "DATE": "2026-09-10",
        "TIME": "07:11",
        "MXI": "-8,58 kA.",
        "STR": "0",
        "SMA": "4,647 Km.",
        "SMI": "0,521 Km.",
        "CHI": "0,7",
        "metvlc_time_utc": "2026-09-10T05:11:00+00:00",
        "metvlc_time_source": "date+time",
        "metvlc_has_real_time": true,
        "metvlc_captura_utc": "2026-09-10T09:46:16+00:00",
        "metvlc_last_seen_utc": "2026-09-10T17:42:19+00:00",
        "metvlc_fuente": "SIGIF/GVA Rayos 24h KMZ"
      },
      "geometry": {
        "type": "Point",
        "coordinates": [
          -0.1265,
          39.0026
        ]
      }
    },
    {
      "type": "Feature",
      "properties": {
        "name": "10/09/2026 07:12:39",
        "COORD": "-0,1455,39,0302",
        "DATE": "2026-09-10",
        "TIME": "07:12",
        "MXI": "-50,71 kA.",
        "STR": "0",
        "SMA": "0,255 Km.",
        "SMI": "0,13200001 Km.",
        "CHI": "0,5",
        "metvlc_time_utc": "2026-09-10T05:12:00+00:00",
        "metvlc_time_source": "date+time",
        "metvlc_has_real_time": true,
        "metvlc_captura_utc": "2026-09-10T09:46:16+00:00",
        "metvlc_last_seen_utc": "2026-09-10T17:42:19+00:00",
        "metvlc_fuente": "SIGIF/GVA Rayos 24h KMZ"
      },
      "geometry": {
        "type": "Point",
        "coordinates": [
          -0.1455,
          39.0302
        ]
      }
    },
    {
      "type": "Feature",
      "properties": {
        "name": "10/09/2026 07:12:39",
        "COORD": "-0,1508,39,0154",
        "DATE": "2026-09-10",
        "TIME": "07:12",
        "MXI": "-16,51 kA.",
        "STR": "0",
        "SMA": "0,247 Km.",
        "SMI": "0,13900003 Km.",
        "CHI": "0,4",
        "metvlc_time_utc": "2026-09-10T05:12:00+00:00",
        "metvlc_time_source": "date+time",
        "metvlc_has_real_time": true,
        "metvlc_captura_utc": "2026-09-10T09:46:16+00:00",
        "metvlc_last_seen_utc": "2026-09-10T17:42:19+00:00",
        "metvlc_fuente": "SIGIF/GVA Rayos 24h KMZ"
      },
      "geometry": {
        "type": "Point",
        "coordinates": [
          -0.1508,
          39.0154
        ]
      }
    },
    {
      "type": "Feature",
      "properties": {
        "name": "10/09/2026 07:13:06",
        "COORD": "-0,1471,39,027",
        "DATE": "2026-09-10",
        "TIME": "07:13",
        "MXI": "-36,07 kA.",
        "STR": "0",
        "SMA": "0,25 Km.",
        "SMI": "0,131 Km.",
        "CHI": "0,8",
        "metvlc_time_utc": "2026-09-10T05:13:00+00:00",
        "metvlc_time_source": "date+time",
        "metvlc_has_real_time": true,
        "metvlc_captura_utc": "2026-09-10T09:46:16+00:00",
        "metvlc_last_seen_utc": "2026-09-10T17:42:19+00:00",
        "metvlc_fuente": "SIGIF/GVA Rayos 24h KMZ"
      },
      "geometry": {
        "type": "Point",
        "coordinates": [
          -0.1471,
          39.027
        ]
      }
    },
    {
      "type": "Feature",
      "properties": {
        "name": "10/09/2026 07:13:06",
        "COORD": "-0,1456,39,0273",
        "DATE": "2026-09-10",
        "TIME": "07:13",
        "MXI": "-16,68 kA.",
        "STR": "0",
        "SMA": "0,318 Km.",
        "SMI": "0,13600002 Km.",
        "CHI": "0,5",
        "metvlc_time_utc": "2026-09-10T05:13:00+00:00",
        "metvlc_time_source": "date+time",
        "metvlc_has_real_time": true,
        "metvlc_captura_utc": "2026-09-10T09:46:16+00:00",
        "metvlc_last_seen_utc": "2026-09-10T17:42:19+00:00",
        "metvlc_fuente": "SIGIF/GVA Rayos 24h KMZ"
      },
      "geometry": {
        "type": "Point",
        "coordinates": [
          -0.1456,
          39.0273
        ]
      }
    },
    {
      "type": "Feature",
      "properties": {
        "name": "10/09/2026 07:13:06",
        "COORD": "-0,1095,39,0386",
        "DATE": "2026-09-10",
        "TIME": "07:13",
        "MXI": "-17,32 kA.",
        "STR": "0",
        "SMA": "0,28 Km.",
        "SMI": "0,13099998 Km.",
        "CHI": "0,3",
        "metvlc_time_utc": "2026-09-10T05:13:00+00:00",
        "metvlc_time_source": "date+time",
        "metvlc_has_real_time": true,
        "metvlc_captura_utc": "2026-09-10T09:46:16+00:00",
        "metvlc_last_seen_utc": "2026-09-10T17:42:19+00:00",
        "metvlc_fuente": "SIGIF/GVA Rayos 24h KMZ"
      },
      "geometry": {
        "type": "Point",
        "coordinates": [
          -0.1095,
          39.0386
        ]
      }
    },
    {
      "type": "Feature",
      "properties": {
        "name": "10/09/2026 07:13:38",
        "COORD": "-0,0947,38,8429",
        "DATE": "2026-09-10",
        "TIME": "07:13",
        "MXI": "34,85 kA.",
        "STR": "0",
        "SMA": "0,254 Km.",
        "SMI": "0,13900001 Km.",
        "CHI": "0,7",
        "metvlc_time_utc": "2026-09-10T05:13:00+00:00",
        "metvlc_time_source": "date+time",
        "metvlc_has_real_time": true,
        "metvlc_captura_utc": "2026-09-10T09:46:16+00:00",
        "metvlc_last_seen_utc": "2026-09-10T17:42:19+00:00",
        "metvlc_fuente": "SIGIF/GVA Rayos 24h KMZ"
      },
      "geometry": {
        "type": "Point",
        "coordinates": [
          -0.0947,
          38.8429
        ]
      }
    },
    {
      "type": "Feature",
      "properties": {
        "name": "10/09/2026 07:13:40",
        "COORD": "-0,1227,39,0198",
        "DATE": "2026-09-10",
        "TIME": "07:13",
        "MXI": "52,53 kA.",
        "STR": "0",
        "SMA": "0,244 Km.",
        "SMI": "0,13000001 Km.",
        "CHI": "0,6",
        "metvlc_time_utc": "2026-09-10T05:13:00+00:00",
        "metvlc_time_source": "date+time",
        "metvlc_has_real_time": true,
        "metvlc_captura_utc": "2026-09-10T09:46:16+00:00",
        "metvlc_last_seen_utc": "2026-09-10T17:42:19+00:00",
        "metvlc_fuente": "SIGIF/GVA Rayos 24h KMZ"
      },
      "geometry": {
        "type": "Point",
        "coordinates": [
          -0.1227,
          39.0198
        ]
      }
    },
    {
      "type": "Feature",
      "properties": {
        "name": "10/09/2026 07:14:17",
        "COORD": "-0,0725,38,831",
        "DATE": "2026-09-10",
        "TIME": "07:14",
        "MXI": "-37,98 kA.",
        "STR": "0",
        "SMA": "0,264 Km.",
        "SMI": "0,13300003 Km.",
        "CHI": "0,5",
        "metvlc_time_utc": "2026-09-10T05:14:00+00:00",
        "metvlc_time_source": "date+time",
        "metvlc_has_real_time": true,
        "metvlc_captura_utc": "2026-09-10T09:46:16+00:00",
        "metvlc_last_seen_utc": "2026-09-10T17:42:19+00:00",
        "metvlc_fuente": "SIGIF/GVA Rayos 24h KMZ"
      },
      "geometry": {
        "type": "Point",
        "coordinates": [
          -0.0725,
          38.831
        ]
      }
    },
    {
      "type": "Feature",
      "properties": {
        "name": "10/09/2026 07:14:17",
        "COORD": "-0,0651,38,8625",
        "DATE": "2026-09-10",
        "TIME": "07:14",
        "MXI": "-25,87 kA.",
        "STR": "0",
        "SMA": "0,249 Km.",
        "SMI": "0,13899998 Km.",
        "CHI": "0,5",
        "metvlc_time_utc": "2026-09-10T05:14:00+00:00",
        "metvlc_time_source": "date+time",
        "metvlc_has_real_time": true,
        "metvlc_captura_utc": "2026-09-10T09:46:16+00:00",
        "metvlc_last_seen_utc": "2026-09-10T17:42:19+00:00",
        "metvlc_fuente": "SIGIF/GVA Rayos 24h KMZ"
      },
      "geometry": {
        "type": "Point",
        "coordinates": [
          -0.0651,
          38.8625
        ]
      }
    },
    {
      "type": "Feature",
      "properties": {
        "name": "10/09/2026 07:14:17",
        "COORD": "-0,0766,38,8265",
        "DATE": "2026-09-10",
        "TIME": "07:14",
        "MXI": "-16,32 kA.",
        "STR": "0",
        "SMA": "0,272 Km.",
        "SMI": "0,125 Km.",
        "CHI": "0,4",
        "metvlc_time_utc": "2026-09-10T05:14:00+00:00",
        "metvlc_time_source": "date+time",
        "metvlc_has_real_time": true,
        "metvlc_captura_utc": "2026-09-10T09:46:16+00:00",
        "metvlc_last_seen_utc": "2026-09-10T17:42:19+00:00",
        "metvlc_fuente": "SIGIF/GVA Rayos 24h KMZ"
      },
      "geometry": {
        "type": "Point",
        "coordinates": [
          -0.0766,
          38.8265
        ]
      }
    },
    {
      "type": "Feature",
      "properties": {
        "name": "10/09/2026 07:14:26",
        "COORD": "-0,1311,39,0464",
        "DATE": "2026-09-10",
        "TIME": "07:14",
        "MXI": "-73,6 kA.",
        "STR": "0",
        "SMA": "0,242 Km.",
        "SMI": "0,12699999 Km.",
        "CHI": "0,6",
        "metvlc_time_utc": "2026-09-10T05:14:00+00:00",
        "metvlc_time_source": "date+time",
        "metvlc_has_real_time": true,
        "metvlc_captura_utc": "2026-09-10T09:46:16+00:00",
        "metvlc_last_seen_utc": "2026-09-10T17:42:19+00:00",
        "metvlc_fuente": "SIGIF/GVA Rayos 24h KMZ"
      },
      "geometry": {
        "type": "Point",
        "coordinates": [
          -0.1311,
          39.0464
        ]
      }
    },
    {
      "type": "Feature",
      "properties": {
        "name": "10/09/2026 07:14:26",
        "COORD": "-0,142,39,0268",
        "DATE": "2026-09-10",
        "TIME": "07:14",
        "MXI": "-5,48 kA.",
        "STR": "0",
        "SMA": "0,958 Km.",
        "SMI": "0,29700002 Km.",
        "CHI": "0,2",
        "metvlc_time_utc": "2026-09-10T05:14:00+00:00",
        "metvlc_time_source": "date+time",
        "metvlc_has_real_time": true,
        "metvlc_captura_utc": "2026-09-10T09:46:16+00:00",
        "metvlc_last_seen_utc": "2026-09-10T17:42:19+00:00",
        "metvlc_fuente": "SIGIF/GVA Rayos 24h KMZ"
      },
      "geometry": {
        "type": "Point",
        "coordinates": [
          -0.142,
          39.0268
        ]
      }
    },
    {
      "type": "Feature",
      "properties": {
        "name": "10/09/2026 07:14:26",
        "COORD": "-0,1693,39,0164",
        "DATE": "2026-09-10",
        "TIME": "07:14",
        "MXI": "-49,76 kA.",
        "STR": "0",
        "SMA": "0,235 Km.",
        "SMI": "0,13499998 Km.",
        "CHI": "0,8",
        "metvlc_time_utc": "2026-09-10T05:14:00+00:00",
        "metvlc_time_source": "date+time",
        "metvlc_has_real_time": true,
        "metvlc_captura_utc": "2026-09-10T09:46:16+00:00",
        "metvlc_last_seen_utc": "2026-09-10T17:42:19+00:00",
        "metvlc_fuente": "SIGIF/GVA Rayos 24h KMZ"
      },
      "geometry": {
        "type": "Point",
        "coordinates": [
          -0.1693,
          39.0164
        ]
      }
    },
    {
      "type": "Feature",
      "properties": {
        "name": "10/09/2026 07:14:26",
        "COORD": "-0,1313,39,0469",
        "DATE": "2026-09-10",
        "TIME": "07:14",
        "MXI": "-26,77 kA.",
        "STR": "0",
        "SMA": "0,246 Km.",
        "SMI": "0,12899998 Km.",
        "CHI": "0,4",
        "metvlc_time_utc": "2026-09-10T05:14:00+00:00",
        "metvlc_time_source": "date+time",
        "metvlc_has_real_time": true,
        "metvlc_captura_utc": "2026-09-10T09:46:16+00:00",
        "metvlc_last_seen_utc": "2026-09-10T17:42:19+00:00",
        "metvlc_fuente": "SIGIF/GVA Rayos 24h KMZ"
      },
      "geometry": {
        "type": "Point",
        "coordinates": [
          -0.1313,
          39.0469
        ]
      }
    },
    {
      "type": "Feature",
      "properties": {
        "name": "10/09/2026 07:14:26",
        "COORD": "-0,0879,39,0297",
        "DATE": "2026-09-10",
        "TIME": "07:14",
        "MXI": "-15,63 kA.",
        "STR": "0",
        "SMA": "0,257 Km.",
        "SMI": "0,13599999 Km.",
        "CHI": "0,4",
        "metvlc_time_utc": "2026-09-10T05:14:00+00:00",
        "metvlc_time_source": "date+time",
        "metvlc_has_real_time": true,
        "metvlc_captura_utc": "2026-09-10T09:46:16+00:00",
        "metvlc_last_seen_utc": "2026-09-10T17:42:19+00:00",
        "metvlc_fuente": "SIGIF/GVA Rayos 24h KMZ"
      },
      "geometry": {
        "type": "Point",
        "coordinates": [
          -0.0879,
          39.0297
        ]
      }
    },
    {
      "type": "Feature",
      "properties": {
        "name": "10/09/2026 07:14:26",
        "COORD": "-0,1354,38,9996",
        "DATE": "2026-09-10",
        "TIME": "07:14",
        "MXI": "16,89 kA.",
        "STR": "0",
        "SMA": "0,491 Km.",
        "SMI": "0,168 Km.",
        "CHI": "0,4",
        "metvlc_time_utc": "2026-09-10T05:14:00+00:00",
        "metvlc_time_source": "date+time",
        "metvlc_has_real_time": true,
        "metvlc_captura_utc": "2026-09-10T09:46:16+00:00",
        "metvlc_last_seen_utc": "2026-09-10T17:42:19+00:00",
        "metvlc_fuente": "SIGIF/GVA Rayos 24h KMZ"
      },
      "geometry": {
        "type": "Point",
        "coordinates": [
          -0.1354,
          38.9996
        ]
      }
    },
    {
      "type": "Feature",
      "properties": {
        "name": "10/09/2026 07:15:18",
        "COORD": "-0,1328,39,0229",
        "DATE": "2026-09-10",
        "TIME": "07:15",
        "MXI": "27,95 kA.",
        "STR": "0",
        "SMA": "0,279 Km.",
        "SMI": "0,14400001 Km.",
        "CHI": "0,7",
        "metvlc_time_utc": "2026-09-10T05:15:00+00:00",
        "metvlc_time_source": "date+time",
        "metvlc_has_real_time": true,
        "metvlc_captura_utc": "2026-09-10T09:46:16+00:00",
        "metvlc_last_seen_utc": "2026-09-10T17:42:19+00:00",
        "metvlc_fuente": "SIGIF/GVA Rayos 24h KMZ"
      },
      "geometry": {
        "type": "Point",
        "coordinates": [
          -0.1328,
          39.0229
        ]
      }
    },
    {
      "type": "Feature",
      "properties": {
        "name": "10/09/2026 07:15:38",
        "COORD": "-0,084,38,838",
        "DATE": "2026-09-10",
        "TIME": "07:15",
        "MXI": "15,01 kA.",
        "STR": "0",
        "SMA": "0,528 Km.",
        "SMI": "0,18100001 Km.",
        "CHI": "0,7",
        "metvlc_time_utc": "2026-09-10T05:15:00+00:00",
        "metvlc_time_source": "date+time",
        "metvlc_has_real_time": true,
        "metvlc_captura_utc": "2026-09-10T09:46:16+00:00",
        "metvlc_last_seen_utc": "2026-09-10T17:42:19+00:00",
        "metvlc_fuente": "SIGIF/GVA Rayos 24h KMZ"
      },
      "geometry": {
        "type": "Point",
        "coordinates": [
          -0.084,
          38.838
        ]
      }
    },
    {
      "type": "Feature",
      "properties": {
        "name": "10/09/2026 07:16:15",
        "COORD": "-0,1383,39,0262",
        "DATE": "2026-09-10",
        "TIME": "07:16",
        "MXI": "20,83 kA.",
        "STR": "0",
        "SMA": "0,225 Km.",
        "SMI": "0,14999999 Km.",
        "CHI": "0,9",
        "metvlc_time_utc": "2026-09-10T05:16:00+00:00",
        "metvlc_time_source": "date+time",
        "metvlc_has_real_time": true,
        "metvlc_captura_utc": "2026-09-10T09:46:16+00:00",
        "metvlc_last_seen_utc": "2026-09-10T17:42:19+00:00",
        "metvlc_fuente": "SIGIF/GVA Rayos 24h KMZ"
      },
      "geometry": {
        "type": "Point",
        "coordinates": [
          -0.1383,
          39.0262
        ]
      }
    },
    {
      "type": "Feature",
      "properties": {
        "name": "10/09/2026 07:16:52",
        "COORD": "-0,0554,38,8359",
        "DATE": "2026-09-10",
        "TIME": "07:16",
        "MXI": "-10,42 kA.",
        "STR": "0",
        "SMA": "1,1 Km.",
        "SMI": "0,31799996 Km.",
        "CHI": "0,2",
        "metvlc_time_utc": "2026-09-10T05:16:00+00:00",
        "metvlc_time_source": "date+time",
        "metvlc_has_real_time": true,
        "metvlc_captura_utc": "2026-09-10T09:46:16+00:00",
        "metvlc_last_seen_utc": "2026-09-10T17:42:19+00:00",
        "metvlc_fuente": "SIGIF/GVA Rayos 24h KMZ"
      },
      "geometry": {
        "type": "Point",
        "coordinates": [
          -0.0554,
          38.8359
        ]
      }
    },
    {
      "type": "Feature",
      "properties": {
        "name": "10/09/2026 07:17:07",
        "COORD": "-0,1419,39,0125",
        "DATE": "2026-09-10",
        "TIME": "07:17",
        "MXI": "33,13 kA.",
        "STR": "0",
        "SMA": "0,17 Km.",
        "SMI": "0,09200001 Km.",
        "CHI": "0,9",
        "metvlc_time_utc": "2026-09-10T05:17:00+00:00",
        "metvlc_time_source": "date+time",
        "metvlc_has_real_time": true,
        "metvlc_captura_utc": "2026-09-10T09:46:16+00:00",
        "metvlc_last_seen_utc": "2026-09-10T17:42:19+00:00",
        "metvlc_fuente": "SIGIF/GVA Rayos 24h KMZ"
      },
      "geometry": {
        "type": "Point",
        "coordinates": [
          -0.1419,
          39.0125
        ]
      }
    },
    {
      "type": "Feature",
      "properties": {
        "name": "10/09/2026 07:17:35",
        "COORD": "-0,0454,38,8375",
        "DATE": "2026-09-10",
        "TIME": "07:17",
        "MXI": "-24,38 kA.",
        "STR": "0",
        "SMA": "0,267 Km.",
        "SMI": "0,136 Km.",
        "CHI": "0,2",
        "metvlc_time_utc": "2026-09-10T05:17:00+00:00",
        "metvlc_time_source": "date+time",
        "metvlc_has_real_time": true,
        "metvlc_captura_utc": "2026-09-10T09:46:16+00:00",
        "metvlc_last_seen_utc": "2026-09-10T17:42:19+00:00",
        "metvlc_fuente": "SIGIF/GVA Rayos 24h KMZ"
      },
      "geometry": {
        "type": "Point",
        "coordinates": [
          -0.0454,
          38.8375
        ]
      }
    },
    {
      "type": "Feature",
      "properties": {
        "name": "10/09/2026 07:17:35",
        "COORD": "-0,0461,38,8383",
        "DATE": "2026-09-10",
        "TIME": "07:17",
        "MXI": "-8,97 kA.",
        "STR": "0",
        "SMA": "0,399 Km.",
        "SMI": "0,20200005 Km.",
        "CHI": "0,2",
        "metvlc_time_utc": "2026-09-10T05:17:00+00:00",
        "metvlc_time_source": "date+time",
        "metvlc_has_real_time": true,
        "metvlc_captura_utc": "2026-09-10T09:46:16+00:00",
        "metvlc_last_seen_utc": "2026-09-10T17:42:19+00:00",
        "metvlc_fuente": "SIGIF/GVA Rayos 24h KMZ"
      },
      "geometry": {
        "type": "Point",
        "coordinates": [
          -0.0461,
          38.8383
        ]
      }
    },
    {
      "type": "Feature",
      "properties": {
        "name": "10/09/2026 07:20:11",
        "COORD": "-0,0619,38,8339",
        "DATE": "2026-09-10",
        "TIME": "07:20",
        "MXI": "-10,67 kA.",
        "STR": "0",
        "SMA": "1,123 Km.",
        "SMI": "0,32100004 Km.",
        "CHI": "0,5",
        "metvlc_time_utc": "2026-09-10T05:20:00+00:00",
        "metvlc_time_source": "date+time",
        "metvlc_has_real_time": true,
        "metvlc_captura_utc": "2026-09-10T09:46:16+00:00",
        "metvlc_last_seen_utc": "2026-09-10T17:42:19+00:00",
        "metvlc_fuente": "SIGIF/GVA Rayos 24h KMZ"
      },
      "geometry": {
        "type": "Point",
        "coordinates": [
          -0.0619,
          38.8339
        ]
      }
    },
    {
      "type": "Feature",
      "properties": {
        "name": "10/09/2026 07:20:16",
        "COORD": "-0,1482,39,032",
        "DATE": "2026-09-10",
        "TIME": "07:20",
        "MXI": "-9,8 kA.",
        "STR": "0",
        "SMA": "0,41 Km.",
        "SMI": "0,17099999 Km.",
        "CHI": "0,4",
        "metvlc_time_utc": "2026-09-10T05:20:00+00:00",
        "metvlc_time_source": "date+time",
        "metvlc_has_real_time": true,
        "metvlc_captura_utc": "2026-09-10T09:46:16+00:00",
        "metvlc_last_seen_utc": "2026-09-10T17:42:19+00:00",
        "metvlc_fuente": "SIGIF/GVA Rayos 24h KMZ"
      },
      "geometry": {
        "type": "Point",
        "coordinates": [
          -0.1482,
          39.032
        ]
      }
    },
    {
      "type": "Feature",
      "properties": {
        "name": "10/09/2026 07:20:59",
        "COORD": "-0,0688,38,8291",
        "DATE": "2026-09-10",
        "TIME": "07:20",
        "MXI": "-56,91 kA.",
        "STR": "0",
        "SMA": "0,268 Km.",
        "SMI": "0,13500002 Km.",
        "CHI": "0,6",
        "metvlc_time_utc": "2026-09-10T05:20:00+00:00",
        "metvlc_time_source": "date+time",
        "metvlc_has_real_time": true,
        "metvlc_captura_utc": "2026-09-10T09:46:16+00:00",
        "metvlc_last_seen_utc": "2026-09-10T17:42:19+00:00",
        "metvlc_fuente": "SIGIF/GVA Rayos 24h KMZ"
      },
      "geometry": {
        "type": "Point",
        "coordinates": [
          -0.0688,
          38.8291
        ]
      }
    },
    {
      "type": "Feature",
      "properties": {
        "name": "10/09/2026 07:20:59",
        "COORD": "-0,0855,38,8382",
        "DATE": "2026-09-10",
        "TIME": "07:20",
        "MXI": "-38,73 kA.",
        "STR": "0",
        "SMA": "0,238 Km.",
        "SMI": "0,126 Km.",
        "CHI": "0,9",
        "metvlc_time_utc": "2026-09-10T05:20:00+00:00",
        "metvlc_time_source": "date+time",
        "metvlc_has_real_time": true,
        "metvlc_captura_utc": "2026-09-10T09:46:16+00:00",
        "metvlc_last_seen_utc": "2026-09-10T17:42:19+00:00",
        "metvlc_fuente": "SIGIF/GVA Rayos 24h KMZ"
      },
      "geometry": {
        "type": "Point",
        "coordinates": [
          -0.0855,
          38.8382
        ]
      }
    },
    {
      "type": "Feature",
      "properties": {
        "name": "10/09/2026 07:20:59",
        "COORD": "-0,0854,38,8384",
        "DATE": "2026-09-10",
        "TIME": "07:20",
        "MXI": "-16,29 kA.",
        "STR": "0",
        "SMA": "0,247 Km.",
        "SMI": "0,13100001 Km.",
        "CHI": "0,7",
        "metvlc_time_utc": "2026-09-10T05:20:00+00:00",
        "metvlc_time_source": "date+time",
        "metvlc_has_real_time": true,
        "metvlc_captura_utc": "2026-09-10T09:46:16+00:00",
        "metvlc_last_seen_utc": "2026-09-10T17:42:19+00:00",
        "metvlc_fuente": "SIGIF/GVA Rayos 24h KMZ"
      },
      "geometry": {
        "type": "Point",
        "coordinates": [
          -0.0854,
          38.8384
        ]
      }
    },
    {
      "type": "Feature",
      "properties": {
        "name": "10/09/2026 07:20:59",
        "COORD": "-0,0672,38,8325",
        "DATE": "2026-09-10",
        "TIME": "07:20",
        "MXI": "-8,36 kA.",
        "STR": "0",
        "SMA": "1,262 Km.",
        "SMI": "0,31199998 Km.",
        "CHI": "0,9",
        "metvlc_time_utc": "2026-09-10T05:20:00+00:00",
        "metvlc_time_source": "date+time",
        "metvlc_has_real_time": true,
        "metvlc_captura_utc": "2026-09-10T09:46:16+00:00",
        "metvlc_last_seen_utc": "2026-09-10T17:42:19+00:00",
        "metvlc_fuente": "SIGIF/GVA Rayos 24h KMZ"
      },
      "geometry": {
        "type": "Point",
        "coordinates": [
          -0.0672,
          38.8325
        ]
      }
    },
    {
      "type": "Feature",
      "properties": {
        "name": "10/09/2026 07:20:59",
        "COORD": "-0,0576,38,8502",
        "DATE": "2026-09-10",
        "TIME": "07:20",
        "MXI": "-6,29 kA.",
        "STR": "0",
        "SMA": "4,41 Km.",
        "SMI": "0,311 Km.",
        "CHI": "0,5",
        "metvlc_time_utc": "2026-09-10T05:20:00+00:00",
        "metvlc_time_source": "date+time",
        "metvlc_has_real_time": true,
        "metvlc_captura_utc": "2026-09-10T09:46:16+00:00",
        "metvlc_last_seen_utc": "2026-09-10T17:42:19+00:00",
        "metvlc_fuente": "SIGIF/GVA Rayos 24h KMZ"
      },
      "geometry": {
        "type": "Point",
        "coordinates": [
          -0.0576,
          38.8502
        ]
      }
    },
    {
      "type": "Feature",
      "properties": {
        "name": "10/09/2026 07:21:38",
        "COORD": "-0,1093,38,841",
        "DATE": "2026-09-10",
        "TIME": "07:21",
        "MXI": "31,6 kA.",
        "STR": "0",
        "SMA": "0,422 Km.",
        "SMI": "0,17600001 Km.",
        "CHI": "1,9",
        "metvlc_time_utc": "2026-09-10T05:21:00+00:00",
        "metvlc_time_source": "date+time",
        "metvlc_has_real_time": true,
        "metvlc_captura_utc": "2026-09-10T09:46:16+00:00",
        "metvlc_last_seen_utc": "2026-09-10T17:42:19+00:00",
        "metvlc_fuente": "SIGIF/GVA Rayos 24h KMZ"
      },
      "geometry": {
        "type": "Point",
        "coordinates": [
          -0.1093,
          38.841
        ]
      }
    },
    {
      "type": "Feature",
      "properties": {
        "name": "10/09/2026 07:22:28",
        "COORD": "-0,0694,38,8287",
        "DATE": "2026-09-10",
        "TIME": "07:22",
        "MXI": "-29,57 kA.",
        "STR": "0",
        "SMA": "0,266 Km.",
        "SMI": "0,13099997 Km.",
        "CHI": "0,4",
        "metvlc_time_utc": "2026-09-10T05:22:00+00:00",
        "metvlc_time_source": "date+time",
        "metvlc_has_real_time": true,
        "metvlc_captura_utc": "2026-09-10T09:46:16+00:00",
        "metvlc_last_seen_utc": "2026-09-10T17:42:19+00:00",
        "metvlc_fuente": "SIGIF/GVA Rayos 24h KMZ"
      },
      "geometry": {
        "type": "Point",
        "coordinates": [
          -0.0694,
          38.8287
        ]
      }
    },
    {
      "type": "Feature",
      "properties": {
        "name": "10/09/2026 07:22:28",
        "COORD": "-0,0579,38,8286",
        "DATE": "2026-09-10",
        "TIME": "07:22",
        "MXI": "-14,04 kA.",
        "STR": "0",
        "SMA": "0,307 Km.",
        "SMI": "0,14399998 Km.",
        "CHI": "0,2",
        "metvlc_time_utc": "2026-09-10T05:22:00+00:00",
        "metvlc_time_source": "date+time",
        "metvlc_has_real_time": true,
        "metvlc_captura_utc": "2026-09-10T09:46:16+00:00",
        "metvlc_last_seen_utc": "2026-09-10T17:42:19+00:00",
        "metvlc_fuente": "SIGIF/GVA Rayos 24h KMZ"
      },
      "geometry": {
        "type": "Point",
        "coordinates": [
          -0.0579,
          38.8286
        ]
      }
    },
    {
      "type": "Feature",
      "properties": {
        "name": "10/09/2026 07:23:28",
        "COORD": "-0,0988,38,8317",
        "DATE": "2026-09-10",
        "TIME": "07:23",
        "MXI": "17,92 kA.",
        "STR": "0",
        "SMA": "0,274 Km.",
        "SMI": "0,13500004 Km.",
        "CHI": "0,4",
        "metvlc_time_utc": "2026-09-10T05:23:00+00:00",
        "metvlc_time_source": "date+time",
        "metvlc_has_real_time": true,
        "metvlc_captura_utc": "2026-09-10T09:46:16+00:00",
        "metvlc_last_seen_utc": "2026-09-10T17:42:19+00:00",
        "metvlc_fuente": "SIGIF/GVA Rayos 24h KMZ"
      },
      "geometry": {
        "type": "Point",
        "coordinates": [
          -0.0988,
          38.8317
        ]
      }
    },
    {
      "type": "Feature",
      "properties": {
        "name": "10/09/2026 07:23:28",
        "COORD": "-0,108,38,8291",
        "DATE": "2026-09-10",
        "TIME": "07:23",
        "MXI": "21,04 kA.",
        "STR": "0",
        "SMA": "0,288 Km.",
        "SMI": "0,14699997 Km.",
        "CHI": "0,9",
        "metvlc_time_utc": "2026-09-10T05:23:00+00:00",
        "metvlc_time_source": "date+time",
        "metvlc_has_real_time": true,
        "metvlc_captura_utc": "2026-09-10T09:46:16+00:00",
        "metvlc_last_seen_utc": "2026-09-10T17:42:19+00:00",
        "metvlc_fuente": "SIGIF/GVA Rayos 24h KMZ"
      },
      "geometry": {
        "type": "Point",
        "coordinates": [
          -0.108,
          38.8291
        ]
      }
    },
    {
      "type": "Feature",
      "properties": {
        "name": "10/09/2026 07:25:27",
        "COORD": "-0,0616,38,79",
        "DATE": "2026-09-10",
        "TIME": "07:25",
        "MXI": "16,77 kA.",
        "STR": "0",
        "SMA": "0,638 Km.",
        "SMI": "0,23299995 Km.",
        "CHI": "1,1",
        "metvlc_time_utc": "2026-09-10T05:25:00+00:00",
        "metvlc_time_source": "date+time",
        "metvlc_has_real_time": true,
        "metvlc_captura_utc": "2026-09-10T09:46:16+00:00",
        "metvlc_last_seen_utc": "2026-09-10T17:42:19+00:00",
        "metvlc_fuente": "SIGIF/GVA Rayos 24h KMZ"
      },
      "geometry": {
        "type": "Point",
        "coordinates": [
          -0.0616,
          38.79
        ]
      }
    },
    {
      "type": "Feature",
      "properties": {
        "name": "10/09/2026 07:26:53",
        "COORD": "-0,0793,38,8325",
        "DATE": "2026-09-10",
        "TIME": "07:26",
        "MXI": "-24,52 kA.",
        "STR": "0",
        "SMA": "0,265 Km.",
        "SMI": "0,13399999 Km.",
        "CHI": "0,4",
        "metvlc_time_utc": "2026-09-10T05:26:00+00:00",
        "metvlc_time_source": "date+time",
        "metvlc_has_real_time": true,
        "metvlc_captura_utc": "2026-09-10T09:46:16+00:00",
        "metvlc_last_seen_utc": "2026-09-10T17:42:19+00:00",
        "metvlc_fuente": "SIGIF/GVA Rayos 24h KMZ"
      },
      "geometry": {
        "type": "Point",
        "coordinates": [
          -0.0793,
          38.8325
        ]
      }
    },
    {
      "type": "Feature",
      "properties": {
        "name": "10/09/2026 07:26:54",
        "COORD": "-0,055,38,833",
        "DATE": "2026-09-10",
        "TIME": "07:26",
        "MXI": "-16,11 kA.",
        "STR": "0",
        "SMA": "0,267 Km.",
        "SMI": "0,13999999 Km.",
        "CHI": "0,3",
        "metvlc_time_utc": "2026-09-10T05:26:00+00:00",
        "metvlc_time_source": "date+time",
        "metvlc_has_real_time": true,
        "metvlc_captura_utc": "2026-09-10T09:46:16+00:00",
        "metvlc_last_seen_utc": "2026-09-10T17:42:19+00:00",
        "metvlc_fuente": "SIGIF/GVA Rayos 24h KMZ"
      },
      "geometry": {
        "type": "Point",
        "coordinates": [
          -0.055,
          38.833
        ]
      }
    },
    {
      "type": "Feature",
      "properties": {
        "name": "10/09/2026 07:29:29",
        "COORD": "-0,073,38,8253",
        "DATE": "2026-09-10",
        "TIME": "07:29",
        "MXI": "-46,52 kA.",
        "STR": "0",
        "SMA": "0,266 Km.",
        "SMI": "0,13399997 Km.",
        "CHI": "0,8",
        "metvlc_time_utc": "2026-09-10T05:29:00+00:00",
        "metvlc_time_source": "date+time",
        "metvlc_has_real_time": true,
        "metvlc_captura_utc": "2026-09-10T09:46:16+00:00",
        "metvlc_last_seen_utc": "2026-09-10T17:42:19+00:00",
        "metvlc_fuente": "SIGIF/GVA Rayos 24h KMZ"
      },
      "geometry": {
        "type": "Point",
        "coordinates": [
          -0.073,
          38.8253
        ]
      }
    },
    {
      "type": "Feature",
      "properties": {
        "name": "10/09/2026 07:29:29",
        "COORD": "-0,0787,38,817",
        "DATE": "2026-09-10",
        "TIME": "07:29",
        "MXI": "-26,96 kA.",
        "STR": "0",
        "SMA": "0,244 Km.",
        "SMI": "0,14000002 Km.",
        "CHI": "0,2",
        "metvlc_time_utc": "2026-09-10T05:29:00+00:00",
        "metvlc_time_source": "date+time",
        "metvlc_has_real_time": true,
        "metvlc_captura_utc": "2026-09-10T09:46:16+00:00",
        "metvlc_last_seen_utc": "2026-09-10T17:42:19+00:00",
        "metvlc_fuente": "SIGIF/GVA Rayos 24h KMZ"
      },
      "geometry": {
        "type": "Point",
        "coordinates": [
          -0.0787,
          38.817
        ]
      }
    },
    {
      "type": "Feature",
      "properties": {
        "name": "10/09/2026 07:29:29",
        "COORD": "-0,079,38,838",
        "DATE": "2026-09-10",
        "TIME": "07:29",
        "MXI": "-15,4 kA.",
        "STR": "0",
        "SMA": "0,26 Km.",
        "SMI": "0,13700001 Km.",
        "CHI": "0,3",
        "metvlc_time_utc": "2026-09-10T05:29:00+00:00",
        "metvlc_time_source": "date+time",
        "metvlc_has_real_time": true,
        "metvlc_captura_utc": "2026-09-10T09:46:16+00:00",
        "metvlc_last_seen_utc": "2026-09-10T17:42:19+00:00",
        "metvlc_fuente": "SIGIF/GVA Rayos 24h KMZ"
      },
      "geometry": {
        "type": "Point",
        "coordinates": [
          -0.079,
          38.838
        ]
      }
    },
    {
      "type": "Feature",
      "properties": {
        "name": "10/09/2026 07:29:29",
        "COORD": "-0,0743,38,8167",
        "DATE": "2026-09-10",
        "TIME": "07:29",
        "MXI": "-23,67 kA.",
        "STR": "0",
        "SMA": "0,267 Km.",
        "SMI": "0,13499998 Km.",
        "CHI": "0,3",
        "metvlc_time_utc": "2026-09-10T05:29:00+00:00",
        "metvlc_time_source": "date+time",
        "metvlc_has_real_time": true,
        "metvlc_captura_utc": "2026-09-10T09:46:16+00:00",
        "metvlc_last_seen_utc": "2026-09-10T17:42:19+00:00",
        "metvlc_fuente": "SIGIF/GVA Rayos 24h KMZ"
      },
      "geometry": {
        "type": "Point",
        "coordinates": [
          -0.0743,
          38.8167
        ]
      }
    },
    {
      "type": "Feature",
      "properties": {
        "name": "10/09/2026 07:30:05",
        "COORD": "-0,1405,39,0478",
        "DATE": "2026-09-10",
        "TIME": "07:30",
        "MXI": "-24,42 kA.",
        "STR": "0",
        "SMA": "0,242 Km.",
        "SMI": "0,126 Km.",
        "CHI": "0,2",
        "metvlc_time_utc": "2026-09-10T05:30:00+00:00",
        "metvlc_time_source": "date+time",
        "metvlc_has_real_time": true,
        "metvlc_captura_utc": "2026-09-10T09:46:16+00:00",
        "metvlc_last_seen_utc": "2026-09-10T17:42:19+00:00",
        "metvlc_fuente": "SIGIF/GVA Rayos 24h KMZ"
      },
      "geometry": {
        "type": "Point",
        "coordinates": [
          -0.1405,
          39.0478
        ]
      }
    },
    {
      "type": "Feature",
      "properties": {
        "name": "10/09/2026 07:32:21",
        "COORD": "-0,0967,38,8206",
        "DATE": "2026-09-10",
        "TIME": "07:32",
        "MXI": "28,85 kA.",
        "STR": "0",
        "SMA": "0,268 Km.",
        "SMI": "0,16299999 Km.",
        "CHI": "0,8",
        "metvlc_time_utc": "2026-09-10T05:32:00+00:00",
        "metvlc_time_source": "date+time",
        "metvlc_has_real_time": true,
        "metvlc_captura_utc": "2026-09-10T09:46:16+00:00",
        "metvlc_last_seen_utc": "2026-09-10T17:42:19+00:00",
        "metvlc_fuente": "SIGIF/GVA Rayos 24h KMZ"
      },
      "geometry": {
        "type": "Point",
        "coordinates": [
          -0.0967,
          38.8206
        ]
      }
    },
    {
      "type": "Feature",
      "properties": {
        "name": "10/09/2026 07:33:20",
        "COORD": "-0,1109,38,8493",
        "DATE": "2026-09-10",
        "TIME": "07:33",
        "MXI": "-22,54 kA.",
        "STR": "0",
        "SMA": "0,25 Km.",
        "SMI": "0,13800001 Km.",
        "CHI": "0,6",
        "metvlc_time_utc": "2026-09-10T05:33:00+00:00",
        "metvlc_time_source": "date+time",
        "metvlc_has_real_time": true,
        "metvlc_captura_utc": "2026-09-10T09:46:16+00:00",
        "metvlc_last_seen_utc": "2026-09-10T17:42:19+00:00",
        "metvlc_fuente": "SIGIF/GVA Rayos 24h KMZ"
      },
      "geometry": {
        "type": "Point",
        "coordinates": [
          -0.1109,
          38.8493
        ]
      }
    },
    {
      "type": "Feature",
      "properties": {
        "name": "10/09/2026 07:33:20",
        "COORD": "-0,0901,38,8439",
        "DATE": "2026-09-10",
        "TIME": "07:33",
        "MXI": "-13,73 kA.",
        "STR": "0",
        "SMA": "0,301 Km.",
        "SMI": "0,12900002 Km.",
        "CHI": "0,2",
        "metvlc_time_utc": "2026-09-10T05:33:00+00:00",
        "metvlc_time_source": "date+time",
        "metvlc_has_real_time": true,
        "metvlc_captura_utc": "2026-09-10T09:46:16+00:00",
        "metvlc_last_seen_utc": "2026-09-10T17:42:19+00:00",
        "metvlc_fuente": "SIGIF/GVA Rayos 24h KMZ"
      },
      "geometry": {
        "type": "Point",
        "coordinates": [
          -0.0901,
          38.8439
        ]
      }
    },
    {
      "type": "Feature",
      "properties": {
        "name": "10/09/2026 07:34:54",
        "COORD": "-0,0741,38,8602",
        "DATE": "2026-09-10",
        "TIME": "07:34",
        "MXI": "-46,51 kA.",
        "STR": "0",
        "SMA": "0,268 Km.",
        "SMI": "0,13699996 Km.",
        "CHI": "0,7",
        "metvlc_time_utc": "2026-09-10T05:34:00+00:00",
        "metvlc_time_source": "date+time",
        "metvlc_has_real_time": true,
        "metvlc_captura_utc": "2026-09-10T09:46:16+00:00",
        "metvlc_last_seen_utc": "2026-09-10T17:42:19+00:00",
        "metvlc_fuente": "SIGIF/GVA Rayos 24h KMZ"
      },
      "geometry": {
        "type": "Point",
        "coordinates": [
          -0.0741,
          38.8602
        ]
      }
    },
    {
      "type": "Feature",
      "properties": {
        "name": "10/09/2026 07:34:54",
        "COORD": "-0,0724,38,8383",
        "DATE": "2026-09-10",
        "TIME": "07:34",
        "MXI": "-32,28 kA.",
        "STR": "0",
        "SMA": "0,323 Km.",
        "SMI": "0,15100001 Km.",
        "CHI": "0,3",
        "metvlc_time_utc": "2026-09-10T05:34:00+00:00",
        "metvlc_time_source": "date+time",
        "metvlc_has_real_time": true,
        "metvlc_captura_utc": "2026-09-10T09:46:16+00:00",
        "metvlc_last_seen_utc": "2026-09-10T17:42:19+00:00",
        "metvlc_fuente": "SIGIF/GVA Rayos 24h KMZ"
      },
      "geometry": {
        "type": "Point",
        "coordinates": [
          -0.0724,
          38.8383
        ]
      }
    },
    {
      "type": "Feature",
      "properties": {
        "name": "10/09/2026 07:34:54",
        "COORD": "-0,0531,38,8648",
        "DATE": "2026-09-10",
        "TIME": "07:34",
        "MXI": "-22,1 kA.",
        "STR": "0",
        "SMA": "0,251 Km.",
        "SMI": "0,12900002 Km.",
        "CHI": "0,2",
        "metvlc_time_utc": "2026-09-10T05:34:00+00:00",
        "metvlc_time_source": "date+time",
        "metvlc_has_real_time": true,
        "metvlc_captura_utc": "2026-09-10T09:46:16+00:00",
        "metvlc_last_seen_utc": "2026-09-10T17:42:19+00:00",
        "metvlc_fuente": "SIGIF/GVA Rayos 24h KMZ"
      },
      "geometry": {
        "type": "Point",
        "coordinates": [
          -0.0531,
          38.8648
        ]
      }
    },
    {
      "type": "Feature",
      "properties": {
        "name": "10/09/2026 07:34:54",
        "COORD": "-0,0774,38,8585",
        "DATE": "2026-09-10",
        "TIME": "07:34",
        "MXI": "-22,03 kA.",
        "STR": "0",
        "SMA": "0,255 Km.",
        "SMI": "0,12999997 Km.",
        "CHI": "0,4",
        "metvlc_time_utc": "2026-09-10T05:34:00+00:00",
        "metvlc_time_source": "date+time",
        "metvlc_has_real_time": true,
        "metvlc_captura_utc": "2026-09-10T09:46:16+00:00",
        "metvlc_last_seen_utc": "2026-09-10T17:42:19+00:00",
        "metvlc_fuente": "SIGIF/GVA Rayos 24h KMZ"
      },
      "geometry": {
        "type": "Point",
        "coordinates": [
          -0.0774,
          38.8585
        ]
      }
    },
    {
      "type": "Feature",
      "properties": {
        "name": "10/09/2026 07:34:54",
        "COORD": "-0,0764,38,8382",
        "DATE": "2026-09-10",
        "TIME": "07:34",
        "MXI": "-12,9 kA.",
        "STR": "0",
        "SMA": "0,264 Km.",
        "SMI": "0,14600001 Km.",
        "CHI": "0,3",
        "metvlc_time_utc": "2026-09-10T05:34:00+00:00",
        "metvlc_time_source": "date+time",
        "metvlc_has_real_time": true,
        "metvlc_captura_utc": "2026-09-10T09:46:16+00:00",
        "metvlc_last_seen_utc": "2026-09-10T17:42:19+00:00",
        "metvlc_fuente": "SIGIF/GVA Rayos 24h KMZ"
      },
      "geometry": {
        "type": "Point",
        "coordinates": [
          -0.0764,
          38.8382
        ]
      }
    },
    {
      "type": "Feature",
      "properties": {
        "name": "10/09/2026 07:47:55",
        "COORD": "-0,075,38,8012",
        "DATE": "2026-09-10",
        "TIME": "07:47",
        "MXI": "46,32 kA.",
        "STR": "0",
        "SMA": "0,273 Km.",
        "SMI": "0,13400003 Km.",
        "CHI": "0,7",
        "metvlc_time_utc": "2026-09-10T05:47:00+00:00",
        "metvlc_time_source": "date+time",
        "metvlc_has_real_time": true,
        "metvlc_captura_utc": "2026-09-10T09:46:16+00:00",
        "metvlc_last_seen_utc": "2026-09-10T17:42:19+00:00",
        "metvlc_fuente": "SIGIF/GVA Rayos 24h KMZ"
      },
      "geometry": {
        "type": "Point",
        "coordinates": [
          -0.075,
          38.8012
        ]
      }
    },
    {
      "type": "Feature",
      "properties": {
        "name": "10/09/2026 07:47:55",
        "COORD": "-0,0787,38,8016",
        "DATE": "2026-09-10",
        "TIME": "07:47",
        "MXI": "30,78 kA.",
        "STR": "0",
        "SMA": "0,238 Km.",
        "SMI": "0,11600001 Km.",
        "CHI": "0,7",
        "metvlc_time_utc": "2026-09-10T05:47:00+00:00",
        "metvlc_time_source": "date+time",
        "metvlc_has_real_time": true,
        "metvlc_captura_utc": "2026-09-10T09:46:16+00:00",
        "metvlc_last_seen_utc": "2026-09-10T17:42:19+00:00",
        "metvlc_fuente": "SIGIF/GVA Rayos 24h KMZ"
      },
      "geometry": {
        "type": "Point",
        "coordinates": [
          -0.0787,
          38.8016
        ]
      }
    },
    {
      "type": "Feature",
      "properties": {
        "name": "10/09/2026 07:53:30",
        "COORD": "-0,1446,38,8779",
        "DATE": "2026-09-10",
        "TIME": "07:53",
        "MXI": "22,46 kA.",
        "STR": "0",
        "SMA": "0,326 Km.",
        "SMI": "0,15099996 Km.",
        "CHI": "0,7",
        "metvlc_time_utc": "2026-09-10T05:53:00+00:00",
        "metvlc_time_source": "date+time",
        "metvlc_has_real_time": true,
        "metvlc_captura_utc": "2026-09-10T09:46:16+00:00",
        "metvlc_last_seen_utc": "2026-09-10T17:42:19+00:00",
        "metvlc_fuente": "SIGIF/GVA Rayos 24h KMZ"
      },
      "geometry": {
        "type": "Point",
        "coordinates": [
          -0.1446,
          38.8779
        ]
      }
    },
    {
      "type": "Feature",
      "properties": {
        "name": "10/09/2026 07:57:48",
        "COORD": "-0,1454,38,8567",
        "DATE": "2026-09-10",
        "TIME": "07:57",
        "MXI": "-101,1 kA.",
        "STR": "0",
        "SMA": "0,277 Km.",
        "SMI": "0,13099998 Km.",
        "CHI": "1",
        "metvlc_time_utc": "2026-09-10T05:57:00+00:00",
        "metvlc_time_source": "date+time",
        "metvlc_has_real_time": true,
        "metvlc_captura_utc": "2026-09-10T09:46:16+00:00",
        "metvlc_last_seen_utc": "2026-09-10T17:42:19+00:00",
        "metvlc_fuente": "SIGIF/GVA Rayos 24h KMZ"
      },
      "geometry": {
        "type": "Point",
        "coordinates": [
          -0.1454,
          38.8567
        ]
      }
    },
    {
      "type": "Feature",
      "properties": {
        "name": "10/09/2026 07:57:48",
        "COORD": "-0,1491,38,8492",
        "DATE": "2026-09-10",
        "TIME": "07:57",
        "MXI": "-30,94 kA.",
        "STR": "0",
        "SMA": "0,269 Km.",
        "SMI": "0,13699998 Km.",
        "CHI": "0,5",
        "metvlc_time_utc": "2026-09-10T05:57:00+00:00",
        "metvlc_time_source": "date+time",
        "metvlc_has_real_time": true,
        "metvlc_captura_utc": "2026-09-10T09:46:16+00:00",
        "metvlc_last_seen_utc": "2026-09-10T17:42:19+00:00",
        "metvlc_fuente": "SIGIF/GVA Rayos 24h KMZ"
      },
      "geometry": {
        "type": "Point",
        "coordinates": [
          -0.1491,
          38.8492
        ]
      }
    },
    {
      "type": "Feature",
      "properties": {
        "name": "10/09/2026 07:57:48",
        "COORD": "-0,1326,38,876",
        "DATE": "2026-09-10",
        "TIME": "07:57",
        "MXI": "-9,07 kA.",
        "STR": "0",
        "SMA": "1,09 Km.",
        "SMI": "0,29300004 Km.",
        "CHI": "0,3",
        "metvlc_time_utc": "2026-09-10T05:57:00+00:00",
        "metvlc_time_source": "date+time",
        "metvlc_has_real_time": true,
        "metvlc_captura_utc": "2026-09-10T09:46:16+00:00",
        "metvlc_last_seen_utc": "2026-09-10T17:42:19+00:00",
        "metvlc_fuente": "SIGIF/GVA Rayos 24h KMZ"
      },
      "geometry": {
        "type": "Point",
        "coordinates": [
          -0.1326,
          38.876
        ]
      }
    },
    {
      "type": "Feature",
      "properties": {
        "name": "10/09/2026 07:57:49",
        "COORD": "-0,1368,38,8637",
        "DATE": "2026-09-10",
        "TIME": "07:57",
        "MXI": "21,3 kA.",
        "STR": "0",
        "SMA": "0,274 Km.",
        "SMI": "0,137 Km.",
        "CHI": "0,6",
        "metvlc_time_utc": "2026-09-10T05:57:00+00:00",
        "metvlc_time_source": "date+time",
        "metvlc_has_real_time": true,
        "metvlc_captura_utc": "2026-09-10T09:46:16+00:00",
        "metvlc_last_seen_utc": "2026-09-10T17:42:19+00:00",
        "metvlc_fuente": "SIGIF/GVA Rayos 24h KMZ"
      },
      "geometry": {
        "type": "Point",
        "coordinates": [
          -0.1368,
          38.8637
        ]
      }
    }
  ]
}