{
  "type": "FeatureCollection",
  "features": [
    {
      "type": "Feature",
      "properties": {
        "name": "02/10/2026 23:30:42",
        "COORD": "-0,2215,39,7561",
        "DATE": "2026-10-02",
        "TIME": "23:30",
        "MXI": "-114,1 kA.",
        "STR": "0",
        "SMA": "0,204 Km.",
        "SMI": "0,122000016 Km.",
        "CHI": "0,8",
        "metvlc_time_utc": "2026-10-02T21:30:00+00:00",
        "metvlc_time_source": "date+time",
        "metvlc_has_real_time": true,
        "metvlc_captura_utc": "2026-10-03T10:25:26+00:00",
        "metvlc_last_seen_utc": "2026-10-03T17:57:13+00:00",
        "metvlc_fuente": "SIGIF/GVA Rayos 24h KMZ"
      },
      "geometry": {
        "type": "Point",
        "coordinates": [
          -0.2215,
          39.7561
        ]
      }
    },
    {
      "type": "Feature",
      "properties": {
        "name": "02/10/2026 23:30:42",
        "COORD": "-0,2485,39,7373",
        "DATE": "2026-10-02",
        "TIME": "23:30",
        "MXI": "-42,85 kA.",
        "STR": "0",
        "SMA": "0,194 Km.",
        "SMI": "0,122 Km.",
        "CHI": "1",
        "metvlc_time_utc": "2026-10-02T21:30:00+00:00",
        "metvlc_time_source": "date+time",
        "metvlc_has_real_time": true,
        "metvlc_captura_utc": "2026-10-03T10:25:26+00:00",
        "metvlc_last_seen_utc": "2026-10-03T17:57:13+00:00",
        "metvlc_fuente": "SIGIF/GVA Rayos 24h KMZ"
      },
      "geometry": {
        "type": "Point",
        "coordinates": [
          -0.2485,
          39.7373
        ]
      }
    },
    {
      "type": "Feature",
      "properties": {
        "name": "02/10/2026 23:30:42",
        "COORD": "-0,2234,39,7578",
        "DATE": "2026-10-02",
        "TIME": "23:30",
        "MXI": "-33,27 kA.",
        "STR": "0",
        "SMA": "0,195 Km.",
        "SMI": "0,13300003 Km.",
        "CHI": "0,8",
        "metvlc_time_utc": "2026-10-02T21:30:00+00:00",
        "metvlc_time_source": "date+time",
        "metvlc_has_real_time": true,
        "metvlc_captura_utc": "2026-10-03T10:25:26+00:00",
        "metvlc_last_seen_utc": "2026-10-03T17:57:13+00:00",
        "metvlc_fuente": "SIGIF/GVA Rayos 24h KMZ"
      },
      "geometry": {
        "type": "Point",
        "coordinates": [
          -0.2234,
          39.7578
        ]
      }
    },
    {
      "type": "Feature",
      "properties": {
        "name": "02/10/2026 23:30:42",
        "COORD": "-0,2327,39,7614",
        "DATE": "2026-10-02",
        "TIME": "23:30",
        "MXI": "-35,81 kA.",
        "STR": "0",
        "SMA": "0,199 Km.",
        "SMI": "0,12300002 Km.",
        "CHI": "0,8",
        "metvlc_time_utc": "2026-10-02T21:30:00+00:00",
        "metvlc_time_source": "date+time",
        "metvlc_has_real_time": true,
        "metvlc_captura_utc": "2026-10-03T10:25:26+00:00",
        "metvlc_last_seen_utc": "2026-10-03T17:57:13+00:00",
        "metvlc_fuente": "SIGIF/GVA Rayos 24h KMZ"
      },
      "geometry": {
        "type": "Point",
        "coordinates": [
          -0.2327,
          39.7614
        ]
      }
    },
    {
      "type": "Feature",
      "properties": {
        "name": "02/10/2026 23:30:42",
        "COORD": "-0,2513,39,7385",
        "DATE": "2026-10-02",
        "TIME": "23:30",
        "MXI": "-17,59 kA.",
        "STR": "0",
        "SMA": "0,192 Km.",
        "SMI": "0,13000001 Km.",
        "CHI": "0,7",
        "metvlc_time_utc": "2026-10-02T21:30:00+00:00",
        "metvlc_time_source": "date+time",
        "metvlc_has_real_time": true,
        "metvlc_captura_utc": "2026-10-03T10:25:26+00:00",
        "metvlc_last_seen_utc": "2026-10-03T17:57:13+00:00",
        "metvlc_fuente": "SIGIF/GVA Rayos 24h KMZ"
      },
      "geometry": {
        "type": "Point",
        "coordinates": [
          -0.2513,
          39.7385
        ]
      }
    },
    {
      "type": "Feature",
      "properties": {
        "name": "02/10/2026 23:30:42",
        "COORD": "-0,2991,39,7488",
        "DATE": "2026-10-02",
        "TIME": "23:30",
        "MXI": "62,02 kA.",
        "STR": "0",
        "SMA": "0,21 Km.",
        "SMI": "0,129 Km.",
        "CHI": "1,2",
        "metvlc_time_utc": "2026-10-02T21:30:00+00:00",
        "metvlc_time_source": "date+time",
        "metvlc_has_real_time": true,
        "metvlc_captura_utc": "2026-10-03T10:25:26+00:00",
        "metvlc_last_seen_utc": "2026-10-03T17:57:13+00:00",
        "metvlc_fuente": "SIGIF/GVA Rayos 24h KMZ"
      },
      "geometry": {
        "type": "Point",
        "coordinates": [
          -0.2991,
          39.7488
        ]
      }
    },
    {
      "type": "Feature",
      "properties": {
        "name": "02/10/2026 23:30:42",
        "COORD": "-0,1604,39,6955",
        "DATE": "2026-10-02",
        "TIME": "23:30",
        "MXI": "-18,98 kA.",
        "STR": "0",
        "SMA": "0,208 Km.",
        "SMI": "0,12700002 Km.",
        "CHI": "0,7",
        "metvlc_time_utc": "2026-10-02T21:30:00+00:00",
        "metvlc_time_source": "date+time",
        "metvlc_has_real_time": true,
        "metvlc_captura_utc": "2026-10-03T10:25:26+00:00",
        "metvlc_last_seen_utc": "2026-10-03T17:57:13+00:00",
        "metvlc_fuente": "SIGIF/GVA Rayos 24h KMZ"
      },
      "geometry": {
        "type": "Point",
        "coordinates": [
          -0.1604,
          39.6955
        ]
      }
    },
    {
      "type": "Feature",
      "properties": {
        "name": "02/10/2026 23:32:54",
        "COORD": "-0,2418,39,7412",
        "DATE": "2026-10-02",
        "TIME": "23:32",
        "MXI": "15,71 kA.",
        "STR": "0",
        "SMA": "0,224 Km.",
        "SMI": "0,13699996 Km.",
        "CHI": "0,8",
        "metvlc_time_utc": "2026-10-02T21:32:00+00:00",
        "metvlc_time_source": "date+time",
        "metvlc_has_real_time": true,
        "metvlc_captura_utc": "2026-10-03T10:25:26+00:00",
        "metvlc_last_seen_utc": "2026-10-03T17:57:13+00:00",
        "metvlc_fuente": "SIGIF/GVA Rayos 24h KMZ"
      },
      "geometry": {
        "type": "Point",
        "coordinates": [
          -0.2418,
          39.7412
        ]
      }
    },
    {
      "type": "Feature",
      "properties": {
        "name": "02/10/2026 23:35:50",
        "COORD": "-0,2575,39,7274",
        "DATE": "2026-10-02",
        "TIME": "23:35",
        "MXI": "-25,43 kA.",
        "STR": "0",
        "SMA": "0,19 Km.",
        "SMI": "0,122 Km.",
        "CHI": "0,7",
        "metvlc_time_utc": "2026-10-02T21:35:00+00:00",
        "metvlc_time_source": "date+time",
        "metvlc_has_real_time": true,
        "metvlc_captura_utc": "2026-10-03T10:25:26+00:00",
        "metvlc_last_seen_utc": "2026-10-03T17:57:13+00:00",
        "metvlc_fuente": "SIGIF/GVA Rayos 24h KMZ"
      },
      "geometry": {
        "type": "Point",
        "coordinates": [
          -0.2575,
          39.7274
        ]
      }
    },
    {
      "type": "Feature",
      "properties": {
        "name": "02/10/2026 23:35:50",
        "COORD": "-0,2012,39,7348",
        "DATE": "2026-10-02",
        "TIME": "23:35",
        "MXI": "-11,44 kA.",
        "STR": "0",
        "SMA": "0,216 Km.",
        "SMI": "0,16800004 Km.",
        "CHI": "0,3",
        "metvlc_time_utc": "2026-10-02T21:35:00+00:00",
        "metvlc_time_source": "date+time",
        "metvlc_has_real_time": true,
        "metvlc_captura_utc": "2026-10-03T10:25:26+00:00",
        "metvlc_last_seen_utc": "2026-10-03T17:57:13+00:00",
        "metvlc_fuente": "SIGIF/GVA Rayos 24h KMZ"
      },
      "geometry": {
        "type": "Point",
        "coordinates": [
          -0.2012,
          39.7348
        ]
      }
    },
    {
      "type": "Feature",
      "properties": {
        "name": "02/10/2026 23:36:14",
        "COORD": "0,0404,39,7985",
        "DATE": "2026-10-02",
        "TIME": "23:36",
        "MXI": "35,39 kA.",
        "STR": "0",
        "SMA": "0,197 Km.",
        "SMI": "0,11099998 Km.",
        "CHI": "0,6",
        "metvlc_time_utc": "2026-10-02T21:36:00+00:00",
        "metvlc_time_source": "date+time",
        "metvlc_has_real_time": true,
        "metvlc_captura_utc": "2026-10-03T10:25:26+00:00",
        "metvlc_last_seen_utc": "2026-10-03T17:57:13+00:00",
        "metvlc_fuente": "SIGIF/GVA Rayos 24h KMZ"
      },
      "geometry": {
        "type": "Point",
        "coordinates": [
          0.0404,
          39.7985
        ]
      }
    },
    {
      "type": "Feature",
      "properties": {
        "name": "02/10/2026 23:36:14",
        "COORD": "-0,3319,39,5858",
        "DATE": "2026-10-02",
        "TIME": "23:36",
        "MXI": "-10,72 kA.",
        "STR": "0",
        "SMA": "0,261 Km.",
        "SMI": "0,16100001 Km.",
        "CHI": "0,7",
        "metvlc_time_utc": "2026-10-02T21:36:00+00:00",
        "metvlc_time_source": "date+time",
        "metvlc_has_real_time": true,
        "metvlc_captura_utc": "2026-10-03T10:25:26+00:00",
        "metvlc_last_seen_utc": "2026-10-03T17:57:13+00:00",
        "metvlc_fuente": "SIGIF/GVA Rayos 24h KMZ"
      },
      "geometry": {
        "type": "Point",
        "coordinates": [
          -0.3319,
          39.5858
        ]
      }
    },
    {
      "type": "Feature",
      "properties": {
        "name": "02/10/2026 23:40:58",
        "COORD": "-0,056,39,7713",
        "DATE": "2026-10-02",
        "TIME": "23:40",
        "MXI": "-3,93 kA.",
        "STR": "0",
        "SMA": "9,531 Km.",
        "SMI": "0,855 Km.",
        "CHI": "0,1",
        "metvlc_time_utc": "2026-10-02T21:40:00+00:00",
        "metvlc_time_source": "date+time",
        "metvlc_has_real_time": true,
        "metvlc_captura_utc": "2026-10-03T10:25:26+00:00",
        "metvlc_last_seen_utc": "2026-10-03T17:57:13+00:00",
        "metvlc_fuente": "SIGIF/GVA Rayos 24h KMZ"
      },
      "geometry": {
        "type": "Point",
        "coordinates": [
          -0.056,
          39.7713
        ]
      }
    },
    {
      "type": "Feature",
      "properties": {
        "name": "02/10/2026 23:42:16",
        "COORD": "-0,2532,39,7539",
        "DATE": "2026-10-02",
        "TIME": "23:42",
        "MXI": "-9,11 kA.",
        "STR": "0",
        "SMA": "0,341 Km.",
        "SMI": "0,14900003 Km.",
        "CHI": "0,2",
        "metvlc_time_utc": "2026-10-02T21:42:00+00:00",
        "metvlc_time_source": "date+time",
        "metvlc_has_real_time": true,
        "metvlc_captura_utc": "2026-10-03T10:25:26+00:00",
        "metvlc_last_seen_utc": "2026-10-03T17:57:13+00:00",
        "metvlc_fuente": "SIGIF/GVA Rayos 24h KMZ"
      },
      "geometry": {
        "type": "Point",
        "coordinates": [
          -0.2532,
          39.7539
        ]
      }
    },
    {
      "type": "Feature",
      "properties": {
        "name": "02/10/2026 23:45:29",
        "COORD": "-0,2845,39,7552",
        "DATE": "2026-10-02",
        "TIME": "23:45",
        "MXI": "-10,8 kA.",
        "STR": "0",
        "SMA": "0,205 Km.",
        "SMI": "0,14599997 Km.",
        "CHI": "0,3",
        "metvlc_time_utc": "2026-10-02T21:45:00+00:00",
        "metvlc_time_source": "date+time",
        "metvlc_has_real_time": true,
        "metvlc_captura_utc": "2026-10-03T10:25:26+00:00",
        "metvlc_last_seen_utc": "2026-10-03T17:57:13+00:00",
        "metvlc_fuente": "SIGIF/GVA Rayos 24h KMZ"
      },
      "geometry": {
        "type": "Point",
        "coordinates": [
          -0.2845,
          39.7552
        ]
      }
    },
    {
      "type": "Feature",
      "properties": {
        "name": "02/10/2026 23:48:47",
        "COORD": "-0,271,39,7585",
        "DATE": "2026-10-02",
        "TIME": "23:48",
        "MXI": "-7,03 kA.",
        "STR": "0",
        "SMA": "0,268 Km.",
        "SMI": "0,22099996 Km.",
        "CHI": "0,2",
        "metvlc_time_utc": "2026-10-02T21:48:00+00:00",
        "metvlc_time_source": "date+time",
        "metvlc_has_real_time": true,
        "metvlc_captura_utc": "2026-10-03T10:25:26+00:00",
        "metvlc_last_seen_utc": "2026-10-03T17:57:13+00:00",
        "metvlc_fuente": "SIGIF/GVA Rayos 24h KMZ"
      },
      "geometry": {
        "type": "Point",
        "coordinates": [
          -0.271,
          39.7585
        ]
      }
    },
    {
      "type": "Feature",
      "properties": {
        "name": "03/10/2026 00:01:29",
        "COORD": "-0,1891,39,4594",
        "DATE": "2026-10-03",
        "TIME": "00:01",
        "MXI": "27,74 kA.",
        "STR": "0",
        "SMA": "0,304 Km.",
        "SMI": "0,13599999 Km.",
        "CHI": "1,3",
        "metvlc_time_utc": "2026-10-02T22:01:00+00:00",
        "metvlc_time_source": "date+time",
        "metvlc_has_real_time": true,
        "metvlc_captura_utc": "2026-10-03T10:25:26+00:00",
        "metvlc_last_seen_utc": "2026-10-03T17:57:13+00:00",
        "metvlc_fuente": "SIGIF/GVA Rayos 24h KMZ"
      },
      "geometry": {
        "type": "Point",
        "coordinates": [
          -0.1891,
          39.4594
        ]
      }
    },
    {
      "type": "Feature",
      "properties": {
        "name": "03/10/2026 00:04:58",
        "COORD": "-0,3367,39,7928",
        "DATE": "2026-10-03",
        "TIME": "00:04",
        "MXI": "-14,58 kA.",
        "STR": "0",
        "SMA": "0,269 Km.",
        "SMI": "0,11199998 Km.",
        "CHI": "0,3",
        "metvlc_time_utc": "2026-10-02T22:04:00+00:00",
        "metvlc_time_source": "date+time",
        "metvlc_has_real_time": true,
        "metvlc_captura_utc": "2026-10-03T10:25:26+00:00",
        "metvlc_last_seen_utc": "2026-10-03T17:57:13+00:00",
        "metvlc_fuente": "SIGIF/GVA Rayos 24h KMZ"
      },
      "geometry": {
        "type": "Point",
        "coordinates": [
          -0.3367,
          39.7928
        ]
      }
    },
    {
      "type": "Feature",
      "properties": {
        "name": "03/10/2026 00:13:39",
        "COORD": "0,0024,39,4595",
        "DATE": "2026-10-03",
        "TIME": "00:13",
        "MXI": "-10,15 kA.",
        "STR": "0",
        "SMA": "1,252 Km.",
        "SMI": "0,274 Km.",
        "CHI": "0,3",
        "metvlc_time_utc": "2026-10-02T22:13:00+00:00",
        "metvlc_time_source": "date+time",
        "metvlc_has_real_time": true,
        "metvlc_captura_utc": "2026-10-03T10:25:26+00:00",
        "metvlc_last_seen_utc": "2026-10-03T17:57:13+00:00",
        "metvlc_fuente": "SIGIF/GVA Rayos 24h KMZ"
      },
      "geometry": {
        "type": "Point",
        "coordinates": [
          0.0024,
          39.4595
        ]
      }
    },
    {
      "type": "Feature",
      "properties": {
        "name": "03/10/2026 00:14:33",
        "COORD": "0,0139,39,4565",
        "DATE": "2026-10-03",
        "TIME": "00:14",
        "MXI": "-13,69 kA.",
        "STR": "0",
        "SMA": "0,358 Km.",
        "SMI": "0,146 Km.",
        "CHI": "0,9",
        "metvlc_time_utc": "2026-10-02T22:14:00+00:00",
        "metvlc_time_source": "date+time",
        "metvlc_has_real_time": true,
        "metvlc_captura_utc": "2026-10-03T10:25:26+00:00",
        "metvlc_last_seen_utc": "2026-10-03T17:57:13+00:00",
        "metvlc_fuente": "SIGIF/GVA Rayos 24h KMZ"
      },
      "geometry": {
        "type": "Point",
        "coordinates": [
          0.0139,
          39.4565
        ]
      }
    },
    {
      "type": "Feature",
      "properties": {
        "name": "03/10/2026 00:18:46",
        "COORD": "-0,1481,39,6475",
        "DATE": "2026-10-03",
        "TIME": "00:18",
        "MXI": "59,86 kA.",
        "STR": "0",
        "SMA": "0,201 Km.",
        "SMI": "0,10899998 Km.",
        "CHI": "1,2",
        "metvlc_time_utc": "2026-10-02T22:18:00+00:00",
        "metvlc_time_source": "date+time",
        "metvlc_has_real_time": true,
        "metvlc_captura_utc": "2026-10-03T10:25:26+00:00",
        "metvlc_last_seen_utc": "2026-10-03T17:57:13+00:00",
        "metvlc_fuente": "SIGIF/GVA Rayos 24h KMZ"
      },
      "geometry": {
        "type": "Point",
        "coordinates": [
          -0.1481,
          39.6475
        ]
      }
    },
    {
      "type": "Feature",
      "properties": {
        "name": "03/10/2026 00:18:47",
        "COORD": "-0,2203,39,3994",
        "DATE": "2026-10-03",
        "TIME": "00:18",
        "MXI": "26,51 kA.",
        "STR": "0",
        "SMA": "0,23 Km.",
        "SMI": "0,13200001 Km.",
        "CHI": "1",
        "metvlc_time_utc": "2026-10-02T22:18:00+00:00",
        "metvlc_time_source": "date+time",
        "metvlc_has_real_time": true,
        "metvlc_captura_utc": "2026-10-03T10:25:26+00:00",
        "metvlc_last_seen_utc": "2026-10-03T17:57:13+00:00",
        "metvlc_fuente": "SIGIF/GVA Rayos 24h KMZ"
      },
      "geometry": {
        "type": "Point",
        "coordinates": [
          -0.2203,
          39.3994
        ]
      }
    },
    {
      "type": "Feature",
      "properties": {
        "name": "03/10/2026 00:26:58",
        "COORD": "-0,0882,39,2096",
        "DATE": "2026-10-03",
        "TIME": "00:26",
        "MXI": "-13,8 kA.",
        "STR": "0",
        "SMA": "0,762 Km.",
        "SMI": "0,198 Km.",
        "CHI": "2",
        "metvlc_time_utc": "2026-10-02T22:26:00+00:00",
        "metvlc_time_source": "date+time",
        "metvlc_has_real_time": true,
        "metvlc_captura_utc": "2026-10-03T10:25:26+00:00",
        "metvlc_last_seen_utc": "2026-10-03T17:57:13+00:00",
        "metvlc_fuente": "SIGIF/GVA Rayos 24h KMZ"
      },
      "geometry": {
        "type": "Point",
        "coordinates": [
          -0.0882,
          39.2096
        ]
      }
    },
    {
      "type": "Feature",
      "properties": {
        "name": "03/10/2026 01:27:30",
        "COORD": "-0,0454,39,054",
        "DATE": "2026-10-03",
        "TIME": "01:27",
        "MXI": "-40,94 kA.",
        "STR": "0",
        "SMA": "0,767 Km.",
        "SMI": "0,182 Km.",
        "CHI": "1,5",
        "metvlc_time_utc": "2026-10-02T23:27:00+00:00",
        "metvlc_time_source": "date+time",
        "metvlc_has_real_time": true,
        "metvlc_captura_utc": "2026-10-03T10:25:26+00:00",
        "metvlc_last_seen_utc": "2026-10-03T17:57:13+00:00",
        "metvlc_fuente": "SIGIF/GVA Rayos 24h KMZ"
      },
      "geometry": {
        "type": "Point",
        "coordinates": [
          -0.0454,
          39.054
        ]
      }
    },
    {
      "type": "Feature",
      "properties": {
        "name": "04/10/2026 02:02:03",
        "COORD": "-1,514,39,2165",
        "DATE": "2026-10-04",
        "TIME": "02:02",
        "MXI": "-36,06 kA.",
        "STR": "0",
        "SMA": "0,9 Km.",
        "SMI": "0,21000001 Km.",
        "CHI": "2",
        "metvlc_time_utc": "2026-10-04T00:02:00+00:00",
        "metvlc_time_source": "date+time",
        "metvlc_has_real_time": true,
        "metvlc_captura_utc": "2026-10-04T11:07:30+00:00",
        "metvlc_last_seen_utc": "2026-10-04T18:09:40+00:00",
        "metvlc_fuente": "SIGIF/GVA Rayos 24h KMZ"
      },
      "geometry": {
        "type": "Point",
        "coordinates": [
          -1.514,
          39.2165
        ]
      }
    },
    {
      "type": "Feature",
      "properties": {
        "name": "04/10/2026 02:16:05",
        "COORD": "-1,6296,39,373",
        "DATE": "2026-10-04",
        "TIME": "02:16",
        "MXI": "-9,19 kA.",
        "STR": "0",
        "SMA": "0,177 Km.",
        "SMI": "0,13900003 Km.",
        "CHI": "0,5",
        "metvlc_time_utc": "2026-10-04T00:16:00+00:00",
        "metvlc_time_source": "date+time",
        "metvlc_has_real_time": true,
        "metvlc_captura_utc": "2026-10-04T11:07:30+00:00",
        "metvlc_last_seen_utc": "2026-10-04T18:09:40+00:00",
        "metvlc_fuente": "SIGIF/GVA Rayos 24h KMZ"
      },
      "geometry": {
        "type": "Point",
        "coordinates": [
          -1.6296,
          39.373
        ]
      }
    },
    {
      "type": "Feature",
      "properties": {
        "name": "04/10/2026 02:19:14",
        "COORD": "-1,6749,39,4337",
        "DATE": "2026-10-04",
        "TIME": "02:19",
        "MXI": "19,01 kA.",
        "STR": "0",
        "SMA": "0,18 Km.",
        "SMI": "0,12600005 Km.",
        "CHI": "1",
        "metvlc_time_utc": "2026-10-04T00:19:00+00:00",
        "metvlc_time_source": "date+time",
        "metvlc_has_real_time": true,
        "metvlc_captura_utc": "2026-10-04T11:07:30+00:00",
        "metvlc_last_seen_utc": "2026-10-04T18:09:40+00:00",
        "metvlc_fuente": "SIGIF/GVA Rayos 24h KMZ"
      },
      "geometry": {
        "type": "Point",
        "coordinates": [
          -1.6749,
          39.4337
        ]
      }
    },
    {
      "type": "Feature",
      "properties": {
        "name": "04/10/2026 02:19:14",
        "COORD": "-1,6847,39,4352",
        "DATE": "2026-10-04",
        "TIME": "02:19",
        "MXI": "-10,39 kA.",
        "STR": "0",
        "SMA": "0,181 Km.",
        "SMI": "0,13499996 Km.",
        "CHI": "0,6",
        "metvlc_time_utc": "2026-10-04T00:19:00+00:00",
        "metvlc_time_source": "date+time",
        "metvlc_has_real_time": true,
        "metvlc_captura_utc": "2026-10-04T11:07:30+00:00",
        "metvlc_last_seen_utc": "2026-10-04T18:09:40+00:00",
        "metvlc_fuente": "SIGIF/GVA Rayos 24h KMZ"
      },
      "geometry": {
        "type": "Point",
        "coordinates": [
          -1.6847,
          39.4352
        ]
      }
    },
    {
      "type": "Feature",
      "properties": {
        "name": "04/10/2026 02:19:15",
        "COORD": "-1,685,39,4348",
        "DATE": "2026-10-04",
        "TIME": "02:19",
        "MXI": "-20,15 kA.",
        "STR": "0",
        "SMA": "0,178 Km.",
        "SMI": "0,12999998 Km.",
        "CHI": "0,5",
        "metvlc_time_utc": "2026-10-04T00:19:00+00:00",
        "metvlc_time_source": "date+time",
        "metvlc_has_real_time": true,
        "metvlc_captura_utc": "2026-10-04T11:07:30+00:00",
        "metvlc_last_seen_utc": "2026-10-04T18:09:40+00:00",
        "metvlc_fuente": "SIGIF/GVA Rayos 24h KMZ"
      },
      "geometry": {
        "type": "Point",
        "coordinates": [
          -1.685,
          39.4348
        ]
      }
    },
    {
      "type": "Feature",
      "properties": {
        "name": "04/10/2026 02:22:59",
        "COORD": "-1,646,39,3627",
        "DATE": "2026-10-04",
        "TIME": "02:22",
        "MXI": "-18,68 kA.",
        "STR": "0",
        "SMA": "0,176 Km.",
        "SMI": "0,13100004 Km.",
        "CHI": "0,8",
        "metvlc_time_utc": "2026-10-04T00:22:00+00:00",
        "metvlc_time_source": "date+time",
        "metvlc_has_real_time": true,
        "metvlc_captura_utc": "2026-10-04T11:07:30+00:00",
        "metvlc_last_seen_utc": "2026-10-04T18:09:40+00:00",
        "metvlc_fuente": "SIGIF/GVA Rayos 24h KMZ"
      },
      "geometry": {
        "type": "Point",
        "coordinates": [
          -1.646,
          39.3627
        ]
      }
    },
    {
      "type": "Feature",
      "properties": {
        "name": "04/10/2026 02:24:27",
        "COORD": "-1,6322,39,3507",
        "DATE": "2026-10-04",
        "TIME": "02:24",
        "MXI": "-27,89 kA.",
        "STR": "0",
        "SMA": "0,181 Km.",
        "SMI": "0,125 Km.",
        "CHI": "1,2",
        "metvlc_time_utc": "2026-10-04T00:24:00+00:00",
        "metvlc_time_source": "date+time",
        "metvlc_has_real_time": true,
        "metvlc_captura_utc": "2026-10-04T11:07:30+00:00",
        "metvlc_last_seen_utc": "2026-10-04T18:09:40+00:00",
        "metvlc_fuente": "SIGIF/GVA Rayos 24h KMZ"
      },
      "geometry": {
        "type": "Point",
        "coordinates": [
          -1.6322,
          39.3507
        ]
      }
    },
    {
      "type": "Feature",
      "properties": {
        "name": "04/10/2026 02:27:04",
        "COORD": "-1,6312,39,3626",
        "DATE": "2026-10-04",
        "TIME": "02:27",
        "MXI": "-14,45 kA.",
        "STR": "0",
        "SMA": "0,176 Km.",
        "SMI": "0,13200003 Km.",
        "CHI": "0,6",
        "metvlc_time_utc": "2026-10-04T00:27:00+00:00",
        "metvlc_time_source": "date+time",
        "metvlc_has_real_time": true,
        "metvlc_captura_utc": "2026-10-04T11:07:30+00:00",
        "metvlc_last_seen_utc": "2026-10-04T18:09:40+00:00",
        "metvlc_fuente": "SIGIF/GVA Rayos 24h KMZ"
      },
      "geometry": {
        "type": "Point",
        "coordinates": [
          -1.6312,
          39.3626
        ]
      }
    },
    {
      "type": "Feature",
      "properties": {
        "name": "04/10/2026 02:32:43",
        "COORD": "-1,6007,39,3608",
        "DATE": "2026-10-04",
        "TIME": "02:32",
        "MXI": "-7,66 kA.",
        "STR": "0",
        "SMA": "0,468 Km.",
        "SMI": "0,21300001 Km.",
        "CHI": "0,7",
        "metvlc_time_utc": "2026-10-04T00:32:00+00:00",
        "metvlc_time_source": "date+time",
        "metvlc_has_real_time": true,
        "metvlc_captura_utc": "2026-10-04T11:07:30+00:00",
        "metvlc_last_seen_utc": "2026-10-04T18:09:40+00:00",
        "metvlc_fuente": "SIGIF/GVA Rayos 24h KMZ"
      },
      "geometry": {
        "type": "Point",
        "coordinates": [
          -1.6007,
          39.3608
        ]
      }
    },
    {
      "type": "Feature",
      "properties": {
        "name": "04/10/2026 02:43:36",
        "COORD": "-1,6691,39,5459",
        "DATE": "2026-10-04",
        "TIME": "02:43",
        "MXI": "68,51 kA.",
        "STR": "0",
        "SMA": "0,171 Km.",
        "SMI": "0,13099995 Km.",
        "CHI": "1,2",
        "metvlc_time_utc": "2026-10-04T00:43:00+00:00",
        "metvlc_time_source": "date+time",
        "metvlc_has_real_time": true,
        "metvlc_captura_utc": "2026-10-04T11:07:30+00:00",
        "metvlc_last_seen_utc": "2026-10-04T18:09:40+00:00",
        "metvlc_fuente": "SIGIF/GVA Rayos 24h KMZ"
      },
      "geometry": {
        "type": "Point",
        "coordinates": [
          -1.6691,
          39.5459
        ]
      }
    },
    {
      "type": "Feature",
      "properties": {
        "name": "04/10/2026 02:45:59",
        "COORD": "-1,3017,39,2574",
        "DATE": "2026-10-04",
        "TIME": "02:45",
        "MXI": "-3,36 kA.",
        "STR": "0",
        "SMA": "6,195 Km.",
        "SMI": "0,327 Km.",
        "CHI": "0,5",
        "metvlc_time_utc": "2026-10-04T00:45:00+00:00",
        "metvlc_time_source": "date+time",
        "metvlc_has_real_time": true,
        "metvlc_captura_utc": "2026-10-04T11:07:30+00:00",
        "metvlc_last_seen_utc": "2026-10-04T18:09:40+00:00",
        "metvlc_fuente": "SIGIF/GVA Rayos 24h KMZ"
      },
      "geometry": {
        "type": "Point",
        "coordinates": [
          -1.3017,
          39.2574
        ]
      }
    },
    {
      "type": "Feature",
      "properties": {
        "name": "04/10/2026 02:47:26",
        "COORD": "-1,6823,39,5531",
        "DATE": "2026-10-04",
        "TIME": "02:47",
        "MXI": "138,16 kA.",
        "STR": "0",
        "SMA": "0,217 Km.",
        "SMI": "0,12899996 Km.",
        "CHI": "0,6",
        "metvlc_time_utc": "2026-10-04T00:47:00+00:00",
        "metvlc_time_source": "date+time",
        "metvlc_has_real_time": true,
        "metvlc_captura_utc": "2026-10-04T11:07:30+00:00",
        "metvlc_last_seen_utc": "2026-10-04T18:09:40+00:00",
        "metvlc_fuente": "SIGIF/GVA Rayos 24h KMZ"
      },
      "geometry": {
        "type": "Point",
        "coordinates": [
          -1.6823,
          39.5531
        ]
      }
    },
    {
      "type": "Feature",
      "properties": {
        "name": "04/10/2026 02:48:44",
        "COORD": "-1,5582,39,3836",
        "DATE": "2026-10-04",
        "TIME": "02:48",
        "MXI": "-6,28 kA.",
        "STR": "0",
        "SMA": "0,256 Km.",
        "SMI": "0,21300001 Km.",
        "CHI": "0,7",
        "metvlc_time_utc": "2026-10-04T00:48:00+00:00",
        "metvlc_time_source": "date+time",
        "metvlc_has_real_time": true,
        "metvlc_captura_utc": "2026-10-04T11:07:30+00:00",
        "metvlc_last_seen_utc": "2026-10-04T18:09:40+00:00",
        "metvlc_fuente": "SIGIF/GVA Rayos 24h KMZ"
      },
      "geometry": {
        "type": "Point",
        "coordinates": [
          -1.5582,
          39.3836
        ]
      }
    },
    {
      "type": "Feature",
      "properties": {
        "name": "04/10/2026 02:50:07",
        "COORD": "-1,5878,39,4749",
        "DATE": "2026-10-04",
        "TIME": "02:50",
        "MXI": "152,74 kA.",
        "STR": "0",
        "SMA": "0,163 Km.",
        "SMI": "0,14600004 Km.",
        "CHI": "0,8",
        "metvlc_time_utc": "2026-10-04T00:50:00+00:00",
        "metvlc_time_source": "date+time",
        "metvlc_has_real_time": true,
        "metvlc_captura_utc": "2026-10-04T11:07:30+00:00",
        "metvlc_last_seen_utc": "2026-10-04T18:09:40+00:00",
        "metvlc_fuente": "SIGIF/GVA Rayos 24h KMZ"
      },
      "geometry": {
        "type": "Point",
        "coordinates": [
          -1.5878,
          39.4749
        ]
      }
    },
    {
      "type": "Feature",
      "properties": {
        "name": "04/10/2026 02:50:45",
        "COORD": "-1,5668,39,3661",
        "DATE": "2026-10-04",
        "TIME": "02:50",
        "MXI": "-4,94 kA.",
        "STR": "0",
        "SMA": "0,434 Km.",
        "SMI": "0,20999995 Km.",
        "CHI": "0,6",
        "metvlc_time_utc": "2026-10-04T00:50:00+00:00",
        "metvlc_time_source": "date+time",
        "metvlc_has_real_time": true,
        "metvlc_captura_utc": "2026-10-04T11:07:30+00:00",
        "metvlc_last_seen_utc": "2026-10-04T18:09:40+00:00",
        "metvlc_fuente": "SIGIF/GVA Rayos 24h KMZ"
      },
      "geometry": {
        "type": "Point",
        "coordinates": [
          -1.5668,
          39.3661
        ]
      }
    },
    {
      "type": "Feature",
      "properties": {
        "name": "04/10/2026 02:50:46",
        "COORD": "-1,5611,39,3709",
        "DATE": "2026-10-04",
        "TIME": "02:50",
        "MXI": "-16,47 kA.",
        "STR": "0",
        "SMA": "0,189 Km.",
        "SMI": "0,15800007 Km.",
        "CHI": "0,9",
        "metvlc_time_utc": "2026-10-04T00:50:00+00:00",
        "metvlc_time_source": "date+time",
        "metvlc_has_real_time": true,
        "metvlc_captura_utc": "2026-10-04T11:07:30+00:00",
        "metvlc_last_seen_utc": "2026-10-04T18:09:40+00:00",
        "metvlc_fuente": "SIGIF/GVA Rayos 24h KMZ"
      },
      "geometry": {
        "type": "Point",
        "coordinates": [
          -1.5611,
          39.3709
        ]
      }
    },
    {
      "type": "Feature",
      "properties": {
        "name": "04/10/2026 02:51:19",
        "COORD": "-1,556,39,4912",
        "DATE": "2026-10-04",
        "TIME": "02:51",
        "MXI": "124,6 kA.",
        "STR": "0",
        "SMA": "0,167 Km.",
        "SMI": "0,135 Km.",
        "CHI": "0,8",
        "metvlc_time_utc": "2026-10-04T00:51:00+00:00",
        "metvlc_time_source": "date+time",
        "metvlc_has_real_time": true,
        "metvlc_captura_utc": "2026-10-04T11:07:30+00:00",
        "metvlc_last_seen_utc": "2026-10-04T18:09:40+00:00",
        "metvlc_fuente": "SIGIF/GVA Rayos 24h KMZ"
      },
      "geometry": {
        "type": "Point",
        "coordinates": [
          -1.556,
          39.4912
        ]
      }
    },
    {
      "type": "Feature",
      "properties": {
        "name": "04/10/2026 02:51:29",
        "COORD": "-1,5499,39,3645",
        "DATE": "2026-10-04",
        "TIME": "02:51",
        "MXI": "-6,15 kA.",
        "STR": "0",
        "SMA": "0,247 Km.",
        "SMI": "0,20400006 Km.",
        "CHI": "0,3",
        "metvlc_time_utc": "2026-10-04T00:51:00+00:00",
        "metvlc_time_source": "date+time",
        "metvlc_has_real_time": true,
        "metvlc_captura_utc": "2026-10-04T11:07:30+00:00",
        "metvlc_last_seen_utc": "2026-10-04T18:09:40+00:00",
        "metvlc_fuente": "SIGIF/GVA Rayos 24h KMZ"
      },
      "geometry": {
        "type": "Point",
        "coordinates": [
          -1.5499,
          39.3645
        ]
      }
    },
    {
      "type": "Feature",
      "properties": {
        "name": "04/10/2026 02:51:50",
        "COORD": "-1,5501,39,3691",
        "DATE": "2026-10-04",
        "TIME": "02:51",
        "MXI": "-11,43 kA.",
        "STR": "0",
        "SMA": "0,182 Km.",
        "SMI": "0,144 Km.",
        "CHI": "0,4",
        "metvlc_time_utc": "2026-10-04T00:51:00+00:00",
        "metvlc_time_source": "date+time",
        "metvlc_has_real_time": true,
        "metvlc_captura_utc": "2026-10-04T11:07:30+00:00",
        "metvlc_last_seen_utc": "2026-10-04T18:09:40+00:00",
        "metvlc_fuente": "SIGIF/GVA Rayos 24h KMZ"
      },
      "geometry": {
        "type": "Point",
        "coordinates": [
          -1.5501,
          39.3691
        ]
      }
    },
    {
      "type": "Feature",
      "properties": {
        "name": "04/10/2026 02:55:10",
        "COORD": "-1,5499,39,3879",
        "DATE": "2026-10-04",
        "TIME": "02:55",
        "MXI": "-9,65 kA.",
        "STR": "0",
        "SMA": "0,243 Km.",
        "SMI": "0,17300004 Km.",
        "CHI": "0,5",
        "metvlc_time_utc": "2026-10-04T00:55:00+00:00",
        "metvlc_time_source": "date+time",
        "metvlc_has_real_time": true,
        "metvlc_captura_utc": "2026-10-04T11:07:30+00:00",
        "metvlc_last_seen_utc": "2026-10-04T18:09:40+00:00",
        "metvlc_fuente": "SIGIF/GVA Rayos 24h KMZ"
      },
      "geometry": {
        "type": "Point",
        "coordinates": [
          -1.5499,
          39.3879
        ]
      }
    },
    {
      "type": "Feature",
      "properties": {
        "name": "04/10/2026 02:56:58",
        "COORD": "-1,5437,39,3912",
        "DATE": "2026-10-04",
        "TIME": "02:56",
        "MXI": "-7,4 kA.",
        "STR": "0",
        "SMA": "0,19 Km.",
        "SMI": "0,15500006 Km.",
        "CHI": "0,2",
        "metvlc_time_utc": "2026-10-04T00:56:00+00:00",
        "metvlc_time_source": "date+time",
        "metvlc_has_real_time": true,
        "metvlc_captura_utc": "2026-10-04T11:07:30+00:00",
        "metvlc_last_seen_utc": "2026-10-04T18:09:40+00:00",
        "metvlc_fuente": "SIGIF/GVA Rayos 24h KMZ"
      },
      "geometry": {
        "type": "Point",
        "coordinates": [
          -1.5437,
          39.3912
        ]
      }
    },
    {
      "type": "Feature",
      "properties": {
        "name": "04/10/2026 02:56:59",
        "COORD": "-1,5304,39,3926",
        "DATE": "2026-10-04",
        "TIME": "02:56",
        "MXI": "-6,31 kA.",
        "STR": "0",
        "SMA": "0,255 Km.",
        "SMI": "0,21399996 Km.",
        "CHI": "1,6",
        "metvlc_time_utc": "2026-10-04T00:56:00+00:00",
        "metvlc_time_source": "date+time",
        "metvlc_has_real_time": true,
        "metvlc_captura_utc": "2026-10-04T11:07:30+00:00",
        "metvlc_last_seen_utc": "2026-10-04T18:09:40+00:00",
        "metvlc_fuente": "SIGIF/GVA Rayos 24h KMZ"
      },
      "geometry": {
        "type": "Point",
        "coordinates": [
          -1.5304,
          39.3926
        ]
      }
    },
    {
      "type": "Feature",
      "properties": {
        "name": "04/10/2026 02:57:10",
        "COORD": "-1,5463,39,4284",
        "DATE": "2026-10-04",
        "TIME": "02:57",
        "MXI": "-2,37 kA.",
        "STR": "0",
        "SMA": "8,636 Km.",
        "SMI": "0,22 Km.",
        "CHI": "0",
        "metvlc_time_utc": "2026-10-04T00:57:00+00:00",
        "metvlc_time_source": "date+time",
        "metvlc_has_real_time": true,
        "metvlc_captura_utc": "2026-10-04T11:07:30+00:00",
        "metvlc_last_seen_utc": "2026-10-04T18:09:40+00:00",
        "metvlc_fuente": "SIGIF/GVA Rayos 24h KMZ"
      },
      "geometry": {
        "type": "Point",
        "coordinates": [
          -1.5463,
          39.4284
        ]
      }
    },
    {
      "type": "Feature",
      "properties": {
        "name": "04/10/2026 03:00:33",
        "COORD": "-1,5544,39,4147",
        "DATE": "2026-10-04",
        "TIME": "03:00",
        "MXI": "-24,12 kA.",
        "STR": "0",
        "SMA": "0,179 Km.",
        "SMI": "0,13399999 Km.",
        "CHI": "1,1",
        "metvlc_time_utc": "2026-10-04T01:00:00+00:00",
        "metvlc_time_source": "date+time",
        "metvlc_has_real_time": true,
        "metvlc_captura_utc": "2026-10-04T11:07:30+00:00",
        "metvlc_last_seen_utc": "2026-10-04T18:09:40+00:00",
        "metvlc_fuente": "SIGIF/GVA Rayos 24h KMZ"
      },
      "geometry": {
        "type": "Point",
        "coordinates": [
          -1.5544,
          39.4147
        ]
      }
    },
    {
      "type": "Feature",
      "properties": {
        "name": "04/10/2026 03:02:09",
        "COORD": "-1,5389,39,4212",
        "DATE": "2026-10-04",
        "TIME": "03:02",
        "MXI": "-11,28 kA.",
        "STR": "0",
        "SMA": "0,177 Km.",
        "SMI": "0,15700008 Km.",
        "CHI": "0,4",
        "metvlc_time_utc": "2026-10-04T01:02:00+00:00",
        "metvlc_time_source": "date+time",
        "metvlc_has_real_time": true,
        "metvlc_captura_utc": "2026-10-04T11:07:30+00:00",
        "metvlc_last_seen_utc": "2026-10-04T18:09:40+00:00",
        "metvlc_fuente": "SIGIF/GVA Rayos 24h KMZ"
      },
      "geometry": {
        "type": "Point",
        "coordinates": [
          -1.5389,
          39.4212
        ]
      }
    },
    {
      "type": "Feature",
      "properties": {
        "name": "04/10/2026 03:02:34",
        "COORD": "-1,5409,39,4162",
        "DATE": "2026-10-04",
        "TIME": "03:02",
        "MXI": "-13,93 kA.",
        "STR": "0",
        "SMA": "0,207 Km.",
        "SMI": "0,133 Km.",
        "CHI": "0,7",
        "metvlc_time_utc": "2026-10-04T01:02:00+00:00",
        "metvlc_time_source": "date+time",
        "metvlc_has_real_time": true,
        "metvlc_captura_utc": "2026-10-04T11:07:30+00:00",
        "metvlc_last_seen_utc": "2026-10-04T18:09:40+00:00",
        "metvlc_fuente": "SIGIF/GVA Rayos 24h KMZ"
      },
      "geometry": {
        "type": "Point",
        "coordinates": [
          -1.5409,
          39.4162
        ]
      }
    },
    {
      "type": "Feature",
      "properties": {
        "name": "04/10/2026 03:05:27",
        "COORD": "-1,5537,39,4765",
        "DATE": "2026-10-04",
        "TIME": "03:05",
        "MXI": "39,98 kA.",
        "STR": "0",
        "SMA": "0,182 Km.",
        "SMI": "0,12799999 Km.",
        "CHI": "0,8",
        "metvlc_time_utc": "2026-10-04T01:05:00+00:00",
        "metvlc_time_source": "date+time",
        "metvlc_has_real_time": true,
        "metvlc_captura_utc": "2026-10-04T11:07:30+00:00",
        "metvlc_last_seen_utc": "2026-10-04T18:09:40+00:00",
        "metvlc_fuente": "SIGIF/GVA Rayos 24h KMZ"
      },
      "geometry": {
        "type": "Point",
        "coordinates": [
          -1.5537,
          39.4765
        ]
      }
    },
    {
      "type": "Feature",
      "properties": {
        "name": "04/10/2026 03:06:10",
        "COORD": "-1,5504,39,4277",
        "DATE": "2026-10-04",
        "TIME": "03:06",
        "MXI": "-68,46 kA.",
        "STR": "0",
        "SMA": "0,236 Km.",
        "SMI": "0,122000016 Km.",
        "CHI": "1,3",
        "metvlc_time_utc": "2026-10-04T01:06:00+00:00",
        "metvlc_time_source": "date+time",
        "metvlc_has_real_time": true,
        "metvlc_captura_utc": "2026-10-04T11:07:30+00:00",
        "metvlc_last_seen_utc": "2026-10-04T18:09:40+00:00",
        "metvlc_fuente": "SIGIF/GVA Rayos 24h KMZ"
      },
      "geometry": {
        "type": "Point",
        "coordinates": [
          -1.5504,
          39.4277
        ]
      }
    },
    {
      "type": "Feature",
      "properties": {
        "name": "04/10/2026 03:07:46",
        "COORD": "-1,5438,39,4287",
        "DATE": "2026-10-04",
        "TIME": "03:07",
        "MXI": "-15,46 kA.",
        "STR": "0",
        "SMA": "0,356 Km.",
        "SMI": "0,16300002 Km.",
        "CHI": "0,9",
        "metvlc_time_utc": "2026-10-04T01:07:00+00:00",
        "metvlc_time_source": "date+time",
        "metvlc_has_real_time": true,
        "metvlc_captura_utc": "2026-10-04T11:07:30+00:00",
        "metvlc_last_seen_utc": "2026-10-04T18:09:40+00:00",
        "metvlc_fuente": "SIGIF/GVA Rayos 24h KMZ"
      },
      "geometry": {
        "type": "Point",
        "coordinates": [
          -1.5438,
          39.4287
        ]
      }
    },
    {
      "type": "Feature",
      "properties": {
        "name": "04/10/2026 03:08:48",
        "COORD": "-1,5308,39,5297",
        "DATE": "2026-10-04",
        "TIME": "03:08",
        "MXI": "87,22 kA.",
        "STR": "0",
        "SMA": "0,171 Km.",
        "SMI": "0,13099995 Km.",
        "CHI": "1,8",
        "metvlc_time_utc": "2026-10-04T01:08:00+00:00",
        "metvlc_time_source": "date+time",
        "metvlc_has_real_time": true,
        "metvlc_captura_utc": "2026-10-04T11:07:30+00:00",
        "metvlc_last_seen_utc": "2026-10-04T18:09:40+00:00",
        "metvlc_fuente": "SIGIF/GVA Rayos 24h KMZ"
      },
      "geometry": {
        "type": "Point",
        "coordinates": [
          -1.5308,
          39.5297
        ]
      }
    },
    {
      "type": "Feature",
      "properties": {
        "name": "04/10/2026 03:10:34",
        "COORD": "-1,5132,39,547",
        "DATE": "2026-10-04",
        "TIME": "03:10",
        "MXI": "125,97 kA.",
        "STR": "0",
        "SMA": "0,154 Km.",
        "SMI": "0,13000004 Km.",
        "CHI": "1,2",
        "metvlc_time_utc": "2026-10-04T01:10:00+00:00",
        "metvlc_time_source": "date+time",
        "metvlc_has_real_time": true,
        "metvlc_captura_utc": "2026-10-04T11:07:30+00:00",
        "metvlc_last_seen_utc": "2026-10-04T18:09:40+00:00",
        "metvlc_fuente": "SIGIF/GVA Rayos 24h KMZ"
      },
      "geometry": {
        "type": "Point",
        "coordinates": [
          -1.5132,
          39.547
        ]
      }
    },
    {
      "type": "Feature",
      "properties": {
        "name": "04/10/2026 03:10:35",
        "COORD": "-1,5437,39,5197",
        "DATE": "2026-10-04",
        "TIME": "03:10",
        "MXI": "-25,26 kA.",
        "STR": "0",
        "SMA": "0,196 Km.",
        "SMI": "0,14599997 Km.",
        "CHI": "0,7",
        "metvlc_time_utc": "2026-10-04T01:10:00+00:00",
        "metvlc_time_source": "date+time",
        "metvlc_has_real_time": true,
        "metvlc_captura_utc": "2026-10-04T11:07:30+00:00",
        "metvlc_last_seen_utc": "2026-10-04T18:09:40+00:00",
        "metvlc_fuente": "SIGIF/GVA Rayos 24h KMZ"
      },
      "geometry": {
        "type": "Point",
        "coordinates": [
          -1.5437,
          39.5197
        ]
      }
    },
    {
      "type": "Feature",
      "properties": {
        "name": "04/10/2026 03:15:39",
        "COORD": "-1,5436,39,4185",
        "DATE": "2026-10-04",
        "TIME": "03:15",
        "MXI": "390,11 kA.",
        "STR": "0",
        "SMA": "0,183 Km.",
        "SMI": "0,13899997 Km.",
        "CHI": "0,8",
        "metvlc_time_utc": "2026-10-04T01:15:00+00:00",
        "metvlc_time_source": "date+time",
        "metvlc_has_real_time": true,
        "metvlc_captura_utc": "2026-10-04T11:07:30+00:00",
        "metvlc_last_seen_utc": "2026-10-04T18:09:40+00:00",
        "metvlc_fuente": "SIGIF/GVA Rayos 24h KMZ"
      },
      "geometry": {
        "type": "Point",
        "coordinates": [
          -1.5436,
          39.4185
        ]
      }
    },
    {
      "type": "Feature",
      "properties": {
        "name": "04/10/2026 03:15:39",
        "COORD": "-1,5642,39,4264",
        "DATE": "2026-10-04",
        "TIME": "03:15",
        "MXI": "-36,79 kA.",
        "STR": "0",
        "SMA": "0,178 Km.",
        "SMI": "0,13299999 Km.",
        "CHI": "1,4",
        "metvlc_time_utc": "2026-10-04T01:15:00+00:00",
        "metvlc_time_source": "date+time",
        "metvlc_has_real_time": true,
        "metvlc_captura_utc": "2026-10-04T11:07:30+00:00",
        "metvlc_last_seen_utc": "2026-10-04T18:09:40+00:00",
        "metvlc_fuente": "SIGIF/GVA Rayos 24h KMZ"
      },
      "geometry": {
        "type": "Point",
        "coordinates": [
          -1.5642,
          39.4264
        ]
      }
    },
    {
      "type": "Feature",
      "properties": {
        "name": "04/10/2026 03:16:49",
        "COORD": "-1,5202,39,4402",
        "DATE": "2026-10-04",
        "TIME": "03:16",
        "MXI": "20,34 kA.",
        "STR": "0",
        "SMA": "0,171 Km.",
        "SMI": "0,13300003 Km.",
        "CHI": "1,1",
        "metvlc_time_utc": "2026-10-04T01:16:00+00:00",
        "metvlc_time_source": "date+time",
        "metvlc_has_real_time": true,
        "metvlc_captura_utc": "2026-10-04T11:07:30+00:00",
        "metvlc_last_seen_utc": "2026-10-04T18:09:40+00:00",
        "metvlc_fuente": "SIGIF/GVA Rayos 24h KMZ"
      },
      "geometry": {
        "type": "Point",
        "coordinates": [
          -1.5202,
          39.4402
        ]
      }
    },
    {
      "type": "Feature",
      "properties": {
        "name": "04/10/2026 03:19:17",
        "COORD": "-1,5747,39,4458",
        "DATE": "2026-10-04",
        "TIME": "03:19",
        "MXI": "27,42 kA.",
        "STR": "0",
        "SMA": "0,178 Km.",
        "SMI": "0,13400002 Km.",
        "CHI": "1",
        "metvlc_time_utc": "2026-10-04T01:19:00+00:00",
        "metvlc_time_source": "date+time",
        "metvlc_has_real_time": true,
        "metvlc_captura_utc": "2026-10-04T11:07:30+00:00",
        "metvlc_last_seen_utc": "2026-10-04T18:09:40+00:00",
        "metvlc_fuente": "SIGIF/GVA Rayos 24h KMZ"
      },
      "geometry": {
        "type": "Point",
        "coordinates": [
          -1.5747,
          39.4458
        ]
      }
    },
    {
      "type": "Feature",
      "properties": {
        "name": "04/10/2026 03:20:27",
        "COORD": "-1,5722,39,4445",
        "DATE": "2026-10-04",
        "TIME": "03:20",
        "MXI": "142,16 kA.",
        "STR": "0",
        "SMA": "0,221 Km.",
        "SMI": "0,13200003 Km.",
        "CHI": "0,6",
        "metvlc_time_utc": "2026-10-04T01:20:00+00:00",
        "metvlc_time_source": "date+time",
        "metvlc_has_real_time": true,
        "metvlc_captura_utc": "2026-10-04T11:07:30+00:00",
        "metvlc_last_seen_utc": "2026-10-04T18:09:40+00:00",
        "metvlc_fuente": "SIGIF/GVA Rayos 24h KMZ"
      },
      "geometry": {
        "type": "Point",
        "coordinates": [
          -1.5722,
          39.4445
        ]
      }
    },
    {
      "type": "Feature",
      "properties": {
        "name": "04/10/2026 03:24:53",
        "COORD": "-1,525,39,4463",
        "DATE": "2026-10-04",
        "TIME": "03:24",
        "MXI": "-8,89 kA.",
        "STR": "0",
        "SMA": "0,203 Km.",
        "SMI": "0,17199993 Km.",
        "CHI": "0,5",
        "metvlc_time_utc": "2026-10-04T01:24:00+00:00",
        "metvlc_time_source": "date+time",
        "metvlc_has_real_time": true,
        "metvlc_captura_utc": "2026-10-04T11:07:30+00:00",
        "metvlc_last_seen_utc": "2026-10-04T18:09:40+00:00",
        "metvlc_fuente": "SIGIF/GVA Rayos 24h KMZ"
      },
      "geometry": {
        "type": "Point",
        "coordinates": [
          -1.525,
          39.4463
        ]
      }
    },
    {
      "type": "Feature",
      "properties": {
        "name": "04/10/2026 03:27:02",
        "COORD": "-1,5102,39,4477",
        "DATE": "2026-10-04",
        "TIME": "03:27",
        "MXI": "-5,48 kA.",
        "STR": "0",
        "SMA": "0,174 Km.",
        "SMI": "0,15799996 Km.",
        "CHI": "0,5",
        "metvlc_time_utc": "2026-10-04T01:27:00+00:00",
        "metvlc_time_source": "date+time",
        "metvlc_has_real_time": true,
        "metvlc_captura_utc": "2026-10-04T11:07:30+00:00",
        "metvlc_last_seen_utc": "2026-10-04T18:09:40+00:00",
        "metvlc_fuente": "SIGIF/GVA Rayos 24h KMZ"
      },
      "geometry": {
        "type": "Point",
        "coordinates": [
          -1.5102,
          39.4477
        ]
      }
    },
    {
      "type": "Feature",
      "properties": {
        "name": "04/10/2026 03:27:27",
        "COORD": "-1,4868,39,4476",
        "DATE": "2026-10-04",
        "TIME": "03:27",
        "MXI": "-4,54 kA.",
        "STR": "0",
        "SMA": "0,464 Km.",
        "SMI": "0,21200001 Km.",
        "CHI": "0,2",
        "metvlc_time_utc": "2026-10-04T01:27:00+00:00",
        "metvlc_time_source": "date+time",
        "metvlc_has_real_time": true,
        "metvlc_captura_utc": "2026-10-04T11:07:30+00:00",
        "metvlc_last_seen_utc": "2026-10-04T18:09:40+00:00",
        "metvlc_fuente": "SIGIF/GVA Rayos 24h KMZ"
      },
      "geometry": {
        "type": "Point",
        "coordinates": [
          -1.4868,
          39.4476
        ]
      }
    },
    {
      "type": "Feature",
      "properties": {
        "name": "04/10/2026 03:27:27",
        "COORD": "-1,5166,39,4555",
        "DATE": "2026-10-04",
        "TIME": "03:27",
        "MXI": "-4,66 kA.",
        "STR": "0",
        "SMA": "0,297 Km.",
        "SMI": "0,23100004 Km.",
        "CHI": "0,2",
        "metvlc_time_utc": "2026-10-04T01:27:00+00:00",
        "metvlc_time_source": "date+time",
        "metvlc_has_real_time": true,
        "metvlc_captura_utc": "2026-10-04T11:07:30+00:00",
        "metvlc_last_seen_utc": "2026-10-04T18:09:40+00:00",
        "metvlc_fuente": "SIGIF/GVA Rayos 24h KMZ"
      },
      "geometry": {
        "type": "Point",
        "coordinates": [
          -1.5166,
          39.4555
        ]
      }
    },
    {
      "type": "Feature",
      "properties": {
        "name": "04/10/2026 03:28:17",
        "COORD": "-1,5163,39,4526",
        "DATE": "2026-10-04",
        "TIME": "03:28",
        "MXI": "-8,58 kA.",
        "STR": "0",
        "SMA": "0,255 Km.",
        "SMI": "0,16499995 Km.",
        "CHI": "0,9",
        "metvlc_time_utc": "2026-10-04T01:28:00+00:00",
        "metvlc_time_source": "date+time",
        "metvlc_has_real_time": true,
        "metvlc_captura_utc": "2026-10-04T11:07:30+00:00",
        "metvlc_last_seen_utc": "2026-10-04T18:09:40+00:00",
        "metvlc_fuente": "SIGIF/GVA Rayos 24h KMZ"
      },
      "geometry": {
        "type": "Point",
        "coordinates": [
          -1.5163,
          39.4526
        ]
      }
    },
    {
      "type": "Feature",
      "properties": {
        "name": "04/10/2026 03:31:23",
        "COORD": "-1,5115,39,533",
        "DATE": "2026-10-04",
        "TIME": "03:31",
        "MXI": "-30,6 kA.",
        "STR": "0",
        "SMA": "0,17 Km.",
        "SMI": "0,119999975 Km.",
        "CHI": "1,2",
        "metvlc_time_utc": "2026-10-04T01:31:00+00:00",
        "metvlc_time_source": "date+time",
        "metvlc_has_real_time": true,
        "metvlc_captura_utc": "2026-10-04T11:07:30+00:00",
        "metvlc_last_seen_utc": "2026-10-04T18:09:40+00:00",
        "metvlc_fuente": "SIGIF/GVA Rayos 24h KMZ"
      },
      "geometry": {
        "type": "Point",
        "coordinates": [
          -1.5115,
          39.533
        ]
      }
    },
    {
      "type": "Feature",
      "properties": {
        "name": "04/10/2026 03:33:33",
        "COORD": "-1,5206,39,4629",
        "DATE": "2026-10-04",
        "TIME": "03:33",
        "MXI": "-48,5 kA.",
        "STR": "0",
        "SMA": "0,165 Km.",
        "SMI": "0,11800001 Km.",
        "CHI": "0,8",
        "metvlc_time_utc": "2026-10-04T01:33:00+00:00",
        "metvlc_time_source": "date+time",
        "metvlc_has_real_time": true,
        "metvlc_captura_utc": "2026-10-04T11:07:30+00:00",
        "metvlc_last_seen_utc": "2026-10-04T18:09:40+00:00",
        "metvlc_fuente": "SIGIF/GVA Rayos 24h KMZ"
      },
      "geometry": {
        "type": "Point",
        "coordinates": [
          -1.5206,
          39.4629
        ]
      }
    },
    {
      "type": "Feature",
      "properties": {
        "name": "04/10/2026 04:15:25",
        "COORD": "-1,46,39,5123",
        "DATE": "2026-10-04",
        "TIME": "04:15",
        "MXI": "-19,02 kA.",
        "STR": "0",
        "SMA": "0,171 Km.",
        "SMI": "0,13099995 Km.",
        "CHI": "0,9",
        "metvlc_time_utc": "2026-10-04T02:15:00+00:00",
        "metvlc_time_source": "date+time",
        "metvlc_has_real_time": true,
        "metvlc_captura_utc": "2026-10-04T11:07:30+00:00",
        "metvlc_last_seen_utc": "2026-10-04T18:09:40+00:00",
        "metvlc_fuente": "SIGIF/GVA Rayos 24h KMZ"
      },
      "geometry": {
        "type": "Point",
        "coordinates": [
          -1.46,
          39.5123
        ]
      }
    },
    {
      "type": "Feature",
      "properties": {
        "name": "04/10/2026 04:15:54",
        "COORD": "-1,4612,39,5317",
        "DATE": "2026-10-04",
        "TIME": "04:15",
        "MXI": "-12,84 kA.",
        "STR": "0",
        "SMA": "0,171 Km.",
        "SMI": "0,12799996 Km.",
        "CHI": "0,6",
        "metvlc_time_utc": "2026-10-04T02:15:00+00:00",
        "metvlc_time_source": "date+time",
        "metvlc_has_real_time": true,
        "metvlc_captura_utc": "2026-10-04T11:07:30+00:00",
        "metvlc_last_seen_utc": "2026-10-04T18:09:40+00:00",
        "metvlc_fuente": "SIGIF/GVA Rayos 24h KMZ"
      },
      "geometry": {
        "type": "Point",
        "coordinates": [
          -1.4612,
          39.5317
        ]
      }
    },
    {
      "type": "Feature",
      "properties": {
        "name": "04/10/2026 04:16:57",
        "COORD": "-1,4036,39,5609",
        "DATE": "2026-10-04",
        "TIME": "04:16",
        "MXI": "-41,37 kA.",
        "STR": "0",
        "SMA": "0,164 Km.",
        "SMI": "0,128 Km.",
        "CHI": "0,9",
        "metvlc_time_utc": "2026-10-04T02:16:00+00:00",
        "metvlc_time_source": "date+time",
        "metvlc_has_real_time": true,
        "metvlc_captura_utc": "2026-10-04T11:07:30+00:00",
        "metvlc_last_seen_utc": "2026-10-04T18:09:40+00:00",
        "metvlc_fuente": "SIGIF/GVA Rayos 24h KMZ"
      },
      "geometry": {
        "type": "Point",
        "coordinates": [
          -1.4036,
          39.5609
        ]
      }
    },
    {
      "type": "Feature",
      "properties": {
        "name": "04/10/2026 04:21:01",
        "COORD": "-1,4616,39,4708",
        "DATE": "2026-10-04",
        "TIME": "04:21",
        "MXI": "33,28 kA.",
        "STR": "0",
        "SMA": "0,169 Km.",
        "SMI": "0,13100003 Km.",
        "CHI": "1,5",
        "metvlc_time_utc": "2026-10-04T02:21:00+00:00",
        "metvlc_time_source": "date+time",
        "metvlc_has_real_time": true,
        "metvlc_captura_utc": "2026-10-04T11:07:30+00:00",
        "metvlc_last_seen_utc": "2026-10-04T18:09:40+00:00",
        "metvlc_fuente": "SIGIF/GVA Rayos 24h KMZ"
      },
      "geometry": {
        "type": "Point",
        "coordinates": [
          -1.4616,
          39.4708
        ]
      }
    },
    {
      "type": "Feature",
      "properties": {
        "name": "04/10/2026 04:23:33",
        "COORD": "-1,4629,39,5277",
        "DATE": "2026-10-04",
        "TIME": "04:23",
        "MXI": "50,9 kA.",
        "STR": "0",
        "SMA": "0,169 Km.",
        "SMI": "0,12899995 Km.",
        "CHI": "1,7",
        "metvlc_time_utc": "2026-10-04T02:23:00+00:00",
        "metvlc_time_source": "date+time",
        "metvlc_has_real_time": true,
        "metvlc_captura_utc": "2026-10-04T11:07:30+00:00",
        "metvlc_last_seen_utc": "2026-10-04T18:09:40+00:00",
        "metvlc_fuente": "SIGIF/GVA Rayos 24h KMZ"
      },
      "geometry": {
        "type": "Point",
        "coordinates": [
          -1.4629,
          39.5277
        ]
      }
    },
    {
      "type": "Feature",
      "properties": {
        "name": "04/10/2026 04:23:33",
        "COORD": "-1,4702,39,4739",
        "DATE": "2026-10-04",
        "TIME": "04:23",
        "MXI": "-20,85 kA.",
        "STR": "0",
        "SMA": "0,173 Km.",
        "SMI": "0,12900002 Km.",
        "CHI": "1,1",
        "metvlc_time_utc": "2026-10-04T02:23:00+00:00",
        "metvlc_time_source": "date+time",
        "metvlc_has_real_time": true,
        "metvlc_captura_utc": "2026-10-04T11:07:30+00:00",
        "metvlc_last_seen_utc": "2026-10-04T18:09:40+00:00",
        "metvlc_fuente": "SIGIF/GVA Rayos 24h KMZ"
      },
      "geometry": {
        "type": "Point",
        "coordinates": [
          -1.4702,
          39.4739
        ]
      }
    },
    {
      "type": "Feature",
      "properties": {
        "name": "04/10/2026 04:23:33",
        "COORD": "-1,4694,39,4742",
        "DATE": "2026-10-04",
        "TIME": "04:23",
        "MXI": "-29,23 kA.",
        "STR": "0",
        "SMA": "0,185 Km.",
        "SMI": "0,13500004 Km.",
        "CHI": "1,5",
        "metvlc_time_utc": "2026-10-04T02:23:00+00:00",
        "metvlc_time_source": "date+time",
        "metvlc_has_real_time": true,
        "metvlc_captura_utc": "2026-10-04T11:07:30+00:00",
        "metvlc_last_seen_utc": "2026-10-04T18:09:40+00:00",
        "metvlc_fuente": "SIGIF/GVA Rayos 24h KMZ"
      },
      "geometry": {
        "type": "Point",
        "coordinates": [
          -1.4694,
          39.4742
        ]
      }
    },
    {
      "type": "Feature",
      "properties": {
        "name": "04/10/2026 04:51:52",
        "COORD": "-1,3325,39,606",
        "DATE": "2026-10-04",
        "TIME": "04:51",
        "MXI": "-65,19 kA.",
        "STR": "0",
        "SMA": "0,157 Km.",
        "SMI": "0,12700005 Km.",
        "CHI": "1",
        "metvlc_time_utc": "2026-10-04T02:51:00+00:00",
        "metvlc_time_source": "date+time",
        "metvlc_has_real_time": true,
        "metvlc_captura_utc": "2026-10-04T11:07:30+00:00",
        "metvlc_last_seen_utc": "2026-10-04T18:09:40+00:00",
        "metvlc_fuente": "SIGIF/GVA Rayos 24h KMZ"
      },
      "geometry": {
        "type": "Point",
        "coordinates": [
          -1.3325,
          39.606
        ]
      }
    },
    {
      "type": "Feature",
      "properties": {
        "name": "04/10/2026 04:51:52",
        "COORD": "-1,3286,39,6294",
        "DATE": "2026-10-04",
        "TIME": "04:51",
        "MXI": "-8,74 kA.",
        "STR": "0",
        "SMA": "0,184 Km.",
        "SMI": "0,15300006 Km.",
        "CHI": "0,4",
        "metvlc_time_utc": "2026-10-04T02:51:00+00:00",
        "metvlc_time_source": "date+time",
        "metvlc_has_real_time": true,
        "metvlc_captura_utc": "2026-10-04T11:07:30+00:00",
        "metvlc_last_seen_utc": "2026-10-04T18:09:40+00:00",
        "metvlc_fuente": "SIGIF/GVA Rayos 24h KMZ"
      },
      "geometry": {
        "type": "Point",
        "coordinates": [
          -1.3286,
          39.6294
        ]
      }
    },
    {
      "type": "Feature",
      "properties": {
        "name": "04/10/2026 05:03:48",
        "COORD": "-1,3058,39,6286",
        "DATE": "2026-10-04",
        "TIME": "05:03",
        "MXI": "25,79 kA.",
        "STR": "0",
        "SMA": "0,399 Km.",
        "SMI": "0,17400002 Km.",
        "CHI": "1,1",
        "metvlc_time_utc": "2026-10-04T03:03:00+00:00",
        "metvlc_time_source": "date+time",
        "metvlc_has_real_time": true,
        "metvlc_captura_utc": "2026-10-04T11:07:30+00:00",
        "metvlc_last_seen_utc": "2026-10-04T18:09:40+00:00",
        "metvlc_fuente": "SIGIF/GVA Rayos 24h KMZ"
      },
      "geometry": {
        "type": "Point",
        "coordinates": [
          -1.3058,
          39.6286
        ]
      }
    },
    {
      "type": "Feature",
      "properties": {
        "name": "04/10/2026 05:03:49",
        "COORD": "-1,3031,39,6104",
        "DATE": "2026-10-04",
        "TIME": "05:03",
        "MXI": "-7,6 kA.",
        "STR": "0",
        "SMA": "0,32 Km.",
        "SMI": "0,18699999 Km.",
        "CHI": "0,5",
        "metvlc_time_utc": "2026-10-04T03:03:00+00:00",
        "metvlc_time_source": "date+time",
        "metvlc_has_real_time": true,
        "metvlc_captura_utc": "2026-10-04T11:07:30+00:00",
        "metvlc_last_seen_utc": "2026-10-04T18:09:40+00:00",
        "metvlc_fuente": "SIGIF/GVA Rayos 24h KMZ"
      },
      "geometry": {
        "type": "Point",
        "coordinates": [
          -1.3031,
          39.6104
        ]
      }
    },
    {
      "type": "Feature",
      "properties": {
        "name": "04/10/2026 19:54:33",
        "COORD": "-1,6208,39,2343",
        "DATE": "2026-10-04",
        "TIME": "19:54",
        "MXI": "-12,9 kA.",
        "STR": "0",
        "SMA": "0,77 Km.",
        "SMI": "0,20499997 Km.",
        "CHI": "0,7",
        "metvlc_time_utc": "2026-10-04T17:54:00+00:00",
        "metvlc_time_source": "date+time",
        "metvlc_has_real_time": true,
        "metvlc_captura_utc": "2026-10-04T18:09:40+00:00",
        "metvlc_last_seen_utc": "2026-10-05T12:17:54+00:00",
        "metvlc_fuente": "SIGIF/GVA Rayos 24h KMZ"
      },
      "geometry": {
        "type": "Point",
        "coordinates": [
          -1.6208,
          39.2343
        ]
      }
    },
    {
      "type": "Feature",
      "properties": {
        "name": "04/10/2026 20:10:39",
        "COORD": "-1,6269,39,3123",
        "DATE": "2026-10-04",
        "TIME": "20:10",
        "MXI": "20,67 kA.",
        "STR": "0",
        "SMA": "0,175 Km.",
        "SMI": "0,13099998 Km.",
        "CHI": "0,8",
        "metvlc_time_utc": "2026-10-04T18:10:00+00:00",
        "metvlc_time_source": "date+time",
        "metvlc_has_real_time": true,
        "metvlc_captura_utc": "2026-10-05T12:17:54+00:00",
        "metvlc_last_seen_utc": "2026-10-05T12:17:54+00:00",
        "metvlc_fuente": "SIGIF/GVA Rayos 24h KMZ"
      },
      "geometry": {
        "type": "Point",
        "coordinates": [
          -1.6269,
          39.3123
        ]
      }
    },
    {
      "type": "Feature",
      "properties": {
        "name": "04/10/2026 20:13:19",
        "COORD": "-1,6085,39,3477",
        "DATE": "2026-10-04",
        "TIME": "20:13",
        "MXI": "-18,41 kA.",
        "STR": "0",
        "SMA": "0,177 Km.",
        "SMI": "0,131 Km.",
        "CHI": "0,9",
        "metvlc_time_utc": "2026-10-04T18:13:00+00:00",
        "metvlc_time_source": "date+time",
        "metvlc_has_real_time": true,
        "metvlc_captura_utc": "2026-10-05T12:17:54+00:00",
        "metvlc_last_seen_utc": "2026-10-05T12:17:54+00:00",
        "metvlc_fuente": "SIGIF/GVA Rayos 24h KMZ"
      },
      "geometry": {
        "type": "Point",
        "coordinates": [
          -1.6085,
          39.3477
        ]
      }
    },
    {
      "type": "Feature",
      "properties": {
        "name": "04/10/2026 20:13:19",
        "COORD": "-1,6083,39,3476",
        "DATE": "2026-10-04",
        "TIME": "20:13",
        "MXI": "-23,44 kA.",
        "STR": "0",
        "SMA": "0,228 Km.",
        "SMI": "0,11800002 Km.",
        "CHI": "1,2",
        "metvlc_time_utc": "2026-10-04T18:13:00+00:00",
        "metvlc_time_source": "date+time",
        "metvlc_has_real_time": true,
        "metvlc_captura_utc": "2026-10-05T12:17:54+00:00",
        "metvlc_last_seen_utc": "2026-10-05T12:17:54+00:00",
        "metvlc_fuente": "SIGIF/GVA Rayos 24h KMZ"
      },
      "geometry": {
        "type": "Point",
        "coordinates": [
          -1.6083,
          39.3476
        ]
      }
    },
    {
      "type": "Feature",
      "properties": {
        "name": "04/10/2026 20:13:19",
        "COORD": "-1,6079,39,3482",
        "DATE": "2026-10-04",
        "TIME": "20:13",
        "MXI": "-52,45 kA.",
        "STR": "0",
        "SMA": "0,225 Km.",
        "SMI": "0,129 Km.",
        "CHI": "0,7",
        "metvlc_time_utc": "2026-10-04T18:13:00+00:00",
        "metvlc_time_source": "date+time",
        "metvlc_has_real_time": true,
        "metvlc_captura_utc": "2026-10-05T12:17:54+00:00",
        "metvlc_last_seen_utc": "2026-10-05T12:17:54+00:00",
        "metvlc_fuente": "SIGIF/GVA Rayos 24h KMZ"
      },
      "geometry": {
        "type": "Point",
        "coordinates": [
          -1.6079,
          39.3482
        ]
      }
    },
    {
      "type": "Feature",
      "properties": {
        "name": "04/10/2026 20:13:19",
        "COORD": "-1,6082,39,3475",
        "DATE": "2026-10-04",
        "TIME": "20:13",
        "MXI": "-23,9 kA.",
        "STR": "0",
        "SMA": "0,186 Km.",
        "SMI": "0,14000005 Km.",
        "CHI": "0,8",
        "metvlc_time_utc": "2026-10-04T18:13:00+00:00",
        "metvlc_time_source": "date+time",
        "metvlc_has_real_time": true,
        "metvlc_captura_utc": "2026-10-05T12:17:54+00:00",
        "metvlc_last_seen_utc": "2026-10-05T12:17:54+00:00",
        "metvlc_fuente": "SIGIF/GVA Rayos 24h KMZ"
      },
      "geometry": {
        "type": "Point",
        "coordinates": [
          -1.6082,
          39.3475
        ]
      }
    },
    {
      "type": "Feature",
      "properties": {
        "name": "04/10/2026 20:13:19",
        "COORD": "-1,6088,39,3497",
        "DATE": "2026-10-04",
        "TIME": "20:13",
        "MXI": "-4,9 kA.",
        "STR": "0",
        "SMA": "0,433 Km.",
        "SMI": "0,20900004 Km.",
        "CHI": "1,5",
        "metvlc_time_utc": "2026-10-04T18:13:00+00:00",
        "metvlc_time_source": "date+time",
        "metvlc_has_real_time": true,
        "metvlc_captura_utc": "2026-10-05T12:17:54+00:00",
        "metvlc_last_seen_utc": "2026-10-05T12:17:54+00:00",
        "metvlc_fuente": "SIGIF/GVA Rayos 24h KMZ"
      },
      "geometry": {
        "type": "Point",
        "coordinates": [
          -1.6088,
          39.3497
        ]
      }
    },
    {
      "type": "Feature",
      "properties": {
        "name": "04/10/2026 20:20:56",
        "COORD": "-1,5751,39,3321",
        "DATE": "2026-10-04",
        "TIME": "20:20",
        "MXI": "-6,13 kA.",
        "STR": "0",
        "SMA": "0,244 Km.",
        "SMI": "0,20400009 Km.",
        "CHI": "1,6",
        "metvlc_time_utc": "2026-10-04T18:20:00+00:00",
        "metvlc_time_source": "date+time",
        "metvlc_has_real_time": true,
        "metvlc_captura_utc": "2026-10-05T12:17:54+00:00",
        "metvlc_last_seen_utc": "2026-10-05T12:17:54+00:00",
        "metvlc_fuente": "SIGIF/GVA Rayos 24h KMZ"
      },
      "geometry": {
        "type": "Point",
        "coordinates": [
          -1.5751,
          39.3321
        ]
      }
    },
    {
      "type": "Feature",
      "properties": {
        "name": "04/10/2026 20:21:14",
        "COORD": "-1,5651,39,2999",
        "DATE": "2026-10-04",
        "TIME": "20:21",
        "MXI": "-6,11 kA.",
        "STR": "0",
        "SMA": "0,602 Km.",
        "SMI": "0,20700005 Km.",
        "CHI": "0,6",
        "metvlc_time_utc": "2026-10-04T18:21:00+00:00",
        "metvlc_time_source": "date+time",
        "metvlc_has_real_time": true,
        "metvlc_captura_utc": "2026-10-05T12:17:54+00:00",
        "metvlc_last_seen_utc": "2026-10-05T12:17:54+00:00",
        "metvlc_fuente": "SIGIF/GVA Rayos 24h KMZ"
      },
      "geometry": {
        "type": "Point",
        "coordinates": [
          -1.5651,
          39.2999
        ]
      }
    },
    {
      "type": "Feature",
      "properties": {
        "name": "04/10/2026 20:22:47",
        "COORD": "-1,577,39,3041",
        "DATE": "2026-10-04",
        "TIME": "20:22",
        "MXI": "23,1 kA.",
        "STR": "0",
        "SMA": "0,375 Km.",
        "SMI": "0,13400002 Km.",
        "CHI": "0,3",
        "metvlc_time_utc": "2026-10-04T18:22:00+00:00",
        "metvlc_time_source": "date+time",
        "metvlc_has_real_time": true,
        "metvlc_captura_utc": "2026-10-05T12:17:54+00:00",
        "metvlc_last_seen_utc": "2026-10-05T12:17:54+00:00",
        "metvlc_fuente": "SIGIF/GVA Rayos 24h KMZ"
      },
      "geometry": {
        "type": "Point",
        "coordinates": [
          -1.577,
          39.3041
        ]
      }
    },
    {
      "type": "Feature",
      "properties": {
        "name": "04/10/2026 20:31:50",
        "COORD": "-1,6662,39,3362",
        "DATE": "2026-10-04",
        "TIME": "20:31",
        "MXI": "-11,52 kA.",
        "STR": "0",
        "SMA": "0,189 Km.",
        "SMI": "0,13100001 Km.",
        "CHI": "0,7",
        "metvlc_time_utc": "2026-10-04T18:31:00+00:00",
        "metvlc_time_source": "date+time",
        "metvlc_has_real_time": true,
        "metvlc_captura_utc": "2026-10-05T12:17:54+00:00",
        "metvlc_last_seen_utc": "2026-10-05T12:17:54+00:00",
        "metvlc_fuente": "SIGIF/GVA Rayos 24h KMZ"
      },
      "geometry": {
        "type": "Point",
        "coordinates": [
          -1.6662,
          39.3362
        ]
      }
    },
    {
      "type": "Feature",
      "properties": {
        "name": "04/10/2026 20:34:17",
        "COORD": "-1,6161,39,3985",
        "DATE": "2026-10-04",
        "TIME": "20:34",
        "MXI": "-14,89 kA.",
        "STR": "0",
        "SMA": "0,18 Km.",
        "SMI": "0,13099998 Km.",
        "CHI": "0,8",
        "metvlc_time_utc": "2026-10-04T18:34:00+00:00",
        "metvlc_time_source": "date+time",
        "metvlc_has_real_time": true,
        "metvlc_captura_utc": "2026-10-05T12:17:54+00:00",
        "metvlc_last_seen_utc": "2026-10-05T12:17:54+00:00",
        "metvlc_fuente": "SIGIF/GVA Rayos 24h KMZ"
      },
      "geometry": {
        "type": "Point",
        "coordinates": [
          -1.6161,
          39.3985
        ]
      }
    },
    {
      "type": "Feature",
      "properties": {
        "name": "04/10/2026 20:37:56",
        "COORD": "-1,594,39,3908",
        "DATE": "2026-10-04",
        "TIME": "20:37",
        "MXI": "-16,5 kA.",
        "STR": "0",
        "SMA": "0,174 Km.",
        "SMI": "0,13100003 Km.",
        "CHI": "0,7",
        "metvlc_time_utc": "2026-10-04T18:37:00+00:00",
        "metvlc_time_source": "date+time",
        "metvlc_has_real_time": true,
        "metvlc_captura_utc": "2026-10-05T12:17:54+00:00",
        "metvlc_last_seen_utc": "2026-10-05T12:17:54+00:00",
        "metvlc_fuente": "SIGIF/GVA Rayos 24h KMZ"
      },
      "geometry": {
        "type": "Point",
        "coordinates": [
          -1.594,
          39.3908
        ]
      }
    },
    {
      "type": "Feature",
      "properties": {
        "name": "04/10/2026 20:37:56",
        "COORD": "-1,5941,39,3905",
        "DATE": "2026-10-04",
        "TIME": "20:37",
        "MXI": "-20,24 kA.",
        "STR": "0",
        "SMA": "0,188 Km.",
        "SMI": "0,139 Km.",
        "CHI": "0,6",
        "metvlc_time_utc": "2026-10-04T18:37:00+00:00",
        "metvlc_time_source": "date+time",
        "metvlc_has_real_time": true,
        "metvlc_captura_utc": "2026-10-05T12:17:54+00:00",
        "metvlc_last_seen_utc": "2026-10-05T12:17:54+00:00",
        "metvlc_fuente": "SIGIF/GVA Rayos 24h KMZ"
      },
      "geometry": {
        "type": "Point",
        "coordinates": [
          -1.5941,
          39.3905
        ]
      }
    },
    {
      "type": "Feature",
      "properties": {
        "name": "04/10/2026 20:39:05",
        "COORD": "-1,699,39,3466",
        "DATE": "2026-10-04",
        "TIME": "20:39",
        "MXI": "-5,89 kA.",
        "STR": "0",
        "SMA": "9,421 Km.",
        "SMI": "0,275 Km.",
        "CHI": "0",
        "metvlc_time_utc": "2026-10-04T18:39:00+00:00",
        "metvlc_time_source": "date+time",
        "metvlc_has_real_time": true,
        "metvlc_captura_utc": "2026-10-05T12:17:54+00:00",
        "metvlc_last_seen_utc": "2026-10-05T12:17:54+00:00",
        "metvlc_fuente": "SIGIF/GVA Rayos 24h KMZ"
      },
      "geometry": {
        "type": "Point",
        "coordinates": [
          -1.699,
          39.3466
        ]
      }
    },
    {
      "type": "Feature",
      "properties": {
        "name": "04/10/2026 20:40:28",
        "COORD": "-1,6658,39,3766",
        "DATE": "2026-10-04",
        "TIME": "20:40",
        "MXI": "-13,24 kA.",
        "STR": "0",
        "SMA": "0,181 Km.",
        "SMI": "0,13400002 Km.",
        "CHI": "0,9",
        "metvlc_time_utc": "2026-10-04T18:40:00+00:00",
        "metvlc_time_source": "date+time",
        "metvlc_has_real_time": true,
        "metvlc_captura_utc": "2026-10-05T12:17:54+00:00",
        "metvlc_last_seen_utc": "2026-10-05T12:17:54+00:00",
        "metvlc_fuente": "SIGIF/GVA Rayos 24h KMZ"
      },
      "geometry": {
        "type": "Point",
        "coordinates": [
          -1.6658,
          39.3766
        ]
      }
    },
    {
      "type": "Feature",
      "properties": {
        "name": "04/10/2026 20:42:20",
        "COORD": "-1,2765,38,8246",
        "DATE": "2026-10-04",
        "TIME": "20:42",
        "MXI": "61,87 kA.",
        "STR": "0",
        "SMA": "0,177 Km.",
        "SMI": "0,13900003 Km.",
        "CHI": "1,5",
        "metvlc_time_utc": "2026-10-04T18:42:00+00:00",
        "metvlc_time_source": "date+time",
        "metvlc_has_real_time": true,
        "metvlc_captura_utc": "2026-10-05T12:17:54+00:00",
        "metvlc_last_seen_utc": "2026-10-05T12:17:54+00:00",
        "metvlc_fuente": "SIGIF/GVA Rayos 24h KMZ"
      },
      "geometry": {
        "type": "Point",
        "coordinates": [
          -1.2765,
          38.8246
        ]
      }
    },
    {
      "type": "Feature",
      "properties": {
        "name": "04/10/2026 20:44:11",
        "COORD": "-1,2603,38,8026",
        "DATE": "2026-10-04",
        "TIME": "20:44",
        "MXI": "21,54 kA.",
        "STR": "0",
        "SMA": "0,212 Km.",
        "SMI": "0,141 Km.",
        "CHI": "0,7",
        "metvlc_time_utc": "2026-10-04T18:44:00+00:00",
        "metvlc_time_source": "date+time",
        "metvlc_has_real_time": true,
        "metvlc_captura_utc": "2026-10-05T12:17:54+00:00",
        "metvlc_last_seen_utc": "2026-10-05T12:17:54+00:00",
        "metvlc_fuente": "SIGIF/GVA Rayos 24h KMZ"
      },
      "geometry": {
        "type": "Point",
        "coordinates": [
          -1.2603,
          38.8026
        ]
      }
    },
    {
      "type": "Feature",
      "properties": {
        "name": "04/10/2026 20:46:57",
        "COORD": "-1,6108,39,4179",
        "DATE": "2026-10-04",
        "TIME": "20:46",
        "MXI": "-11,83 kA.",
        "STR": "0",
        "SMA": "0,185 Km.",
        "SMI": "0,12200004 Km.",
        "CHI": "0,3",
        "metvlc_time_utc": "2026-10-04T18:46:00+00:00",
        "metvlc_time_source": "date+time",
        "metvlc_has_real_time": true,
        "metvlc_captura_utc": "2026-10-05T12:17:54+00:00",
        "metvlc_last_seen_utc": "2026-10-05T12:17:54+00:00",
        "metvlc_fuente": "SIGIF/GVA Rayos 24h KMZ"
      },
      "geometry": {
        "type": "Point",
        "coordinates": [
          -1.6108,
          39.4179
        ]
      }
    },
    {
      "type": "Feature",
      "properties": {
        "name": "04/10/2026 20:50:02",
        "COORD": "-1,6937,39,3627",
        "DATE": "2026-10-04",
        "TIME": "20:50",
        "MXI": "-10,6 kA.",
        "STR": "0",
        "SMA": "0,181 Km.",
        "SMI": "0,13499996 Km.",
        "CHI": "0,6",
        "metvlc_time_utc": "2026-10-04T18:50:00+00:00",
        "metvlc_time_source": "date+time",
        "metvlc_has_real_time": true,
        "metvlc_captura_utc": "2026-10-05T12:17:54+00:00",
        "metvlc_last_seen_utc": "2026-10-05T12:17:54+00:00",
        "metvlc_fuente": "SIGIF/GVA Rayos 24h KMZ"
      },
      "geometry": {
        "type": "Point",
        "coordinates": [
          -1.6937,
          39.3627
        ]
      }
    },
    {
      "type": "Feature",
      "properties": {
        "name": "04/10/2026 20:50:15",
        "COORD": "-1,6891,39,4395",
        "DATE": "2026-10-04",
        "TIME": "20:50",
        "MXI": "-6,29 kA.",
        "STR": "0",
        "SMA": "9,9 Km.",
        "SMI": "0,289 Km.",
        "CHI": "0,8",
        "metvlc_time_utc": "2026-10-04T18:50:00+00:00",
        "metvlc_time_source": "date+time",
        "metvlc_has_real_time": true,
        "metvlc_captura_utc": "2026-10-05T12:17:54+00:00",
        "metvlc_last_seen_utc": "2026-10-05T12:17:54+00:00",
        "metvlc_fuente": "SIGIF/GVA Rayos 24h KMZ"
      },
      "geometry": {
        "type": "Point",
        "coordinates": [
          -1.6891,
          39.4395
        ]
      }
    },
    {
      "type": "Feature",
      "properties": {
        "name": "04/10/2026 20:52:55",
        "COORD": "-1,6501,39,3479",
        "DATE": "2026-10-04",
        "TIME": "20:52",
        "MXI": "-8,83 kA.",
        "STR": "0",
        "SMA": "0,735 Km.",
        "SMI": "0,22599997 Km.",
        "CHI": "0,1",
        "metvlc_time_utc": "2026-10-04T18:52:00+00:00",
        "metvlc_time_source": "date+time",
        "metvlc_has_real_time": true,
        "metvlc_captura_utc": "2026-10-05T12:17:54+00:00",
        "metvlc_last_seen_utc": "2026-10-05T12:17:54+00:00",
        "metvlc_fuente": "SIGIF/GVA Rayos 24h KMZ"
      },
      "geometry": {
        "type": "Point",
        "coordinates": [
          -1.6501,
          39.3479
        ]
      }
    },
    {
      "type": "Feature",
      "properties": {
        "name": "04/10/2026 20:53:52",
        "COORD": "-1,6687,39,3545",
        "DATE": "2026-10-04",
        "TIME": "20:53",
        "MXI": "-8,23 kA.",
        "STR": "0",
        "SMA": "0,424 Km.",
        "SMI": "0,212 Km.",
        "CHI": "1",
        "metvlc_time_utc": "2026-10-04T18:53:00+00:00",
        "metvlc_time_source": "date+time",
        "metvlc_has_real_time": true,
        "metvlc_captura_utc": "2026-10-05T12:17:54+00:00",
        "metvlc_last_seen_utc": "2026-10-05T12:17:54+00:00",
        "metvlc_fuente": "SIGIF/GVA Rayos 24h KMZ"
      },
      "geometry": {
        "type": "Point",
        "coordinates": [
          -1.6687,
          39.3545
        ]
      }
    },
    {
      "type": "Feature",
      "properties": {
        "name": "04/10/2026 20:55:09",
        "COORD": "-1,6806,39,3672",
        "DATE": "2026-10-04",
        "TIME": "20:55",
        "MXI": "-5,81 kA.",
        "STR": "0",
        "SMA": "0,423 Km.",
        "SMI": "0,20099998 Km.",
        "CHI": "0,3",
        "metvlc_time_utc": "2026-10-04T18:55:00+00:00",
        "metvlc_time_source": "date+time",
        "metvlc_has_real_time": true,
        "metvlc_captura_utc": "2026-10-05T12:17:54+00:00",
        "metvlc_last_seen_utc": "2026-10-05T12:17:54+00:00",
        "metvlc_fuente": "SIGIF/GVA Rayos 24h KMZ"
      },
      "geometry": {
        "type": "Point",
        "coordinates": [
          -1.6806,
          39.3672
        ]
      }
    },
    {
      "type": "Feature",
      "properties": {
        "name": "04/10/2026 20:55:49",
        "COORD": "-1,499,39,4149",
        "DATE": "2026-10-04",
        "TIME": "20:55",
        "MXI": "-6,95 kA.",
        "STR": "0",
        "SMA": "0,49 Km.",
        "SMI": "0,206 Km.",
        "CHI": "0,3",
        "metvlc_time_utc": "2026-10-04T18:55:00+00:00",
        "metvlc_time_source": "date+time",
        "metvlc_has_real_time": true,
        "metvlc_captura_utc": "2026-10-05T12:17:54+00:00",
        "metvlc_last_seen_utc": "2026-10-05T12:17:54+00:00",
        "metvlc_fuente": "SIGIF/GVA Rayos 24h KMZ"
      },
      "geometry": {
        "type": "Point",
        "coordinates": [
          -1.499,
          39.4149
        ]
      }
    },
    {
      "type": "Feature",
      "properties": {
        "name": "04/10/2026 20:57:07",
        "COORD": "-1,6883,39,3843",
        "DATE": "2026-10-04",
        "TIME": "20:57",
        "MXI": "-8,32 kA.",
        "STR": "0",
        "SMA": "0,304 Km.",
        "SMI": "0,21100004 Km.",
        "CHI": "0,7",
        "metvlc_time_utc": "2026-10-04T18:57:00+00:00",
        "metvlc_time_source": "date+time",
        "metvlc_has_real_time": true,
        "metvlc_captura_utc": "2026-10-05T12:17:54+00:00",
        "metvlc_last_seen_utc": "2026-10-05T12:17:54+00:00",
        "metvlc_fuente": "SIGIF/GVA Rayos 24h KMZ"
      },
      "geometry": {
        "type": "Point",
        "coordinates": [
          -1.6883,
          39.3843
        ]
      }
    },
    {
      "type": "Feature",
      "properties": {
        "name": "04/10/2026 20:57:31",
        "COORD": "-1,6608,39,3629",
        "DATE": "2026-10-04",
        "TIME": "20:57",
        "MXI": "61,14 kA.",
        "STR": "0",
        "SMA": "0,18 Km.",
        "SMI": "0,12999995 Km.",
        "CHI": "1,2",
        "metvlc_time_utc": "2026-10-04T18:57:00+00:00",
        "metvlc_time_source": "date+time",
        "metvlc_has_real_time": true,
        "metvlc_captura_utc": "2026-10-05T12:17:54+00:00",
        "metvlc_last_seen_utc": "2026-10-05T12:17:54+00:00",
        "metvlc_fuente": "SIGIF/GVA Rayos 24h KMZ"
      },
      "geometry": {
        "type": "Point",
        "coordinates": [
          -1.6608,
          39.3629
        ]
      }
    },
    {
      "type": "Feature",
      "properties": {
        "name": "04/10/2026 21:07:07",
        "COORD": "-1,6381,39,3638",
        "DATE": "2026-10-04",
        "TIME": "21:07",
        "MXI": "69,38 kA.",
        "STR": "0",
        "SMA": "0,183 Km.",
        "SMI": "0,122 Km.",
        "CHI": "1,1",
        "metvlc_time_utc": "2026-10-04T19:07:00+00:00",
        "metvlc_time_source": "date+time",
        "metvlc_has_real_time": true,
        "metvlc_captura_utc": "2026-10-05T12:17:54+00:00",
        "metvlc_last_seen_utc": "2026-10-05T12:17:54+00:00",
        "metvlc_fuente": "SIGIF/GVA Rayos 24h KMZ"
      },
      "geometry": {
        "type": "Point",
        "coordinates": [
          -1.6381,
          39.3638
        ]
      }
    },
    {
      "type": "Feature",
      "properties": {
        "name": "04/10/2026 21:08:11",
        "COORD": "-1,6424,39,4028",
        "DATE": "2026-10-04",
        "TIME": "21:08",
        "MXI": "37,08 kA.",
        "STR": "0",
        "SMA": "0,182 Km.",
        "SMI": "0,133 Km.",
        "CHI": "1,5",
        "metvlc_time_utc": "2026-10-04T19:08:00+00:00",
        "metvlc_time_source": "date+time",
        "metvlc_has_real_time": true,
        "metvlc_captura_utc": "2026-10-05T12:17:54+00:00",
        "metvlc_last_seen_utc": "2026-10-05T12:17:54+00:00",
        "metvlc_fuente": "SIGIF/GVA Rayos 24h KMZ"
      },
      "geometry": {
        "type": "Point",
        "coordinates": [
          -1.6424,
          39.4028
        ]
      }
    },
    {
      "type": "Feature",
      "properties": {
        "name": "04/10/2026 21:09:19",
        "COORD": "-1,5805,39,3435",
        "DATE": "2026-10-04",
        "TIME": "21:09",
        "MXI": "-18,09 kA.",
        "STR": "0",
        "SMA": "0,177 Km.",
        "SMI": "0,12999995 Km.",
        "CHI": "0,9",
        "metvlc_time_utc": "2026-10-04T19:09:00+00:00",
        "metvlc_time_source": "date+time",
        "metvlc_has_real_time": true,
        "metvlc_captura_utc": "2026-10-05T12:17:54+00:00",
        "metvlc_last_seen_utc": "2026-10-05T12:17:54+00:00",
        "metvlc_fuente": "SIGIF/GVA Rayos 24h KMZ"
      },
      "geometry": {
        "type": "Point",
        "coordinates": [
          -1.5805,
          39.3435
        ]
      }
    },
    {
      "type": "Feature",
      "properties": {
        "name": "04/10/2026 21:09:46",
        "COORD": "-1,588,39,3474",
        "DATE": "2026-10-04",
        "TIME": "21:09",
        "MXI": "-17,38 kA.",
        "STR": "0",
        "SMA": "0,182 Km.",
        "SMI": "0,12699999 Km.",
        "CHI": "1,1",
        "metvlc_time_utc": "2026-10-04T19:09:00+00:00",
        "metvlc_time_source": "date+time",
        "metvlc_has_real_time": true,
        "metvlc_captura_utc": "2026-10-05T12:17:54+00:00",
        "metvlc_last_seen_utc": "2026-10-05T12:17:54+00:00",
        "metvlc_fuente": "SIGIF/GVA Rayos 24h KMZ"
      },
      "geometry": {
        "type": "Point",
        "coordinates": [
          -1.588,
          39.3474
        ]
      }
    },
    {
      "type": "Feature",
      "properties": {
        "name": "04/10/2026 21:12:39",
        "COORD": "-1,6841,39,427",
        "DATE": "2026-10-04",
        "TIME": "21:12",
        "MXI": "37,26 kA.",
        "STR": "0",
        "SMA": "0,179 Km.",
        "SMI": "0,13100003 Km.",
        "CHI": "1,6",
        "metvlc_time_utc": "2026-10-04T19:12:00+00:00",
        "metvlc_time_source": "date+time",
        "metvlc_has_real_time": true,
        "metvlc_captura_utc": "2026-10-05T12:17:54+00:00",
        "metvlc_last_seen_utc": "2026-10-05T12:17:54+00:00",
        "metvlc_fuente": "SIGIF/GVA Rayos 24h KMZ"
      },
      "geometry": {
        "type": "Point",
        "coordinates": [
          -1.6841,
          39.427
        ]
      }
    },
    {
      "type": "Feature",
      "properties": {
        "name": "04/10/2026 21:12:40",
        "COORD": "-1,6466,39,3979",
        "DATE": "2026-10-04",
        "TIME": "21:12",
        "MXI": "-14,84 kA.",
        "STR": "0",
        "SMA": "0,183 Km.",
        "SMI": "0,13299999 Km.",
        "CHI": "0,6",
        "metvlc_time_utc": "2026-10-04T19:12:00+00:00",
        "metvlc_time_source": "date+time",
        "metvlc_has_real_time": true,
        "metvlc_captura_utc": "2026-10-05T12:17:54+00:00",
        "metvlc_last_seen_utc": "2026-10-05T12:17:54+00:00",
        "metvlc_fuente": "SIGIF/GVA Rayos 24h KMZ"
      },
      "geometry": {
        "type": "Point",
        "coordinates": [
          -1.6466,
          39.3979
        ]
      }
    },
    {
      "type": "Feature",
      "properties": {
        "name": "04/10/2026 21:12:40",
        "COORD": "-1,6311,39,3807",
        "DATE": "2026-10-04",
        "TIME": "21:12",
        "MXI": "-8,26 kA.",
        "STR": "0",
        "SMA": "0,243 Km.",
        "SMI": "0,17199996 Km.",
        "CHI": "0,5",
        "metvlc_time_utc": "2026-10-04T19:12:00+00:00",
        "metvlc_time_source": "date+time",
        "metvlc_has_real_time": true,
        "metvlc_captura_utc": "2026-10-05T12:17:54+00:00",
        "metvlc_last_seen_utc": "2026-10-05T12:17:54+00:00",
        "metvlc_fuente": "SIGIF/GVA Rayos 24h KMZ"
      },
      "geometry": {
        "type": "Point",
        "coordinates": [
          -1.6311,
          39.3807
        ]
      }
    },
    {
      "type": "Feature",
      "properties": {
        "name": "04/10/2026 21:13:43",
        "COORD": "-1,6119,39,4108",
        "DATE": "2026-10-04",
        "TIME": "21:13",
        "MXI": "-10,32 kA.",
        "STR": "0",
        "SMA": "0,189 Km.",
        "SMI": "0,15900004 Km.",
        "CHI": "0,6",
        "metvlc_time_utc": "2026-10-04T19:13:00+00:00",
        "metvlc_time_source": "date+time",
        "metvlc_has_real_time": true,
        "metvlc_captura_utc": "2026-10-05T12:17:54+00:00",
        "metvlc_last_seen_utc": "2026-10-05T12:17:54+00:00",
        "metvlc_fuente": "SIGIF/GVA Rayos 24h KMZ"
      },
      "geometry": {
        "type": "Point",
        "coordinates": [
          -1.6119,
          39.4108
        ]
      }
    },
    {
      "type": "Feature",
      "properties": {
        "name": "04/10/2026 21:14:12",
        "COORD": "-1,6428,39,4059",
        "DATE": "2026-10-04",
        "TIME": "21:14",
        "MXI": "-14,1 kA.",
        "STR": "0",
        "SMA": "0,355 Km.",
        "SMI": "0,18200004 Km.",
        "CHI": "1,1",
        "metvlc_time_utc": "2026-10-04T19:14:00+00:00",
        "metvlc_time_source": "date+time",
        "metvlc_has_real_time": true,
        "metvlc_captura_utc": "2026-10-05T12:17:54+00:00",
        "metvlc_last_seen_utc": "2026-10-05T12:17:54+00:00",
        "metvlc_fuente": "SIGIF/GVA Rayos 24h KMZ"
      },
      "geometry": {
        "type": "Point",
        "coordinates": [
          -1.6428,
          39.4059
        ]
      }
    },
    {
      "type": "Feature",
      "properties": {
        "name": "04/10/2026 21:14:12",
        "COORD": "-1,6816,39,4416",
        "DATE": "2026-10-04",
        "TIME": "21:14",
        "MXI": "33,39 kA.",
        "STR": "0",
        "SMA": "0,182 Km.",
        "SMI": "0,13899995 Km.",
        "CHI": "1,8",
        "metvlc_time_utc": "2026-10-04T19:14:00+00:00",
        "metvlc_time_source": "date+time",
        "metvlc_has_real_time": true,
        "metvlc_captura_utc": "2026-10-05T12:17:54+00:00",
        "metvlc_last_seen_utc": "2026-10-05T12:17:54+00:00",
        "metvlc_fuente": "SIGIF/GVA Rayos 24h KMZ"
      },
      "geometry": {
        "type": "Point",
        "coordinates": [
          -1.6816,
          39.4416
        ]
      }
    },
    {
      "type": "Feature",
      "properties": {
        "name": "04/10/2026 21:15:15",
        "COORD": "-1,6547,39,3808",
        "DATE": "2026-10-04",
        "TIME": "21:15",
        "MXI": "-13,12 kA.",
        "STR": "0",
        "SMA": "0,191 Km.",
        "SMI": "0,12900001 Km.",
        "CHI": "0,5",
        "metvlc_time_utc": "2026-10-04T19:15:00+00:00",
        "metvlc_time_source": "date+time",
        "metvlc_has_real_time": true,
        "metvlc_captura_utc": "2026-10-05T12:17:54+00:00",
        "metvlc_last_seen_utc": "2026-10-05T12:17:54+00:00",
        "metvlc_fuente": "SIGIF/GVA Rayos 24h KMZ"
      },
      "geometry": {
        "type": "Point",
        "coordinates": [
          -1.6547,
          39.3808
        ]
      }
    },
    {
      "type": "Feature",
      "properties": {
        "name": "04/10/2026 21:15:15",
        "COORD": "-1,6547,39,3814",
        "DATE": "2026-10-04",
        "TIME": "21:15",
        "MXI": "-7,1 kA.",
        "STR": "0",
        "SMA": "0,321 Km.",
        "SMI": "0,18300004 Km.",
        "CHI": "0,4",
        "metvlc_time_utc": "2026-10-04T19:15:00+00:00",
        "metvlc_time_source": "date+time",
        "metvlc_has_real_time": true,
        "metvlc_captura_utc": "2026-10-05T12:17:54+00:00",
        "metvlc_last_seen_utc": "2026-10-05T12:17:54+00:00",
        "metvlc_fuente": "SIGIF/GVA Rayos 24h KMZ"
      },
      "geometry": {
        "type": "Point",
        "coordinates": [
          -1.6547,
          39.3814
        ]
      }
    },
    {
      "type": "Feature",
      "properties": {
        "name": "04/10/2026 21:15:15",
        "COORD": "-1,6549,39,3812",
        "DATE": "2026-10-04",
        "TIME": "21:15",
        "MXI": "-7,65 kA.",
        "STR": "0",
        "SMA": "0,239 Km.",
        "SMI": "0,19599995 Km.",
        "CHI": "0,7",
        "metvlc_time_utc": "2026-10-04T19:15:00+00:00",
        "metvlc_time_source": "date+time",
        "metvlc_has_real_time": true,
        "metvlc_captura_utc": "2026-10-05T12:17:54+00:00",
        "metvlc_last_seen_utc": "2026-10-05T12:17:54+00:00",
        "metvlc_fuente": "SIGIF/GVA Rayos 24h KMZ"
      },
      "geometry": {
        "type": "Point",
        "coordinates": [
          -1.6549,
          39.3812
        ]
      }
    },
    {
      "type": "Feature",
      "properties": {
        "name": "04/10/2026 21:17:37",
        "COORD": "-1,6034,39,4484",
        "DATE": "2026-10-04",
        "TIME": "21:17",
        "MXI": "18,6 kA.",
        "STR": "0",
        "SMA": "0,223 Km.",
        "SMI": "0,12300002 Km.",
        "CHI": "0,9",
        "metvlc_time_utc": "2026-10-04T19:17:00+00:00",
        "metvlc_time_source": "date+time",
        "metvlc_has_real_time": true,
        "metvlc_captura_utc": "2026-10-05T12:17:54+00:00",
        "metvlc_last_seen_utc": "2026-10-05T12:17:54+00:00",
        "metvlc_fuente": "SIGIF/GVA Rayos 24h KMZ"
      },
      "geometry": {
        "type": "Point",
        "coordinates": [
          -1.6034,
          39.4484
        ]
      }
    },
    {
      "type": "Feature",
      "properties": {
        "name": "04/10/2026 21:17:37",
        "COORD": "-1,6025,39,448",
        "DATE": "2026-10-04",
        "TIME": "21:17",
        "MXI": "-17,1 kA.",
        "STR": "0",
        "SMA": "0,174 Km.",
        "SMI": "0,14000002 Km.",
        "CHI": "0,5",
        "metvlc_time_utc": "2026-10-04T19:17:00+00:00",
        "metvlc_time_source": "date+time",
        "metvlc_has_real_time": true,
        "metvlc_captura_utc": "2026-10-05T12:17:54+00:00",
        "metvlc_last_seen_utc": "2026-10-05T12:17:54+00:00",
        "metvlc_fuente": "SIGIF/GVA Rayos 24h KMZ"
      },
      "geometry": {
        "type": "Point",
        "coordinates": [
          -1.6025,
          39.448
        ]
      }
    },
    {
      "type": "Feature",
      "properties": {
        "name": "04/10/2026 21:17:59",
        "COORD": "-1,5586,39,4079",
        "DATE": "2026-10-04",
        "TIME": "21:17",
        "MXI": "-20,92 kA.",
        "STR": "0",
        "SMA": "0,185 Km.",
        "SMI": "0,126 Km.",
        "CHI": "0,8",
        "metvlc_time_utc": "2026-10-04T19:17:00+00:00",
        "metvlc_time_source": "date+time",
        "metvlc_has_real_time": true,
        "metvlc_captura_utc": "2026-10-05T12:17:54+00:00",
        "metvlc_last_seen_utc": "2026-10-05T12:17:54+00:00",
        "metvlc_fuente": "SIGIF/GVA Rayos 24h KMZ"
      },
      "geometry": {
        "type": "Point",
        "coordinates": [
          -1.5586,
          39.4079
        ]
      }
    },
    {
      "type": "Feature",
      "properties": {
        "name": "04/10/2026 21:17:59",
        "COORD": "-1,5586,39,4087",
        "DATE": "2026-10-04",
        "TIME": "21:17",
        "MXI": "-10,62 kA.",
        "STR": "0",
        "SMA": "0,171 Km.",
        "SMI": "0,13400005 Km.",
        "CHI": "0,6",
        "metvlc_time_utc": "2026-10-04T19:17:00+00:00",
        "metvlc_time_source": "date+time",
        "metvlc_has_real_time": true,
        "metvlc_captura_utc": "2026-10-05T12:17:54+00:00",
        "metvlc_last_seen_utc": "2026-10-05T12:17:54+00:00",
        "metvlc_fuente": "SIGIF/GVA Rayos 24h KMZ"
      },
      "geometry": {
        "type": "Point",
        "coordinates": [
          -1.5586,
          39.4087
        ]
      }
    },
    {
      "type": "Feature",
      "properties": {
        "name": "04/10/2026 21:18:54",
        "COORD": "-1,6083,39,4099",
        "DATE": "2026-10-04",
        "TIME": "21:18",
        "MXI": "-17,56 kA.",
        "STR": "0",
        "SMA": "0,177 Km.",
        "SMI": "0,133 Km.",
        "CHI": "0,8",
        "metvlc_time_utc": "2026-10-04T19:18:00+00:00",
        "metvlc_time_source": "date+time",
        "metvlc_has_real_time": true,
        "metvlc_captura_utc": "2026-10-05T12:17:54+00:00",
        "metvlc_last_seen_utc": "2026-10-05T12:17:54+00:00",
        "metvlc_fuente": "SIGIF/GVA Rayos 24h KMZ"
      },
      "geometry": {
        "type": "Point",
        "coordinates": [
          -1.6083,
          39.4099
        ]
      }
    },
    {
      "type": "Feature",
      "properties": {
        "name": "04/10/2026 21:19:44",
        "COORD": "-1,6121,39,4759",
        "DATE": "2026-10-04",
        "TIME": "21:19",
        "MXI": "-13,48 kA.",
        "STR": "0",
        "SMA": "0,181 Km.",
        "SMI": "0,13100003 Km.",
        "CHI": "0,6",
        "metvlc_time_utc": "2026-10-04T19:19:00+00:00",
        "metvlc_time_source": "date+time",
        "metvlc_has_real_time": true,
        "metvlc_captura_utc": "2026-10-05T12:17:54+00:00",
        "metvlc_last_seen_utc": "2026-10-05T12:17:54+00:00",
        "metvlc_fuente": "SIGIF/GVA Rayos 24h KMZ"
      },
      "geometry": {
        "type": "Point",
        "coordinates": [
          -1.6121,
          39.4759
        ]
      }
    },
    {
      "type": "Feature",
      "properties": {
        "name": "04/10/2026 21:19:44",
        "COORD": "-1,6123,39,4763",
        "DATE": "2026-10-04",
        "TIME": "21:19",
        "MXI": "-7 kA.",
        "STR": "0",
        "SMA": "0,24 Km.",
        "SMI": "0,20399992 Km.",
        "CHI": "0,6",
        "metvlc_time_utc": "2026-10-04T19:19:00+00:00",
        "metvlc_time_source": "date+time",
        "metvlc_has_real_time": true,
        "metvlc_captura_utc": "2026-10-05T12:17:54+00:00",
        "metvlc_last_seen_utc": "2026-10-05T12:17:54+00:00",
        "metvlc_fuente": "SIGIF/GVA Rayos 24h KMZ"
      },
      "geometry": {
        "type": "Point",
        "coordinates": [
          -1.6123,
          39.4763
        ]
      }
    },
    {
      "type": "Feature",
      "properties": {
        "name": "04/10/2026 21:19:44",
        "COORD": "-1,6121,39,4754",
        "DATE": "2026-10-04",
        "TIME": "21:19",
        "MXI": "-23,91 kA.",
        "STR": "0",
        "SMA": "0,18 Km.",
        "SMI": "0,13299996 Km.",
        "CHI": "0,9",
        "metvlc_time_utc": "2026-10-04T19:19:00+00:00",
        "metvlc_time_source": "date+time",
        "metvlc_has_real_time": true,
        "metvlc_captura_utc": "2026-10-05T12:17:54+00:00",
        "metvlc_last_seen_utc": "2026-10-05T12:17:54+00:00",
        "metvlc_fuente": "SIGIF/GVA Rayos 24h KMZ"
      },
      "geometry": {
        "type": "Point",
        "coordinates": [
          -1.6121,
          39.4754
        ]
      }
    },
    {
      "type": "Feature",
      "properties": {
        "name": "04/10/2026 21:19:45",
        "COORD": "-1,6124,39,4758",
        "DATE": "2026-10-04",
        "TIME": "21:19",
        "MXI": "-8,57 kA.",
        "STR": "0",
        "SMA": "0,183 Km.",
        "SMI": "0,15799998 Km.",
        "CHI": "0,8",
        "metvlc_time_utc": "2026-10-04T19:19:00+00:00",
        "metvlc_time_source": "date+time",
        "metvlc_has_real_time": true,
        "metvlc_captura_utc": "2026-10-05T12:17:54+00:00",
        "metvlc_last_seen_utc": "2026-10-05T12:17:54+00:00",
        "metvlc_fuente": "SIGIF/GVA Rayos 24h KMZ"
      },
      "geometry": {
        "type": "Point",
        "coordinates": [
          -1.6124,
          39.4758
        ]
      }
    },
    {
      "type": "Feature",
      "properties": {
        "name": "04/10/2026 21:20:12",
        "COORD": "-1,5004,39,3889",
        "DATE": "2026-10-04",
        "TIME": "21:20",
        "MXI": "-10,99 kA.",
        "STR": "0",
        "SMA": "0,172 Km.",
        "SMI": "0,13699993 Km.",
        "CHI": "0,5",
        "metvlc_time_utc": "2026-10-04T19:20:00+00:00",
        "metvlc_time_source": "date+time",
        "metvlc_has_real_time": true,
        "metvlc_captura_utc": "2026-10-05T12:17:54+00:00",
        "metvlc_last_seen_utc": "2026-10-05T12:17:54+00:00",
        "metvlc_fuente": "SIGIF/GVA Rayos 24h KMZ"
      },
      "geometry": {
        "type": "Point",
        "coordinates": [
          -1.5004,
          39.3889
        ]
      }
    },
    {
      "type": "Feature",
      "properties": {
        "name": "04/10/2026 21:21:13",
        "COORD": "-1,5565,39,4074",
        "DATE": "2026-10-04",
        "TIME": "21:21",
        "MXI": "-9,47 kA.",
        "STR": "0",
        "SMA": "0,172 Km.",
        "SMI": "0,14399993 Km.",
        "CHI": "0,4",
        "metvlc_time_utc": "2026-10-04T19:21:00+00:00",
        "metvlc_time_source": "date+time",
        "metvlc_has_real_time": true,
        "metvlc_captura_utc": "2026-10-05T12:17:54+00:00",
        "metvlc_last_seen_utc": "2026-10-05T12:17:54+00:00",
        "metvlc_fuente": "SIGIF/GVA Rayos 24h KMZ"
      },
      "geometry": {
        "type": "Point",
        "coordinates": [
          -1.5565,
          39.4074
        ]
      }
    },
    {
      "type": "Feature",
      "properties": {
        "name": "04/10/2026 21:21:13",
        "COORD": "-1,5568,39,4088",
        "DATE": "2026-10-04",
        "TIME": "21:21",
        "MXI": "-6,2 kA.",
        "STR": "0",
        "SMA": "0,452 Km.",
        "SMI": "0,21299997 Km.",
        "CHI": "1,5",
        "metvlc_time_utc": "2026-10-04T19:21:00+00:00",
        "metvlc_time_source": "date+time",
        "metvlc_has_real_time": true,
        "metvlc_captura_utc": "2026-10-05T12:17:54+00:00",
        "metvlc_last_seen_utc": "2026-10-05T12:17:54+00:00",
        "metvlc_fuente": "SIGIF/GVA Rayos 24h KMZ"
      },
      "geometry": {
        "type": "Point",
        "coordinates": [
          -1.5568,
          39.4088
        ]
      }
    },
    {
      "type": "Feature",
      "properties": {
        "name": "04/10/2026 21:21:58",
        "COORD": "-1,4683,39,4016",
        "DATE": "2026-10-04",
        "TIME": "21:21",
        "MXI": "-6,06 kA.",
        "STR": "0",
        "SMA": "0,238 Km.",
        "SMI": "0,17699997 Km.",
        "CHI": "0,3",
        "metvlc_time_utc": "2026-10-04T19:21:00+00:00",
        "metvlc_time_source": "date+time",
        "metvlc_has_real_time": true,
        "metvlc_captura_utc": "2026-10-05T12:17:54+00:00",
        "metvlc_last_seen_utc": "2026-10-05T12:17:54+00:00",
        "metvlc_fuente": "SIGIF/GVA Rayos 24h KMZ"
      },
      "geometry": {
        "type": "Point",
        "coordinates": [
          -1.4683,
          39.4016
        ]
      }
    },
    {
      "type": "Feature",
      "properties": {
        "name": "04/10/2026 21:22:38",
        "COORD": "-1,5678,39,4606",
        "DATE": "2026-10-04",
        "TIME": "21:22",
        "MXI": "-26,98 kA.",
        "STR": "0",
        "SMA": "0,183 Km.",
        "SMI": "0,13899997 Km.",
        "CHI": "0,7",
        "metvlc_time_utc": "2026-10-04T19:22:00+00:00",
        "metvlc_time_source": "date+time",
        "metvlc_has_real_time": true,
        "metvlc_captura_utc": "2026-10-05T12:17:54+00:00",
        "metvlc_last_seen_utc": "2026-10-05T12:17:54+00:00",
        "metvlc_fuente": "SIGIF/GVA Rayos 24h KMZ"
      },
      "geometry": {
        "type": "Point",
        "coordinates": [
          -1.5678,
          39.4606
        ]
      }
    },
    {
      "type": "Feature",
      "properties": {
        "name": "04/10/2026 21:22:38",
        "COORD": "-1,559,39,4391",
        "DATE": "2026-10-04",
        "TIME": "21:22",
        "MXI": "-21,17 kA.",
        "STR": "0",
        "SMA": "0,201 Km.",
        "SMI": "0,122 Km.",
        "CHI": "1",
        "metvlc_time_utc": "2026-10-04T19:22:00+00:00",
        "metvlc_time_source": "date+time",
        "metvlc_has_real_time": true,
        "metvlc_captura_utc": "2026-10-05T12:17:54+00:00",
        "metvlc_last_seen_utc": "2026-10-05T12:17:54+00:00",
        "metvlc_fuente": "SIGIF/GVA Rayos 24h KMZ"
      },
      "geometry": {
        "type": "Point",
        "coordinates": [
          -1.559,
          39.4391
        ]
      }
    },
    {
      "type": "Feature",
      "properties": {
        "name": "04/10/2026 21:22:38",
        "COORD": "-1,559,39,44",
        "DATE": "2026-10-04",
        "TIME": "21:22",
        "MXI": "-40,75 kA.",
        "STR": "0",
        "SMA": "0,159 Km.",
        "SMI": "0,11299996 Km.",
        "CHI": "0,8",
        "metvlc_time_utc": "2026-10-04T19:22:00+00:00",
        "metvlc_time_source": "date+time",
        "metvlc_has_real_time": true,
        "metvlc_captura_utc": "2026-10-05T12:17:54+00:00",
        "metvlc_last_seen_utc": "2026-10-05T12:17:54+00:00",
        "metvlc_fuente": "SIGIF/GVA Rayos 24h KMZ"
      },
      "geometry": {
        "type": "Point",
        "coordinates": [
          -1.559,
          39.44
        ]
      }
    },
    {
      "type": "Feature",
      "properties": {
        "name": "04/10/2026 21:22:38",
        "COORD": "-1,5584,39,4391",
        "DATE": "2026-10-04",
        "TIME": "21:22",
        "MXI": "-20,38 kA.",
        "STR": "0",
        "SMA": "0,181 Km.",
        "SMI": "0,13200001 Km.",
        "CHI": "0,6",
        "metvlc_time_utc": "2026-10-04T19:22:00+00:00",
        "metvlc_time_source": "date+time",
        "metvlc_has_real_time": true,
        "metvlc_captura_utc": "2026-10-05T12:17:54+00:00",
        "metvlc_last_seen_utc": "2026-10-05T12:17:54+00:00",
        "metvlc_fuente": "SIGIF/GVA Rayos 24h KMZ"
      },
      "geometry": {
        "type": "Point",
        "coordinates": [
          -1.5584,
          39.4391
        ]
      }
    },
    {
      "type": "Feature",
      "properties": {
        "name": "04/10/2026 21:22:38",
        "COORD": "-1,5589,39,4402",
        "DATE": "2026-10-04",
        "TIME": "21:22",
        "MXI": "-8,69 kA.",
        "STR": "0",
        "SMA": "0,186 Km.",
        "SMI": "0,15300004 Km.",
        "CHI": "0,1",
        "metvlc_time_utc": "2026-10-04T19:22:00+00:00",
        "metvlc_time_source": "date+time",
        "metvlc_has_real_time": true,
        "metvlc_captura_utc": "2026-10-05T12:17:54+00:00",
        "metvlc_last_seen_utc": "2026-10-05T12:17:54+00:00",
        "metvlc_fuente": "SIGIF/GVA Rayos 24h KMZ"
      },
      "geometry": {
        "type": "Point",
        "coordinates": [
          -1.5589,
          39.4402
        ]
      }
    },
    {
      "type": "Feature",
      "properties": {
        "name": "04/10/2026 21:23:34",
        "COORD": "-1,6007,39,4582",
        "DATE": "2026-10-04",
        "TIME": "21:23",
        "MXI": "-18,39 kA.",
        "STR": "0",
        "SMA": "0,176 Km.",
        "SMI": "0,13000003 Km.",
        "CHI": "0,8",
        "metvlc_time_utc": "2026-10-04T19:23:00+00:00",
        "metvlc_time_source": "date+time",
        "metvlc_has_real_time": true,
        "metvlc_captura_utc": "2026-10-05T12:17:54+00:00",
        "metvlc_last_seen_utc": "2026-10-05T12:17:54+00:00",
        "metvlc_fuente": "SIGIF/GVA Rayos 24h KMZ"
      },
      "geometry": {
        "type": "Point",
        "coordinates": [
          -1.6007,
          39.4582
        ]
      }
    },
    {
      "type": "Feature",
      "properties": {
        "name": "04/10/2026 21:24:10",
        "COORD": "-1,6403,39,4709",
        "DATE": "2026-10-04",
        "TIME": "21:24",
        "MXI": "26,61 kA.",
        "STR": "0",
        "SMA": "0,182 Km.",
        "SMI": "0,12699999 Km.",
        "CHI": "1,1",
        "metvlc_time_utc": "2026-10-04T19:24:00+00:00",
        "metvlc_time_source": "date+time",
        "metvlc_has_real_time": true,
        "metvlc_captura_utc": "2026-10-05T12:17:54+00:00",
        "metvlc_last_seen_utc": "2026-10-05T12:17:54+00:00",
        "metvlc_fuente": "SIGIF/GVA Rayos 24h KMZ"
      },
      "geometry": {
        "type": "Point",
        "coordinates": [
          -1.6403,
          39.4709
        ]
      }
    },
    {
      "type": "Feature",
      "properties": {
        "name": "04/10/2026 21:25:45",
        "COORD": "-1,6316,39,4404",
        "DATE": "2026-10-04",
        "TIME": "21:25",
        "MXI": "-12,72 kA.",
        "STR": "0",
        "SMA": "0,184 Km.",
        "SMI": "0,13100001 Km.",
        "CHI": "0,8",
        "metvlc_time_utc": "2026-10-04T19:25:00+00:00",
        "metvlc_time_source": "date+time",
        "metvlc_has_real_time": true,
        "metvlc_captura_utc": "2026-10-05T12:17:54+00:00",
        "metvlc_last_seen_utc": "2026-10-05T12:17:54+00:00",
        "metvlc_fuente": "SIGIF/GVA Rayos 24h KMZ"
      },
      "geometry": {
        "type": "Point",
        "coordinates": [
          -1.6316,
          39.4404
        ]
      }
    },
    {
      "type": "Feature",
      "properties": {
        "name": "04/10/2026 21:25:46",
        "COORD": "-1,6314,39,4409",
        "DATE": "2026-10-04",
        "TIME": "21:25",
        "MXI": "-9,59 kA.",
        "STR": "0",
        "SMA": "0,239 Km.",
        "SMI": "0,17000003 Km.",
        "CHI": "0,7",
        "metvlc_time_utc": "2026-10-04T19:25:00+00:00",
        "metvlc_time_source": "date+time",
        "metvlc_has_real_time": true,
        "metvlc_captura_utc": "2026-10-05T12:17:54+00:00",
        "metvlc_last_seen_utc": "2026-10-05T12:17:54+00:00",
        "metvlc_fuente": "SIGIF/GVA Rayos 24h KMZ"
      },
      "geometry": {
        "type": "Point",
        "coordinates": [
          -1.6314,
          39.4409
        ]
      }
    },
    {
      "type": "Feature",
      "properties": {
        "name": "04/10/2026 21:25:46",
        "COORD": "-1,6313,39,4406",
        "DATE": "2026-10-04",
        "TIME": "21:25",
        "MXI": "-10,59 kA.",
        "STR": "0",
        "SMA": "0,187 Km.",
        "SMI": "0,13500002 Km.",
        "CHI": "0,6",
        "metvlc_time_utc": "2026-10-04T19:25:00+00:00",
        "metvlc_time_source": "date+time",
        "metvlc_has_real_time": true,
        "metvlc_captura_utc": "2026-10-05T12:17:54+00:00",
        "metvlc_last_seen_utc": "2026-10-05T12:17:54+00:00",
        "metvlc_fuente": "SIGIF/GVA Rayos 24h KMZ"
      },
      "geometry": {
        "type": "Point",
        "coordinates": [
          -1.6313,
          39.4406
        ]
      }
    },
    {
      "type": "Feature",
      "properties": {
        "name": "04/10/2026 21:25:46",
        "COORD": "-1,6314,39,4399",
        "DATE": "2026-10-04",
        "TIME": "21:25",
        "MXI": "-10,34 kA.",
        "STR": "0",
        "SMA": "0,181 Km.",
        "SMI": "0,13900003 Km.",
        "CHI": "0,6",
        "metvlc_time_utc": "2026-10-04T19:25:00+00:00",
        "metvlc_time_source": "date+time",
        "metvlc_has_real_time": true,
        "metvlc_captura_utc": "2026-10-05T12:17:54+00:00",
        "metvlc_last_seen_utc": "2026-10-05T12:17:54+00:00",
        "metvlc_fuente": "SIGIF/GVA Rayos 24h KMZ"
      },
      "geometry": {
        "type": "Point",
        "coordinates": [
          -1.6314,
          39.4399
        ]
      }
    },
    {
      "type": "Feature",
      "properties": {
        "name": "04/10/2026 21:26:35",
        "COORD": "-1,5795,39,4699",
        "DATE": "2026-10-04",
        "TIME": "21:26",
        "MXI": "-4,7 kA.",
        "STR": "0",
        "SMA": "0,483 Km.",
        "SMI": "0,212 Km.",
        "CHI": "0,1",
        "metvlc_time_utc": "2026-10-04T19:26:00+00:00",
        "metvlc_time_source": "date+time",
        "metvlc_has_real_time": true,
        "metvlc_captura_utc": "2026-10-05T12:17:54+00:00",
        "metvlc_last_seen_utc": "2026-10-05T12:17:54+00:00",
        "metvlc_fuente": "SIGIF/GVA Rayos 24h KMZ"
      },
      "geometry": {
        "type": "Point",
        "coordinates": [
          -1.5795,
          39.4699
        ]
      }
    },
    {
      "type": "Feature",
      "properties": {
        "name": "04/10/2026 21:27:13",
        "COORD": "-1,6122,39,4719",
        "DATE": "2026-10-04",
        "TIME": "21:27",
        "MXI": "-9,25 kA.",
        "STR": "0",
        "SMA": "0,242 Km.",
        "SMI": "0,16299996 Km.",
        "CHI": "0,7",
        "metvlc_time_utc": "2026-10-04T19:27:00+00:00",
        "metvlc_time_source": "date+time",
        "metvlc_has_real_time": true,
        "metvlc_captura_utc": "2026-10-05T12:17:54+00:00",
        "metvlc_last_seen_utc": "2026-10-05T12:17:54+00:00",
        "metvlc_fuente": "SIGIF/GVA Rayos 24h KMZ"
      },
      "geometry": {
        "type": "Point",
        "coordinates": [
          -1.6122,
          39.4719
        ]
      }
    },
    {
      "type": "Feature",
      "properties": {
        "name": "04/10/2026 21:27:13",
        "COORD": "-1,6025,39,4679",
        "DATE": "2026-10-04",
        "TIME": "21:27",
        "MXI": "-12 kA.",
        "STR": "0",
        "SMA": "0,164 Km.",
        "SMI": "0,14800002 Km.",
        "CHI": "0,5",
        "metvlc_time_utc": "2026-10-04T19:27:00+00:00",
        "metvlc_time_source": "date+time",
        "metvlc_has_real_time": true,
        "metvlc_captura_utc": "2026-10-05T12:17:54+00:00",
        "metvlc_last_seen_utc": "2026-10-05T12:17:54+00:00",
        "metvlc_fuente": "SIGIF/GVA Rayos 24h KMZ"
      },
      "geometry": {
        "type": "Point",
        "coordinates": [
          -1.6025,
          39.4679
        ]
      }
    },
    {
      "type": "Feature",
      "properties": {
        "name": "04/10/2026 21:27:51",
        "COORD": "-1,3916,39,469",
        "DATE": "2026-10-04",
        "TIME": "21:27",
        "MXI": "-14,58 kA.",
        "STR": "0",
        "SMA": "0,17 Km.",
        "SMI": "0,13000003 Km.",
        "CHI": "0,7",
        "metvlc_time_utc": "2026-10-04T19:27:00+00:00",
        "metvlc_time_source": "date+time",
        "metvlc_has_real_time": true,
        "metvlc_captura_utc": "2026-10-05T12:17:54+00:00",
        "metvlc_last_seen_utc": "2026-10-05T12:17:54+00:00",
        "metvlc_fuente": "SIGIF/GVA Rayos 24h KMZ"
      },
      "geometry": {
        "type": "Point",
        "coordinates": [
          -1.3916,
          39.469
        ]
      }
    },
    {
      "type": "Feature",
      "properties": {
        "name": "04/10/2026 21:27:51",
        "COORD": "-1,3918,39,4692",
        "DATE": "2026-10-04",
        "TIME": "21:27",
        "MXI": "-13,12 kA.",
        "STR": "0",
        "SMA": "0,167 Km.",
        "SMI": "0,13000003 Km.",
        "CHI": "0,9",
        "metvlc_time_utc": "2026-10-04T19:27:00+00:00",
        "metvlc_time_source": "date+time",
        "metvlc_has_real_time": true,
        "metvlc_captura_utc": "2026-10-05T12:17:54+00:00",
        "metvlc_last_seen_utc": "2026-10-05T12:17:54+00:00",
        "metvlc_fuente": "SIGIF/GVA Rayos 24h KMZ"
      },
      "geometry": {
        "type": "Point",
        "coordinates": [
          -1.3918,
          39.4692
        ]
      }
    },
    {
      "type": "Feature",
      "properties": {
        "name": "04/10/2026 21:27:51",
        "COORD": "-1,4767,39,4577",
        "DATE": "2026-10-04",
        "TIME": "21:27",
        "MXI": "-13,34 kA.",
        "STR": "0",
        "SMA": "0,17 Km.",
        "SMI": "0,13000003 Km.",
        "CHI": "0,5",
        "metvlc_time_utc": "2026-10-04T19:27:00+00:00",
        "metvlc_time_source": "date+time",
        "metvlc_has_real_time": true,
        "metvlc_captura_utc": "2026-10-05T12:17:54+00:00",
        "metvlc_last_seen_utc": "2026-10-05T12:17:54+00:00",
        "metvlc_fuente": "SIGIF/GVA Rayos 24h KMZ"
      },
      "geometry": {
        "type": "Point",
        "coordinates": [
          -1.4767,
          39.4577
        ]
      }
    },
    {
      "type": "Feature",
      "properties": {
        "name": "04/10/2026 21:29:04",
        "COORD": "-1,5972,39,4578",
        "DATE": "2026-10-04",
        "TIME": "21:29",
        "MXI": "-9,39 kA.",
        "STR": "0",
        "SMA": "0,249 Km.",
        "SMI": "0,18099993 Km.",
        "CHI": "0,7",
        "metvlc_time_utc": "2026-10-04T19:29:00+00:00",
        "metvlc_time_source": "date+time",
        "metvlc_has_real_time": true,
        "metvlc_captura_utc": "2026-10-05T12:17:54+00:00",
        "metvlc_last_seen_utc": "2026-10-05T12:17:54+00:00",
        "metvlc_fuente": "SIGIF/GVA Rayos 24h KMZ"
      },
      "geometry": {
        "type": "Point",
        "coordinates": [
          -1.5972,
          39.4578
        ]
      }
    },
    {
      "type": "Feature",
      "properties": {
        "name": "04/10/2026 21:29:04",
        "COORD": "-1,5727,39,4704",
        "DATE": "2026-10-04",
        "TIME": "21:29",
        "MXI": "-12,91 kA.",
        "STR": "0",
        "SMA": "0,16 Km.",
        "SMI": "0,14099996 Km.",
        "CHI": "0,5",
        "metvlc_time_utc": "2026-10-04T19:29:00+00:00",
        "metvlc_time_source": "date+time",
        "metvlc_has_real_time": true,
        "metvlc_captura_utc": "2026-10-05T12:17:54+00:00",
        "metvlc_last_seen_utc": "2026-10-05T12:17:54+00:00",
        "metvlc_fuente": "SIGIF/GVA Rayos 24h KMZ"
      },
      "geometry": {
        "type": "Point",
        "coordinates": [
          -1.5727,
          39.4704
        ]
      }
    },
    {
      "type": "Feature",
      "properties": {
        "name": "04/10/2026 21:29:04",
        "COORD": "-1,6184,39,4707",
        "DATE": "2026-10-04",
        "TIME": "21:29",
        "MXI": "-10,09 kA.",
        "STR": "0",
        "SMA": "0,179 Km.",
        "SMI": "0,16100003 Km.",
        "CHI": "0,7",
        "metvlc_time_utc": "2026-10-04T19:29:00+00:00",
        "metvlc_time_source": "date+time",
        "metvlc_has_real_time": true,
        "metvlc_captura_utc": "2026-10-05T12:17:54+00:00",
        "metvlc_last_seen_utc": "2026-10-05T12:17:54+00:00",
        "metvlc_fuente": "SIGIF/GVA Rayos 24h KMZ"
      },
      "geometry": {
        "type": "Point",
        "coordinates": [
          -1.6184,
          39.4707
        ]
      }
    },
    {
      "type": "Feature",
      "properties": {
        "name": "04/10/2026 21:29:43",
        "COORD": "-0,9871,38,6084",
        "DATE": "2026-10-04",
        "TIME": "21:29",
        "MXI": "-9,14 kA.",
        "STR": "0",
        "SMA": "0,479 Km.",
        "SMI": "0,18399999 Km.",
        "CHI": "0,7",
        "metvlc_time_utc": "2026-10-04T19:29:00+00:00",
        "metvlc_time_source": "date+time",
        "metvlc_has_real_time": true,
        "metvlc_captura_utc": "2026-10-05T12:17:54+00:00",
        "metvlc_last_seen_utc": "2026-10-05T12:17:54+00:00",
        "metvlc_fuente": "SIGIF/GVA Rayos 24h KMZ"
      },
      "geometry": {
        "type": "Point",
        "coordinates": [
          -0.9871,
          38.6084
        ]
      }
    },
    {
      "type": "Feature",
      "properties": {
        "name": "04/10/2026 21:29:58",
        "COORD": "-1,521,39,4108",
        "DATE": "2026-10-04",
        "TIME": "21:29",
        "MXI": "-5,2 kA.",
        "STR": "0",
        "SMA": "0,386 Km.",
        "SMI": "0,2 Km.",
        "CHI": "0,2",
        "metvlc_time_utc": "2026-10-04T19:29:00+00:00",
        "metvlc_time_source": "date+time",
        "metvlc_has_real_time": true,
        "metvlc_captura_utc": "2026-10-05T12:17:54+00:00",
        "metvlc_last_seen_utc": "2026-10-05T12:17:54+00:00",
        "metvlc_fuente": "SIGIF/GVA Rayos 24h KMZ"
      },
      "geometry": {
        "type": "Point",
        "coordinates": [
          -1.521,
          39.4108
        ]
      }
    },
    {
      "type": "Feature",
      "properties": {
        "name": "04/10/2026 21:29:58",
        "COORD": "-1,4773,39,448",
        "DATE": "2026-10-04",
        "TIME": "21:29",
        "MXI": "-33,74 kA.",
        "STR": "0",
        "SMA": "0,176 Km.",
        "SMI": "0,13000003 Km.",
        "CHI": "0,6",
        "metvlc_time_utc": "2026-10-04T19:29:00+00:00",
        "metvlc_time_source": "date+time",
        "metvlc_has_real_time": true,
        "metvlc_captura_utc": "2026-10-05T12:17:54+00:00",
        "metvlc_last_seen_utc": "2026-10-05T12:17:54+00:00",
        "metvlc_fuente": "SIGIF/GVA Rayos 24h KMZ"
      },
      "geometry": {
        "type": "Point",
        "coordinates": [
          -1.4773,
          39.448
        ]
      }
    },
    {
      "type": "Feature",
      "properties": {
        "name": "04/10/2026 21:31:30",
        "COORD": "-1,437,39,4029",
        "DATE": "2026-10-04",
        "TIME": "21:31",
        "MXI": "-13,25 kA.",
        "STR": "0",
        "SMA": "0,329 Km.",
        "SMI": "0,13399999 Km.",
        "CHI": "0,4",
        "metvlc_time_utc": "2026-10-04T19:31:00+00:00",
        "metvlc_time_source": "date+time",
        "metvlc_has_real_time": true,
        "metvlc_captura_utc": "2026-10-05T12:17:54+00:00",
        "metvlc_last_seen_utc": "2026-10-05T12:17:54+00:00",
        "metvlc_fuente": "SIGIF/GVA Rayos 24h KMZ"
      },
      "geometry": {
        "type": "Point",
        "coordinates": [
          -1.437,
          39.4029
        ]
      }
    },
    {
      "type": "Feature",
      "properties": {
        "name": "04/10/2026 21:31:30",
        "COORD": "-1,4361,39,4016",
        "DATE": "2026-10-04",
        "TIME": "21:31",
        "MXI": "-13,16 kA.",
        "STR": "0",
        "SMA": "0,178 Km.",
        "SMI": "0,125 Km.",
        "CHI": "0,6",
        "metvlc_time_utc": "2026-10-04T19:31:00+00:00",
        "metvlc_time_source": "date+time",
        "metvlc_has_real_time": true,
        "metvlc_captura_utc": "2026-10-05T12:17:54+00:00",
        "metvlc_last_seen_utc": "2026-10-05T12:17:54+00:00",
        "metvlc_fuente": "SIGIF/GVA Rayos 24h KMZ"
      },
      "geometry": {
        "type": "Point",
        "coordinates": [
          -1.4361,
          39.4016
        ]
      }
    },
    {
      "type": "Feature",
      "properties": {
        "name": "04/10/2026 21:31:30",
        "COORD": "-1,4358,39,4017",
        "DATE": "2026-10-04",
        "TIME": "21:31",
        "MXI": "-14,37 kA.",
        "STR": "0",
        "SMA": "0,177 Km.",
        "SMI": "0,12800005 Km.",
        "CHI": "0,7",
        "metvlc_time_utc": "2026-10-04T19:31:00+00:00",
        "metvlc_time_source": "date+time",
        "metvlc_has_real_time": true,
        "metvlc_captura_utc": "2026-10-05T12:17:54+00:00",
        "metvlc_last_seen_utc": "2026-10-05T12:17:54+00:00",
        "metvlc_fuente": "SIGIF/GVA Rayos 24h KMZ"
      },
      "geometry": {
        "type": "Point",
        "coordinates": [
          -1.4358,
          39.4017
        ]
      }
    },
    {
      "type": "Feature",
      "properties": {
        "name": "04/10/2026 21:32:19",
        "COORD": "-1,5485,39,4313",
        "DATE": "2026-10-04",
        "TIME": "21:32",
        "MXI": "-20,99 kA.",
        "STR": "0",
        "SMA": "0,182 Km.",
        "SMI": "0,13199998 Km.",
        "CHI": "0,7",
        "metvlc_time_utc": "2026-10-04T19:32:00+00:00",
        "metvlc_time_source": "date+time",
        "metvlc_has_real_time": true,
        "metvlc_captura_utc": "2026-10-05T12:17:54+00:00",
        "metvlc_last_seen_utc": "2026-10-05T12:17:54+00:00",
        "metvlc_fuente": "SIGIF/GVA Rayos 24h KMZ"
      },
      "geometry": {
        "type": "Point",
        "coordinates": [
          -1.5485,
          39.4313
        ]
      }
    },
    {
      "type": "Feature",
      "properties": {
        "name": "04/10/2026 21:32:19",
        "COORD": "-1,5634,39,4596",
        "DATE": "2026-10-04",
        "TIME": "21:32",
        "MXI": "-11,57 kA.",
        "STR": "0",
        "SMA": "0,169 Km.",
        "SMI": "0,132 Km.",
        "CHI": "0,6",
        "metvlc_time_utc": "2026-10-04T19:32:00+00:00",
        "metvlc_time_source": "date+time",
        "metvlc_has_real_time": true,
        "metvlc_captura_utc": "2026-10-05T12:17:54+00:00",
        "metvlc_last_seen_utc": "2026-10-05T12:17:54+00:00",
        "metvlc_fuente": "SIGIF/GVA Rayos 24h KMZ"
      },
      "geometry": {
        "type": "Point",
        "coordinates": [
          -1.5634,
          39.4596
        ]
      }
    },
    {
      "type": "Feature",
      "properties": {
        "name": "04/10/2026 21:33:56",
        "COORD": "-1,5724,39,4769",
        "DATE": "2026-10-04",
        "TIME": "21:33",
        "MXI": "-47,83 kA.",
        "STR": "0",
        "SMA": "0,182 Km.",
        "SMI": "0,133 Km.",
        "CHI": "1,4",
        "metvlc_time_utc": "2026-10-04T19:33:00+00:00",
        "metvlc_time_source": "date+time",
        "metvlc_has_real_time": true,
        "metvlc_captura_utc": "2026-10-05T12:17:54+00:00",
        "metvlc_last_seen_utc": "2026-10-05T12:17:54+00:00",
        "metvlc_fuente": "SIGIF/GVA Rayos 24h KMZ"
      },
      "geometry": {
        "type": "Point",
        "coordinates": [
          -1.5724,
          39.4769
        ]
      }
    },
    {
      "type": "Feature",
      "properties": {
        "name": "04/10/2026 21:33:56",
        "COORD": "-1,4673,39,4053",
        "DATE": "2026-10-04",
        "TIME": "21:33",
        "MXI": "-14,71 kA.",
        "STR": "0",
        "SMA": "0,176 Km.",
        "SMI": "0,13000003 Km.",
        "CHI": "0,6",
        "metvlc_time_utc": "2026-10-04T19:33:00+00:00",
        "metvlc_time_source": "date+time",
        "metvlc_has_real_time": true,
        "metvlc_captura_utc": "2026-10-05T12:17:54+00:00",
        "metvlc_last_seen_utc": "2026-10-05T12:17:54+00:00",
        "metvlc_fuente": "SIGIF/GVA Rayos 24h KMZ"
      },
      "geometry": {
        "type": "Point",
        "coordinates": [
          -1.4673,
          39.4053
        ]
      }
    },
    {
      "type": "Feature",
      "properties": {
        "name": "04/10/2026 21:35:25",
        "COORD": "-1,4498,39,3992",
        "DATE": "2026-10-04",
        "TIME": "21:35",
        "MXI": "-14,94 kA.",
        "STR": "0",
        "SMA": "0,186 Km.",
        "SMI": "0,13499998 Km.",
        "CHI": "0,4",
        "metvlc_time_utc": "2026-10-04T19:35:00+00:00",
        "metvlc_time_source": "date+time",
        "metvlc_has_real_time": true,
        "metvlc_captura_utc": "2026-10-05T12:17:54+00:00",
        "metvlc_last_seen_utc": "2026-10-05T12:17:54+00:00",
        "metvlc_fuente": "SIGIF/GVA Rayos 24h KMZ"
      },
      "geometry": {
        "type": "Point",
        "coordinates": [
          -1.4498,
          39.3992
        ]
      }
    },
    {
      "type": "Feature",
      "properties": {
        "name": "04/10/2026 21:35:25",
        "COORD": "-1,4943,39,4235",
        "DATE": "2026-10-04",
        "TIME": "21:35",
        "MXI": "-5,13 kA.",
        "STR": "0",
        "SMA": "0,459 Km.",
        "SMI": "0,21000002 Km.",
        "CHI": "1,1",
        "metvlc_time_utc": "2026-10-04T19:35:00+00:00",
        "metvlc_time_source": "date+time",
        "metvlc_has_real_time": true,
        "metvlc_captura_utc": "2026-10-05T12:17:54+00:00",
        "metvlc_last_seen_utc": "2026-10-05T12:17:54+00:00",
        "metvlc_fuente": "SIGIF/GVA Rayos 24h KMZ"
      },
      "geometry": {
        "type": "Point",
        "coordinates": [
          -1.4943,
          39.4235
        ]
      }
    },
    {
      "type": "Feature",
      "properties": {
        "name": "04/10/2026 21:36:37",
        "COORD": "-1,3589,39,4732",
        "DATE": "2026-10-04",
        "TIME": "21:36",
        "MXI": "-11,68 kA.",
        "STR": "0",
        "SMA": "0,193 Km.",
        "SMI": "0,16499999 Km.",
        "CHI": "0,2",
        "metvlc_time_utc": "2026-10-04T19:36:00+00:00",
        "metvlc_time_source": "date+time",
        "metvlc_has_real_time": true,
        "metvlc_captura_utc": "2026-10-05T12:17:54+00:00",
        "metvlc_last_seen_utc": "2026-10-05T12:17:54+00:00",
        "metvlc_fuente": "SIGIF/GVA Rayos 24h KMZ"
      },
      "geometry": {
        "type": "Point",
        "coordinates": [
          -1.3589,
          39.4732
        ]
      }
    },
    {
      "type": "Feature",
      "properties": {
        "name": "04/10/2026 21:36:37",
        "COORD": "-1,368,39,5014",
        "DATE": "2026-10-04",
        "TIME": "21:36",
        "MXI": "-8,26 kA.",
        "STR": "0",
        "SMA": "0,237 Km.",
        "SMI": "0,177 Km.",
        "CHI": "0,8",
        "metvlc_time_utc": "2026-10-04T19:36:00+00:00",
        "metvlc_time_source": "date+time",
        "metvlc_has_real_time": true,
        "metvlc_captura_utc": "2026-10-05T12:17:54+00:00",
        "metvlc_last_seen_utc": "2026-10-05T12:17:54+00:00",
        "metvlc_fuente": "SIGIF/GVA Rayos 24h KMZ"
      },
      "geometry": {
        "type": "Point",
        "coordinates": [
          -1.368,
          39.5014
        ]
      }
    },
    {
      "type": "Feature",
      "properties": {
        "name": "04/10/2026 21:37:19",
        "COORD": "-1,6003,39,4911",
        "DATE": "2026-10-04",
        "TIME": "21:37",
        "MXI": "-13,12 kA.",
        "STR": "0",
        "SMA": "0,182 Km.",
        "SMI": "0,124 Km.",
        "CHI": "0,8",
        "metvlc_time_utc": "2026-10-04T19:37:00+00:00",
        "metvlc_time_source": "date+time",
        "metvlc_has_real_time": true,
        "metvlc_captura_utc": "2026-10-05T12:17:54+00:00",
        "metvlc_last_seen_utc": "2026-10-05T12:17:54+00:00",
        "metvlc_fuente": "SIGIF/GVA Rayos 24h KMZ"
      },
      "geometry": {
        "type": "Point",
        "coordinates": [
          -1.6003,
          39.4911
        ]
      }
    },
    {
      "type": "Feature",
      "properties": {
        "name": "04/10/2026 21:39:10",
        "COORD": "-1,435,39,4544",
        "DATE": "2026-10-04",
        "TIME": "21:39",
        "MXI": "-9,57 kA.",
        "STR": "0",
        "SMA": "0,182 Km.",
        "SMI": "0,14600004 Km.",
        "CHI": "0,7",
        "metvlc_time_utc": "2026-10-04T19:39:00+00:00",
        "metvlc_time_source": "date+time",
        "metvlc_has_real_time": true,
        "metvlc_captura_utc": "2026-10-05T12:17:54+00:00",
        "metvlc_last_seen_utc": "2026-10-05T12:17:54+00:00",
        "metvlc_fuente": "SIGIF/GVA Rayos 24h KMZ"
      },
      "geometry": {
        "type": "Point",
        "coordinates": [
          -1.435,
          39.4544
        ]
      }
    },
    {
      "type": "Feature",
      "properties": {
        "name": "04/10/2026 21:39:10",
        "COORD": "-1,4234,39,4839",
        "DATE": "2026-10-04",
        "TIME": "21:39",
        "MXI": "-49,54 kA.",
        "STR": "0",
        "SMA": "0,173 Km.",
        "SMI": "0,12900002 Km.",
        "CHI": "1",
        "metvlc_time_utc": "2026-10-04T19:39:00+00:00",
        "metvlc_time_source": "date+time",
        "metvlc_has_real_time": true,
        "metvlc_captura_utc": "2026-10-05T12:17:54+00:00",
        "metvlc_last_seen_utc": "2026-10-05T12:17:54+00:00",
        "metvlc_fuente": "SIGIF/GVA Rayos 24h KMZ"
      },
      "geometry": {
        "type": "Point",
        "coordinates": [
          -1.4234,
          39.4839
        ]
      }
    },
    {
      "type": "Feature",
      "properties": {
        "name": "04/10/2026 21:39:10",
        "COORD": "-1,4253,39,4824",
        "DATE": "2026-10-04",
        "TIME": "21:39",
        "MXI": "-34,09 kA.",
        "STR": "0",
        "SMA": "0,172 Km.",
        "SMI": "0,13300002 Km.",
        "CHI": "1,1",
        "metvlc_time_utc": "2026-10-04T19:39:00+00:00",
        "metvlc_time_source": "date+time",
        "metvlc_has_real_time": true,
        "metvlc_captura_utc": "2026-10-05T12:17:54+00:00",
        "metvlc_last_seen_utc": "2026-10-05T12:17:54+00:00",
        "metvlc_fuente": "SIGIF/GVA Rayos 24h KMZ"
      },
      "geometry": {
        "type": "Point",
        "coordinates": [
          -1.4253,
          39.4824
        ]
      }
    },
    {
      "type": "Feature",
      "properties": {
        "name": "04/10/2026 21:39:10",
        "COORD": "-1,4256,39,4816",
        "DATE": "2026-10-04",
        "TIME": "21:39",
        "MXI": "-16,35 kA.",
        "STR": "0",
        "SMA": "0,183 Km.",
        "SMI": "0,12299999 Km.",
        "CHI": "0,8",
        "metvlc_time_utc": "2026-10-04T19:39:00+00:00",
        "metvlc_time_source": "date+time",
        "metvlc_has_real_time": true,
        "metvlc_captura_utc": "2026-10-05T12:17:54+00:00",
        "metvlc_last_seen_utc": "2026-10-05T12:17:54+00:00",
        "metvlc_fuente": "SIGIF/GVA Rayos 24h KMZ"
      },
      "geometry": {
        "type": "Point",
        "coordinates": [
          -1.4256,
          39.4816
        ]
      }
    },
    {
      "type": "Feature",
      "properties": {
        "name": "04/10/2026 21:40:37",
        "COORD": "-1,3666,39,5259",
        "DATE": "2026-10-04",
        "TIME": "21:40",
        "MXI": "-13,77 kA.",
        "STR": "0",
        "SMA": "0,174 Km.",
        "SMI": "0,13299996 Km.",
        "CHI": "0,7",
        "metvlc_time_utc": "2026-10-04T19:40:00+00:00",
        "metvlc_time_source": "date+time",
        "metvlc_has_real_time": true,
        "metvlc_captura_utc": "2026-10-05T12:17:54+00:00",
        "metvlc_last_seen_utc": "2026-10-05T12:17:54+00:00",
        "metvlc_fuente": "SIGIF/GVA Rayos 24h KMZ"
      },
      "geometry": {
        "type": "Point",
        "coordinates": [
          -1.3666,
          39.5259
        ]
      }
    },
    {
      "type": "Feature",
      "properties": {
        "name": "04/10/2026 21:40:37",
        "COORD": "-1,3752,39,5108",
        "DATE": "2026-10-04",
        "TIME": "21:40",
        "MXI": "-17,09 kA.",
        "STR": "0",
        "SMA": "0,178 Km.",
        "SMI": "0,13700001 Km.",
        "CHI": "0,6",
        "metvlc_time_utc": "2026-10-04T19:40:00+00:00",
        "metvlc_time_source": "date+time",
        "metvlc_has_real_time": true,
        "metvlc_captura_utc": "2026-10-05T12:17:54+00:00",
        "metvlc_last_seen_utc": "2026-10-05T12:17:54+00:00",
        "metvlc_fuente": "SIGIF/GVA Rayos 24h KMZ"
      },
      "geometry": {
        "type": "Point",
        "coordinates": [
          -1.3752,
          39.5108
        ]
      }
    },
    {
      "type": "Feature",
      "properties": {
        "name": "04/10/2026 21:40:37",
        "COORD": "-1,3667,39,5268",
        "DATE": "2026-10-04",
        "TIME": "21:40",
        "MXI": "-5,7 kA.",
        "STR": "0",
        "SMA": "0,235 Km.",
        "SMI": "0,21100001 Km.",
        "CHI": "0,3",
        "metvlc_time_utc": "2026-10-04T19:40:00+00:00",
        "metvlc_time_source": "date+time",
        "metvlc_has_real_time": true,
        "metvlc_captura_utc": "2026-10-05T12:17:54+00:00",
        "metvlc_last_seen_utc": "2026-10-05T12:17:54+00:00",
        "metvlc_fuente": "SIGIF/GVA Rayos 24h KMZ"
      },
      "geometry": {
        "type": "Point",
        "coordinates": [
          -1.3667,
          39.5268
        ]
      }
    },
    {
      "type": "Feature",
      "properties": {
        "name": "04/10/2026 21:42:23",
        "COORD": "-1,4466,39,4481",
        "DATE": "2026-10-04",
        "TIME": "21:42",
        "MXI": "-8,07 kA.",
        "STR": "0",
        "SMA": "0,237 Km.",
        "SMI": "0,17799996 Km.",
        "CHI": "0,7",
        "metvlc_time_utc": "2026-10-04T19:42:00+00:00",
        "metvlc_time_source": "date+time",
        "metvlc_has_real_time": true,
        "metvlc_captura_utc": "2026-10-05T12:17:54+00:00",
        "metvlc_last_seen_utc": "2026-10-05T12:17:54+00:00",
        "metvlc_fuente": "SIGIF/GVA Rayos 24h KMZ"
      },
      "geometry": {
        "type": "Point",
        "coordinates": [
          -1.4466,
          39.4481
        ]
      }
    },
    {
      "type": "Feature",
      "properties": {
        "name": "04/10/2026 21:42:54",
        "COORD": "-1,0146,38,682",
        "DATE": "2026-10-04",
        "TIME": "21:42",
        "MXI": "-22,79 kA.",
        "STR": "0",
        "SMA": "0,182 Km.",
        "SMI": "0,12899996 Km.",
        "CHI": "0,6",
        "metvlc_time_utc": "2026-10-04T19:42:00+00:00",
        "metvlc_time_source": "date+time",
        "metvlc_has_real_time": true,
        "metvlc_captura_utc": "2026-10-05T12:17:54+00:00",
        "metvlc_last_seen_utc": "2026-10-05T12:17:54+00:00",
        "metvlc_fuente": "SIGIF/GVA Rayos 24h KMZ"
      },
      "geometry": {
        "type": "Point",
        "coordinates": [
          -1.0146,
          38.682
        ]
      }
    },
    {
      "type": "Feature",
      "properties": {
        "name": "04/10/2026 21:44:10",
        "COORD": "-1,4874,39,489",
        "DATE": "2026-10-04",
        "TIME": "21:44",
        "MXI": "-23,56 kA.",
        "STR": "0",
        "SMA": "0,167 Km.",
        "SMI": "0,12699996 Km.",
        "CHI": "0,9",
        "metvlc_time_utc": "2026-10-04T19:44:00+00:00",
        "metvlc_time_source": "date+time",
        "metvlc_has_real_time": true,
        "metvlc_captura_utc": "2026-10-05T12:17:54+00:00",
        "metvlc_last_seen_utc": "2026-10-05T12:17:54+00:00",
        "metvlc_fuente": "SIGIF/GVA Rayos 24h KMZ"
      },
      "geometry": {
        "type": "Point",
        "coordinates": [
          -1.4874,
          39.489
        ]
      }
    },
    {
      "type": "Feature",
      "properties": {
        "name": "04/10/2026 21:44:45",
        "COORD": "-0,9564,38,7616",
        "DATE": "2026-10-04",
        "TIME": "21:44",
        "MXI": "38,65 kA.",
        "STR": "0",
        "SMA": "0,178 Km.",
        "SMI": "0,12300004 Km.",
        "CHI": "0,9",
        "metvlc_time_utc": "2026-10-04T19:44:00+00:00",
        "metvlc_time_source": "date+time",
        "metvlc_has_real_time": true,
        "metvlc_captura_utc": "2026-10-05T12:17:54+00:00",
        "metvlc_last_seen_utc": "2026-10-05T12:17:54+00:00",
        "metvlc_fuente": "SIGIF/GVA Rayos 24h KMZ"
      },
      "geometry": {
        "type": "Point",
        "coordinates": [
          -0.9564,
          38.7616
        ]
      }
    },
    {
      "type": "Feature",
      "properties": {
        "name": "04/10/2026 21:45:14",
        "COORD": "-1,4962,39,4897",
        "DATE": "2026-10-04",
        "TIME": "21:45",
        "MXI": "-27,53 kA.",
        "STR": "0",
        "SMA": "0,178 Km.",
        "SMI": "0,13600005 Km.",
        "CHI": "0,7",
        "metvlc_time_utc": "2026-10-04T19:45:00+00:00",
        "metvlc_time_source": "date+time",
        "metvlc_has_real_time": true,
        "metvlc_captura_utc": "2026-10-05T12:17:54+00:00",
        "metvlc_last_seen_utc": "2026-10-05T12:17:54+00:00",
        "metvlc_fuente": "SIGIF/GVA Rayos 24h KMZ"
      },
      "geometry": {
        "type": "Point",
        "coordinates": [
          -1.4962,
          39.4897
        ]
      }
    },
    {
      "type": "Feature",
      "properties": {
        "name": "04/10/2026 21:45:14",
        "COORD": "-1,5064,39,496",
        "DATE": "2026-10-04",
        "TIME": "21:45",
        "MXI": "-12,01 kA.",
        "STR": "0",
        "SMA": "0,18 Km.",
        "SMI": "0,13299996 Km.",
        "CHI": "0,4",
        "metvlc_time_utc": "2026-10-04T19:45:00+00:00",
        "metvlc_time_source": "date+time",
        "metvlc_has_real_time": true,
        "metvlc_captura_utc": "2026-10-05T12:17:54+00:00",
        "metvlc_last_seen_utc": "2026-10-05T12:17:54+00:00",
        "metvlc_fuente": "SIGIF/GVA Rayos 24h KMZ"
      },
      "geometry": {
        "type": "Point",
        "coordinates": [
          -1.5064,
          39.496
        ]
      }
    },
    {
      "type": "Feature",
      "properties": {
        "name": "04/10/2026 21:45:14",
        "COORD": "-1,4886,39,5047",
        "DATE": "2026-10-04",
        "TIME": "21:45",
        "MXI": "-27,22 kA.",
        "STR": "0",
        "SMA": "0,168 Km.",
        "SMI": "0,12899996 Km.",
        "CHI": "1",
        "metvlc_time_utc": "2026-10-04T19:45:00+00:00",
        "metvlc_time_source": "date+time",
        "metvlc_has_real_time": true,
        "metvlc_captura_utc": "2026-10-05T12:17:54+00:00",
        "metvlc_last_seen_utc": "2026-10-05T12:17:54+00:00",
        "metvlc_fuente": "SIGIF/GVA Rayos 24h KMZ"
      },
      "geometry": {
        "type": "Point",
        "coordinates": [
          -1.4886,
          39.5047
        ]
      }
    },
    {
      "type": "Feature",
      "properties": {
        "name": "04/10/2026 21:45:14",
        "COORD": "-1,4885,39,5046",
        "DATE": "2026-10-04",
        "TIME": "21:45",
        "MXI": "-18,82 kA.",
        "STR": "0",
        "SMA": "0,173 Km.",
        "SMI": "0,13000003 Km.",
        "CHI": "0,9",
        "metvlc_time_utc": "2026-10-04T19:45:00+00:00",
        "metvlc_time_source": "date+time",
        "metvlc_has_real_time": true,
        "metvlc_captura_utc": "2026-10-05T12:17:54+00:00",
        "metvlc_last_seen_utc": "2026-10-05T12:17:54+00:00",
        "metvlc_fuente": "SIGIF/GVA Rayos 24h KMZ"
      },
      "geometry": {
        "type": "Point",
        "coordinates": [
          -1.4885,
          39.5046
        ]
      }
    },
    {
      "type": "Feature",
      "properties": {
        "name": "04/10/2026 21:47:14",
        "COORD": "-0,9874,38,8429",
        "DATE": "2026-10-04",
        "TIME": "21:47",
        "MXI": "-12,79 kA.",
        "STR": "0",
        "SMA": "0,184 Km.",
        "SMI": "0,14099994 Km.",
        "CHI": "0,3",
        "metvlc_time_utc": "2026-10-04T19:47:00+00:00",
        "metvlc_time_source": "date+time",
        "metvlc_has_real_time": true,
        "metvlc_captura_utc": "2026-10-05T12:17:54+00:00",
        "metvlc_last_seen_utc": "2026-10-05T12:17:54+00:00",
        "metvlc_fuente": "SIGIF/GVA Rayos 24h KMZ"
      },
      "geometry": {
        "type": "Point",
        "coordinates": [
          -0.9874,
          38.8429
        ]
      }
    },
    {
      "type": "Feature",
      "properties": {
        "name": "04/10/2026 21:48:00",
        "COORD": "-1,336,39,4187",
        "DATE": "2026-10-04",
        "TIME": "21:48",
        "MXI": "-33,08 kA.",
        "STR": "0",
        "SMA": "0,17 Km.",
        "SMI": "0,128 Km.",
        "CHI": "1,1",
        "metvlc_time_utc": "2026-10-04T19:48:00+00:00",
        "metvlc_time_source": "date+time",
        "metvlc_has_real_time": true,
        "metvlc_captura_utc": "2026-10-05T12:17:54+00:00",
        "metvlc_last_seen_utc": "2026-10-05T12:17:54+00:00",
        "metvlc_fuente": "SIGIF/GVA Rayos 24h KMZ"
      },
      "geometry": {
        "type": "Point",
        "coordinates": [
          -1.336,
          39.4187
        ]
      }
    },
    {
      "type": "Feature",
      "properties": {
        "name": "04/10/2026 21:48:56",
        "COORD": "-0,9064,38,8374",
        "DATE": "2026-10-04",
        "TIME": "21:48",
        "MXI": "-33,06 kA.",
        "STR": "0",
        "SMA": "0,18 Km.",
        "SMI": "0,12699999 Km.",
        "CHI": "0,4",
        "metvlc_time_utc": "2026-10-04T19:48:00+00:00",
        "metvlc_time_source": "date+time",
        "metvlc_has_real_time": true,
        "metvlc_captura_utc": "2026-10-05T12:17:54+00:00",
        "metvlc_last_seen_utc": "2026-10-05T12:17:54+00:00",
        "metvlc_fuente": "SIGIF/GVA Rayos 24h KMZ"
      },
      "geometry": {
        "type": "Point",
        "coordinates": [
          -0.9064,
          38.8374
        ]
      }
    },
    {
      "type": "Feature",
      "properties": {
        "name": "04/10/2026 21:49:10",
        "COORD": "-1,4437,39,46",
        "DATE": "2026-10-04",
        "TIME": "21:49",
        "MXI": "-13,51 kA.",
        "STR": "0",
        "SMA": "0,173 Km.",
        "SMI": "0,132 Km.",
        "CHI": "0,5",
        "metvlc_time_utc": "2026-10-04T19:49:00+00:00",
        "metvlc_time_source": "date+time",
        "metvlc_has_real_time": true,
        "metvlc_captura_utc": "2026-10-05T12:17:54+00:00",
        "metvlc_last_seen_utc": "2026-10-05T12:17:54+00:00",
        "metvlc_fuente": "SIGIF/GVA Rayos 24h KMZ"
      },
      "geometry": {
        "type": "Point",
        "coordinates": [
          -1.4437,
          39.46
        ]
      }
    },
    {
      "type": "Feature",
      "properties": {
        "name": "04/10/2026 21:49:10",
        "COORD": "-1,4561,39,4734",
        "DATE": "2026-10-04",
        "TIME": "21:49",
        "MXI": "-8,52 kA.",
        "STR": "0",
        "SMA": "0,233 Km.",
        "SMI": "0,19399999 Km.",
        "CHI": "0,8",
        "metvlc_time_utc": "2026-10-04T19:49:00+00:00",
        "metvlc_time_source": "date+time",
        "metvlc_has_real_time": true,
        "metvlc_captura_utc": "2026-10-05T12:17:54+00:00",
        "metvlc_last_seen_utc": "2026-10-05T12:17:54+00:00",
        "metvlc_fuente": "SIGIF/GVA Rayos 24h KMZ"
      },
      "geometry": {
        "type": "Point",
        "coordinates": [
          -1.4561,
          39.4734
        ]
      }
    },
    {
      "type": "Feature",
      "properties": {
        "name": "04/10/2026 21:53:48",
        "COORD": "-1,2593,39,4069",
        "DATE": "2026-10-04",
        "TIME": "21:53",
        "MXI": "-8,74 kA.",
        "STR": "0",
        "SMA": "0,242 Km.",
        "SMI": "0,17900003 Km.",
        "CHI": "1,3",
        "metvlc_time_utc": "2026-10-04T19:53:00+00:00",
        "metvlc_time_source": "date+time",
        "metvlc_has_real_time": true,
        "metvlc_captura_utc": "2026-10-05T12:17:54+00:00",
        "metvlc_last_seen_utc": "2026-10-05T12:17:54+00:00",
        "metvlc_fuente": "SIGIF/GVA Rayos 24h KMZ"
      },
      "geometry": {
        "type": "Point",
        "coordinates": [
          -1.2593,
          39.4069
        ]
      }
    },
    {
      "type": "Feature",
      "properties": {
        "name": "04/10/2026 21:54:19",
        "COORD": "-1,572,39,5783",
        "DATE": "2026-10-04",
        "TIME": "21:54",
        "MXI": "-20,95 kA.",
        "STR": "0",
        "SMA": "0,169 Km.",
        "SMI": "0,136 Km.",
        "CHI": "1",
        "metvlc_time_utc": "2026-10-04T19:54:00+00:00",
        "metvlc_time_source": "date+time",
        "metvlc_has_real_time": true,
        "metvlc_captura_utc": "2026-10-05T12:17:54+00:00",
        "metvlc_last_seen_utc": "2026-10-05T12:17:54+00:00",
        "metvlc_fuente": "SIGIF/GVA Rayos 24h KMZ"
      },
      "geometry": {
        "type": "Point",
        "coordinates": [
          -1.572,
          39.5783
        ]
      }
    },
    {
      "type": "Feature",
      "properties": {
        "name": "04/10/2026 21:56:23",
        "COORD": "-1,391,39,5036",
        "DATE": "2026-10-04",
        "TIME": "21:56",
        "MXI": "-16,29 kA.",
        "STR": "0",
        "SMA": "0,171 Km.",
        "SMI": "0,13300003 Km.",
        "CHI": "0,9",
        "metvlc_time_utc": "2026-10-04T19:56:00+00:00",
        "metvlc_time_source": "date+time",
        "metvlc_has_real_time": true,
        "metvlc_captura_utc": "2026-10-05T12:17:54+00:00",
        "metvlc_last_seen_utc": "2026-10-05T12:17:54+00:00",
        "metvlc_fuente": "SIGIF/GVA Rayos 24h KMZ"
      },
      "geometry": {
        "type": "Point",
        "coordinates": [
          -1.391,
          39.5036
        ]
      }
    },
    {
      "type": "Feature",
      "properties": {
        "name": "04/10/2026 21:56:23",
        "COORD": "-1,3931,39,5021",
        "DATE": "2026-10-04",
        "TIME": "21:56",
        "MXI": "-24,27 kA.",
        "STR": "0",
        "SMA": "0,171 Km.",
        "SMI": "0,12999997 Km.",
        "CHI": "0,9",
        "metvlc_time_utc": "2026-10-04T19:56:00+00:00",
        "metvlc_time_source": "date+time",
        "metvlc_has_real_time": true,
        "metvlc_captura_utc": "2026-10-05T12:17:54+00:00",
        "metvlc_last_seen_utc": "2026-10-05T12:17:54+00:00",
        "metvlc_fuente": "SIGIF/GVA Rayos 24h KMZ"
      },
      "geometry": {
        "type": "Point",
        "coordinates": [
          -1.3931,
          39.5021
        ]
      }
    },
    {
      "type": "Feature",
      "properties": {
        "name": "04/10/2026 21:56:24",
        "COORD": "-1,3984,39,5065",
        "DATE": "2026-10-04",
        "TIME": "21:56",
        "MXI": "-19,51 kA.",
        "STR": "0",
        "SMA": "0,179 Km.",
        "SMI": "0,13700004 Km.",
        "CHI": "0,6",
        "metvlc_time_utc": "2026-10-04T19:56:00+00:00",
        "metvlc_time_source": "date+time",
        "metvlc_has_real_time": true,
        "metvlc_captura_utc": "2026-10-05T12:17:54+00:00",
        "metvlc_last_seen_utc": "2026-10-05T12:17:54+00:00",
        "metvlc_fuente": "SIGIF/GVA Rayos 24h KMZ"
      },
      "geometry": {
        "type": "Point",
        "coordinates": [
          -1.3984,
          39.5065
        ]
      }
    },
    {
      "type": "Feature",
      "properties": {
        "name": "04/10/2026 21:56:24",
        "COORD": "-1,399,39,5072",
        "DATE": "2026-10-04",
        "TIME": "21:56",
        "MXI": "-31,8 kA.",
        "STR": "0",
        "SMA": "0,183 Km.",
        "SMI": "0,124000035 Km.",
        "CHI": "0,8",
        "metvlc_time_utc": "2026-10-04T19:56:00+00:00",
        "metvlc_time_source": "date+time",
        "metvlc_has_real_time": true,
        "metvlc_captura_utc": "2026-10-05T12:17:54+00:00",
        "metvlc_last_seen_utc": "2026-10-05T12:17:54+00:00",
        "metvlc_fuente": "SIGIF/GVA Rayos 24h KMZ"
      },
      "geometry": {
        "type": "Point",
        "coordinates": [
          -1.399,
          39.5072
        ]
      }
    },
    {
      "type": "Feature",
      "properties": {
        "name": "04/10/2026 21:56:24",
        "COORD": "-1,3952,39,507",
        "DATE": "2026-10-04",
        "TIME": "21:56",
        "MXI": "-10,48 kA.",
        "STR": "0",
        "SMA": "0,187 Km.",
        "SMI": "0,122 Km.",
        "CHI": "0,5",
        "metvlc_time_utc": "2026-10-04T19:56:00+00:00",
        "metvlc_time_source": "date+time",
        "metvlc_has_real_time": true,
        "metvlc_captura_utc": "2026-10-05T12:17:54+00:00",
        "metvlc_last_seen_utc": "2026-10-05T12:17:54+00:00",
        "metvlc_fuente": "SIGIF/GVA Rayos 24h KMZ"
      },
      "geometry": {
        "type": "Point",
        "coordinates": [
          -1.3952,
          39.507
        ]
      }
    },
    {
      "type": "Feature",
      "properties": {
        "name": "04/10/2026 21:56:24",
        "COORD": "-1,388,39,5175",
        "DATE": "2026-10-04",
        "TIME": "21:56",
        "MXI": "-31,27 kA.",
        "STR": "0",
        "SMA": "0,17 Km.",
        "SMI": "0,13000003 Km.",
        "CHI": "1,1",
        "metvlc_time_utc": "2026-10-04T19:56:00+00:00",
        "metvlc_time_source": "date+time",
        "metvlc_has_real_time": true,
        "metvlc_captura_utc": "2026-10-05T12:17:54+00:00",
        "metvlc_last_seen_utc": "2026-10-05T12:17:54+00:00",
        "metvlc_fuente": "SIGIF/GVA Rayos 24h KMZ"
      },
      "geometry": {
        "type": "Point",
        "coordinates": [
          -1.388,
          39.5175
        ]
      }
    },
    {
      "type": "Feature",
      "properties": {
        "name": "04/10/2026 21:56:24",
        "COORD": "-1,3884,39,5175",
        "DATE": "2026-10-04",
        "TIME": "21:56",
        "MXI": "-10,17 kA.",
        "STR": "0",
        "SMA": "0,178 Km.",
        "SMI": "0,13499996 Km.",
        "CHI": "0,6",
        "metvlc_time_utc": "2026-10-04T19:56:00+00:00",
        "metvlc_time_source": "date+time",
        "metvlc_has_real_time": true,
        "metvlc_captura_utc": "2026-10-05T12:17:54+00:00",
        "metvlc_last_seen_utc": "2026-10-05T12:17:54+00:00",
        "metvlc_fuente": "SIGIF/GVA Rayos 24h KMZ"
      },
      "geometry": {
        "type": "Point",
        "coordinates": [
          -1.3884,
          39.5175
        ]
      }
    },
    {
      "type": "Feature",
      "properties": {
        "name": "04/10/2026 21:56:24",
        "COORD": "-1,3877,39,5179",
        "DATE": "2026-10-04",
        "TIME": "21:56",
        "MXI": "-27,14 kA.",
        "STR": "0",
        "SMA": "0,167 Km.",
        "SMI": "0,12800005 Km.",
        "CHI": "1,2",
        "metvlc_time_utc": "2026-10-04T19:56:00+00:00",
        "metvlc_time_source": "date+time",
        "metvlc_has_real_time": true,
        "metvlc_captura_utc": "2026-10-05T12:17:54+00:00",
        "metvlc_last_seen_utc": "2026-10-05T12:17:54+00:00",
        "metvlc_fuente": "SIGIF/GVA Rayos 24h KMZ"
      },
      "geometry": {
        "type": "Point",
        "coordinates": [
          -1.3877,
          39.5179
        ]
      }
    },
    {
      "type": "Feature",
      "properties": {
        "name": "04/10/2026 21:56:24",
        "COORD": "-1,3879,39,5176",
        "DATE": "2026-10-04",
        "TIME": "21:56",
        "MXI": "-18,53 kA.",
        "STR": "0",
        "SMA": "0,167 Km.",
        "SMI": "0,12800005 Km.",
        "CHI": "0,5",
        "metvlc_time_utc": "2026-10-04T19:56:00+00:00",
        "metvlc_time_source": "date+time",
        "metvlc_has_real_time": true,
        "metvlc_captura_utc": "2026-10-05T12:17:54+00:00",
        "metvlc_last_seen_utc": "2026-10-05T12:17:54+00:00",
        "metvlc_fuente": "SIGIF/GVA Rayos 24h KMZ"
      },
      "geometry": {
        "type": "Point",
        "coordinates": [
          -1.3879,
          39.5176
        ]
      }
    },
    {
      "type": "Feature",
      "properties": {
        "name": "04/10/2026 21:56:43",
        "COORD": "-1,6287,39,6617",
        "DATE": "2026-10-04",
        "TIME": "21:56",
        "MXI": "-10,91 kA.",
        "STR": "0",
        "SMA": "0,155 Km.",
        "SMI": "0,15000005 Km.",
        "CHI": "0,5",
        "metvlc_time_utc": "2026-10-04T19:56:00+00:00",
        "metvlc_time_source": "date+time",
        "metvlc_has_real_time": true,
        "metvlc_captura_utc": "2026-10-05T12:17:54+00:00",
        "metvlc_last_seen_utc": "2026-10-05T12:17:54+00:00",
        "metvlc_fuente": "SIGIF/GVA Rayos 24h KMZ"
      },
      "geometry": {
        "type": "Point",
        "coordinates": [
          -1.6287,
          39.6617
        ]
      }
    },
    {
      "type": "Feature",
      "properties": {
        "name": "04/10/2026 21:57:09",
        "COORD": "-1,289,39,4345",
        "DATE": "2026-10-04",
        "TIME": "21:57",
        "MXI": "-10,29 kA.",
        "STR": "0",
        "SMA": "0,17 Km.",
        "SMI": "0,14699994 Km.",
        "CHI": "0,6",
        "metvlc_time_utc": "2026-10-04T19:57:00+00:00",
        "metvlc_time_source": "date+time",
        "metvlc_has_real_time": true,
        "metvlc_captura_utc": "2026-10-05T12:17:54+00:00",
        "metvlc_last_seen_utc": "2026-10-05T12:17:54+00:00",
        "metvlc_fuente": "SIGIF/GVA Rayos 24h KMZ"
      },
      "geometry": {
        "type": "Point",
        "coordinates": [
          -1.289,
          39.4345
        ]
      }
    },
    {
      "type": "Feature",
      "properties": {
        "name": "04/10/2026 21:57:55",
        "COORD": "-1,438,39,5386",
        "DATE": "2026-10-04",
        "TIME": "21:57",
        "MXI": "-16,69 kA.",
        "STR": "0",
        "SMA": "0,175 Km.",
        "SMI": "0,12999998 Km.",
        "CHI": "0,9",
        "metvlc_time_utc": "2026-10-04T19:57:00+00:00",
        "metvlc_time_source": "date+time",
        "metvlc_has_real_time": true,
        "metvlc_captura_utc": "2026-10-05T12:17:54+00:00",
        "metvlc_last_seen_utc": "2026-10-05T12:17:54+00:00",
        "metvlc_fuente": "SIGIF/GVA Rayos 24h KMZ"
      },
      "geometry": {
        "type": "Point",
        "coordinates": [
          -1.438,
          39.5386
        ]
      }
    },
    {
      "type": "Feature",
      "properties": {
        "name": "04/10/2026 21:59:36",
        "COORD": "-1,2575,39,5564",
        "DATE": "2026-10-04",
        "TIME": "21:59",
        "MXI": "-7,72 kA.",
        "STR": "0",
        "SMA": "1,543 Km.",
        "SMI": "0,272 Km.",
        "CHI": "0,3",
        "metvlc_time_utc": "2026-10-04T19:59:00+00:00",
        "metvlc_time_source": "date+time",
        "metvlc_has_real_time": true,
        "metvlc_captura_utc": "2026-10-05T12:17:54+00:00",
        "metvlc_last_seen_utc": "2026-10-05T12:17:54+00:00",
        "metvlc_fuente": "SIGIF/GVA Rayos 24h KMZ"
      },
      "geometry": {
        "type": "Point",
        "coordinates": [
          -1.2575,
          39.5564
        ]
      }
    },
    {
      "type": "Feature",
      "properties": {
        "name": "04/10/2026 21:59:37",
        "COORD": "-1,2711,39,5401",
        "DATE": "2026-10-04",
        "TIME": "21:59",
        "MXI": "-7,17 kA.",
        "STR": "0",
        "SMA": "0,232 Km.",
        "SMI": "0,17700005 Km.",
        "CHI": "1,1",
        "metvlc_time_utc": "2026-10-04T19:59:00+00:00",
        "metvlc_time_source": "date+time",
        "metvlc_has_real_time": true,
        "metvlc_captura_utc": "2026-10-05T12:17:54+00:00",
        "metvlc_last_seen_utc": "2026-10-05T12:17:54+00:00",
        "metvlc_fuente": "SIGIF/GVA Rayos 24h KMZ"
      },
      "geometry": {
        "type": "Point",
        "coordinates": [
          -1.2711,
          39.5401
        ]
      }
    },
    {
      "type": "Feature",
      "properties": {
        "name": "04/10/2026 22:02:44",
        "COORD": "-1,2721,39,5615",
        "DATE": "2026-10-04",
        "TIME": "22:02",
        "MXI": "-10,83 kA.",
        "STR": "0",
        "SMA": "0,163 Km.",
        "SMI": "0,13899998 Km.",
        "CHI": "0,4",
        "metvlc_time_utc": "2026-10-04T20:02:00+00:00",
        "metvlc_time_source": "date+time",
        "metvlc_has_real_time": true,
        "metvlc_captura_utc": "2026-10-05T12:17:54+00:00",
        "metvlc_last_seen_utc": "2026-10-05T12:17:54+00:00",
        "metvlc_fuente": "SIGIF/GVA Rayos 24h KMZ"
      },
      "geometry": {
        "type": "Point",
        "coordinates": [
          -1.2721,
          39.5615
        ]
      }
    },
    {
      "type": "Feature",
      "properties": {
        "name": "04/10/2026 22:04:14",
        "COORD": "-1,2625,39,5683",
        "DATE": "2026-10-04",
        "TIME": "22:04",
        "MXI": "-8,86 kA.",
        "STR": "0",
        "SMA": "0,232 Km.",
        "SMI": "0,17799997 Km.",
        "CHI": "0,4",
        "metvlc_time_utc": "2026-10-04T20:04:00+00:00",
        "metvlc_time_source": "date+time",
        "metvlc_has_real_time": true,
        "metvlc_captura_utc": "2026-10-05T12:17:54+00:00",
        "metvlc_last_seen_utc": "2026-10-05T12:17:54+00:00",
        "metvlc_fuente": "SIGIF/GVA Rayos 24h KMZ"
      },
      "geometry": {
        "type": "Point",
        "coordinates": [
          -1.2625,
          39.5683
        ]
      }
    },
    {
      "type": "Feature",
      "properties": {
        "name": "04/10/2026 22:05:14",
        "COORD": "-1,2326,39,4525",
        "DATE": "2026-10-04",
        "TIME": "22:05",
        "MXI": "-9,67 kA.",
        "STR": "0",
        "SMA": "0,177 Km.",
        "SMI": "0,13799997 Km.",
        "CHI": "0,7",
        "metvlc_time_utc": "2026-10-04T20:05:00+00:00",
        "metvlc_time_source": "date+time",
        "metvlc_has_real_time": true,
        "metvlc_captura_utc": "2026-10-05T12:17:54+00:00",
        "metvlc_last_seen_utc": "2026-10-05T12:17:54+00:00",
        "metvlc_fuente": "SIGIF/GVA Rayos 24h KMZ"
      },
      "geometry": {
        "type": "Point",
        "coordinates": [
          -1.2326,
          39.4525
        ]
      }
    },
    {
      "type": "Feature",
      "properties": {
        "name": "04/10/2026 22:06:48",
        "COORD": "-1,3757,39,5118",
        "DATE": "2026-10-04",
        "TIME": "22:06",
        "MXI": "-22,89 kA.",
        "STR": "0",
        "SMA": "0,156 Km.",
        "SMI": "0,13700002 Km.",
        "CHI": "0,8",
        "metvlc_time_utc": "2026-10-04T20:06:00+00:00",
        "metvlc_time_source": "date+time",
        "metvlc_has_real_time": true,
        "metvlc_captura_utc": "2026-10-05T12:17:54+00:00",
        "metvlc_last_seen_utc": "2026-10-05T12:17:54+00:00",
        "metvlc_fuente": "SIGIF/GVA Rayos 24h KMZ"
      },
      "geometry": {
        "type": "Point",
        "coordinates": [
          -1.3757,
          39.5118
        ]
      }
    },
    {
      "type": "Feature",
      "properties": {
        "name": "04/10/2026 22:06:59",
        "COORD": "-0,9678,38,9366",
        "DATE": "2026-10-04",
        "TIME": "22:06",
        "MXI": "-9,19 kA.",
        "STR": "0",
        "SMA": "0,336 Km.",
        "SMI": "0,22300006 Km.",
        "CHI": "0,8",
        "metvlc_time_utc": "2026-10-04T20:06:00+00:00",
        "metvlc_time_source": "date+time",
        "metvlc_has_real_time": true,
        "metvlc_captura_utc": "2026-10-05T12:17:54+00:00",
        "metvlc_last_seen_utc": "2026-10-05T12:17:54+00:00",
        "metvlc_fuente": "SIGIF/GVA Rayos 24h KMZ"
      },
      "geometry": {
        "type": "Point",
        "coordinates": [
          -0.9678,
          38.9366
        ]
      }
    },
    {
      "type": "Feature",
      "properties": {
        "name": "04/10/2026 22:08:37",
        "COORD": "-1,2574,39,48",
        "DATE": "2026-10-04",
        "TIME": "22:08",
        "MXI": "-10,39 kA.",
        "STR": "0",
        "SMA": "0,221 Km.",
        "SMI": "0,15399998 Km.",
        "CHI": "0,6",
        "metvlc_time_utc": "2026-10-04T20:08:00+00:00",
        "metvlc_time_source": "date+time",
        "metvlc_has_real_time": true,
        "metvlc_captura_utc": "2026-10-05T12:17:54+00:00",
        "metvlc_last_seen_utc": "2026-10-05T12:17:54+00:00",
        "metvlc_fuente": "SIGIF/GVA Rayos 24h KMZ"
      },
      "geometry": {
        "type": "Point",
        "coordinates": [
          -1.2574,
          39.48
        ]
      }
    },
    {
      "type": "Feature",
      "properties": {
        "name": "04/10/2026 22:10:07",
        "COORD": "-1,1609,39,4753",
        "DATE": "2026-10-04",
        "TIME": "22:10",
        "MXI": "-11,8 kA.",
        "STR": "0",
        "SMA": "0,17 Km.",
        "SMI": "0,13000003 Km.",
        "CHI": "0,2",
        "metvlc_time_utc": "2026-10-04T20:10:00+00:00",
        "metvlc_time_source": "date+time",
        "metvlc_has_real_time": true,
        "metvlc_captura_utc": "2026-10-05T12:17:54+00:00",
        "metvlc_last_seen_utc": "2026-10-05T12:17:54+00:00",
        "metvlc_fuente": "SIGIF/GVA Rayos 24h KMZ"
      },
      "geometry": {
        "type": "Point",
        "coordinates": [
          -1.1609,
          39.4753
        ]
      }
    },
    {
      "type": "Feature",
      "properties": {
        "name": "04/10/2026 22:10:15",
        "COORD": "-1,2812,39,5229",
        "DATE": "2026-10-04",
        "TIME": "22:10",
        "MXI": "-8,16 kA.",
        "STR": "0",
        "SMA": "0,513 Km.",
        "SMI": "0,21500006 Km.",
        "CHI": "1,2",
        "metvlc_time_utc": "2026-10-04T20:10:00+00:00",
        "metvlc_time_source": "date+time",
        "metvlc_has_real_time": true,
        "metvlc_captura_utc": "2026-10-05T12:17:54+00:00",
        "metvlc_last_seen_utc": "2026-10-05T12:17:54+00:00",
        "metvlc_fuente": "SIGIF/GVA Rayos 24h KMZ"
      },
      "geometry": {
        "type": "Point",
        "coordinates": [
          -1.2812,
          39.5229
        ]
      }
    },
    {
      "type": "Feature",
      "properties": {
        "name": "04/10/2026 22:11:13",
        "COORD": "-0,9822,39,0496",
        "DATE": "2026-10-04",
        "TIME": "22:11",
        "MXI": "-5,21 kA.",
        "STR": "0",
        "SMA": "0,294 Km.",
        "SMI": "0,18700007 Km.",
        "CHI": "0,8",
        "metvlc_time_utc": "2026-10-04T20:11:00+00:00",
        "metvlc_time_source": "date+time",
        "metvlc_has_real_time": true,
        "metvlc_captura_utc": "2026-10-05T12:17:54+00:00",
        "metvlc_last_seen_utc": "2026-10-05T12:17:54+00:00",
        "metvlc_fuente": "SIGIF/GVA Rayos 24h KMZ"
      },
      "geometry": {
        "type": "Point",
        "coordinates": [
          -0.9822,
          39.0496
        ]
      }
    },
    {
      "type": "Feature",
      "properties": {
        "name": "04/10/2026 22:12:08",
        "COORD": "-1,189,39,491",
        "DATE": "2026-10-04",
        "TIME": "22:12",
        "MXI": "-12,16 kA.",
        "STR": "0",
        "SMA": "0,161 Km.",
        "SMI": "0,124000005 Km.",
        "CHI": "0,5",
        "metvlc_time_utc": "2026-10-04T20:12:00+00:00",
        "metvlc_time_source": "date+time",
        "metvlc_has_real_time": true,
        "metvlc_captura_utc": "2026-10-05T12:17:54+00:00",
        "metvlc_last_seen_utc": "2026-10-05T12:17:54+00:00",
        "metvlc_fuente": "SIGIF/GVA Rayos 24h KMZ"
      },
      "geometry": {
        "type": "Point",
        "coordinates": [
          -1.189,
          39.491
        ]
      }
    },
    {
      "type": "Feature",
      "properties": {
        "name": "04/10/2026 22:12:08",
        "COORD": "-1,1885,39,4908",
        "DATE": "2026-10-04",
        "TIME": "22:12",
        "MXI": "-23,55 kA.",
        "STR": "0",
        "SMA": "0,163 Km.",
        "SMI": "0,125 Km.",
        "CHI": "1,1",
        "metvlc_time_utc": "2026-10-04T20:12:00+00:00",
        "metvlc_time_source": "date+time",
        "metvlc_has_real_time": true,
        "metvlc_captura_utc": "2026-10-05T12:17:54+00:00",
        "metvlc_last_seen_utc": "2026-10-05T12:17:54+00:00",
        "metvlc_fuente": "SIGIF/GVA Rayos 24h KMZ"
      },
      "geometry": {
        "type": "Point",
        "coordinates": [
          -1.1885,
          39.4908
        ]
      }
    },
    {
      "type": "Feature",
      "properties": {
        "name": "04/10/2026 22:12:09",
        "COORD": "-1,1884,39,4909",
        "DATE": "2026-10-04",
        "TIME": "22:12",
        "MXI": "-24,5 kA.",
        "STR": "0",
        "SMA": "0,162 Km.",
        "SMI": "0,12399996 Km.",
        "CHI": "1,2",
        "metvlc_time_utc": "2026-10-04T20:12:00+00:00",
        "metvlc_time_source": "date+time",
        "metvlc_has_real_time": true,
        "metvlc_captura_utc": "2026-10-05T12:17:54+00:00",
        "metvlc_last_seen_utc": "2026-10-05T12:17:54+00:00",
        "metvlc_fuente": "SIGIF/GVA Rayos 24h KMZ"
      },
      "geometry": {
        "type": "Point",
        "coordinates": [
          -1.1884,
          39.4909
        ]
      }
    },
    {
      "type": "Feature",
      "properties": {
        "name": "04/10/2026 22:14:22",
        "COORD": "-1,2482,39,45",
        "DATE": "2026-10-04",
        "TIME": "22:14",
        "MXI": "-9,96 kA.",
        "STR": "0",
        "SMA": "0,197 Km.",
        "SMI": "0,15600006 Km.",
        "CHI": "0,2",
        "metvlc_time_utc": "2026-10-04T20:14:00+00:00",
        "metvlc_time_source": "date+time",
        "metvlc_has_real_time": true,
        "metvlc_captura_utc": "2026-10-05T12:17:54+00:00",
        "metvlc_last_seen_utc": "2026-10-05T12:17:54+00:00",
        "metvlc_fuente": "SIGIF/GVA Rayos 24h KMZ"
      },
      "geometry": {
        "type": "Point",
        "coordinates": [
          -1.2482,
          39.45
        ]
      }
    },
    {
      "type": "Feature",
      "properties": {
        "name": "04/10/2026 22:14:22",
        "COORD": "-1,2231,39,4536",
        "DATE": "2026-10-04",
        "TIME": "22:14",
        "MXI": "-8,65 kA.",
        "STR": "0",
        "SMA": "0,234 Km.",
        "SMI": "0,15400006 Km.",
        "CHI": "0,6",
        "metvlc_time_utc": "2026-10-04T20:14:00+00:00",
        "metvlc_time_source": "date+time",
        "metvlc_has_real_time": true,
        "metvlc_captura_utc": "2026-10-05T12:17:54+00:00",
        "metvlc_last_seen_utc": "2026-10-05T12:17:54+00:00",
        "metvlc_fuente": "SIGIF/GVA Rayos 24h KMZ"
      },
      "geometry": {
        "type": "Point",
        "coordinates": [
          -1.2231,
          39.4536
        ]
      }
    },
    {
      "type": "Feature",
      "properties": {
        "name": "04/10/2026 22:15:00",
        "COORD": "-0,9697,38,9164",
        "DATE": "2026-10-04",
        "TIME": "22:15",
        "MXI": "-18,66 kA.",
        "STR": "0",
        "SMA": "0,247 Km.",
        "SMI": "0,125 Km.",
        "CHI": "0,6",
        "metvlc_time_utc": "2026-10-04T20:15:00+00:00",
        "metvlc_time_source": "date+time",
        "metvlc_has_real_time": true,
        "metvlc_captura_utc": "2026-10-05T12:17:54+00:00",
        "metvlc_last_seen_utc": "2026-10-05T12:17:54+00:00",
        "metvlc_fuente": "SIGIF/GVA Rayos 24h KMZ"
      },
      "geometry": {
        "type": "Point",
        "coordinates": [
          -0.9697,
          38.9164
        ]
      }
    },
    {
      "type": "Feature",
      "properties": {
        "name": "04/10/2026 22:15:00",
        "COORD": "-0,9819,38,9156",
        "DATE": "2026-10-04",
        "TIME": "22:15",
        "MXI": "-11,84 kA.",
        "STR": "0",
        "SMA": "0,253 Km.",
        "SMI": "0,13800003 Km.",
        "CHI": "0,6",
        "metvlc_time_utc": "2026-10-04T20:15:00+00:00",
        "metvlc_time_source": "date+time",
        "metvlc_has_real_time": true,
        "metvlc_captura_utc": "2026-10-05T12:17:54+00:00",
        "metvlc_last_seen_utc": "2026-10-05T12:17:54+00:00",
        "metvlc_fuente": "SIGIF/GVA Rayos 24h KMZ"
      },
      "geometry": {
        "type": "Point",
        "coordinates": [
          -0.9819,
          38.9156
        ]
      }
    },
    {
      "type": "Feature",
      "properties": {
        "name": "04/10/2026 22:16:41",
        "COORD": "-1,655,39,8131",
        "DATE": "2026-10-04",
        "TIME": "22:16",
        "MXI": "40,36 kA.",
        "STR": "0",
        "SMA": "0,162 Km.",
        "SMI": "0,14300002 Km.",
        "CHI": "0,8",
        "metvlc_time_utc": "2026-10-04T20:16:00+00:00",
        "metvlc_time_source": "date+time",
        "metvlc_has_real_time": true,
        "metvlc_captura_utc": "2026-10-05T12:17:54+00:00",
        "metvlc_last_seen_utc": "2026-10-05T12:17:54+00:00",
        "metvlc_fuente": "SIGIF/GVA Rayos 24h KMZ"
      },
      "geometry": {
        "type": "Point",
        "coordinates": [
          -1.655,
          39.8131
        ]
      }
    },
    {
      "type": "Feature",
      "properties": {
        "name": "04/10/2026 22:19:20",
        "COORD": "-1,2194,39,5419",
        "DATE": "2026-10-04",
        "TIME": "22:19",
        "MXI": "-24,96 kA.",
        "STR": "0",
        "SMA": "0,153 Km.",
        "SMI": "0,13900006 Km.",
        "CHI": "0,9",
        "metvlc_time_utc": "2026-10-04T20:19:00+00:00",
        "metvlc_time_source": "date+time",
        "metvlc_has_real_time": true,
        "metvlc_captura_utc": "2026-10-05T12:17:54+00:00",
        "metvlc_last_seen_utc": "2026-10-05T12:17:54+00:00",
        "metvlc_fuente": "SIGIF/GVA Rayos 24h KMZ"
      },
      "geometry": {
        "type": "Point",
        "coordinates": [
          -1.2194,
          39.5419
        ]
      }
    },
    {
      "type": "Feature",
      "properties": {
        "name": "04/10/2026 22:19:20",
        "COORD": "-1,219,39,5427",
        "DATE": "2026-10-04",
        "TIME": "22:19",
        "MXI": "-37,04 kA.",
        "STR": "0",
        "SMA": "0,16 Km.",
        "SMI": "0,131 Km.",
        "CHI": "1,1",
        "metvlc_time_utc": "2026-10-04T20:19:00+00:00",
        "metvlc_time_source": "date+time",
        "metvlc_has_real_time": true,
        "metvlc_captura_utc": "2026-10-05T12:17:54+00:00",
        "metvlc_last_seen_utc": "2026-10-05T12:17:54+00:00",
        "metvlc_fuente": "SIGIF/GVA Rayos 24h KMZ"
      },
      "geometry": {
        "type": "Point",
        "coordinates": [
          -1.219,
          39.5427
        ]
      }
    },
    {
      "type": "Feature",
      "properties": {
        "name": "04/10/2026 22:19:20",
        "COORD": "-1,2191,39,542",
        "DATE": "2026-10-04",
        "TIME": "22:19",
        "MXI": "-58,98 kA.",
        "STR": "0",
        "SMA": "0,184 Km.",
        "SMI": "0,12899996 Km.",
        "CHI": "1,5",
        "metvlc_time_utc": "2026-10-04T20:19:00+00:00",
        "metvlc_time_source": "date+time",
        "metvlc_has_real_time": true,
        "metvlc_captura_utc": "2026-10-05T12:17:54+00:00",
        "metvlc_last_seen_utc": "2026-10-05T12:17:54+00:00",
        "metvlc_fuente": "SIGIF/GVA Rayos 24h KMZ"
      },
      "geometry": {
        "type": "Point",
        "coordinates": [
          -1.2191,
          39.542
        ]
      }
    },
    {
      "type": "Feature",
      "properties": {
        "name": "04/10/2026 22:19:21",
        "COORD": "-1,2194,39,5418",
        "DATE": "2026-10-04",
        "TIME": "22:19",
        "MXI": "-20,06 kA.",
        "STR": "0",
        "SMA": "0,18 Km.",
        "SMI": "0,13799998 Km.",
        "CHI": "0,4",
        "metvlc_time_utc": "2026-10-04T20:19:00+00:00",
        "metvlc_time_source": "date+time",
        "metvlc_has_real_time": true,
        "metvlc_captura_utc": "2026-10-05T12:17:54+00:00",
        "metvlc_last_seen_utc": "2026-10-05T12:17:54+00:00",
        "metvlc_fuente": "SIGIF/GVA Rayos 24h KMZ"
      },
      "geometry": {
        "type": "Point",
        "coordinates": [
          -1.2194,
          39.5418
        ]
      }
    },
    {
      "type": "Feature",
      "properties": {
        "name": "04/10/2026 22:21:00",
        "COORD": "-1,1573,39,4668",
        "DATE": "2026-10-04",
        "TIME": "22:21",
        "MXI": "-9,47 kA.",
        "STR": "0",
        "SMA": "0,219 Km.",
        "SMI": "0,15399998 Km.",
        "CHI": "0,4",
        "metvlc_time_utc": "2026-10-04T20:21:00+00:00",
        "metvlc_time_source": "date+time",
        "metvlc_has_real_time": true,
        "metvlc_captura_utc": "2026-10-05T12:17:54+00:00",
        "metvlc_last_seen_utc": "2026-10-05T12:17:54+00:00",
        "metvlc_fuente": "SIGIF/GVA Rayos 24h KMZ"
      },
      "geometry": {
        "type": "Point",
        "coordinates": [
          -1.1573,
          39.4668
        ]
      }
    },
    {
      "type": "Feature",
      "properties": {
        "name": "04/10/2026 22:21:21",
        "COORD": "-1,1655,39,5069",
        "DATE": "2026-10-04",
        "TIME": "22:21",
        "MXI": "-18,74 kA.",
        "STR": "0",
        "SMA": "0,155 Km.",
        "SMI": "0,12900004 Km.",
        "CHI": "0,6",
        "metvlc_time_utc": "2026-10-04T20:21:00+00:00",
        "metvlc_time_source": "date+time",
        "metvlc_has_real_time": true,
        "metvlc_captura_utc": "2026-10-05T12:17:54+00:00",
        "metvlc_last_seen_utc": "2026-10-05T12:17:54+00:00",
        "metvlc_fuente": "SIGIF/GVA Rayos 24h KMZ"
      },
      "geometry": {
        "type": "Point",
        "coordinates": [
          -1.1655,
          39.5069
        ]
      }
    },
    {
      "type": "Feature",
      "properties": {
        "name": "04/10/2026 22:21:21",
        "COORD": "-1,1651,39,5081",
        "DATE": "2026-10-04",
        "TIME": "22:21",
        "MXI": "-9,17 kA.",
        "STR": "0",
        "SMA": "0,272 Km.",
        "SMI": "0,18500003 Km.",
        "CHI": "0,8",
        "metvlc_time_utc": "2026-10-04T20:21:00+00:00",
        "metvlc_time_source": "date+time",
        "metvlc_has_real_time": true,
        "metvlc_captura_utc": "2026-10-05T12:17:54+00:00",
        "metvlc_last_seen_utc": "2026-10-05T12:17:54+00:00",
        "metvlc_fuente": "SIGIF/GVA Rayos 24h KMZ"
      },
      "geometry": {
        "type": "Point",
        "coordinates": [
          -1.1651,
          39.5081
        ]
      }
    },
    {
      "type": "Feature",
      "properties": {
        "name": "04/10/2026 22:21:21",
        "COORD": "-1,1648,39,5076",
        "DATE": "2026-10-04",
        "TIME": "22:21",
        "MXI": "-7,76 kA.",
        "STR": "0",
        "SMA": "0,237 Km.",
        "SMI": "0,17900003 Km.",
        "CHI": "0,8",
        "metvlc_time_utc": "2026-10-04T20:21:00+00:00",
        "metvlc_time_source": "date+time",
        "metvlc_has_real_time": true,
        "metvlc_captura_utc": "2026-10-05T12:17:54+00:00",
        "metvlc_last_seen_utc": "2026-10-05T12:17:54+00:00",
        "metvlc_fuente": "SIGIF/GVA Rayos 24h KMZ"
      },
      "geometry": {
        "type": "Point",
        "coordinates": [
          -1.1648,
          39.5076
        ]
      }
    },
    {
      "type": "Feature",
      "properties": {
        "name": "04/10/2026 22:21:23",
        "COORD": "-0,9125,38,9291",
        "DATE": "2026-10-04",
        "TIME": "22:21",
        "MXI": "-28,28 kA.",
        "STR": "0",
        "SMA": "0,191 Km.",
        "SMI": "0,13300002 Km.",
        "CHI": "0,5",
        "metvlc_time_utc": "2026-10-04T20:21:00+00:00",
        "metvlc_time_source": "date+time",
        "metvlc_has_real_time": true,
        "metvlc_captura_utc": "2026-10-05T12:17:54+00:00",
        "metvlc_last_seen_utc": "2026-10-05T12:17:54+00:00",
        "metvlc_fuente": "SIGIF/GVA Rayos 24h KMZ"
      },
      "geometry": {
        "type": "Point",
        "coordinates": [
          -0.9125,
          38.9291
        ]
      }
    },
    {
      "type": "Feature",
      "properties": {
        "name": "04/10/2026 22:23:07",
        "COORD": "-1,1079,39,5164",
        "DATE": "2026-10-04",
        "TIME": "22:23",
        "MXI": "-10,82 kA.",
        "STR": "0",
        "SMA": "0,158 Km.",
        "SMI": "0,13400006 Km.",
        "CHI": "0,6",
        "metvlc_time_utc": "2026-10-04T20:23:00+00:00",
        "metvlc_time_source": "date+time",
        "metvlc_has_real_time": true,
        "metvlc_captura_utc": "2026-10-05T12:17:54+00:00",
        "metvlc_last_seen_utc": "2026-10-05T12:17:54+00:00",
        "metvlc_fuente": "SIGIF/GVA Rayos 24h KMZ"
      },
      "geometry": {
        "type": "Point",
        "coordinates": [
          -1.1079,
          39.5164
        ]
      }
    },
    {
      "type": "Feature",
      "properties": {
        "name": "04/10/2026 22:24:31",
        "COORD": "-0,7868,38,7752",
        "DATE": "2026-10-04",
        "TIME": "22:24",
        "MXI": "-11,9 kA.",
        "STR": "0",
        "SMA": "0,208 Km.",
        "SMI": "0,14599997 Km.",
        "CHI": "0,2",
        "metvlc_time_utc": "2026-10-04T20:24:00+00:00",
        "metvlc_time_source": "date+time",
        "metvlc_has_real_time": true,
        "metvlc_captura_utc": "2026-10-05T12:17:54+00:00",
        "metvlc_last_seen_utc": "2026-10-05T12:17:54+00:00",
        "metvlc_fuente": "SIGIF/GVA Rayos 24h KMZ"
      },
      "geometry": {
        "type": "Point",
        "coordinates": [
          -0.7868,
          38.7752
        ]
      }
    },
    {
      "type": "Feature",
      "properties": {
        "name": "04/10/2026 22:24:31",
        "COORD": "-0,8383,38,8003",
        "DATE": "2026-10-04",
        "TIME": "22:24",
        "MXI": "-19,71 kA.",
        "STR": "0",
        "SMA": "0,186 Km.",
        "SMI": "0,12899995 Km.",
        "CHI": "0,5",
        "metvlc_time_utc": "2026-10-04T20:24:00+00:00",
        "metvlc_time_source": "date+time",
        "metvlc_has_real_time": true,
        "metvlc_captura_utc": "2026-10-05T12:17:54+00:00",
        "metvlc_last_seen_utc": "2026-10-05T12:17:54+00:00",
        "metvlc_fuente": "SIGIF/GVA Rayos 24h KMZ"
      },
      "geometry": {
        "type": "Point",
        "coordinates": [
          -0.8383,
          38.8003
        ]
      }
    },
    {
      "type": "Feature",
      "properties": {
        "name": "04/10/2026 22:24:31",
        "COORD": "-0,8382,38,7997",
        "DATE": "2026-10-04",
        "TIME": "22:24",
        "MXI": "-17,64 kA.",
        "STR": "0",
        "SMA": "0,184 Km.",
        "SMI": "0,139 Km.",
        "CHI": "0,5",
        "metvlc_time_utc": "2026-10-04T20:24:00+00:00",
        "metvlc_time_source": "date+time",
        "metvlc_has_real_time": true,
        "metvlc_captura_utc": "2026-10-05T12:17:54+00:00",
        "metvlc_last_seen_utc": "2026-10-05T12:17:54+00:00",
        "metvlc_fuente": "SIGIF/GVA Rayos 24h KMZ"
      },
      "geometry": {
        "type": "Point",
        "coordinates": [
          -0.8382,
          38.7997
        ]
      }
    },
    {
      "type": "Feature",
      "properties": {
        "name": "04/10/2026 22:27:05",
        "COORD": "-0,81,38,7899",
        "DATE": "2026-10-04",
        "TIME": "22:27",
        "MXI": "-18,78 kA.",
        "STR": "0",
        "SMA": "0,207 Km.",
        "SMI": "0,13099998 Km.",
        "CHI": "0,6",
        "metvlc_time_utc": "2026-10-04T20:27:00+00:00",
        "metvlc_time_source": "date+time",
        "metvlc_has_real_time": true,
        "metvlc_captura_utc": "2026-10-05T12:17:54+00:00",
        "metvlc_last_seen_utc": "2026-10-05T12:17:54+00:00",
        "metvlc_fuente": "SIGIF/GVA Rayos 24h KMZ"
      },
      "geometry": {
        "type": "Point",
        "coordinates": [
          -0.81,
          38.7899
        ]
      }
    },
    {
      "type": "Feature",
      "properties": {
        "name": "04/10/2026 22:27:05",
        "COORD": "-0,8105,38,7895",
        "DATE": "2026-10-04",
        "TIME": "22:27",
        "MXI": "-9,36 kA.",
        "STR": "0",
        "SMA": "0,289 Km.",
        "SMI": "0,167 Km.",
        "CHI": "0,8",
        "metvlc_time_utc": "2026-10-04T20:27:00+00:00",
        "metvlc_time_source": "date+time",
        "metvlc_has_real_time": true,
        "metvlc_captura_utc": "2026-10-05T12:17:54+00:00",
        "metvlc_last_seen_utc": "2026-10-05T12:17:54+00:00",
        "metvlc_fuente": "SIGIF/GVA Rayos 24h KMZ"
      },
      "geometry": {
        "type": "Point",
        "coordinates": [
          -0.8105,
          38.7895
        ]
      }
    },
    {
      "type": "Feature",
      "properties": {
        "name": "04/10/2026 22:28:16",
        "COORD": "-0,7687,38,7916",
        "DATE": "2026-10-04",
        "TIME": "22:28",
        "MXI": "-19,2 kA.",
        "STR": "0",
        "SMA": "0,213 Km.",
        "SMI": "0,13200003 Km.",
        "CHI": "0,5",
        "metvlc_time_utc": "2026-10-04T20:28:00+00:00",
        "metvlc_time_source": "date+time",
        "metvlc_has_real_time": true,
        "metvlc_captura_utc": "2026-10-05T12:17:54+00:00",
        "metvlc_last_seen_utc": "2026-10-05T12:17:54+00:00",
        "metvlc_fuente": "SIGIF/GVA Rayos 24h KMZ"
      },
      "geometry": {
        "type": "Point",
        "coordinates": [
          -0.7687,
          38.7916
        ]
      }
    },
    {
      "type": "Feature",
      "properties": {
        "name": "04/10/2026 22:28:16",
        "COORD": "-0,7661,38,7898",
        "DATE": "2026-10-04",
        "TIME": "22:28",
        "MXI": "-11,93 kA.",
        "STR": "0",
        "SMA": "0,563 Km.",
        "SMI": "0,19299997 Km.",
        "CHI": "0,4",
        "metvlc_time_utc": "2026-10-04T20:28:00+00:00",
        "metvlc_time_source": "date+time",
        "metvlc_has_real_time": true,
        "metvlc_captura_utc": "2026-10-05T12:17:54+00:00",
        "metvlc_last_seen_utc": "2026-10-05T12:17:54+00:00",
        "metvlc_fuente": "SIGIF/GVA Rayos 24h KMZ"
      },
      "geometry": {
        "type": "Point",
        "coordinates": [
          -0.7661,
          38.7898
        ]
      }
    },
    {
      "type": "Feature",
      "properties": {
        "name": "04/10/2026 22:29:18",
        "COORD": "-0,7571,38,7779",
        "DATE": "2026-10-04",
        "TIME": "22:29",
        "MXI": "-12,98 kA.",
        "STR": "0",
        "SMA": "0,371 Km.",
        "SMI": "0,18099996 Km.",
        "CHI": "0,3",
        "metvlc_time_utc": "2026-10-04T20:29:00+00:00",
        "metvlc_time_source": "date+time",
        "metvlc_has_real_time": true,
        "metvlc_captura_utc": "2026-10-05T12:17:54+00:00",
        "metvlc_last_seen_utc": "2026-10-05T12:17:54+00:00",
        "metvlc_fuente": "SIGIF/GVA Rayos 24h KMZ"
      },
      "geometry": {
        "type": "Point",
        "coordinates": [
          -0.7571,
          38.7779
        ]
      }
    },
    {
      "type": "Feature",
      "properties": {
        "name": "04/10/2026 22:33:59",
        "COORD": "-1,1493,39,5729",
        "DATE": "2026-10-04",
        "TIME": "22:33",
        "MXI": "-7,93 kA.",
        "STR": "0",
        "SMA": "0,23 Km.",
        "SMI": "0,17900002 Km.",
        "CHI": "0,8",
        "metvlc_time_utc": "2026-10-04T20:33:00+00:00",
        "metvlc_time_source": "date+time",
        "metvlc_has_real_time": true,
        "metvlc_captura_utc": "2026-10-05T12:17:54+00:00",
        "metvlc_last_seen_utc": "2026-10-05T12:17:54+00:00",
        "metvlc_fuente": "SIGIF/GVA Rayos 24h KMZ"
      },
      "geometry": {
        "type": "Point",
        "coordinates": [
          -1.1493,
          39.5729
        ]
      }
    },
    {
      "type": "Feature",
      "properties": {
        "name": "04/10/2026 22:38:41",
        "COORD": "-1,1085,39,5791",
        "DATE": "2026-10-04",
        "TIME": "22:38",
        "MXI": "-25,25 kA.",
        "STR": "0",
        "SMA": "0,168 Km.",
        "SMI": "0,13099997 Km.",
        "CHI": "1",
        "metvlc_time_utc": "2026-10-04T20:38:00+00:00",
        "metvlc_time_source": "date+time",
        "metvlc_has_real_time": true,
        "metvlc_captura_utc": "2026-10-05T12:17:54+00:00",
        "metvlc_last_seen_utc": "2026-10-05T12:17:54+00:00",
        "metvlc_fuente": "SIGIF/GVA Rayos 24h KMZ"
      },
      "geometry": {
        "type": "Point",
        "coordinates": [
          -1.1085,
          39.5791
        ]
      }
    },
    {
      "type": "Feature",
      "properties": {
        "name": "04/10/2026 22:40:56",
        "COORD": "-1,633,39,94",
        "DATE": "2026-10-04",
        "TIME": "22:40",
        "MXI": "-9,17 kA.",
        "STR": "0",
        "SMA": "0,157 Km.",
        "SMI": "0,13100004 Km.",
        "CHI": "0,2",
        "metvlc_time_utc": "2026-10-04T20:40:00+00:00",
        "metvlc_time_source": "date+time",
        "metvlc_has_real_time": true,
        "metvlc_captura_utc": "2026-10-05T12:17:54+00:00",
        "metvlc_last_seen_utc": "2026-10-05T12:17:54+00:00",
        "metvlc_fuente": "SIGIF/GVA Rayos 24h KMZ"
      },
      "geometry": {
        "type": "Point",
        "coordinates": [
          -1.633,
          39.94
        ]
      }
    },
    {
      "type": "Feature",
      "properties": {
        "name": "04/10/2026 22:40:56",
        "COORD": "-1,6475,39,95",
        "DATE": "2026-10-04",
        "TIME": "22:40",
        "MXI": "-8,97 kA.",
        "STR": "0",
        "SMA": "0,161 Km.",
        "SMI": "0,13099997 Km.",
        "CHI": "0,3",
        "metvlc_time_utc": "2026-10-04T20:40:00+00:00",
        "metvlc_time_source": "date+time",
        "metvlc_has_real_time": true,
        "metvlc_captura_utc": "2026-10-05T12:17:54+00:00",
        "metvlc_last_seen_utc": "2026-10-05T12:17:54+00:00",
        "metvlc_fuente": "SIGIF/GVA Rayos 24h KMZ"
      },
      "geometry": {
        "type": "Point",
        "coordinates": [
          -1.6475,
          39.95
        ]
      }
    },
    {
      "type": "Feature",
      "properties": {
        "name": "04/10/2026 22:40:56",
        "COORD": "-1,6326,39,9419",
        "DATE": "2026-10-04",
        "TIME": "22:40",
        "MXI": "-5,99 kA.",
        "STR": "0",
        "SMA": "0,248 Km.",
        "SMI": "0,21200006 Km.",
        "CHI": "0,2",
        "metvlc_time_utc": "2026-10-04T20:40:00+00:00",
        "metvlc_time_source": "date+time",
        "metvlc_has_real_time": true,
        "metvlc_captura_utc": "2026-10-05T12:17:54+00:00",
        "metvlc_last_seen_utc": "2026-10-05T12:17:54+00:00",
        "metvlc_fuente": "SIGIF/GVA Rayos 24h KMZ"
      },
      "geometry": {
        "type": "Point",
        "coordinates": [
          -1.6326,
          39.9419
        ]
      }
    },
    {
      "type": "Feature",
      "properties": {
        "name": "04/10/2026 22:40:56",
        "COORD": "-1,6389,39,9373",
        "DATE": "2026-10-04",
        "TIME": "22:40",
        "MXI": "-9,84 kA.",
        "STR": "0",
        "SMA": "0,186 Km.",
        "SMI": "0,15200004 Km.",
        "CHI": "0,2",
        "metvlc_time_utc": "2026-10-04T20:40:00+00:00",
        "metvlc_time_source": "date+time",
        "metvlc_has_real_time": true,
        "metvlc_captura_utc": "2026-10-05T12:17:54+00:00",
        "metvlc_last_seen_utc": "2026-10-05T12:17:54+00:00",
        "metvlc_fuente": "SIGIF/GVA Rayos 24h KMZ"
      },
      "geometry": {
        "type": "Point",
        "coordinates": [
          -1.6389,
          39.9373
        ]
      }
    },
    {
      "type": "Feature",
      "properties": {
        "name": "04/10/2026 22:40:56",
        "COORD": "-1,6389,39,9379",
        "DATE": "2026-10-04",
        "TIME": "22:40",
        "MXI": "-7,67 kA.",
        "STR": "0",
        "SMA": "0,185 Km.",
        "SMI": "0,17000005 Km.",
        "CHI": "0,5",
        "metvlc_time_utc": "2026-10-04T20:40:00+00:00",
        "metvlc_time_source": "date+time",
        "metvlc_has_real_time": true,
        "metvlc_captura_utc": "2026-10-05T12:17:54+00:00",
        "metvlc_last_seen_utc": "2026-10-05T12:17:54+00:00",
        "metvlc_fuente": "SIGIF/GVA Rayos 24h KMZ"
      },
      "geometry": {
        "type": "Point",
        "coordinates": [
          -1.6389,
          39.9379
        ]
      }
    },
    {
      "type": "Feature",
      "properties": {
        "name": "04/10/2026 22:41:37",
        "COORD": "-1,443,39,8626",
        "DATE": "2026-10-04",
        "TIME": "22:41",
        "MXI": "55,15 kA.",
        "STR": "0",
        "SMA": "0,148 Km.",
        "SMI": "0,133 Km.",
        "CHI": "0,9",
        "metvlc_time_utc": "2026-10-04T20:41:00+00:00",
        "metvlc_time_source": "date+time",
        "metvlc_has_real_time": true,
        "metvlc_captura_utc": "2026-10-05T12:17:54+00:00",
        "metvlc_last_seen_utc": "2026-10-05T12:17:54+00:00",
        "metvlc_fuente": "SIGIF/GVA Rayos 24h KMZ"
      },
      "geometry": {
        "type": "Point",
        "coordinates": [
          -1.443,
          39.8626
        ]
      }
    },
    {
      "type": "Feature",
      "properties": {
        "name": "04/10/2026 22:42:33",
        "COORD": "-1,6448,39,9627",
        "DATE": "2026-10-04",
        "TIME": "22:42",
        "MXI": "-10,1 kA.",
        "STR": "0",
        "SMA": "0,155 Km.",
        "SMI": "0,15299998 Km.",
        "CHI": "0,2",
        "metvlc_time_utc": "2026-10-04T20:42:00+00:00",
        "metvlc_time_source": "date+time",
        "metvlc_has_real_time": true,
        "metvlc_captura_utc": "2026-10-05T12:17:54+00:00",
        "metvlc_last_seen_utc": "2026-10-05T12:17:54+00:00",
        "metvlc_fuente": "SIGIF/GVA Rayos 24h KMZ"
      },
      "geometry": {
        "type": "Point",
        "coordinates": [
          -1.6448,
          39.9627
        ]
      }
    },
    {
      "type": "Feature",
      "properties": {
        "name": "04/10/2026 22:42:42",
        "COORD": "-1,037,39,5944",
        "DATE": "2026-10-04",
        "TIME": "22:42",
        "MXI": "-29,12 kA.",
        "STR": "0",
        "SMA": "0,164 Km.",
        "SMI": "0,12600003 Km.",
        "CHI": "0,8",
        "metvlc_time_utc": "2026-10-04T20:42:00+00:00",
        "metvlc_time_source": "date+time",
        "metvlc_has_real_time": true,
        "metvlc_captura_utc": "2026-10-05T12:17:54+00:00",
        "metvlc_last_seen_utc": "2026-10-05T12:17:54+00:00",
        "metvlc_fuente": "SIGIF/GVA Rayos 24h KMZ"
      },
      "geometry": {
        "type": "Point",
        "coordinates": [
          -1.037,
          39.5944
        ]
      }
    },
    {
      "type": "Feature",
      "properties": {
        "name": "04/10/2026 22:46:37",
        "COORD": "-1,0204,39,5554",
        "DATE": "2026-10-04",
        "TIME": "22:46",
        "MXI": "-17,74 kA.",
        "STR": "0",
        "SMA": "0,166 Km.",
        "SMI": "0,125 Km.",
        "CHI": "0,4",
        "metvlc_time_utc": "2026-10-04T20:46:00+00:00",
        "metvlc_time_source": "date+time",
        "metvlc_has_real_time": true,
        "metvlc_captura_utc": "2026-10-05T12:17:54+00:00",
        "metvlc_last_seen_utc": "2026-10-05T12:17:54+00:00",
        "metvlc_fuente": "SIGIF/GVA Rayos 24h KMZ"
      },
      "geometry": {
        "type": "Point",
        "coordinates": [
          -1.0204,
          39.5554
        ]
      }
    },
    {
      "type": "Feature",
      "properties": {
        "name": "04/10/2026 22:46:43",
        "COORD": "-1,4491,39,8563",
        "DATE": "2026-10-04",
        "TIME": "22:46",
        "MXI": "32,5 kA.",
        "STR": "0",
        "SMA": "0,154 Km.",
        "SMI": "0,12700005 Km.",
        "CHI": "0,8",
        "metvlc_time_utc": "2026-10-04T20:46:00+00:00",
        "metvlc_time_source": "date+time",
        "metvlc_has_real_time": true,
        "metvlc_captura_utc": "2026-10-05T12:17:54+00:00",
        "metvlc_last_seen_utc": "2026-10-05T12:17:54+00:00",
        "metvlc_fuente": "SIGIF/GVA Rayos 24h KMZ"
      },
      "geometry": {
        "type": "Point",
        "coordinates": [
          -1.4491,
          39.8563
        ]
      }
    },
    {
      "type": "Feature",
      "properties": {
        "name": "04/10/2026 22:49:37",
        "COORD": "-1,4965,39,9053",
        "DATE": "2026-10-04",
        "TIME": "22:49",
        "MXI": "-9,88 kA.",
        "STR": "0",
        "SMA": "0,153 Km.",
        "SMI": "0,12899995 Km.",
        "CHI": "0,2",
        "metvlc_time_utc": "2026-10-04T20:49:00+00:00",
        "metvlc_time_source": "date+time",
        "metvlc_has_real_time": true,
        "metvlc_captura_utc": "2026-10-05T12:17:54+00:00",
        "metvlc_last_seen_utc": "2026-10-05T12:17:54+00:00",
        "metvlc_fuente": "SIGIF/GVA Rayos 24h KMZ"
      },
      "geometry": {
        "type": "Point",
        "coordinates": [
          -1.4965,
          39.9053
        ]
      }
    },
    {
      "type": "Feature",
      "properties": {
        "name": "04/10/2026 22:49:38",
        "COORD": "-1,528,39,8862",
        "DATE": "2026-10-04",
        "TIME": "22:49",
        "MXI": "-13,61 kA.",
        "STR": "0",
        "SMA": "0,154 Km.",
        "SMI": "0,128 Km.",
        "CHI": "0,3",
        "metvlc_time_utc": "2026-10-04T20:49:00+00:00",
        "metvlc_time_source": "date+time",
        "metvlc_has_real_time": true,
        "metvlc_captura_utc": "2026-10-05T12:17:54+00:00",
        "metvlc_last_seen_utc": "2026-10-05T12:17:54+00:00",
        "metvlc_fuente": "SIGIF/GVA Rayos 24h KMZ"
      },
      "geometry": {
        "type": "Point",
        "coordinates": [
          -1.528,
          39.8862
        ]
      }
    },
    {
      "type": "Feature",
      "properties": {
        "name": "04/10/2026 22:49:38",
        "COORD": "-1,5274,39,8863",
        "DATE": "2026-10-04",
        "TIME": "22:49",
        "MXI": "-40,68 kA.",
        "STR": "0",
        "SMA": "0,154 Km.",
        "SMI": "0,128 Km.",
        "CHI": "1,4",
        "metvlc_time_utc": "2026-10-04T20:49:00+00:00",
        "metvlc_time_source": "date+time",
        "metvlc_has_real_time": true,
        "metvlc_captura_utc": "2026-10-05T12:17:54+00:00",
        "metvlc_last_seen_utc": "2026-10-05T12:17:54+00:00",
        "metvlc_fuente": "SIGIF/GVA Rayos 24h KMZ"
      },
      "geometry": {
        "type": "Point",
        "coordinates": [
          -1.5274,
          39.8863
        ]
      }
    },
    {
      "type": "Feature",
      "properties": {
        "name": "04/10/2026 22:49:38",
        "COORD": "-1,5276,39,886",
        "DATE": "2026-10-04",
        "TIME": "22:49",
        "MXI": "-9,39 kA.",
        "STR": "0",
        "SMA": "0,187 Km.",
        "SMI": "0,14999996 Km.",
        "CHI": "0,2",
        "metvlc_time_utc": "2026-10-04T20:49:00+00:00",
        "metvlc_time_source": "date+time",
        "metvlc_has_real_time": true,
        "metvlc_captura_utc": "2026-10-05T12:17:54+00:00",
        "metvlc_last_seen_utc": "2026-10-05T12:17:54+00:00",
        "metvlc_fuente": "SIGIF/GVA Rayos 24h KMZ"
      },
      "geometry": {
        "type": "Point",
        "coordinates": [
          -1.5276,
          39.886
        ]
      }
    },
    {
      "type": "Feature",
      "properties": {
        "name": "04/10/2026 22:49:38",
        "COORD": "-1,5265,39,8859",
        "DATE": "2026-10-04",
        "TIME": "22:49",
        "MXI": "-22,58 kA.",
        "STR": "0",
        "SMA": "0,166 Km.",
        "SMI": "0,12300003 Km.",
        "CHI": "0,9",
        "metvlc_time_utc": "2026-10-04T20:49:00+00:00",
        "metvlc_time_source": "date+time",
        "metvlc_has_real_time": true,
        "metvlc_captura_utc": "2026-10-05T12:17:54+00:00",
        "metvlc_last_seen_utc": "2026-10-05T12:17:54+00:00",
        "metvlc_fuente": "SIGIF/GVA Rayos 24h KMZ"
      },
      "geometry": {
        "type": "Point",
        "coordinates": [
          -1.5265,
          39.8859
        ]
      }
    },
    {
      "type": "Feature",
      "properties": {
        "name": "04/10/2026 22:49:38",
        "COORD": "-1,5279,39,8863",
        "DATE": "2026-10-04",
        "TIME": "22:49",
        "MXI": "-16,64 kA.",
        "STR": "0",
        "SMA": "0,154 Km.",
        "SMI": "0,128 Km.",
        "CHI": "0,4",
        "metvlc_time_utc": "2026-10-04T20:49:00+00:00",
        "metvlc_time_source": "date+time",
        "metvlc_has_real_time": true,
        "metvlc_captura_utc": "2026-10-05T12:17:54+00:00",
        "metvlc_last_seen_utc": "2026-10-05T12:17:54+00:00",
        "metvlc_fuente": "SIGIF/GVA Rayos 24h KMZ"
      },
      "geometry": {
        "type": "Point",
        "coordinates": [
          -1.5279,
          39.8863
        ]
      }
    },
    {
      "type": "Feature",
      "properties": {
        "name": "04/10/2026 22:49:38",
        "COORD": "-1,5276,39,8859",
        "DATE": "2026-10-04",
        "TIME": "22:49",
        "MXI": "-11,26 kA.",
        "STR": "0",
        "SMA": "0,155 Km.",
        "SMI": "0,122999966 Km.",
        "CHI": "0,3",
        "metvlc_time_utc": "2026-10-04T20:49:00+00:00",
        "metvlc_time_source": "date+time",
        "metvlc_has_real_time": true,
        "metvlc_captura_utc": "2026-10-05T12:17:54+00:00",
        "metvlc_last_seen_utc": "2026-10-05T12:17:54+00:00",
        "metvlc_fuente": "SIGIF/GVA Rayos 24h KMZ"
      },
      "geometry": {
        "type": "Point",
        "coordinates": [
          -1.5276,
          39.8859
        ]
      }
    },
    {
      "type": "Feature",
      "properties": {
        "name": "04/10/2026 22:49:38",
        "COORD": "-1,5276,39,8865",
        "DATE": "2026-10-04",
        "TIME": "22:49",
        "MXI": "-11,12 kA.",
        "STR": "0",
        "SMA": "0,151 Km.",
        "SMI": "0,13399996 Km.",
        "CHI": "0,5",
        "metvlc_time_utc": "2026-10-04T20:49:00+00:00",
        "metvlc_time_source": "date+time",
        "metvlc_has_real_time": true,
        "metvlc_captura_utc": "2026-10-05T12:17:54+00:00",
        "metvlc_last_seen_utc": "2026-10-05T12:17:54+00:00",
        "metvlc_fuente": "SIGIF/GVA Rayos 24h KMZ"
      },
      "geometry": {
        "type": "Point",
        "coordinates": [
          -1.5276,
          39.8865
        ]
      }
    },
    {
      "type": "Feature",
      "properties": {
        "name": "04/10/2026 22:49:38",
        "COORD": "-1,5274,39,8859",
        "DATE": "2026-10-04",
        "TIME": "22:49",
        "MXI": "-9,69 kA.",
        "STR": "0",
        "SMA": "0,154 Km.",
        "SMI": "0,15099993 Km.",
        "CHI": "0,2",
        "metvlc_time_utc": "2026-10-04T20:49:00+00:00",
        "metvlc_time_source": "date+time",
        "metvlc_has_real_time": true,
        "metvlc_captura_utc": "2026-10-05T12:17:54+00:00",
        "metvlc_last_seen_utc": "2026-10-05T12:17:54+00:00",
        "metvlc_fuente": "SIGIF/GVA Rayos 24h KMZ"
      },
      "geometry": {
        "type": "Point",
        "coordinates": [
          -1.5274,
          39.8859
        ]
      }
    },
    {
      "type": "Feature",
      "properties": {
        "name": "04/10/2026 22:51:58",
        "COORD": "-1,528,39,8892",
        "DATE": "2026-10-04",
        "TIME": "22:51",
        "MXI": "-9,47 kA.",
        "STR": "0",
        "SMA": "0,17 Km.",
        "SMI": "0,14399993 Km.",
        "CHI": "0,4",
        "metvlc_time_utc": "2026-10-04T20:51:00+00:00",
        "metvlc_time_source": "date+time",
        "metvlc_has_real_time": true,
        "metvlc_captura_utc": "2026-10-05T12:17:54+00:00",
        "metvlc_last_seen_utc": "2026-10-05T12:17:54+00:00",
        "metvlc_fuente": "SIGIF/GVA Rayos 24h KMZ"
      },
      "geometry": {
        "type": "Point",
        "coordinates": [
          -1.528,
          39.8892
        ]
      }
    },
    {
      "type": "Feature",
      "properties": {
        "name": "04/10/2026 22:51:58",
        "COORD": "-1,5104,39,8989",
        "DATE": "2026-10-04",
        "TIME": "22:51",
        "MXI": "-13,95 kA.",
        "STR": "0",
        "SMA": "0,152 Km.",
        "SMI": "0,12600002 Km.",
        "CHI": "0,5",
        "metvlc_time_utc": "2026-10-04T20:51:00+00:00",
        "metvlc_time_source": "date+time",
        "metvlc_has_real_time": true,
        "metvlc_captura_utc": "2026-10-05T12:17:54+00:00",
        "metvlc_last_seen_utc": "2026-10-05T12:17:54+00:00",
        "metvlc_fuente": "SIGIF/GVA Rayos 24h KMZ"
      },
      "geometry": {
        "type": "Point",
        "coordinates": [
          -1.5104,
          39.8989
        ]
      }
    },
    {
      "type": "Feature",
      "properties": {
        "name": "04/10/2026 22:51:58",
        "COORD": "-1,5295,39,8908",
        "DATE": "2026-10-04",
        "TIME": "22:51",
        "MXI": "-16,73 kA.",
        "STR": "0",
        "SMA": "0,156 Km.",
        "SMI": "0,12199996 Km.",
        "CHI": "0,2",
        "metvlc_time_utc": "2026-10-04T20:51:00+00:00",
        "metvlc_time_source": "date+time",
        "metvlc_has_real_time": true,
        "metvlc_captura_utc": "2026-10-05T12:17:54+00:00",
        "metvlc_last_seen_utc": "2026-10-05T12:17:54+00:00",
        "metvlc_fuente": "SIGIF/GVA Rayos 24h KMZ"
      },
      "geometry": {
        "type": "Point",
        "coordinates": [
          -1.5295,
          39.8908
        ]
      }
    },
    {
      "type": "Feature",
      "properties": {
        "name": "04/10/2026 22:51:58",
        "COORD": "-1,5305,39,8916",
        "DATE": "2026-10-04",
        "TIME": "22:51",
        "MXI": "-6,11 kA.",
        "STR": "0",
        "SMA": "0,291 Km.",
        "SMI": "0,21900004 Km.",
        "CHI": "0,7",
        "metvlc_time_utc": "2026-10-04T20:51:00+00:00",
        "metvlc_time_source": "date+time",
        "metvlc_has_real_time": true,
        "metvlc_captura_utc": "2026-10-05T12:17:54+00:00",
        "metvlc_last_seen_utc": "2026-10-05T12:17:54+00:00",
        "metvlc_fuente": "SIGIF/GVA Rayos 24h KMZ"
      },
      "geometry": {
        "type": "Point",
        "coordinates": [
          -1.5305,
          39.8916
        ]
      }
    },
    {
      "type": "Feature",
      "properties": {
        "name": "04/10/2026 22:51:59",
        "COORD": "-1,5306,39,8912",
        "DATE": "2026-10-04",
        "TIME": "22:51",
        "MXI": "-6,41 kA.",
        "STR": "0",
        "SMA": "0,239 Km.",
        "SMI": "0,21200009 Km.",
        "CHI": "0,1",
        "metvlc_time_utc": "2026-10-04T20:51:00+00:00",
        "metvlc_time_source": "date+time",
        "metvlc_has_real_time": true,
        "metvlc_captura_utc": "2026-10-05T12:17:54+00:00",
        "metvlc_last_seen_utc": "2026-10-05T12:17:54+00:00",
        "metvlc_fuente": "SIGIF/GVA Rayos 24h KMZ"
      },
      "geometry": {
        "type": "Point",
        "coordinates": [
          -1.5306,
          39.8912
        ]
      }
    },
    {
      "type": "Feature",
      "properties": {
        "name": "04/10/2026 22:53:42",
        "COORD": "-1,4936,39,8735",
        "DATE": "2026-10-04",
        "TIME": "22:53",
        "MXI": "-7,83 kA.",
        "STR": "0",
        "SMA": "0,237 Km.",
        "SMI": "0,177 Km.",
        "CHI": "0,2",
        "metvlc_time_utc": "2026-10-04T20:53:00+00:00",
        "metvlc_time_source": "date+time",
        "metvlc_has_real_time": true,
        "metvlc_captura_utc": "2026-10-05T12:17:54+00:00",
        "metvlc_last_seen_utc": "2026-10-05T12:17:54+00:00",
        "metvlc_fuente": "SIGIF/GVA Rayos 24h KMZ"
      },
      "geometry": {
        "type": "Point",
        "coordinates": [
          -1.4936,
          39.8735
        ]
      }
    },
    {
      "type": "Feature",
      "properties": {
        "name": "04/10/2026 22:56:38",
        "COORD": "-1,4952,39,8991",
        "DATE": "2026-10-04",
        "TIME": "22:56",
        "MXI": "-8,78 kA.",
        "STR": "0",
        "SMA": "0,18 Km.",
        "SMI": "0,15600002 Km.",
        "CHI": "0,2",
        "metvlc_time_utc": "2026-10-04T20:56:00+00:00",
        "metvlc_time_source": "date+time",
        "metvlc_has_real_time": true,
        "metvlc_captura_utc": "2026-10-05T12:17:54+00:00",
        "metvlc_last_seen_utc": "2026-10-05T12:17:54+00:00",
        "metvlc_fuente": "SIGIF/GVA Rayos 24h KMZ"
      },
      "geometry": {
        "type": "Point",
        "coordinates": [
          -1.4952,
          39.8991
        ]
      }
    },
    {
      "type": "Feature",
      "properties": {
        "name": "04/10/2026 22:56:38",
        "COORD": "-1,4553,39,9388",
        "DATE": "2026-10-04",
        "TIME": "22:56",
        "MXI": "-5,27 kA.",
        "STR": "0",
        "SMA": "0,287 Km.",
        "SMI": "0,22299992 Km.",
        "CHI": "0,3",
        "metvlc_time_utc": "2026-10-04T20:56:00+00:00",
        "metvlc_time_source": "date+time",
        "metvlc_has_real_time": true,
        "metvlc_captura_utc": "2026-10-05T12:17:54+00:00",
        "metvlc_last_seen_utc": "2026-10-05T12:17:54+00:00",
        "metvlc_fuente": "SIGIF/GVA Rayos 24h KMZ"
      },
      "geometry": {
        "type": "Point",
        "coordinates": [
          -1.4553,
          39.9388
        ]
      }
    },
    {
      "type": "Feature",
      "properties": {
        "name": "04/10/2026 22:58:08",
        "COORD": "-0,8439,39,1318",
        "DATE": "2026-10-04",
        "TIME": "22:58",
        "MXI": "-18,88 kA.",
        "STR": "0",
        "SMA": "0,177 Km.",
        "SMI": "0,13799997 Km.",
        "CHI": "0,4",
        "metvlc_time_utc": "2026-10-04T20:58:00+00:00",
        "metvlc_time_source": "date+time",
        "metvlc_has_real_time": true,
        "metvlc_captura_utc": "2026-10-05T12:17:54+00:00",
        "metvlc_last_seen_utc": "2026-10-05T12:17:54+00:00",
        "metvlc_fuente": "SIGIF/GVA Rayos 24h KMZ"
      },
      "geometry": {
        "type": "Point",
        "coordinates": [
          -0.8439,
          39.1318
        ]
      }
    },
    {
      "type": "Feature",
      "properties": {
        "name": "04/10/2026 22:58:08",
        "COORD": "-0,8493,39,1328",
        "DATE": "2026-10-04",
        "TIME": "22:58",
        "MXI": "-10,77 kA.",
        "STR": "0",
        "SMA": "0,191 Km.",
        "SMI": "0,13300002 Km.",
        "CHI": "0,4",
        "metvlc_time_utc": "2026-10-04T20:58:00+00:00",
        "metvlc_time_source": "date+time",
        "metvlc_has_real_time": true,
        "metvlc_captura_utc": "2026-10-05T12:17:54+00:00",
        "metvlc_last_seen_utc": "2026-10-05T12:17:54+00:00",
        "metvlc_fuente": "SIGIF/GVA Rayos 24h KMZ"
      },
      "geometry": {
        "type": "Point",
        "coordinates": [
          -0.8493,
          39.1328
        ]
      }
    },
    {
      "type": "Feature",
      "properties": {
        "name": "04/10/2026 22:58:08",
        "COORD": "-0,8508,39,1318",
        "DATE": "2026-10-04",
        "TIME": "22:58",
        "MXI": "-12,18 kA.",
        "STR": "0",
        "SMA": "0,212 Km.",
        "SMI": "0,13600005 Km.",
        "CHI": "0,4",
        "metvlc_time_utc": "2026-10-04T20:58:00+00:00",
        "metvlc_time_source": "date+time",
        "metvlc_has_real_time": true,
        "metvlc_captura_utc": "2026-10-05T12:17:54+00:00",
        "metvlc_last_seen_utc": "2026-10-05T12:17:54+00:00",
        "metvlc_fuente": "SIGIF/GVA Rayos 24h KMZ"
      },
      "geometry": {
        "type": "Point",
        "coordinates": [
          -0.8508,
          39.1318
        ]
      }
    },
    {
      "type": "Feature",
      "properties": {
        "name": "04/10/2026 22:58:08",
        "COORD": "-0,8527,39,133",
        "DATE": "2026-10-04",
        "TIME": "22:58",
        "MXI": "-5,87 kA.",
        "STR": "0",
        "SMA": "0,311 Km.",
        "SMI": "0,18400003 Km.",
        "CHI": "1,2",
        "metvlc_time_utc": "2026-10-04T20:58:00+00:00",
        "metvlc_time_source": "date+time",
        "metvlc_has_real_time": true,
        "metvlc_captura_utc": "2026-10-05T12:17:54+00:00",
        "metvlc_last_seen_utc": "2026-10-05T12:17:54+00:00",
        "metvlc_fuente": "SIGIF/GVA Rayos 24h KMZ"
      },
      "geometry": {
        "type": "Point",
        "coordinates": [
          -0.8527,
          39.133
        ]
      }
    },
    {
      "type": "Feature",
      "properties": {
        "name": "04/10/2026 22:58:09",
        "COORD": "-0,8514,39,1305",
        "DATE": "2026-10-04",
        "TIME": "22:58",
        "MXI": "-18,21 kA.",
        "STR": "0",
        "SMA": "0,199 Km.",
        "SMI": "0,12899996 Km.",
        "CHI": "0,4",
        "metvlc_time_utc": "2026-10-04T20:58:00+00:00",
        "metvlc_time_source": "date+time",
        "metvlc_has_real_time": true,
        "metvlc_captura_utc": "2026-10-05T12:17:54+00:00",
        "metvlc_last_seen_utc": "2026-10-05T12:17:54+00:00",
        "metvlc_fuente": "SIGIF/GVA Rayos 24h KMZ"
      },
      "geometry": {
        "type": "Point",
        "coordinates": [
          -0.8514,
          39.1305
        ]
      }
    },
    {
      "type": "Feature",
      "properties": {
        "name": "04/10/2026 22:59:31",
        "COORD": "-1,4599,39,915",
        "DATE": "2026-10-04",
        "TIME": "22:59",
        "MXI": "-11,87 kA.",
        "STR": "0",
        "SMA": "0,153 Km.",
        "SMI": "0,12599997 Km.",
        "CHI": "0,2",
        "metvlc_time_utc": "2026-10-04T20:59:00+00:00",
        "metvlc_time_source": "date+time",
        "metvlc_has_real_time": true,
        "metvlc_captura_utc": "2026-10-05T12:17:54+00:00",
        "metvlc_last_seen_utc": "2026-10-05T12:17:54+00:00",
        "metvlc_fuente": "SIGIF/GVA Rayos 24h KMZ"
      },
      "geometry": {
        "type": "Point",
        "coordinates": [
          -1.4599,
          39.915
        ]
      }
    },
    {
      "type": "Feature",
      "properties": {
        "name": "04/10/2026 22:59:31",
        "COORD": "-1,4247,39,9183",
        "DATE": "2026-10-04",
        "TIME": "22:59",
        "MXI": "-5,95 kA.",
        "STR": "0",
        "SMA": "0,297 Km.",
        "SMI": "0,22499998 Km.",
        "CHI": "0,4",
        "metvlc_time_utc": "2026-10-04T20:59:00+00:00",
        "metvlc_time_source": "date+time",
        "metvlc_has_real_time": true,
        "metvlc_captura_utc": "2026-10-05T12:17:54+00:00",
        "metvlc_last_seen_utc": "2026-10-05T12:17:54+00:00",
        "metvlc_fuente": "SIGIF/GVA Rayos 24h KMZ"
      },
      "geometry": {
        "type": "Point",
        "coordinates": [
          -1.4247,
          39.9183
        ]
      }
    },
    {
      "type": "Feature",
      "properties": {
        "name": "04/10/2026 22:59:31",
        "COORD": "-1,4254,39,8824",
        "DATE": "2026-10-04",
        "TIME": "22:59",
        "MXI": "-12,7 kA.",
        "STR": "0",
        "SMA": "0,153 Km.",
        "SMI": "0,12700005 Km.",
        "CHI": "0,3",
        "metvlc_time_utc": "2026-10-04T20:59:00+00:00",
        "metvlc_time_source": "date+time",
        "metvlc_has_real_time": true,
        "metvlc_captura_utc": "2026-10-05T12:17:54+00:00",
        "metvlc_last_seen_utc": "2026-10-05T12:17:54+00:00",
        "metvlc_fuente": "SIGIF/GVA Rayos 24h KMZ"
      },
      "geometry": {
        "type": "Point",
        "coordinates": [
          -1.4254,
          39.8824
        ]
      }
    },
    {
      "type": "Feature",
      "properties": {
        "name": "04/10/2026 22:59:32",
        "COORD": "-1,4196,39,8644",
        "DATE": "2026-10-04",
        "TIME": "22:59",
        "MXI": "-14,37 kA.",
        "STR": "0",
        "SMA": "0,156 Km.",
        "SMI": "0,128 Km.",
        "CHI": "0,3",
        "metvlc_time_utc": "2026-10-04T20:59:00+00:00",
        "metvlc_time_source": "date+time",
        "metvlc_has_real_time": true,
        "metvlc_captura_utc": "2026-10-05T12:17:54+00:00",
        "metvlc_last_seen_utc": "2026-10-05T12:17:54+00:00",
        "metvlc_fuente": "SIGIF/GVA Rayos 24h KMZ"
      },
      "geometry": {
        "type": "Point",
        "coordinates": [
          -1.4196,
          39.8644
        ]
      }
    },
    {
      "type": "Feature",
      "properties": {
        "name": "04/10/2026 22:59:42",
        "COORD": "-0,9519,39,5868",
        "DATE": "2026-10-04",
        "TIME": "22:59",
        "MXI": "-8,8 kA.",
        "STR": "0",
        "SMA": "0,222 Km.",
        "SMI": "0,18200004 Km.",
        "CHI": "0,4",
        "metvlc_time_utc": "2026-10-04T20:59:00+00:00",
        "metvlc_time_source": "date+time",
        "metvlc_has_real_time": true,
        "metvlc_captura_utc": "2026-10-05T12:17:54+00:00",
        "metvlc_last_seen_utc": "2026-10-05T12:17:54+00:00",
        "metvlc_fuente": "SIGIF/GVA Rayos 24h KMZ"
      },
      "geometry": {
        "type": "Point",
        "coordinates": [
          -0.9519,
          39.5868
        ]
      }
    },
    {
      "type": "Feature",
      "properties": {
        "name": "04/10/2026 23:04:29",
        "COORD": "-1,4166,39,9573",
        "DATE": "2026-10-04",
        "TIME": "23:04",
        "MXI": "-11,44 kA.",
        "STR": "0",
        "SMA": "0,156 Km.",
        "SMI": "0,125 Km.",
        "CHI": "0,2",
        "metvlc_time_utc": "2026-10-04T21:04:00+00:00",
        "metvlc_time_source": "date+time",
        "metvlc_has_real_time": true,
        "metvlc_captura_utc": "2026-10-05T12:17:54+00:00",
        "metvlc_last_seen_utc": "2026-10-05T12:17:54+00:00",
        "metvlc_fuente": "SIGIF/GVA Rayos 24h KMZ"
      },
      "geometry": {
        "type": "Point",
        "coordinates": [
          -1.4166,
          39.9573
        ]
      }
    },
    {
      "type": "Feature",
      "properties": {
        "name": "04/10/2026 23:04:29",
        "COORD": "-1,4369,39,9536",
        "DATE": "2026-10-04",
        "TIME": "23:04",
        "MXI": "-15,17 kA.",
        "STR": "0",
        "SMA": "0,155 Km.",
        "SMI": "0,124 Km.",
        "CHI": "0,3",
        "metvlc_time_utc": "2026-10-04T21:04:00+00:00",
        "metvlc_time_source": "date+time",
        "metvlc_has_real_time": true,
        "metvlc_captura_utc": "2026-10-05T12:17:54+00:00",
        "metvlc_last_seen_utc": "2026-10-05T12:17:54+00:00",
        "metvlc_fuente": "SIGIF/GVA Rayos 24h KMZ"
      },
      "geometry": {
        "type": "Point",
        "coordinates": [
          -1.4369,
          39.9536
        ]
      }
    },
    {
      "type": "Feature",
      "properties": {
        "name": "04/10/2026 23:04:29",
        "COORD": "-1,4174,39,9583",
        "DATE": "2026-10-04",
        "TIME": "23:04",
        "MXI": "-9,24 kA.",
        "STR": "0",
        "SMA": "0,198 Km.",
        "SMI": "0,159 Km.",
        "CHI": "0,2",
        "metvlc_time_utc": "2026-10-04T21:04:00+00:00",
        "metvlc_time_source": "date+time",
        "metvlc_has_real_time": true,
        "metvlc_captura_utc": "2026-10-05T12:17:54+00:00",
        "metvlc_last_seen_utc": "2026-10-05T12:17:54+00:00",
        "metvlc_fuente": "SIGIF/GVA Rayos 24h KMZ"
      },
      "geometry": {
        "type": "Point",
        "coordinates": [
          -1.4174,
          39.9583
        ]
      }
    },
    {
      "type": "Feature",
      "properties": {
        "name": "04/10/2026 23:12:24",
        "COORD": "-1,6732,40,1768",
        "DATE": "2026-10-04",
        "TIME": "23:12",
        "MXI": "-9,11 kA.",
        "STR": "0",
        "SMA": "0,184 Km.",
        "SMI": "0,13699996 Km.",
        "CHI": "0,1",
        "metvlc_time_utc": "2026-10-04T21:12:00+00:00",
        "metvlc_time_source": "date+time",
        "metvlc_has_real_time": true,
        "metvlc_captura_utc": "2026-10-05T12:17:54+00:00",
        "metvlc_last_seen_utc": "2026-10-05T12:17:54+00:00",
        "metvlc_fuente": "SIGIF/GVA Rayos 24h KMZ"
      },
      "geometry": {
        "type": "Point",
        "coordinates": [
          -1.6732,
          40.1768
        ]
      }
    },
    {
      "type": "Feature",
      "properties": {
        "name": "04/10/2026 23:18:30",
        "COORD": "-1,6869,40,2041",
        "DATE": "2026-10-04",
        "TIME": "23:18",
        "MXI": "-8,3 kA.",
        "STR": "0",
        "SMA": "0,169 Km.",
        "SMI": "0,16199997 Km.",
        "CHI": "0,3",
        "metvlc_time_utc": "2026-10-04T21:18:00+00:00",
        "metvlc_time_source": "date+time",
        "metvlc_has_real_time": true,
        "metvlc_captura_utc": "2026-10-05T12:17:54+00:00",
        "metvlc_last_seen_utc": "2026-10-05T12:17:54+00:00",
        "metvlc_fuente": "SIGIF/GVA Rayos 24h KMZ"
      },
      "geometry": {
        "type": "Point",
        "coordinates": [
          -1.6869,
          40.2041
        ]
      }
    },
    {
      "type": "Feature",
      "properties": {
        "name": "05/10/2026 00:06:44",
        "COORD": "-0,555,39,5126",
        "DATE": "2026-10-05",
        "TIME": "00:06",
        "MXI": "-15,56 kA.",
        "STR": "0",
        "SMA": "0,177 Km.",
        "SMI": "0,133 Km.",
        "CHI": "0,5",
        "metvlc_time_utc": "2026-10-04T22:06:00+00:00",
        "metvlc_time_source": "date+time",
        "metvlc_has_real_time": true,
        "metvlc_captura_utc": "2026-10-05T12:17:54+00:00",
        "metvlc_last_seen_utc": "2026-10-05T21:29:04+00:00",
        "metvlc_fuente": "SIGIF/GVA Rayos 24h KMZ"
      },
      "geometry": {
        "type": "Point",
        "coordinates": [
          -0.555,
          39.5126
        ]
      }
    },
    {
      "type": "Feature",
      "properties": {
        "name": "05/10/2026 00:41:43",
        "COORD": "-0,5369,39,4764",
        "DATE": "2026-10-05",
        "TIME": "00:41",
        "MXI": "-35,95 kA.",
        "STR": "0",
        "SMA": "0,179 Km.",
        "SMI": "0,11899998 Km.",
        "CHI": "0,6",
        "metvlc_time_utc": "2026-10-04T22:41:00+00:00",
        "metvlc_time_source": "date+time",
        "metvlc_has_real_time": true,
        "metvlc_captura_utc": "2026-10-05T12:17:54+00:00",
        "metvlc_last_seen_utc": "2026-10-05T21:29:04+00:00",
        "metvlc_fuente": "SIGIF/GVA Rayos 24h KMZ"
      },
      "geometry": {
        "type": "Point",
        "coordinates": [
          -0.5369,
          39.4764
        ]
      }
    },
    {
      "type": "Feature",
      "properties": {
        "name": "05/10/2026 00:41:43",
        "COORD": "-0,539,39,4681",
        "DATE": "2026-10-05",
        "TIME": "00:41",
        "MXI": "-11,38 kA.",
        "STR": "0",
        "SMA": "0,19 Km.",
        "SMI": "0,14200002 Km.",
        "CHI": "0,2",
        "metvlc_time_utc": "2026-10-04T22:41:00+00:00",
        "metvlc_time_source": "date+time",
        "metvlc_has_real_time": true,
        "metvlc_captura_utc": "2026-10-05T12:17:54+00:00",
        "metvlc_last_seen_utc": "2026-10-05T21:29:04+00:00",
        "metvlc_fuente": "SIGIF/GVA Rayos 24h KMZ"
      },
      "geometry": {
        "type": "Point",
        "coordinates": [
          -0.539,
          39.4681
        ]
      }
    },
    {
      "type": "Feature",
      "properties": {
        "name": "05/10/2026 00:43:05",
        "COORD": "-0,5011,39,4273",
        "DATE": "2026-10-05",
        "TIME": "00:43",
        "MXI": "-31,13 kA.",
        "STR": "0",
        "SMA": "0,192 Km.",
        "SMI": "0,13099998 Km.",
        "CHI": "1",
        "metvlc_time_utc": "2026-10-04T22:43:00+00:00",
        "metvlc_time_source": "date+time",
        "metvlc_has_real_time": true,
        "metvlc_captura_utc": "2026-10-05T12:17:54+00:00",
        "metvlc_last_seen_utc": "2026-10-05T21:29:04+00:00",
        "metvlc_fuente": "SIGIF/GVA Rayos 24h KMZ"
      },
      "geometry": {
        "type": "Point",
        "coordinates": [
          -0.5011,
          39.4273
        ]
      }
    },
    {
      "type": "Feature",
      "properties": {
        "name": "05/10/2026 00:44:29",
        "COORD": "-0,5468,39,5206",
        "DATE": "2026-10-05",
        "TIME": "00:44",
        "MXI": "-31,74 kA.",
        "STR": "0",
        "SMA": "0,184 Km.",
        "SMI": "0,146 Km.",
        "CHI": "1,1",
        "metvlc_time_utc": "2026-10-04T22:44:00+00:00",
        "metvlc_time_source": "date+time",
        "metvlc_has_real_time": true,
        "metvlc_captura_utc": "2026-10-05T12:17:54+00:00",
        "metvlc_last_seen_utc": "2026-10-05T21:29:04+00:00",
        "metvlc_fuente": "SIGIF/GVA Rayos 24h KMZ"
      },
      "geometry": {
        "type": "Point",
        "coordinates": [
          -0.5468,
          39.5206
        ]
      }
    },
    {
      "type": "Feature",
      "properties": {
        "name": "05/10/2026 00:47:51",
        "COORD": "-0,4741,39,5015",
        "DATE": "2026-10-05",
        "TIME": "00:47",
        "MXI": "20,22 kA.",
        "STR": "0",
        "SMA": "0,225 Km.",
        "SMI": "0,12700003 Km.",
        "CHI": "0,7",
        "metvlc_time_utc": "2026-10-04T22:47:00+00:00",
        "metvlc_time_source": "date+time",
        "metvlc_has_real_time": true,
        "metvlc_captura_utc": "2026-10-05T12:17:54+00:00",
        "metvlc_last_seen_utc": "2026-10-05T21:29:04+00:00",
        "metvlc_fuente": "SIGIF/GVA Rayos 24h KMZ"
      },
      "geometry": {
        "type": "Point",
        "coordinates": [
          -0.4741,
          39.5015
        ]
      }
    },
    {
      "type": "Feature",
      "properties": {
        "name": "05/10/2026 00:47:51",
        "COORD": "-0,5496,39,5532",
        "DATE": "2026-10-05",
        "TIME": "00:47",
        "MXI": "-17,44 kA.",
        "STR": "0",
        "SMA": "0,17 Km.",
        "SMI": "0,128 Km.",
        "CHI": "0,7",
        "metvlc_time_utc": "2026-10-04T22:47:00+00:00",
        "metvlc_time_source": "date+time",
        "metvlc_has_real_time": true,
        "metvlc_captura_utc": "2026-10-05T12:17:54+00:00",
        "metvlc_last_seen_utc": "2026-10-05T21:29:04+00:00",
        "metvlc_fuente": "SIGIF/GVA Rayos 24h KMZ"
      },
      "geometry": {
        "type": "Point",
        "coordinates": [
          -0.5496,
          39.5532
        ]
      }
    },
    {
      "type": "Feature",
      "properties": {
        "name": "05/10/2026 00:50:55",
        "COORD": "-0,4503,39,5147",
        "DATE": "2026-10-05",
        "TIME": "00:50",
        "MXI": "-43,34 kA.",
        "STR": "0",
        "SMA": "0,276 Km.",
        "SMI": "0,13699996 Km.",
        "CHI": "1,1",
        "metvlc_time_utc": "2026-10-04T22:50:00+00:00",
        "metvlc_time_source": "date+time",
        "metvlc_has_real_time": true,
        "metvlc_captura_utc": "2026-10-05T12:17:54+00:00",
        "metvlc_last_seen_utc": "2026-10-05T21:29:04+00:00",
        "metvlc_fuente": "SIGIF/GVA Rayos 24h KMZ"
      },
      "geometry": {
        "type": "Point",
        "coordinates": [
          -0.4503,
          39.5147
        ]
      }
    },
    {
      "type": "Feature",
      "properties": {
        "name": "05/10/2026 00:50:55",
        "COORD": "-0,4511,39,5186",
        "DATE": "2026-10-05",
        "TIME": "00:50",
        "MXI": "-49,04 kA.",
        "STR": "0",
        "SMA": "0,183 Km.",
        "SMI": "0,13000003 Km.",
        "CHI": "0,7",
        "metvlc_time_utc": "2026-10-04T22:50:00+00:00",
        "metvlc_time_source": "date+time",
        "metvlc_has_real_time": true,
        "metvlc_captura_utc": "2026-10-05T12:17:54+00:00",
        "metvlc_last_seen_utc": "2026-10-05T21:29:04+00:00",
        "metvlc_fuente": "SIGIF/GVA Rayos 24h KMZ"
      },
      "geometry": {
        "type": "Point",
        "coordinates": [
          -0.4511,
          39.5186
        ]
      }
    },
    {
      "type": "Feature",
      "properties": {
        "name": "05/10/2026 00:50:55",
        "COORD": "-0,447,39,5298",
        "DATE": "2026-10-05",
        "TIME": "00:50",
        "MXI": "-21,81 kA.",
        "STR": "0",
        "SMA": "0,17 Km.",
        "SMI": "0,12299998 Km.",
        "CHI": "0,4",
        "metvlc_time_utc": "2026-10-04T22:50:00+00:00",
        "metvlc_time_source": "date+time",
        "metvlc_has_real_time": true,
        "metvlc_captura_utc": "2026-10-05T12:17:54+00:00",
        "metvlc_last_seen_utc": "2026-10-05T21:29:04+00:00",
        "metvlc_fuente": "SIGIF/GVA Rayos 24h KMZ"
      },
      "geometry": {
        "type": "Point",
        "coordinates": [
          -0.447,
          39.5298
        ]
      }
    },
    {
      "type": "Feature",
      "properties": {
        "name": "05/10/2026 00:50:55",
        "COORD": "-0,4367,39,5479",
        "DATE": "2026-10-05",
        "TIME": "00:50",
        "MXI": "-11,52 kA.",
        "STR": "0",
        "SMA": "0,203 Km.",
        "SMI": "0,15699995 Km.",
        "CHI": "0,5",
        "metvlc_time_utc": "2026-10-04T22:50:00+00:00",
        "metvlc_time_source": "date+time",
        "metvlc_has_real_time": true,
        "metvlc_captura_utc": "2026-10-05T12:17:54+00:00",
        "metvlc_last_seen_utc": "2026-10-05T21:29:04+00:00",
        "metvlc_fuente": "SIGIF/GVA Rayos 24h KMZ"
      },
      "geometry": {
        "type": "Point",
        "coordinates": [
          -0.4367,
          39.5479
        ]
      }
    },
    {
      "type": "Feature",
      "properties": {
        "name": "05/10/2026 00:52:36",
        "COORD": "-0,4459,39,5272",
        "DATE": "2026-10-05",
        "TIME": "00:52",
        "MXI": "-93,81 kA.",
        "STR": "0",
        "SMA": "0,171 Km.",
        "SMI": "0,122999996 Km.",
        "CHI": "1,3",
        "metvlc_time_utc": "2026-10-04T22:52:00+00:00",
        "metvlc_time_source": "date+time",
        "metvlc_has_real_time": true,
        "metvlc_captura_utc": "2026-10-05T12:17:54+00:00",
        "metvlc_last_seen_utc": "2026-10-05T21:29:04+00:00",
        "metvlc_fuente": "SIGIF/GVA Rayos 24h KMZ"
      },
      "geometry": {
        "type": "Point",
        "coordinates": [
          -0.4459,
          39.5272
        ]
      }
    },
    {
      "type": "Feature",
      "properties": {
        "name": "05/10/2026 00:52:36",
        "COORD": "-0,4283,39,5354",
        "DATE": "2026-10-05",
        "TIME": "00:52",
        "MXI": "-23,21 kA.",
        "STR": "0",
        "SMA": "0,172 Km.",
        "SMI": "0,12600003 Km.",
        "CHI": "0,5",
        "metvlc_time_utc": "2026-10-04T22:52:00+00:00",
        "metvlc_time_source": "date+time",
        "metvlc_has_real_time": true,
        "metvlc_captura_utc": "2026-10-05T12:17:54+00:00",
        "metvlc_last_seen_utc": "2026-10-05T21:29:04+00:00",
        "metvlc_fuente": "SIGIF/GVA Rayos 24h KMZ"
      },
      "geometry": {
        "type": "Point",
        "coordinates": [
          -0.4283,
          39.5354
        ]
      }
    },
    {
      "type": "Feature",
      "properties": {
        "name": "05/10/2026 00:52:36",
        "COORD": "-0,4422,39,5323",
        "DATE": "2026-10-05",
        "TIME": "00:52",
        "MXI": "-19,99 kA.",
        "STR": "0",
        "SMA": "0,175 Km.",
        "SMI": "0,12900002 Km.",
        "CHI": "0,5",
        "metvlc_time_utc": "2026-10-04T22:52:00+00:00",
        "metvlc_time_source": "date+time",
        "metvlc_has_real_time": true,
        "metvlc_captura_utc": "2026-10-05T12:17:54+00:00",
        "metvlc_last_seen_utc": "2026-10-05T21:29:04+00:00",
        "metvlc_fuente": "SIGIF/GVA Rayos 24h KMZ"
      },
      "geometry": {
        "type": "Point",
        "coordinates": [
          -0.4422,
          39.5323
        ]
      }
    },
    {
      "type": "Feature",
      "properties": {
        "name": "05/10/2026 01:26:37",
        "COORD": "-0,2426,39,2726",
        "DATE": "2026-10-05",
        "TIME": "01:26",
        "MXI": "-27,48 kA.",
        "STR": "0",
        "SMA": "0,184 Km.",
        "SMI": "0,13200003 Km.",
        "CHI": "0,5",
        "metvlc_time_utc": "2026-10-04T23:26:00+00:00",
        "metvlc_time_source": "date+time",
        "metvlc_has_real_time": true,
        "metvlc_captura_utc": "2026-10-05T12:17:54+00:00",
        "metvlc_last_seen_utc": "2026-10-05T21:29:04+00:00",
        "metvlc_fuente": "SIGIF/GVA Rayos 24h KMZ"
      },
      "geometry": {
        "type": "Point",
        "coordinates": [
          -0.2426,
          39.2726
        ]
      }
    },
    {
      "type": "Feature",
      "properties": {
        "name": "05/10/2026 01:26:37",
        "COORD": "-0,1902,39,2825",
        "DATE": "2026-10-05",
        "TIME": "01:26",
        "MXI": "-14,45 kA.",
        "STR": "0",
        "SMA": "0,183 Km.",
        "SMI": "0,12899996 Km.",
        "CHI": "0,4",
        "metvlc_time_utc": "2026-10-04T23:26:00+00:00",
        "metvlc_time_source": "date+time",
        "metvlc_has_real_time": true,
        "metvlc_captura_utc": "2026-10-05T12:17:54+00:00",
        "metvlc_last_seen_utc": "2026-10-05T21:29:04+00:00",
        "metvlc_fuente": "SIGIF/GVA Rayos 24h KMZ"
      },
      "geometry": {
        "type": "Point",
        "coordinates": [
          -0.1902,
          39.2825
        ]
      }
    },
    {
      "type": "Feature",
      "properties": {
        "name": "05/10/2026 01:33:09",
        "COORD": "-0,4038,39,3931",
        "DATE": "2026-10-05",
        "TIME": "01:33",
        "MXI": "-29,35 kA.",
        "STR": "0",
        "SMA": "0,187 Km.",
        "SMI": "0,13699995 Km.",
        "CHI": "0,7",
        "metvlc_time_utc": "2026-10-04T23:33:00+00:00",
        "metvlc_time_source": "date+time",
        "metvlc_has_real_time": true,
        "metvlc_captura_utc": "2026-10-05T12:17:54+00:00",
        "metvlc_last_seen_utc": "2026-10-05T21:29:04+00:00",
        "metvlc_fuente": "SIGIF/GVA Rayos 24h KMZ"
      },
      "geometry": {
        "type": "Point",
        "coordinates": [
          -0.4038,
          39.3931
        ]
      }
    },
    {
      "type": "Feature",
      "properties": {
        "name": "05/10/2026 01:33:10",
        "COORD": "-0,4167,39,3887",
        "DATE": "2026-10-05",
        "TIME": "01:33",
        "MXI": "-19,26 kA.",
        "STR": "0",
        "SMA": "0,182 Km.",
        "SMI": "0,13700001 Km.",
        "CHI": "0,7",
        "metvlc_time_utc": "2026-10-04T23:33:00+00:00",
        "metvlc_time_source": "date+time",
        "metvlc_has_real_time": true,
        "metvlc_captura_utc": "2026-10-05T12:17:54+00:00",
        "metvlc_last_seen_utc": "2026-10-05T21:29:04+00:00",
        "metvlc_fuente": "SIGIF/GVA Rayos 24h KMZ"
      },
      "geometry": {
        "type": "Point",
        "coordinates": [
          -0.4167,
          39.3887
        ]
      }
    },
    {
      "type": "Feature",
      "properties": {
        "name": "05/10/2026 01:34:00",
        "COORD": "-0,376,39,2903",
        "DATE": "2026-10-05",
        "TIME": "01:34",
        "MXI": "-25,43 kA.",
        "STR": "0",
        "SMA": "0,195 Km.",
        "SMI": "0,13099997 Km.",
        "CHI": "0,3",
        "metvlc_time_utc": "2026-10-04T23:34:00+00:00",
        "metvlc_time_source": "date+time",
        "metvlc_has_real_time": true,
        "metvlc_captura_utc": "2026-10-05T12:17:54+00:00",
        "metvlc_last_seen_utc": "2026-10-05T21:29:04+00:00",
        "metvlc_fuente": "SIGIF/GVA Rayos 24h KMZ"
      },
      "geometry": {
        "type": "Point",
        "coordinates": [
          -0.376,
          39.2903
        ]
      }
    },
    {
      "type": "Feature",
      "properties": {
        "name": "05/10/2026 01:35:17",
        "COORD": "-0,2971,39,3129",
        "DATE": "2026-10-05",
        "TIME": "01:35",
        "MXI": "-52,03 kA.",
        "STR": "0",
        "SMA": "0,187 Km.",
        "SMI": "0,131 Km.",
        "CHI": "0,7",
        "metvlc_time_utc": "2026-10-04T23:35:00+00:00",
        "metvlc_time_source": "date+time",
        "metvlc_has_real_time": true,
        "metvlc_captura_utc": "2026-10-05T12:17:54+00:00",
        "metvlc_last_seen_utc": "2026-10-05T21:29:04+00:00",
        "metvlc_fuente": "SIGIF/GVA Rayos 24h KMZ"
      },
      "geometry": {
        "type": "Point",
        "coordinates": [
          -0.2971,
          39.3129
        ]
      }
    },
    {
      "type": "Feature",
      "properties": {
        "name": "05/10/2026 01:36:08",
        "COORD": "-0,3381,39,3696",
        "DATE": "2026-10-05",
        "TIME": "01:36",
        "MXI": "21,82 kA.",
        "STR": "0",
        "SMA": "0,257 Km.",
        "SMI": "0,13199998 Km.",
        "CHI": "0,8",
        "metvlc_time_utc": "2026-10-04T23:36:00+00:00",
        "metvlc_time_source": "date+time",
        "metvlc_has_real_time": true,
        "metvlc_captura_utc": "2026-10-05T12:17:54+00:00",
        "metvlc_last_seen_utc": "2026-10-05T21:29:04+00:00",
        "metvlc_fuente": "SIGIF/GVA Rayos 24h KMZ"
      },
      "geometry": {
        "type": "Point",
        "coordinates": [
          -0.3381,
          39.3696
        ]
      }
    },
    {
      "type": "Feature",
      "properties": {
        "name": "05/10/2026 01:37:13",
        "COORD": "-0,3735,39,339",
        "DATE": "2026-10-05",
        "TIME": "01:37",
        "MXI": "-9,78 kA.",
        "STR": "0",
        "SMA": "0,241 Km.",
        "SMI": "0,15400001 Km.",
        "CHI": "0,1",
        "metvlc_time_utc": "2026-10-04T23:37:00+00:00",
        "metvlc_time_source": "date+time",
        "metvlc_has_real_time": true,
        "metvlc_captura_utc": "2026-10-05T12:17:54+00:00",
        "metvlc_last_seen_utc": "2026-10-05T21:29:04+00:00",
        "metvlc_fuente": "SIGIF/GVA Rayos 24h KMZ"
      },
      "geometry": {
        "type": "Point",
        "coordinates": [
          -0.3735,
          39.339
        ]
      }
    },
    {
      "type": "Feature",
      "properties": {
        "name": "05/10/2026 01:38:00",
        "COORD": "-0,3613,39,307",
        "DATE": "2026-10-05",
        "TIME": "01:38",
        "MXI": "-26,46 kA.",
        "STR": "0",
        "SMA": "0,18 Km.",
        "SMI": "0,14500004 Km.",
        "CHI": "0,9",
        "metvlc_time_utc": "2026-10-04T23:38:00+00:00",
        "metvlc_time_source": "date+time",
        "metvlc_has_real_time": true,
        "metvlc_captura_utc": "2026-10-05T12:17:54+00:00",
        "metvlc_last_seen_utc": "2026-10-05T21:29:04+00:00",
        "metvlc_fuente": "SIGIF/GVA Rayos 24h KMZ"
      },
      "geometry": {
        "type": "Point",
        "coordinates": [
          -0.3613,
          39.307
        ]
      }
    },
    {
      "type": "Feature",
      "properties": {
        "name": "05/10/2026 01:38:25",
        "COORD": "-0,2574,39,3592",
        "DATE": "2026-10-05",
        "TIME": "01:38",
        "MXI": "-12,76 kA.",
        "STR": "0",
        "SMA": "0,213 Km.",
        "SMI": "0,13600004 Km.",
        "CHI": "0,3",
        "metvlc_time_utc": "2026-10-04T23:38:00+00:00",
        "metvlc_time_source": "date+time",
        "metvlc_has_real_time": true,
        "metvlc_captura_utc": "2026-10-05T12:17:54+00:00",
        "metvlc_last_seen_utc": "2026-10-05T21:29:04+00:00",
        "metvlc_fuente": "SIGIF/GVA Rayos 24h KMZ"
      },
      "geometry": {
        "type": "Point",
        "coordinates": [
          -0.2574,
          39.3592
        ]
      }
    },
    {
      "type": "Feature",
      "properties": {
        "name": "05/10/2026 01:41:03",
        "COORD": "-0,3633,39,343",
        "DATE": "2026-10-05",
        "TIME": "01:41",
        "MXI": "-79,1 kA.",
        "STR": "0",
        "SMA": "0,192 Km.",
        "SMI": "0,13800004 Km.",
        "CHI": "0,9",
        "metvlc_time_utc": "2026-10-04T23:41:00+00:00",
        "metvlc_time_source": "date+time",
        "metvlc_has_real_time": true,
        "metvlc_captura_utc": "2026-10-05T12:17:54+00:00",
        "metvlc_last_seen_utc": "2026-10-05T21:29:04+00:00",
        "metvlc_fuente": "SIGIF/GVA Rayos 24h KMZ"
      },
      "geometry": {
        "type": "Point",
        "coordinates": [
          -0.3633,
          39.343
        ]
      }
    },
    {
      "type": "Feature",
      "properties": {
        "name": "05/10/2026 01:41:03",
        "COORD": "-0,3626,39,343",
        "DATE": "2026-10-05",
        "TIME": "01:41",
        "MXI": "-16,3 kA.",
        "STR": "0",
        "SMA": "0,183 Km.",
        "SMI": "0,13499996 Km.",
        "CHI": "0,4",
        "metvlc_time_utc": "2026-10-04T23:41:00+00:00",
        "metvlc_time_source": "date+time",
        "metvlc_has_real_time": true,
        "metvlc_captura_utc": "2026-10-05T12:17:54+00:00",
        "metvlc_last_seen_utc": "2026-10-05T21:29:04+00:00",
        "metvlc_fuente": "SIGIF/GVA Rayos 24h KMZ"
      },
      "geometry": {
        "type": "Point",
        "coordinates": [
          -0.3626,
          39.343
        ]
      }
    },
    {
      "type": "Feature",
      "properties": {
        "name": "05/10/2026 01:43:44",
        "COORD": "-0,345,39,3688",
        "DATE": "2026-10-05",
        "TIME": "01:43",
        "MXI": "-20,69 kA.",
        "STR": "0",
        "SMA": "0,187 Km.",
        "SMI": "0,13400005 Km.",
        "CHI": "0,6",
        "metvlc_time_utc": "2026-10-04T23:43:00+00:00",
        "metvlc_time_source": "date+time",
        "metvlc_has_real_time": true,
        "metvlc_captura_utc": "2026-10-05T12:17:54+00:00",
        "metvlc_last_seen_utc": "2026-10-05T21:29:04+00:00",
        "metvlc_fuente": "SIGIF/GVA Rayos 24h KMZ"
      },
      "geometry": {
        "type": "Point",
        "coordinates": [
          -0.345,
          39.3688
        ]
      }
    },
    {
      "type": "Feature",
      "properties": {
        "name": "05/10/2026 01:43:44",
        "COORD": "-0,3445,39,3704",
        "DATE": "2026-10-05",
        "TIME": "01:43",
        "MXI": "-7,25 kA.",
        "STR": "0",
        "SMA": "0,376 Km.",
        "SMI": "0,21000002 Km.",
        "CHI": "0",
        "metvlc_time_utc": "2026-10-04T23:43:00+00:00",
        "metvlc_time_source": "date+time",
        "metvlc_has_real_time": true,
        "metvlc_captura_utc": "2026-10-05T12:17:54+00:00",
        "metvlc_last_seen_utc": "2026-10-05T21:29:04+00:00",
        "metvlc_fuente": "SIGIF/GVA Rayos 24h KMZ"
      },
      "geometry": {
        "type": "Point",
        "coordinates": [
          -0.3445,
          39.3704
        ]
      }
    },
    {
      "type": "Feature",
      "properties": {
        "name": "05/10/2026 01:46:21",
        "COORD": "-0,2522,39,3833",
        "DATE": "2026-10-05",
        "TIME": "01:46",
        "MXI": "42,15 kA.",
        "STR": "0",
        "SMA": "0,26 Km.",
        "SMI": "0,132 Km.",
        "CHI": "1,7",
        "metvlc_time_utc": "2026-10-04T23:46:00+00:00",
        "metvlc_time_source": "date+time",
        "metvlc_has_real_time": true,
        "metvlc_captura_utc": "2026-10-05T12:17:54+00:00",
        "metvlc_last_seen_utc": "2026-10-05T21:29:04+00:00",
        "metvlc_fuente": "SIGIF/GVA Rayos 24h KMZ"
      },
      "geometry": {
        "type": "Point",
        "coordinates": [
          -0.2522,
          39.3833
        ]
      }
    },
    {
      "type": "Feature",
      "properties": {
        "name": "05/10/2026 01:46:22",
        "COORD": "-0,2375,39,2953",
        "DATE": "2026-10-05",
        "TIME": "01:46",
        "MXI": "-34,07 kA.",
        "STR": "0",
        "SMA": "0,186 Km.",
        "SMI": "0,132 Km.",
        "CHI": "0,8",
        "metvlc_time_utc": "2026-10-04T23:46:00+00:00",
        "metvlc_time_source": "date+time",
        "metvlc_has_real_time": true,
        "metvlc_captura_utc": "2026-10-05T12:17:54+00:00",
        "metvlc_last_seen_utc": "2026-10-05T21:29:04+00:00",
        "metvlc_fuente": "SIGIF/GVA Rayos 24h KMZ"
      },
      "geometry": {
        "type": "Point",
        "coordinates": [
          -0.2375,
          39.2953
        ]
      }
    },
    {
      "type": "Feature",
      "properties": {
        "name": "05/10/2026 01:47:34",
        "COORD": "-0,248,39,401",
        "DATE": "2026-10-05",
        "TIME": "01:47",
        "MXI": "-31,45 kA.",
        "STR": "0",
        "SMA": "0,187 Km.",
        "SMI": "0,12999997 Km.",
        "CHI": "0,5",
        "metvlc_time_utc": "2026-10-04T23:47:00+00:00",
        "metvlc_time_source": "date+time",
        "metvlc_has_real_time": true,
        "metvlc_captura_utc": "2026-10-05T12:17:54+00:00",
        "metvlc_last_seen_utc": "2026-10-05T21:29:04+00:00",
        "metvlc_fuente": "SIGIF/GVA Rayos 24h KMZ"
      },
      "geometry": {
        "type": "Point",
        "coordinates": [
          -0.248,
          39.401
        ]
      }
    },
    {
      "type": "Feature",
      "properties": {
        "name": "05/10/2026 02:29:50",
        "COORD": "-0,1552,39,3094",
        "DATE": "2026-10-05",
        "TIME": "02:29",
        "MXI": "-18,18 kA.",
        "STR": "0",
        "SMA": "0,187 Km.",
        "SMI": "0,12900004 Km.",
        "CHI": "0,6",
        "metvlc_time_utc": "2026-10-05T00:29:00+00:00",
        "metvlc_time_source": "date+time",
        "metvlc_has_real_time": true,
        "metvlc_captura_utc": "2026-10-05T12:17:54+00:00",
        "metvlc_last_seen_utc": "2026-10-05T21:29:04+00:00",
        "metvlc_fuente": "SIGIF/GVA Rayos 24h KMZ"
      },
      "geometry": {
        "type": "Point",
        "coordinates": [
          -0.1552,
          39.3094
        ]
      }
    },
    {
      "type": "Feature",
      "properties": {
        "name": "05/10/2026 02:29:51",
        "COORD": "-0,127,39,301",
        "DATE": "2026-10-05",
        "TIME": "02:29",
        "MXI": "-15,6 kA.",
        "STR": "0",
        "SMA": "0,19 Km.",
        "SMI": "0,132 Km.",
        "CHI": "0,5",
        "metvlc_time_utc": "2026-10-05T00:29:00+00:00",
        "metvlc_time_source": "date+time",
        "metvlc_has_real_time": true,
        "metvlc_captura_utc": "2026-10-05T12:17:54+00:00",
        "metvlc_last_seen_utc": "2026-10-05T21:29:04+00:00",
        "metvlc_fuente": "SIGIF/GVA Rayos 24h KMZ"
      },
      "geometry": {
        "type": "Point",
        "coordinates": [
          -0.127,
          39.301
        ]
      }
    },
    {
      "type": "Feature",
      "properties": {
        "name": "05/10/2026 02:29:51",
        "COORD": "-0,1556,39,311",
        "DATE": "2026-10-05",
        "TIME": "02:29",
        "MXI": "-8,79 kA.",
        "STR": "0",
        "SMA": "0,219 Km.",
        "SMI": "0,16800006 Km.",
        "CHI": "0,2",
        "metvlc_time_utc": "2026-10-05T00:29:00+00:00",
        "metvlc_time_source": "date+time",
        "metvlc_has_real_time": true,
        "metvlc_captura_utc": "2026-10-05T12:17:54+00:00",
        "metvlc_last_seen_utc": "2026-10-05T21:29:04+00:00",
        "metvlc_fuente": "SIGIF/GVA Rayos 24h KMZ"
      },
      "geometry": {
        "type": "Point",
        "coordinates": [
          -0.1556,
          39.311
        ]
      }
    },
    {
      "type": "Feature",
      "properties": {
        "name": "05/10/2026 02:38:41",
        "COORD": "-0,0781,39,2763",
        "DATE": "2026-10-05",
        "TIME": "02:38",
        "MXI": "-18,72 kA.",
        "STR": "0",
        "SMA": "0,197 Km.",
        "SMI": "0,127 Km.",
        "CHI": "0,4",
        "metvlc_time_utc": "2026-10-05T00:38:00+00:00",
        "metvlc_time_source": "date+time",
        "metvlc_has_real_time": true,
        "metvlc_captura_utc": "2026-10-05T12:17:54+00:00",
        "metvlc_last_seen_utc": "2026-10-05T21:29:04+00:00",
        "metvlc_fuente": "SIGIF/GVA Rayos 24h KMZ"
      },
      "geometry": {
        "type": "Point",
        "coordinates": [
          -0.0781,
          39.2763
        ]
      }
    },
    {
      "type": "Feature",
      "properties": {
        "name": "05/10/2026 02:38:58",
        "COORD": "-0,0699,39,2696",
        "DATE": "2026-10-05",
        "TIME": "02:38",
        "MXI": "-15,93 kA.",
        "STR": "0",
        "SMA": "0,224 Km.",
        "SMI": "0,12300002 Km.",
        "CHI": "0,6",
        "metvlc_time_utc": "2026-10-05T00:38:00+00:00",
        "metvlc_time_source": "date+time",
        "metvlc_has_real_time": true,
        "metvlc_captura_utc": "2026-10-05T12:17:54+00:00",
        "metvlc_last_seen_utc": "2026-10-05T21:29:04+00:00",
        "metvlc_fuente": "SIGIF/GVA Rayos 24h KMZ"
      },
      "geometry": {
        "type": "Point",
        "coordinates": [
          -0.0699,
          39.2696
        ]
      }
    },
    {
      "type": "Feature",
      "properties": {
        "name": "05/10/2026 02:39:18",
        "COORD": "-0,0639,39,2686",
        "DATE": "2026-10-05",
        "TIME": "02:39",
        "MXI": "-17,66 kA.",
        "STR": "0",
        "SMA": "0,189 Km.",
        "SMI": "0,13200001 Km.",
        "CHI": "0,4",
        "metvlc_time_utc": "2026-10-05T00:39:00+00:00",
        "metvlc_time_source": "date+time",
        "metvlc_has_real_time": true,
        "metvlc_captura_utc": "2026-10-05T12:17:54+00:00",
        "metvlc_last_seen_utc": "2026-10-05T21:29:04+00:00",
        "metvlc_fuente": "SIGIF/GVA Rayos 24h KMZ"
      },
      "geometry": {
        "type": "Point",
        "coordinates": [
          -0.0639,
          39.2686
        ]
      }
    },
    {
      "type": "Feature",
      "properties": {
        "name": "05/10/2026 02:39:31",
        "COORD": "-0,1118,39,2761",
        "DATE": "2026-10-05",
        "TIME": "02:39",
        "MXI": "-19,78 kA.",
        "STR": "0",
        "SMA": "0,187 Km.",
        "SMI": "0,12999997 Km.",
        "CHI": "0,3",
        "metvlc_time_utc": "2026-10-05T00:39:00+00:00",
        "metvlc_time_source": "date+time",
        "metvlc_has_real_time": true,
        "metvlc_captura_utc": "2026-10-05T12:17:54+00:00",
        "metvlc_last_seen_utc": "2026-10-05T21:29:04+00:00",
        "metvlc_fuente": "SIGIF/GVA Rayos 24h KMZ"
      },
      "geometry": {
        "type": "Point",
        "coordinates": [
          -0.1118,
          39.2761
        ]
      }
    },
    {
      "type": "Feature",
      "properties": {
        "name": "05/10/2026 02:40:17",
        "COORD": "-0,0747,39,2782",
        "DATE": "2026-10-05",
        "TIME": "02:40",
        "MXI": "-22,04 kA.",
        "STR": "0",
        "SMA": "0,201 Km.",
        "SMI": "0,12700002 Km.",
        "CHI": "0,7",
        "metvlc_time_utc": "2026-10-05T00:40:00+00:00",
        "metvlc_time_source": "date+time",
        "metvlc_has_real_time": true,
        "metvlc_captura_utc": "2026-10-05T12:17:54+00:00",
        "metvlc_last_seen_utc": "2026-10-05T21:29:04+00:00",
        "metvlc_fuente": "SIGIF/GVA Rayos 24h KMZ"
      },
      "geometry": {
        "type": "Point",
        "coordinates": [
          -0.0747,
          39.2782
        ]
      }
    },
    {
      "type": "Feature",
      "properties": {
        "name": "05/10/2026 02:40:17",
        "COORD": "-0,1109,39,2612",
        "DATE": "2026-10-05",
        "TIME": "02:40",
        "MXI": "-14,17 kA.",
        "STR": "0",
        "SMA": "0,193 Km.",
        "SMI": "0,13499996 Km.",
        "CHI": "0,5",
        "metvlc_time_utc": "2026-10-05T00:40:00+00:00",
        "metvlc_time_source": "date+time",
        "metvlc_has_real_time": true,
        "metvlc_captura_utc": "2026-10-05T12:17:54+00:00",
        "metvlc_last_seen_utc": "2026-10-05T21:29:04+00:00",
        "metvlc_fuente": "SIGIF/GVA Rayos 24h KMZ"
      },
      "geometry": {
        "type": "Point",
        "coordinates": [
          -0.1109,
          39.2612
        ]
      }
    },
    {
      "type": "Feature",
      "properties": {
        "name": "05/10/2026 02:40:17",
        "COORD": "-0,1136,39,2607",
        "DATE": "2026-10-05",
        "TIME": "02:40",
        "MXI": "-14,13 kA.",
        "STR": "0",
        "SMA": "0,215 Km.",
        "SMI": "0,13700001 Km.",
        "CHI": "0,3",
        "metvlc_time_utc": "2026-10-05T00:40:00+00:00",
        "metvlc_time_source": "date+time",
        "metvlc_has_real_time": true,
        "metvlc_captura_utc": "2026-10-05T12:17:54+00:00",
        "metvlc_last_seen_utc": "2026-10-05T21:29:04+00:00",
        "metvlc_fuente": "SIGIF/GVA Rayos 24h KMZ"
      },
      "geometry": {
        "type": "Point",
        "coordinates": [
          -0.1136,
          39.2607
        ]
      }
    },
    {
      "type": "Feature",
      "properties": {
        "name": "05/10/2026 02:40:18",
        "COORD": "-0,0752,39,278",
        "DATE": "2026-10-05",
        "TIME": "02:40",
        "MXI": "-16,98 kA.",
        "STR": "0",
        "SMA": "0,2 Km.",
        "SMI": "0,12899996 Km.",
        "CHI": "0,5",
        "metvlc_time_utc": "2026-10-05T00:40:00+00:00",
        "metvlc_time_source": "date+time",
        "metvlc_has_real_time": true,
        "metvlc_captura_utc": "2026-10-05T12:17:54+00:00",
        "metvlc_last_seen_utc": "2026-10-05T21:29:04+00:00",
        "metvlc_fuente": "SIGIF/GVA Rayos 24h KMZ"
      },
      "geometry": {
        "type": "Point",
        "coordinates": [
          -0.0752,
          39.278
        ]
      }
    },
    {
      "type": "Feature",
      "properties": {
        "name": "05/10/2026 02:40:52",
        "COORD": "-0,0857,39,299",
        "DATE": "2026-10-05",
        "TIME": "02:40",
        "MXI": "-20,31 kA.",
        "STR": "0",
        "SMA": "0,19 Km.",
        "SMI": "0,13099997 Km.",
        "CHI": "0,5",
        "metvlc_time_utc": "2026-10-05T00:40:00+00:00",
        "metvlc_time_source": "date+time",
        "metvlc_has_real_time": true,
        "metvlc_captura_utc": "2026-10-05T12:17:54+00:00",
        "metvlc_last_seen_utc": "2026-10-05T21:29:04+00:00",
        "metvlc_fuente": "SIGIF/GVA Rayos 24h KMZ"
      },
      "geometry": {
        "type": "Point",
        "coordinates": [
          -0.0857,
          39.299
        ]
      }
    },
    {
      "type": "Feature",
      "properties": {
        "name": "05/10/2026 02:40:52",
        "COORD": "-0,1018,39,2982",
        "DATE": "2026-10-05",
        "TIME": "02:40",
        "MXI": "-21,35 kA.",
        "STR": "0",
        "SMA": "0,188 Km.",
        "SMI": "0,13200003 Km.",
        "CHI": "0,5",
        "metvlc_time_utc": "2026-10-05T00:40:00+00:00",
        "metvlc_time_source": "date+time",
        "metvlc_has_real_time": true,
        "metvlc_captura_utc": "2026-10-05T12:17:54+00:00",
        "metvlc_last_seen_utc": "2026-10-05T21:29:04+00:00",
        "metvlc_fuente": "SIGIF/GVA Rayos 24h KMZ"
      },
      "geometry": {
        "type": "Point",
        "coordinates": [
          -0.1018,
          39.2982
        ]
      }
    },
    {
      "type": "Feature",
      "properties": {
        "name": "05/10/2026 02:41:35",
        "COORD": "-0,1081,39,2453",
        "DATE": "2026-10-05",
        "TIME": "02:41",
        "MXI": "-29,82 kA.",
        "STR": "0",
        "SMA": "0,2 Km.",
        "SMI": "0,13099997 Km.",
        "CHI": "0,9",
        "metvlc_time_utc": "2026-10-05T00:41:00+00:00",
        "metvlc_time_source": "date+time",
        "metvlc_has_real_time": true,
        "metvlc_captura_utc": "2026-10-05T12:17:54+00:00",
        "metvlc_last_seen_utc": "2026-10-05T21:29:04+00:00",
        "metvlc_fuente": "SIGIF/GVA Rayos 24h KMZ"
      },
      "geometry": {
        "type": "Point",
        "coordinates": [
          -0.1081,
          39.2453
        ]
      }
    },
    {
      "type": "Feature",
      "properties": {
        "name": "05/10/2026 02:42:03",
        "COORD": "-0,0744,39,2866",
        "DATE": "2026-10-05",
        "TIME": "02:42",
        "MXI": "-28,73 kA.",
        "STR": "0",
        "SMA": "0,198 Km.",
        "SMI": "0,12599996 Km.",
        "CHI": "0,2",
        "metvlc_time_utc": "2026-10-05T00:42:00+00:00",
        "metvlc_time_source": "date+time",
        "metvlc_has_real_time": true,
        "metvlc_captura_utc": "2026-10-05T12:17:54+00:00",
        "metvlc_last_seen_utc": "2026-10-05T21:29:04+00:00",
        "metvlc_fuente": "SIGIF/GVA Rayos 24h KMZ"
      },
      "geometry": {
        "type": "Point",
        "coordinates": [
          -0.0744,
          39.2866
        ]
      }
    },
    {
      "type": "Feature",
      "properties": {
        "name": "05/10/2026 02:42:03",
        "COORD": "-0,071,39,3579",
        "DATE": "2026-10-05",
        "TIME": "02:42",
        "MXI": "-28,87 kA.",
        "STR": "0",
        "SMA": "0,59 Km.",
        "SMI": "0,21799998 Km.",
        "CHI": "1,4",
        "metvlc_time_utc": "2026-10-05T00:42:00+00:00",
        "metvlc_time_source": "date+time",
        "metvlc_has_real_time": true,
        "metvlc_captura_utc": "2026-10-05T12:17:54+00:00",
        "metvlc_last_seen_utc": "2026-10-05T21:29:04+00:00",
        "metvlc_fuente": "SIGIF/GVA Rayos 24h KMZ"
      },
      "geometry": {
        "type": "Point",
        "coordinates": [
          -0.071,
          39.3579
        ]
      }
    },
    {
      "type": "Feature",
      "properties": {
        "name": "05/10/2026 02:42:03",
        "COORD": "-0,073,39,2949",
        "DATE": "2026-10-05",
        "TIME": "02:42",
        "MXI": "-15,7 kA.",
        "STR": "0",
        "SMA": "0,188 Km.",
        "SMI": "0,12999998 Km.",
        "CHI": "0,2",
        "metvlc_time_utc": "2026-10-05T00:42:00+00:00",
        "metvlc_time_source": "date+time",
        "metvlc_has_real_time": true,
        "metvlc_captura_utc": "2026-10-05T12:17:54+00:00",
        "metvlc_last_seen_utc": "2026-10-05T21:29:04+00:00",
        "metvlc_fuente": "SIGIF/GVA Rayos 24h KMZ"
      },
      "geometry": {
        "type": "Point",
        "coordinates": [
          -0.073,
          39.2949
        ]
      }
    },
    {
      "type": "Feature",
      "properties": {
        "name": "05/10/2026 02:43:27",
        "COORD": "-0,0585,39,278",
        "DATE": "2026-10-05",
        "TIME": "02:43",
        "MXI": "-43,96 kA.",
        "STR": "0",
        "SMA": "0,198 Km.",
        "SMI": "0,12300001 Km.",
        "CHI": "0,3",
        "metvlc_time_utc": "2026-10-05T00:43:00+00:00",
        "metvlc_time_source": "date+time",
        "metvlc_has_real_time": true,
        "metvlc_captura_utc": "2026-10-05T12:17:54+00:00",
        "metvlc_last_seen_utc": "2026-10-05T21:29:04+00:00",
        "metvlc_fuente": "SIGIF/GVA Rayos 24h KMZ"
      },
      "geometry": {
        "type": "Point",
        "coordinates": [
          -0.0585,
          39.278
        ]
      }
    },
    {
      "type": "Feature",
      "properties": {
        "name": "05/10/2026 02:43:27",
        "COORD": "-0,0766,39,2815",
        "DATE": "2026-10-05",
        "TIME": "02:43",
        "MXI": "-23,35 kA.",
        "STR": "0",
        "SMA": "0,77 Km.",
        "SMI": "0,22299999 Km.",
        "CHI": "0,5",
        "metvlc_time_utc": "2026-10-05T00:43:00+00:00",
        "metvlc_time_source": "date+time",
        "metvlc_has_real_time": true,
        "metvlc_captura_utc": "2026-10-05T12:17:54+00:00",
        "metvlc_last_seen_utc": "2026-10-05T21:29:04+00:00",
        "metvlc_fuente": "SIGIF/GVA Rayos 24h KMZ"
      },
      "geometry": {
        "type": "Point",
        "coordinates": [
          -0.0766,
          39.2815
        ]
      }
    },
    {
      "type": "Feature",
      "properties": {
        "name": "05/10/2026 02:46:23",
        "COORD": "-0,0523,39,2811",
        "DATE": "2026-10-05",
        "TIME": "02:46",
        "MXI": "-81,38 kA.",
        "STR": "0",
        "SMA": "0,197 Km.",
        "SMI": "0,125 Km.",
        "CHI": "0,8",
        "metvlc_time_utc": "2026-10-05T00:46:00+00:00",
        "metvlc_time_source": "date+time",
        "metvlc_has_real_time": true,
        "metvlc_captura_utc": "2026-10-05T12:17:54+00:00",
        "metvlc_last_seen_utc": "2026-10-05T21:29:04+00:00",
        "metvlc_fuente": "SIGIF/GVA Rayos 24h KMZ"
      },
      "geometry": {
        "type": "Point",
        "coordinates": [
          -0.0523,
          39.2811
        ]
      }
    },
    {
      "type": "Feature",
      "properties": {
        "name": "05/10/2026 02:46:23",
        "COORD": "-0,0422,39,2871",
        "DATE": "2026-10-05",
        "TIME": "02:46",
        "MXI": "-39,52 kA.",
        "STR": "0",
        "SMA": "0,203 Km.",
        "SMI": "0,127 Km.",
        "CHI": "0,8",
        "metvlc_time_utc": "2026-10-05T00:46:00+00:00",
        "metvlc_time_source": "date+time",
        "metvlc_has_real_time": true,
        "metvlc_captura_utc": "2026-10-05T12:17:54+00:00",
        "metvlc_last_seen_utc": "2026-10-05T21:29:04+00:00",
        "metvlc_fuente": "SIGIF/GVA Rayos 24h KMZ"
      },
      "geometry": {
        "type": "Point",
        "coordinates": [
          -0.0422,
          39.2871
        ]
      }
    },
    {
      "type": "Feature",
      "properties": {
        "name": "05/10/2026 02:46:23",
        "COORD": "-0,0808,39,256",
        "DATE": "2026-10-05",
        "TIME": "02:46",
        "MXI": "-22,11 kA.",
        "STR": "0",
        "SMA": "0,199 Km.",
        "SMI": "0,12700002 Km.",
        "CHI": "0,4",
        "metvlc_time_utc": "2026-10-05T00:46:00+00:00",
        "metvlc_time_source": "date+time",
        "metvlc_has_real_time": true,
        "metvlc_captura_utc": "2026-10-05T12:17:54+00:00",
        "metvlc_last_seen_utc": "2026-10-05T21:29:04+00:00",
        "metvlc_fuente": "SIGIF/GVA Rayos 24h KMZ"
      },
      "geometry": {
        "type": "Point",
        "coordinates": [
          -0.0808,
          39.256
        ]
      }
    },
    {
      "type": "Feature",
      "properties": {
        "name": "05/10/2026 02:46:23",
        "COORD": "-0,0705,39,2975",
        "DATE": "2026-10-05",
        "TIME": "02:46",
        "MXI": "-16,63 kA.",
        "STR": "0",
        "SMA": "0,243 Km.",
        "SMI": "0,13599998 Km.",
        "CHI": "0,4",
        "metvlc_time_utc": "2026-10-05T00:46:00+00:00",
        "metvlc_time_source": "date+time",
        "metvlc_has_real_time": true,
        "metvlc_captura_utc": "2026-10-05T12:17:54+00:00",
        "metvlc_last_seen_utc": "2026-10-05T21:29:04+00:00",
        "metvlc_fuente": "SIGIF/GVA Rayos 24h KMZ"
      },
      "geometry": {
        "type": "Point",
        "coordinates": [
          -0.0705,
          39.2975
        ]
      }
    },
    {
      "type": "Feature",
      "properties": {
        "name": "05/10/2026 02:48:59",
        "COORD": "-0,0352,39,2703",
        "DATE": "2026-10-05",
        "TIME": "02:48",
        "MXI": "-69,52 kA.",
        "STR": "0",
        "SMA": "0,214 Km.",
        "SMI": "0,128 Km.",
        "CHI": "0,6",
        "metvlc_time_utc": "2026-10-05T00:48:00+00:00",
        "metvlc_time_source": "date+time",
        "metvlc_has_real_time": true,
        "metvlc_captura_utc": "2026-10-05T12:17:54+00:00",
        "metvlc_last_seen_utc": "2026-10-05T21:29:04+00:00",
        "metvlc_fuente": "SIGIF/GVA Rayos 24h KMZ"
      },
      "geometry": {
        "type": "Point",
        "coordinates": [
          -0.0352,
          39.2703
        ]
      }
    },
    {
      "type": "Feature",
      "properties": {
        "name": "05/10/2026 02:48:59",
        "COORD": "-0,0304,39,2854",
        "DATE": "2026-10-05",
        "TIME": "02:48",
        "MXI": "-21,84 kA.",
        "STR": "0",
        "SMA": "0,235 Km.",
        "SMI": "0,12600002 Km.",
        "CHI": "0,4",
        "metvlc_time_utc": "2026-10-05T00:48:00+00:00",
        "metvlc_time_source": "date+time",
        "metvlc_has_real_time": true,
        "metvlc_captura_utc": "2026-10-05T12:17:54+00:00",
        "metvlc_last_seen_utc": "2026-10-05T21:29:04+00:00",
        "metvlc_fuente": "SIGIF/GVA Rayos 24h KMZ"
      },
      "geometry": {
        "type": "Point",
        "coordinates": [
          -0.0304,
          39.2854
        ]
      }
    },
    {
      "type": "Feature",
      "properties": {
        "name": "05/10/2026 02:53:10",
        "COORD": "-0,0184,39,2588",
        "DATE": "2026-10-05",
        "TIME": "02:53",
        "MXI": "-78,99 kA.",
        "STR": "0",
        "SMA": "0,198 Km.",
        "SMI": "0,12400001 Km.",
        "CHI": "0,7",
        "metvlc_time_utc": "2026-10-05T00:53:00+00:00",
        "metvlc_time_source": "date+time",
        "metvlc_has_real_time": true,
        "metvlc_captura_utc": "2026-10-05T12:17:54+00:00",
        "metvlc_last_seen_utc": "2026-10-05T21:29:04+00:00",
        "metvlc_fuente": "SIGIF/GVA Rayos 24h KMZ"
      },
      "geometry": {
        "type": "Point",
        "coordinates": [
          -0.0184,
          39.2588
        ]
      }
    },
    {
      "type": "Feature",
      "properties": {
        "name": "05/10/2026 02:53:10",
        "COORD": "0,008,39,287",
        "DATE": "2026-10-05",
        "TIME": "02:53",
        "MXI": "-27,75 kA.",
        "STR": "0",
        "SMA": "0,189 Km.",
        "SMI": "0,12800004 Km.",
        "CHI": "0,3",
        "metvlc_time_utc": "2026-10-05T00:53:00+00:00",
        "metvlc_time_source": "date+time",
        "metvlc_has_real_time": true,
        "metvlc_captura_utc": "2026-10-05T12:17:54+00:00",
        "metvlc_last_seen_utc": "2026-10-05T21:29:04+00:00",
        "metvlc_fuente": "SIGIF/GVA Rayos 24h KMZ"
      },
      "geometry": {
        "type": "Point",
        "coordinates": [
          0.008,
          39.287
        ]
      }
    },
    {
      "type": "Feature",
      "properties": {
        "name": "05/10/2026 02:53:10",
        "COORD": "-0,0012,39,2334",
        "DATE": "2026-10-05",
        "TIME": "02:53",
        "MXI": "-20,17 kA.",
        "STR": "0",
        "SMA": "0,203 Km.",
        "SMI": "0,125 Km.",
        "CHI": "0,3",
        "metvlc_time_utc": "2026-10-05T00:53:00+00:00",
        "metvlc_time_source": "date+time",
        "metvlc_has_real_time": true,
        "metvlc_captura_utc": "2026-10-05T12:17:54+00:00",
        "metvlc_last_seen_utc": "2026-10-05T21:29:04+00:00",
        "metvlc_fuente": "SIGIF/GVA Rayos 24h KMZ"
      },
      "geometry": {
        "type": "Point",
        "coordinates": [
          -0.0012,
          39.2334
        ]
      }
    },
    {
      "type": "Feature",
      "properties": {
        "name": "05/10/2026 02:53:10",
        "COORD": "0,0367,39,2768",
        "DATE": "2026-10-05",
        "TIME": "02:53",
        "MXI": "-17,33 kA.",
        "STR": "0",
        "SMA": "0,193 Km.",
        "SMI": "0,12900001 Km.",
        "CHI": "0,4",
        "metvlc_time_utc": "2026-10-05T00:53:00+00:00",
        "metvlc_time_source": "date+time",
        "metvlc_has_real_time": true,
        "metvlc_captura_utc": "2026-10-05T12:17:54+00:00",
        "metvlc_last_seen_utc": "2026-10-05T21:29:04+00:00",
        "metvlc_fuente": "SIGIF/GVA Rayos 24h KMZ"
      },
      "geometry": {
        "type": "Point",
        "coordinates": [
          0.0367,
          39.2768
        ]
      }
    },
    {
      "type": "Feature",
      "properties": {
        "name": "05/10/2026 16:17:50",
        "COORD": "-0,3689,40,2418",
        "DATE": "2026-10-05",
        "TIME": "16:17",
        "MXI": "-8,57 kA.",
        "STR": "0",
        "SMA": "0,178 Km.",
        "SMI": "0,129 Km.",
        "CHI": "0,5",
        "metvlc_time_utc": "2026-10-05T14:17:00+00:00",
        "metvlc_time_source": "date+time",
        "metvlc_has_real_time": true,
        "metvlc_captura_utc": "2026-10-05T21:29:04+00:00",
        "metvlc_last_seen_utc": "2026-10-05T21:29:04+00:00",
        "metvlc_fuente": "SIGIF/GVA Rayos 24h KMZ"
      },
      "geometry": {
        "type": "Point",
        "coordinates": [
          -0.3689,
          40.2418
        ]
      }
    },
    {
      "type": "Feature",
      "properties": {
        "name": "05/10/2026 16:32:18",
        "COORD": "-0,3681,40,2487",
        "DATE": "2026-10-05",
        "TIME": "16:32",
        "MXI": "-20,26 kA.",
        "STR": "0",
        "SMA": "0,181 Km.",
        "SMI": "0,14199999 Km.",
        "CHI": "0,5",
        "metvlc_time_utc": "2026-10-05T14:32:00+00:00",
        "metvlc_time_source": "date+time",
        "metvlc_has_real_time": true,
        "metvlc_captura_utc": "2026-10-05T21:29:04+00:00",
        "metvlc_last_seen_utc": "2026-10-05T21:29:04+00:00",
        "metvlc_fuente": "SIGIF/GVA Rayos 24h KMZ"
      },
      "geometry": {
        "type": "Point",
        "coordinates": [
          -0.3681,
          40.2487
        ]
      }
    },
    {
      "type": "Feature",
      "properties": {
        "name": "05/10/2026 18:30:04",
        "COORD": "-0,4894,40,2418",
        "DATE": "2026-10-05",
        "TIME": "18:30",
        "MXI": "-10,45 kA.",
        "STR": "0",
        "SMA": "0,149 Km.",
        "SMI": "0,12999998 Km.",
        "CHI": "0,1",
        "metvlc_time_utc": "2026-10-05T16:30:00+00:00",
        "metvlc_time_source": "date+time",
        "metvlc_has_real_time": true,
        "metvlc_captura_utc": "2026-10-05T21:29:04+00:00",
        "metvlc_last_seen_utc": "2026-10-05T21:29:04+00:00",
        "metvlc_fuente": "SIGIF/GVA Rayos 24h KMZ"
      },
      "geometry": {
        "type": "Point",
        "coordinates": [
          -0.4894,
          40.2418
        ]
      }
    },
    {
      "type": "Feature",
      "properties": {
        "name": "05/10/2026 18:49:11",
        "COORD": "-0,3669,40,2446",
        "DATE": "2026-10-05",
        "TIME": "18:49",
        "MXI": "-10,07 kA.",
        "STR": "0",
        "SMA": "0,175 Km.",
        "SMI": "0,12599999 Km.",
        "CHI": "0,6",
        "metvlc_time_utc": "2026-10-05T16:49:00+00:00",
        "metvlc_time_source": "date+time",
        "metvlc_has_real_time": true,
        "metvlc_captura_utc": "2026-10-05T21:29:04+00:00",
        "metvlc_last_seen_utc": "2026-10-05T21:29:04+00:00",
        "metvlc_fuente": "SIGIF/GVA Rayos 24h KMZ"
      },
      "geometry": {
        "type": "Point",
        "coordinates": [
          -0.3669,
          40.2446
        ]
      }
    },
    {
      "type": "Feature",
      "properties": {
        "name": "05/10/2026 20:41:14",
        "COORD": "-1,698,39,3469",
        "DATE": "2026-10-05",
        "TIME": "20:41",
        "MXI": "-11,9 kA.",
        "STR": "0",
        "SMA": "0,179 Km.",
        "SMI": "0,135 Km.",
        "CHI": "0,5",
        "metvlc_time_utc": "2026-10-05T18:41:00+00:00",
        "metvlc_time_source": "date+time",
        "metvlc_has_real_time": true,
        "metvlc_captura_utc": "2026-10-05T21:29:04+00:00",
        "metvlc_last_seen_utc": "2026-10-05T21:29:04+00:00",
        "metvlc_fuente": "SIGIF/GVA Rayos 24h KMZ"
      },
      "geometry": {
        "type": "Point",
        "coordinates": [
          -1.698,
          39.3469
        ]
      }
    },
    {
      "type": "Feature",
      "properties": {
        "name": "05/10/2026 20:49:40",
        "COORD": "-1,6493,39,3738",
        "DATE": "2026-10-05",
        "TIME": "20:49",
        "MXI": "-15,64 kA.",
        "STR": "0",
        "SMA": "0,176 Km.",
        "SMI": "0,13200003 Km.",
        "CHI": "0,9",
        "metvlc_time_utc": "2026-10-05T18:49:00+00:00",
        "metvlc_time_source": "date+time",
        "metvlc_has_real_time": true,
        "metvlc_captura_utc": "2026-10-05T21:29:04+00:00",
        "metvlc_last_seen_utc": "2026-10-05T21:29:04+00:00",
        "metvlc_fuente": "SIGIF/GVA Rayos 24h KMZ"
      },
      "geometry": {
        "type": "Point",
        "coordinates": [
          -1.6493,
          39.3738
        ]
      }
    },
    {
      "type": "Feature",
      "properties": {
        "name": "05/10/2026 20:51:07",
        "COORD": "-1,6903,39,3985",
        "DATE": "2026-10-05",
        "TIME": "20:51",
        "MXI": "-12,13 kA.",
        "STR": "0",
        "SMA": "0,18 Km.",
        "SMI": "0,14000003 Km.",
        "CHI": "0,9",
        "metvlc_time_utc": "2026-10-05T18:51:00+00:00",
        "metvlc_time_source": "date+time",
        "metvlc_has_real_time": true,
        "metvlc_captura_utc": "2026-10-05T21:29:04+00:00",
        "metvlc_last_seen_utc": "2026-10-05T21:29:04+00:00",
        "metvlc_fuente": "SIGIF/GVA Rayos 24h KMZ"
      },
      "geometry": {
        "type": "Point",
        "coordinates": [
          -1.6903,
          39.3985
        ]
      }
    },
    {
      "type": "Feature",
      "properties": {
        "name": "05/10/2026 20:55:20",
        "COORD": "-1,6661,39,3944",
        "DATE": "2026-10-05",
        "TIME": "20:55",
        "MXI": "-10,17 kA.",
        "STR": "0",
        "SMA": "0,192 Km.",
        "SMI": "0,14899996 Km.",
        "CHI": "0,4",
        "metvlc_time_utc": "2026-10-05T18:55:00+00:00",
        "metvlc_time_source": "date+time",
        "metvlc_has_real_time": true,
        "metvlc_captura_utc": "2026-10-05T21:29:04+00:00",
        "metvlc_last_seen_utc": "2026-10-05T21:29:04+00:00",
        "metvlc_fuente": "SIGIF/GVA Rayos 24h KMZ"
      },
      "geometry": {
        "type": "Point",
        "coordinates": [
          -1.6661,
          39.3944
        ]
      }
    },
    {
      "type": "Feature",
      "properties": {
        "name": "05/10/2026 20:55:59",
        "COORD": "-1,5694,39,4744",
        "DATE": "2026-10-05",
        "TIME": "20:55",
        "MXI": "-5,24 kA.",
        "STR": "0",
        "SMA": "0,485 Km.",
        "SMI": "0,21300004 Km.",
        "CHI": "1",
        "metvlc_time_utc": "2026-10-05T18:55:00+00:00",
        "metvlc_time_source": "date+time",
        "metvlc_has_real_time": true,
        "metvlc_captura_utc": "2026-10-05T21:29:04+00:00",
        "metvlc_last_seen_utc": "2026-10-05T21:29:04+00:00",
        "metvlc_fuente": "SIGIF/GVA Rayos 24h KMZ"
      },
      "geometry": {
        "type": "Point",
        "coordinates": [
          -1.5694,
          39.4744
        ]
      }
    },
    {
      "type": "Feature",
      "properties": {
        "name": "05/10/2026 20:55:59",
        "COORD": "-1,5557,39,4633",
        "DATE": "2026-10-05",
        "TIME": "20:55",
        "MXI": "-17,89 kA.",
        "STR": "0",
        "SMA": "0,17 Km.",
        "SMI": "0,131 Km.",
        "CHI": "0,6",
        "metvlc_time_utc": "2026-10-05T18:55:00+00:00",
        "metvlc_time_source": "date+time",
        "metvlc_has_real_time": true,
        "metvlc_captura_utc": "2026-10-05T21:29:04+00:00",
        "metvlc_last_seen_utc": "2026-10-05T21:29:04+00:00",
        "metvlc_fuente": "SIGIF/GVA Rayos 24h KMZ"
      },
      "geometry": {
        "type": "Point",
        "coordinates": [
          -1.5557,
          39.4633
        ]
      }
    },
    {
      "type": "Feature",
      "properties": {
        "name": "05/10/2026 20:56:00",
        "COORD": "-1,5557,39,4637",
        "DATE": "2026-10-05",
        "TIME": "20:56",
        "MXI": "-7,87 kA.",
        "STR": "0",
        "SMA": "0,224 Km.",
        "SMI": "0,17400004 Km.",
        "CHI": "0,2",
        "metvlc_time_utc": "2026-10-05T18:56:00+00:00",
        "metvlc_time_source": "date+time",
        "metvlc_has_real_time": true,
        "metvlc_captura_utc": "2026-10-05T21:29:04+00:00",
        "metvlc_last_seen_utc": "2026-10-05T21:29:04+00:00",
        "metvlc_fuente": "SIGIF/GVA Rayos 24h KMZ"
      },
      "geometry": {
        "type": "Point",
        "coordinates": [
          -1.5557,
          39.4637
        ]
      }
    },
    {
      "type": "Feature",
      "properties": {
        "name": "05/10/2026 20:56:00",
        "COORD": "-1,5556,39,4634",
        "DATE": "2026-10-05",
        "TIME": "20:56",
        "MXI": "-12,33 kA.",
        "STR": "0",
        "SMA": "0,171 Km.",
        "SMI": "0,13099995 Km.",
        "CHI": "0,6",
        "metvlc_time_utc": "2026-10-05T18:56:00+00:00",
        "metvlc_time_source": "date+time",
        "metvlc_has_real_time": true,
        "metvlc_captura_utc": "2026-10-05T21:29:04+00:00",
        "metvlc_last_seen_utc": "2026-10-05T21:29:04+00:00",
        "metvlc_fuente": "SIGIF/GVA Rayos 24h KMZ"
      },
      "geometry": {
        "type": "Point",
        "coordinates": [
          -1.5556,
          39.4634
        ]
      }
    },
    {
      "type": "Feature",
      "properties": {
        "name": "05/10/2026 20:56:00",
        "COORD": "-1,5555,39,4636",
        "DATE": "2026-10-05",
        "TIME": "20:56",
        "MXI": "-19,97 kA.",
        "STR": "0",
        "SMA": "0,17 Km.",
        "SMI": "0,125 Km.",
        "CHI": "0,8",
        "metvlc_time_utc": "2026-10-05T18:56:00+00:00",
        "metvlc_time_source": "date+time",
        "metvlc_has_real_time": true,
        "metvlc_captura_utc": "2026-10-05T21:29:04+00:00",
        "metvlc_last_seen_utc": "2026-10-05T21:29:04+00:00",
        "metvlc_fuente": "SIGIF/GVA Rayos 24h KMZ"
      },
      "geometry": {
        "type": "Point",
        "coordinates": [
          -1.5555,
          39.4636
        ]
      }
    },
    {
      "type": "Feature",
      "properties": {
        "name": "05/10/2026 20:56:00",
        "COORD": "-1,5562,39,4638",
        "DATE": "2026-10-05",
        "TIME": "20:56",
        "MXI": "-13,13 kA.",
        "STR": "0",
        "SMA": "0,174 Km.",
        "SMI": "0,13199998 Km.",
        "CHI": "0,7",
        "metvlc_time_utc": "2026-10-05T18:56:00+00:00",
        "metvlc_time_source": "date+time",
        "metvlc_has_real_time": true,
        "metvlc_captura_utc": "2026-10-05T21:29:04+00:00",
        "metvlc_last_seen_utc": "2026-10-05T21:29:04+00:00",
        "metvlc_fuente": "SIGIF/GVA Rayos 24h KMZ"
      },
      "geometry": {
        "type": "Point",
        "coordinates": [
          -1.5562,
          39.4638
        ]
      }
    },
    {
      "type": "Feature",
      "properties": {
        "name": "05/10/2026 21:00:33",
        "COORD": "-1,6621,39,4442",
        "DATE": "2026-10-05",
        "TIME": "21:00",
        "MXI": "-15,26 kA.",
        "STR": "0",
        "SMA": "0,186 Km.",
        "SMI": "0,122000016 Km.",
        "CHI": "0,5",
        "metvlc_time_utc": "2026-10-05T19:00:00+00:00",
        "metvlc_time_source": "date+time",
        "metvlc_has_real_time": true,
        "metvlc_captura_utc": "2026-10-05T21:29:04+00:00",
        "metvlc_last_seen_utc": "2026-10-05T21:29:04+00:00",
        "metvlc_fuente": "SIGIF/GVA Rayos 24h KMZ"
      },
      "geometry": {
        "type": "Point",
        "coordinates": [
          -1.6621,
          39.4442
        ]
      }
    },
    {
      "type": "Feature",
      "properties": {
        "name": "05/10/2026 21:00:33",
        "COORD": "-1,6619,39,4446",
        "DATE": "2026-10-05",
        "TIME": "21:00",
        "MXI": "-30,86 kA.",
        "STR": "0",
        "SMA": "0,18 Km.",
        "SMI": "0,12100004 Km.",
        "CHI": "0,9",
        "metvlc_time_utc": "2026-10-05T19:00:00+00:00",
        "metvlc_time_source": "date+time",
        "metvlc_has_real_time": true,
        "metvlc_captura_utc": "2026-10-05T21:29:04+00:00",
        "metvlc_last_seen_utc": "2026-10-05T21:29:04+00:00",
        "metvlc_fuente": "SIGIF/GVA Rayos 24h KMZ"
      },
      "geometry": {
        "type": "Point",
        "coordinates": [
          -1.6619,
          39.4446
        ]
      }
    },
    {
      "type": "Feature",
      "properties": {
        "name": "05/10/2026 21:02:30",
        "COORD": "-1,6459,39,4183",
        "DATE": "2026-10-05",
        "TIME": "21:02",
        "MXI": "-13,85 kA.",
        "STR": "0",
        "SMA": "0,179 Km.",
        "SMI": "0,119999975 Km.",
        "CHI": "0,3",
        "metvlc_time_utc": "2026-10-05T19:02:00+00:00",
        "metvlc_time_source": "date+time",
        "metvlc_has_real_time": true,
        "metvlc_captura_utc": "2026-10-05T21:29:04+00:00",
        "metvlc_last_seen_utc": "2026-10-05T21:29:04+00:00",
        "metvlc_fuente": "SIGIF/GVA Rayos 24h KMZ"
      },
      "geometry": {
        "type": "Point",
        "coordinates": [
          -1.6459,
          39.4183
        ]
      }
    },
    {
      "type": "Feature",
      "properties": {
        "name": "05/10/2026 21:04:44",
        "COORD": "-1,5125,39,4735",
        "DATE": "2026-10-05",
        "TIME": "21:04",
        "MXI": "-6,96 kA.",
        "STR": "0",
        "SMA": "0,275 Km.",
        "SMI": "0,18700004 Km.",
        "CHI": "0,1",
        "metvlc_time_utc": "2026-10-05T19:04:00+00:00",
        "metvlc_time_source": "date+time",
        "metvlc_has_real_time": true,
        "metvlc_captura_utc": "2026-10-05T21:29:04+00:00",
        "metvlc_last_seen_utc": "2026-10-05T21:29:04+00:00",
        "metvlc_fuente": "SIGIF/GVA Rayos 24h KMZ"
      },
      "geometry": {
        "type": "Point",
        "coordinates": [
          -1.5125,
          39.4735
        ]
      }
    },
    {
      "type": "Feature",
      "properties": {
        "name": "05/10/2026 21:05:45",
        "COORD": "-1,6436,39,4388",
        "DATE": "2026-10-05",
        "TIME": "21:05",
        "MXI": "-22,2 kA.",
        "STR": "0",
        "SMA": "0,172 Km.",
        "SMI": "0,13699993 Km.",
        "CHI": "0,8",
        "metvlc_time_utc": "2026-10-05T19:05:00+00:00",
        "metvlc_time_source": "date+time",
        "metvlc_has_real_time": true,
        "metvlc_captura_utc": "2026-10-05T21:29:04+00:00",
        "metvlc_last_seen_utc": "2026-10-05T21:29:04+00:00",
        "metvlc_fuente": "SIGIF/GVA Rayos 24h KMZ"
      },
      "geometry": {
        "type": "Point",
        "coordinates": [
          -1.6436,
          39.4388
        ]
      }
    },
    {
      "type": "Feature",
      "properties": {
        "name": "05/10/2026 21:05:46",
        "COORD": "-1,6448,39,4392",
        "DATE": "2026-10-05",
        "TIME": "21:05",
        "MXI": "-9,49 kA.",
        "STR": "0",
        "SMA": "0,232 Km.",
        "SMI": "0,16299997 Km.",
        "CHI": "0,9",
        "metvlc_time_utc": "2026-10-05T19:05:00+00:00",
        "metvlc_time_source": "date+time",
        "metvlc_has_real_time": true,
        "metvlc_captura_utc": "2026-10-05T21:29:04+00:00",
        "metvlc_last_seen_utc": "2026-10-05T21:29:04+00:00",
        "metvlc_fuente": "SIGIF/GVA Rayos 24h KMZ"
      },
      "geometry": {
        "type": "Point",
        "coordinates": [
          -1.6448,
          39.4392
        ]
      }
    },
    {
      "type": "Feature",
      "properties": {
        "name": "05/10/2026 21:08:30",
        "COORD": "-1,5857,39,4653",
        "DATE": "2026-10-05",
        "TIME": "21:08",
        "MXI": "-18,89 kA.",
        "STR": "0",
        "SMA": "0,176 Km.",
        "SMI": "0,13200003 Km.",
        "CHI": "0,9",
        "metvlc_time_utc": "2026-10-05T19:08:00+00:00",
        "metvlc_time_source": "date+time",
        "metvlc_has_real_time": true,
        "metvlc_captura_utc": "2026-10-05T21:29:04+00:00",
        "metvlc_last_seen_utc": "2026-10-05T21:29:04+00:00",
        "metvlc_fuente": "SIGIF/GVA Rayos 24h KMZ"
      },
      "geometry": {
        "type": "Point",
        "coordinates": [
          -1.5857,
          39.4653
        ]
      }
    },
    {
      "type": "Feature",
      "properties": {
        "name": "05/10/2026 21:08:53",
        "COORD": "-1,6004,39,3307",
        "DATE": "2026-10-05",
        "TIME": "21:08",
        "MXI": "-13,21 kA.",
        "STR": "0",
        "SMA": "0,255 Km.",
        "SMI": "0,14400002 Km.",
        "CHI": "1,1",
        "metvlc_time_utc": "2026-10-05T19:08:00+00:00",
        "metvlc_time_source": "date+time",
        "metvlc_has_real_time": true,
        "metvlc_captura_utc": "2026-10-05T21:29:04+00:00",
        "metvlc_last_seen_utc": "2026-10-05T21:29:04+00:00",
        "metvlc_fuente": "SIGIF/GVA Rayos 24h KMZ"
      },
      "geometry": {
        "type": "Point",
        "coordinates": [
          -1.6004,
          39.3307
        ]
      }
    },
    {
      "type": "Feature",
      "properties": {
        "name": "05/10/2026 21:09:43",
        "COORD": "-1,5771,39,4305",
        "DATE": "2026-10-05",
        "TIME": "21:09",
        "MXI": "-36,75 kA.",
        "STR": "0",
        "SMA": "0,203 Km.",
        "SMI": "0,127 Km.",
        "CHI": "1,6",
        "metvlc_time_utc": "2026-10-05T19:09:00+00:00",
        "metvlc_time_source": "date+time",
        "metvlc_has_real_time": true,
        "metvlc_captura_utc": "2026-10-05T21:29:04+00:00",
        "metvlc_last_seen_utc": "2026-10-05T21:29:04+00:00",
        "metvlc_fuente": "SIGIF/GVA Rayos 24h KMZ"
      },
      "geometry": {
        "type": "Point",
        "coordinates": [
          -1.5771,
          39.4305
        ]
      }
    },
    {
      "type": "Feature",
      "properties": {
        "name": "05/10/2026 21:09:44",
        "COORD": "-1,5591,39,4291",
        "DATE": "2026-10-05",
        "TIME": "21:09",
        "MXI": "-9,2 kA.",
        "STR": "0",
        "SMA": "0,234 Km.",
        "SMI": "0,16699995 Km.",
        "CHI": "0,9",
        "metvlc_time_utc": "2026-10-05T19:09:00+00:00",
        "metvlc_time_source": "date+time",
        "metvlc_has_real_time": true,
        "metvlc_captura_utc": "2026-10-05T21:29:04+00:00",
        "metvlc_last_seen_utc": "2026-10-05T21:29:04+00:00",
        "metvlc_fuente": "SIGIF/GVA Rayos 24h KMZ"
      },
      "geometry": {
        "type": "Point",
        "coordinates": [
          -1.5591,
          39.4291
        ]
      }
    },
    {
      "type": "Feature",
      "properties": {
        "name": "05/10/2026 21:10:07",
        "COORD": "-1,5594,39,3431",
        "DATE": "2026-10-05",
        "TIME": "21:10",
        "MXI": "-8,84 kA.",
        "STR": "0",
        "SMA": "0,209 Km.",
        "SMI": "0,15799998 Km.",
        "CHI": "0,6",
        "metvlc_time_utc": "2026-10-05T19:10:00+00:00",
        "metvlc_time_source": "date+time",
        "metvlc_has_real_time": true,
        "metvlc_captura_utc": "2026-10-05T21:29:04+00:00",
        "metvlc_last_seen_utc": "2026-10-05T21:29:04+00:00",
        "metvlc_fuente": "SIGIF/GVA Rayos 24h KMZ"
      },
      "geometry": {
        "type": "Point",
        "coordinates": [
          -1.5594,
          39.3431
        ]
      }
    },
    {
      "type": "Feature",
      "properties": {
        "name": "05/10/2026 21:11:04",
        "COORD": "-1,5601,39,4215",
        "DATE": "2026-10-05",
        "TIME": "21:11",
        "MXI": "-7,16 kA.",
        "STR": "0",
        "SMA": "0,193 Km.",
        "SMI": "0,172 Km.",
        "CHI": "0,5",
        "metvlc_time_utc": "2026-10-05T19:11:00+00:00",
        "metvlc_time_source": "date+time",
        "metvlc_has_real_time": true,
        "metvlc_captura_utc": "2026-10-05T21:29:04+00:00",
        "metvlc_last_seen_utc": "2026-10-05T21:29:04+00:00",
        "metvlc_fuente": "SIGIF/GVA Rayos 24h KMZ"
      },
      "geometry": {
        "type": "Point",
        "coordinates": [
          -1.5601,
          39.4215
        ]
      }
    },
    {
      "type": "Feature",
      "properties": {
        "name": "05/10/2026 21:12:25",
        "COORD": "-1,6131,39,4025",
        "DATE": "2026-10-05",
        "TIME": "21:12",
        "MXI": "-5,58 kA.",
        "STR": "0",
        "SMA": "0,448 Km.",
        "SMI": "0,214 Km.",
        "CHI": "0,7",
        "metvlc_time_utc": "2026-10-05T19:12:00+00:00",
        "metvlc_time_source": "date+time",
        "metvlc_has_real_time": true,
        "metvlc_captura_utc": "2026-10-05T21:29:04+00:00",
        "metvlc_last_seen_utc": "2026-10-05T21:29:04+00:00",
        "metvlc_fuente": "SIGIF/GVA Rayos 24h KMZ"
      },
      "geometry": {
        "type": "Point",
        "coordinates": [
          -1.6131,
          39.4025
        ]
      }
    },
    {
      "type": "Feature",
      "properties": {
        "name": "05/10/2026 21:12:25",
        "COORD": "-1,5966,39,2989",
        "DATE": "2026-10-05",
        "TIME": "21:12",
        "MXI": "-26,47 kA.",
        "STR": "0",
        "SMA": "0,181 Km.",
        "SMI": "0,125 Km.",
        "CHI": "1,1",
        "metvlc_time_utc": "2026-10-05T19:12:00+00:00",
        "metvlc_time_source": "date+time",
        "metvlc_has_real_time": true,
        "metvlc_captura_utc": "2026-10-05T21:29:04+00:00",
        "metvlc_last_seen_utc": "2026-10-05T21:29:04+00:00",
        "metvlc_fuente": "SIGIF/GVA Rayos 24h KMZ"
      },
      "geometry": {
        "type": "Point",
        "coordinates": [
          -1.5966,
          39.2989
        ]
      }
    },
    {
      "type": "Feature",
      "properties": {
        "name": "05/10/2026 21:12:26",
        "COORD": "-1,597,39,2994",
        "DATE": "2026-10-05",
        "TIME": "21:12",
        "MXI": "-8,56 kA.",
        "STR": "0",
        "SMA": "0,24 Km.",
        "SMI": "0,18999998 Km.",
        "CHI": "1",
        "metvlc_time_utc": "2026-10-05T19:12:00+00:00",
        "metvlc_time_source": "date+time",
        "metvlc_has_real_time": true,
        "metvlc_captura_utc": "2026-10-05T21:29:04+00:00",
        "metvlc_last_seen_utc": "2026-10-05T21:29:04+00:00",
        "metvlc_fuente": "SIGIF/GVA Rayos 24h KMZ"
      },
      "geometry": {
        "type": "Point",
        "coordinates": [
          -1.597,
          39.2994
        ]
      }
    },
    {
      "type": "Feature",
      "properties": {
        "name": "05/10/2026 21:13:50",
        "COORD": "-1,5366,39,4155",
        "DATE": "2026-10-05",
        "TIME": "21:13",
        "MXI": "-13,81 kA.",
        "STR": "0",
        "SMA": "0,161 Km.",
        "SMI": "0,14199997 Km.",
        "CHI": "0,3",
        "metvlc_time_utc": "2026-10-05T19:13:00+00:00",
        "metvlc_time_source": "date+time",
        "metvlc_has_real_time": true,
        "metvlc_captura_utc": "2026-10-05T21:29:04+00:00",
        "metvlc_last_seen_utc": "2026-10-05T21:29:04+00:00",
        "metvlc_fuente": "SIGIF/GVA Rayos 24h KMZ"
      },
      "geometry": {
        "type": "Point",
        "coordinates": [
          -1.5366,
          39.4155
        ]
      }
    },
    {
      "type": "Feature",
      "properties": {
        "name": "05/10/2026 21:14:18",
        "COORD": "-1,6119,39,3905",
        "DATE": "2026-10-05",
        "TIME": "21:14",
        "MXI": "-9,93 kA.",
        "STR": "0",
        "SMA": "0,178 Km.",
        "SMI": "0,14600001 Km.",
        "CHI": "0,7",
        "metvlc_time_utc": "2026-10-05T19:14:00+00:00",
        "metvlc_time_source": "date+time",
        "metvlc_has_real_time": true,
        "metvlc_captura_utc": "2026-10-05T21:29:04+00:00",
        "metvlc_last_seen_utc": "2026-10-05T21:29:04+00:00",
        "metvlc_fuente": "SIGIF/GVA Rayos 24h KMZ"
      },
      "geometry": {
        "type": "Point",
        "coordinates": [
          -1.6119,
          39.3905
        ]
      }
    },
    {
      "type": "Feature",
      "properties": {
        "name": "05/10/2026 21:14:23",
        "COORD": "-1,5296,39,4238",
        "DATE": "2026-10-05",
        "TIME": "21:14",
        "MXI": "-18,55 kA.",
        "STR": "0",
        "SMA": "0,184 Km.",
        "SMI": "0,13100001 Km.",
        "CHI": "1",
        "metvlc_time_utc": "2026-10-05T19:14:00+00:00",
        "metvlc_time_source": "date+time",
        "metvlc_has_real_time": true,
        "metvlc_captura_utc": "2026-10-05T21:29:04+00:00",
        "metvlc_last_seen_utc": "2026-10-05T21:29:04+00:00",
        "metvlc_fuente": "SIGIF/GVA Rayos 24h KMZ"
      },
      "geometry": {
        "type": "Point",
        "coordinates": [
          -1.5296,
          39.4238
        ]
      }
    },
    {
      "type": "Feature",
      "properties": {
        "name": "05/10/2026 21:14:23",
        "COORD": "-1,5685,39,4836",
        "DATE": "2026-10-05",
        "TIME": "21:14",
        "MXI": "-8,2 kA.",
        "STR": "0",
        "SMA": "0,272 Km.",
        "SMI": "0,18000002 Km.",
        "CHI": "0,4",
        "metvlc_time_utc": "2026-10-05T19:14:00+00:00",
        "metvlc_time_source": "date+time",
        "metvlc_has_real_time": true,
        "metvlc_captura_utc": "2026-10-05T21:29:04+00:00",
        "metvlc_last_seen_utc": "2026-10-05T21:29:04+00:00",
        "metvlc_fuente": "SIGIF/GVA Rayos 24h KMZ"
      },
      "geometry": {
        "type": "Point",
        "coordinates": [
          -1.5685,
          39.4836
        ]
      }
    },
    {
      "type": "Feature",
      "properties": {
        "name": "05/10/2026 21:15:09",
        "COORD": "-1,5403,39,4361",
        "DATE": "2026-10-05",
        "TIME": "21:15",
        "MXI": "-11,33 kA.",
        "STR": "0",
        "SMA": "0,177 Km.",
        "SMI": "0,148 Km.",
        "CHI": "0,8",
        "metvlc_time_utc": "2026-10-05T19:15:00+00:00",
        "metvlc_time_source": "date+time",
        "metvlc_has_real_time": true,
        "metvlc_captura_utc": "2026-10-05T21:29:04+00:00",
        "metvlc_last_seen_utc": "2026-10-05T21:29:04+00:00",
        "metvlc_fuente": "SIGIF/GVA Rayos 24h KMZ"
      },
      "geometry": {
        "type": "Point",
        "coordinates": [
          -1.5403,
          39.4361
        ]
      }
    },
    {
      "type": "Feature",
      "properties": {
        "name": "05/10/2026 21:16:22",
        "COORD": "-1,5268,39,4242",
        "DATE": "2026-10-05",
        "TIME": "21:16",
        "MXI": "-14,19 kA.",
        "STR": "0",
        "SMA": "0,192 Km.",
        "SMI": "0,13099998 Km.",
        "CHI": "0,6",
        "metvlc_time_utc": "2026-10-05T19:16:00+00:00",
        "metvlc_time_source": "date+time",
        "metvlc_has_real_time": true,
        "metvlc_captura_utc": "2026-10-05T21:29:04+00:00",
        "metvlc_last_seen_utc": "2026-10-05T21:29:04+00:00",
        "metvlc_fuente": "SIGIF/GVA Rayos 24h KMZ"
      },
      "geometry": {
        "type": "Point",
        "coordinates": [
          -1.5268,
          39.4242
        ]
      }
    },
    {
      "type": "Feature",
      "properties": {
        "name": "05/10/2026 21:16:22",
        "COORD": "-1,5504,39,4402",
        "DATE": "2026-10-05",
        "TIME": "21:16",
        "MXI": "-10,76 kA.",
        "STR": "0",
        "SMA": "0,199 Km.",
        "SMI": "0,14999996 Km.",
        "CHI": "0,8",
        "metvlc_time_utc": "2026-10-05T19:16:00+00:00",
        "metvlc_time_source": "date+time",
        "metvlc_has_real_time": true,
        "metvlc_captura_utc": "2026-10-05T21:29:04+00:00",
        "metvlc_last_seen_utc": "2026-10-05T21:29:04+00:00",
        "metvlc_fuente": "SIGIF/GVA Rayos 24h KMZ"
      },
      "geometry": {
        "type": "Point",
        "coordinates": [
          -1.5504,
          39.4402
        ]
      }
    },
    {
      "type": "Feature",
      "properties": {
        "name": "05/10/2026 21:16:22",
        "COORD": "-1,5259,39,4268",
        "DATE": "2026-10-05",
        "TIME": "21:16",
        "MXI": "-9,81 kA.",
        "STR": "0",
        "SMA": "0,191 Km.",
        "SMI": "0,16300002 Km.",
        "CHI": "1,1",
        "metvlc_time_utc": "2026-10-05T19:16:00+00:00",
        "metvlc_time_source": "date+time",
        "metvlc_has_real_time": true,
        "metvlc_captura_utc": "2026-10-05T21:29:04+00:00",
        "metvlc_last_seen_utc": "2026-10-05T21:29:04+00:00",
        "metvlc_fuente": "SIGIF/GVA Rayos 24h KMZ"
      },
      "geometry": {
        "type": "Point",
        "coordinates": [
          -1.5259,
          39.4268
        ]
      }
    },
    {
      "type": "Feature",
      "properties": {
        "name": "05/10/2026 21:17:00",
        "COORD": "-1,5965,39,3752",
        "DATE": "2026-10-05",
        "TIME": "21:17",
        "MXI": "-7,61 kA.",
        "STR": "0",
        "SMA": "0,243 Km.",
        "SMI": "0,20300005 Km.",
        "CHI": "1,2",
        "metvlc_time_utc": "2026-10-05T19:17:00+00:00",
        "metvlc_time_source": "date+time",
        "metvlc_has_real_time": true,
        "metvlc_captura_utc": "2026-10-05T21:29:04+00:00",
        "metvlc_last_seen_utc": "2026-10-05T21:29:04+00:00",
        "metvlc_fuente": "SIGIF/GVA Rayos 24h KMZ"
      },
      "geometry": {
        "type": "Point",
        "coordinates": [
          -1.5965,
          39.3752
        ]
      }
    },
    {
      "type": "Feature",
      "properties": {
        "name": "05/10/2026 21:17:00",
        "COORD": "-1,5939,39,3754",
        "DATE": "2026-10-05",
        "TIME": "21:17",
        "MXI": "-21,03 kA.",
        "STR": "0",
        "SMA": "0,187 Km.",
        "SMI": "0,126 Km.",
        "CHI": "1",
        "metvlc_time_utc": "2026-10-05T19:17:00+00:00",
        "metvlc_time_source": "date+time",
        "metvlc_has_real_time": true,
        "metvlc_captura_utc": "2026-10-05T21:29:04+00:00",
        "metvlc_last_seen_utc": "2026-10-05T21:29:04+00:00",
        "metvlc_fuente": "SIGIF/GVA Rayos 24h KMZ"
      },
      "geometry": {
        "type": "Point",
        "coordinates": [
          -1.5939,
          39.3754
        ]
      }
    },
    {
      "type": "Feature",
      "properties": {
        "name": "05/10/2026 21:17:00",
        "COORD": "-1,6276,39,3985",
        "DATE": "2026-10-05",
        "TIME": "21:17",
        "MXI": "-72,53 kA.",
        "STR": "0",
        "SMA": "0,19 Km.",
        "SMI": "0,127 Km.",
        "CHI": "1,8",
        "metvlc_time_utc": "2026-10-05T19:17:00+00:00",
        "metvlc_time_source": "date+time",
        "metvlc_has_real_time": true,
        "metvlc_captura_utc": "2026-10-05T21:29:04+00:00",
        "metvlc_last_seen_utc": "2026-10-05T21:29:04+00:00",
        "metvlc_fuente": "SIGIF/GVA Rayos 24h KMZ"
      },
      "geometry": {
        "type": "Point",
        "coordinates": [
          -1.6276,
          39.3985
        ]
      }
    },
    {
      "type": "Feature",
      "properties": {
        "name": "05/10/2026 21:17:15",
        "COORD": "-1,5015,39,5017",
        "DATE": "2026-10-05",
        "TIME": "21:17",
        "MXI": "38,89 kA.",
        "STR": "0",
        "SMA": "0,186 Km.",
        "SMI": "0,127 Km.",
        "CHI": "1,8",
        "metvlc_time_utc": "2026-10-05T19:17:00+00:00",
        "metvlc_time_source": "date+time",
        "metvlc_has_real_time": true,
        "metvlc_captura_utc": "2026-10-05T21:29:04+00:00",
        "metvlc_last_seen_utc": "2026-10-05T21:29:04+00:00",
        "metvlc_fuente": "SIGIF/GVA Rayos 24h KMZ"
      },
      "geometry": {
        "type": "Point",
        "coordinates": [
          -1.5015,
          39.5017
        ]
      }
    },
    {
      "type": "Feature",
      "properties": {
        "name": "05/10/2026 21:18:04",
        "COORD": "-1,5674,39,4612",
        "DATE": "2026-10-05",
        "TIME": "21:18",
        "MXI": "-19,36 kA.",
        "STR": "0",
        "SMA": "0,174 Km.",
        "SMI": "0,15700004 Km.",
        "CHI": "0,9",
        "metvlc_time_utc": "2026-10-05T19:18:00+00:00",
        "metvlc_time_source": "date+time",
        "metvlc_has_real_time": true,
        "metvlc_captura_utc": "2026-10-05T21:29:04+00:00",
        "metvlc_last_seen_utc": "2026-10-05T21:29:04+00:00",
        "metvlc_fuente": "SIGIF/GVA Rayos 24h KMZ"
      },
      "geometry": {
        "type": "Point",
        "coordinates": [
          -1.5674,
          39.4612
        ]
      }
    },
    {
      "type": "Feature",
      "properties": {
        "name": "05/10/2026 21:19:01",
        "COORD": "-1,5214,39,202",
        "DATE": "2026-10-05",
        "TIME": "21:19",
        "MXI": "-18,64 kA.",
        "STR": "0",
        "SMA": "0,185 Km.",
        "SMI": "0,14500001 Km.",
        "CHI": "0,8",
        "metvlc_time_utc": "2026-10-05T19:19:00+00:00",
        "metvlc_time_source": "date+time",
        "metvlc_has_real_time": true,
        "metvlc_captura_utc": "2026-10-05T21:29:04+00:00",
        "metvlc_last_seen_utc": "2026-10-05T21:29:04+00:00",
        "metvlc_fuente": "SIGIF/GVA Rayos 24h KMZ"
      },
      "geometry": {
        "type": "Point",
        "coordinates": [
          -1.5214,
          39.202
        ]
      }
    },
    {
      "type": "Feature",
      "properties": {
        "name": "05/10/2026 21:19:50",
        "COORD": "-1,5656,39,3883",
        "DATE": "2026-10-05",
        "TIME": "21:19",
        "MXI": "-28,3 kA.",
        "STR": "0",
        "SMA": "0,188 Km.",
        "SMI": "0,125 Km.",
        "CHI": "0,9",
        "metvlc_time_utc": "2026-10-05T19:19:00+00:00",
        "metvlc_time_source": "date+time",
        "metvlc_has_real_time": true,
        "metvlc_captura_utc": "2026-10-05T21:29:04+00:00",
        "metvlc_last_seen_utc": "2026-10-05T21:29:04+00:00",
        "metvlc_fuente": "SIGIF/GVA Rayos 24h KMZ"
      },
      "geometry": {
        "type": "Point",
        "coordinates": [
          -1.5656,
          39.3883
        ]
      }
    },
    {
      "type": "Feature",
      "properties": {
        "name": "05/10/2026 21:19:50",
        "COORD": "-1,5657,39,3881",
        "DATE": "2026-10-05",
        "TIME": "21:19",
        "MXI": "-30,3 kA.",
        "STR": "0",
        "SMA": "0,185 Km.",
        "SMI": "0,12800005 Km.",
        "CHI": "0,7",
        "metvlc_time_utc": "2026-10-05T19:19:00+00:00",
        "metvlc_time_source": "date+time",
        "metvlc_has_real_time": true,
        "metvlc_captura_utc": "2026-10-05T21:29:04+00:00",
        "metvlc_last_seen_utc": "2026-10-05T21:29:04+00:00",
        "metvlc_fuente": "SIGIF/GVA Rayos 24h KMZ"
      },
      "geometry": {
        "type": "Point",
        "coordinates": [
          -1.5657,
          39.3881
        ]
      }
    },
    {
      "type": "Feature",
      "properties": {
        "name": "05/10/2026 21:19:50",
        "COORD": "-1,5658,39,3888",
        "DATE": "2026-10-05",
        "TIME": "21:19",
        "MXI": "-14,82 kA.",
        "STR": "0",
        "SMA": "0,181 Km.",
        "SMI": "0,12699999 Km.",
        "CHI": "0,7",
        "metvlc_time_utc": "2026-10-05T19:19:00+00:00",
        "metvlc_time_source": "date+time",
        "metvlc_has_real_time": true,
        "metvlc_captura_utc": "2026-10-05T21:29:04+00:00",
        "metvlc_last_seen_utc": "2026-10-05T21:29:04+00:00",
        "metvlc_fuente": "SIGIF/GVA Rayos 24h KMZ"
      },
      "geometry": {
        "type": "Point",
        "coordinates": [
          -1.5658,
          39.3888
        ]
      }
    },
    {
      "type": "Feature",
      "properties": {
        "name": "05/10/2026 21:20:24",
        "COORD": "-1,4512,39,4072",
        "DATE": "2026-10-05",
        "TIME": "21:20",
        "MXI": "-26,67 kA.",
        "STR": "0",
        "SMA": "0,188 Km.",
        "SMI": "0,13200003 Km.",
        "CHI": "0,9",
        "metvlc_time_utc": "2026-10-05T19:20:00+00:00",
        "metvlc_time_source": "date+time",
        "metvlc_has_real_time": true,
        "metvlc_captura_utc": "2026-10-05T21:29:04+00:00",
        "metvlc_last_seen_utc": "2026-10-05T21:29:04+00:00",
        "metvlc_fuente": "SIGIF/GVA Rayos 24h KMZ"
      },
      "geometry": {
        "type": "Point",
        "coordinates": [
          -1.4512,
          39.4072
        ]
      }
    },
    {
      "type": "Feature",
      "properties": {
        "name": "05/10/2026 21:20:24",
        "COORD": "-1,4308,39,4184",
        "DATE": "2026-10-05",
        "TIME": "21:20",
        "MXI": "-6,4 kA.",
        "STR": "0",
        "SMA": "0,418 Km.",
        "SMI": "0,22899994 Km.",
        "CHI": "0,2",
        "metvlc_time_utc": "2026-10-05T19:20:00+00:00",
        "metvlc_time_source": "date+time",
        "metvlc_has_real_time": true,
        "metvlc_captura_utc": "2026-10-05T21:29:04+00:00",
        "metvlc_last_seen_utc": "2026-10-05T21:29:04+00:00",
        "metvlc_fuente": "SIGIF/GVA Rayos 24h KMZ"
      },
      "geometry": {
        "type": "Point",
        "coordinates": [
          -1.4308,
          39.4184
        ]
      }
    },
    {
      "type": "Feature",
      "properties": {
        "name": "05/10/2026 21:20:24",
        "COORD": "-1,4713,39,4421",
        "DATE": "2026-10-05",
        "TIME": "21:20",
        "MXI": "-19,7 kA.",
        "STR": "0",
        "SMA": "0,194 Km.",
        "SMI": "0,12999998 Km.",
        "CHI": "0,5",
        "metvlc_time_utc": "2026-10-05T19:20:00+00:00",
        "metvlc_time_source": "date+time",
        "metvlc_has_real_time": true,
        "metvlc_captura_utc": "2026-10-05T21:29:04+00:00",
        "metvlc_last_seen_utc": "2026-10-05T21:29:04+00:00",
        "metvlc_fuente": "SIGIF/GVA Rayos 24h KMZ"
      },
      "geometry": {
        "type": "Point",
        "coordinates": [
          -1.4713,
          39.4421
        ]
      }
    },
    {
      "type": "Feature",
      "properties": {
        "name": "05/10/2026 21:20:34",
        "COORD": "-1,5404,39,3836",
        "DATE": "2026-10-05",
        "TIME": "21:20",
        "MXI": "-6,94 kA.",
        "STR": "0",
        "SMA": "0,243 Km.",
        "SMI": "0,20200005 Km.",
        "CHI": "0,8",
        "metvlc_time_utc": "2026-10-05T19:20:00+00:00",
        "metvlc_time_source": "date+time",
        "metvlc_has_real_time": true,
        "metvlc_captura_utc": "2026-10-05T21:29:04+00:00",
        "metvlc_last_seen_utc": "2026-10-05T21:29:04+00:00",
        "metvlc_fuente": "SIGIF/GVA Rayos 24h KMZ"
      },
      "geometry": {
        "type": "Point",
        "coordinates": [
          -1.5404,
          39.3836
        ]
      }
    },
    {
      "type": "Feature",
      "properties": {
        "name": "05/10/2026 21:22:18",
        "COORD": "-1,696,39,3588",
        "DATE": "2026-10-05",
        "TIME": "21:22",
        "MXI": "-28,72 kA.",
        "STR": "0",
        "SMA": "0,186 Km.",
        "SMI": "0,11900002 Km.",
        "CHI": "1,1",
        "metvlc_time_utc": "2026-10-05T19:22:00+00:00",
        "metvlc_time_source": "date+time",
        "metvlc_has_real_time": true,
        "metvlc_captura_utc": "2026-10-05T21:29:04+00:00",
        "metvlc_last_seen_utc": "2026-10-05T21:29:04+00:00",
        "metvlc_fuente": "SIGIF/GVA Rayos 24h KMZ"
      },
      "geometry": {
        "type": "Point",
        "coordinates": [
          -1.696,
          39.3588
        ]
      }
    },
    {
      "type": "Feature",
      "properties": {
        "name": "05/10/2026 21:22:22",
        "COORD": "-1,565,39,3467",
        "DATE": "2026-10-05",
        "TIME": "21:22",
        "MXI": "-17,25 kA.",
        "STR": "0",
        "SMA": "0,206 Km.",
        "SMI": "0,116000004 Km.",
        "CHI": "0,4",
        "metvlc_time_utc": "2026-10-05T19:22:00+00:00",
        "metvlc_time_source": "date+time",
        "metvlc_has_real_time": true,
        "metvlc_captura_utc": "2026-10-05T21:29:04+00:00",
        "metvlc_last_seen_utc": "2026-10-05T21:29:04+00:00",
        "metvlc_fuente": "SIGIF/GVA Rayos 24h KMZ"
      },
      "geometry": {
        "type": "Point",
        "coordinates": [
          -1.565,
          39.3467
        ]
      }
    },
    {
      "type": "Feature",
      "properties": {
        "name": "05/10/2026 21:22:22",
        "COORD": "-1,564,39,349",
        "DATE": "2026-10-05",
        "TIME": "21:22",
        "MXI": "-6,63 kA.",
        "STR": "0",
        "SMA": "0,25 Km.",
        "SMI": "0,20199995 Km.",
        "CHI": "0,8",
        "metvlc_time_utc": "2026-10-05T19:22:00+00:00",
        "metvlc_time_source": "date+time",
        "metvlc_has_real_time": true,
        "metvlc_captura_utc": "2026-10-05T21:29:04+00:00",
        "metvlc_last_seen_utc": "2026-10-05T21:29:04+00:00",
        "metvlc_fuente": "SIGIF/GVA Rayos 24h KMZ"
      },
      "geometry": {
        "type": "Point",
        "coordinates": [
          -1.564,
          39.349
        ]
      }
    },
    {
      "type": "Feature",
      "properties": {
        "name": "05/10/2026 21:22:23",
        "COORD": "-1,5644,39,3479",
        "DATE": "2026-10-05",
        "TIME": "21:22",
        "MXI": "-6,11 kA.",
        "STR": "0",
        "SMA": "0,423 Km.",
        "SMI": "0,20999996 Km.",
        "CHI": "1,1",
        "metvlc_time_utc": "2026-10-05T19:22:00+00:00",
        "metvlc_time_source": "date+time",
        "metvlc_has_real_time": true,
        "metvlc_captura_utc": "2026-10-05T21:29:04+00:00",
        "metvlc_last_seen_utc": "2026-10-05T21:29:04+00:00",
        "metvlc_fuente": "SIGIF/GVA Rayos 24h KMZ"
      },
      "geometry": {
        "type": "Point",
        "coordinates": [
          -1.5644,
          39.3479
        ]
      }
    },
    {
      "type": "Feature",
      "properties": {
        "name": "05/10/2026 21:22:23",
        "COORD": "-1,528,39,3748",
        "DATE": "2026-10-05",
        "TIME": "21:22",
        "MXI": "-20,89 kA.",
        "STR": "0",
        "SMA": "0,183 Km.",
        "SMI": "0,12299999 Km.",
        "CHI": "0,8",
        "metvlc_time_utc": "2026-10-05T19:22:00+00:00",
        "metvlc_time_source": "date+time",
        "metvlc_has_real_time": true,
        "metvlc_captura_utc": "2026-10-05T21:29:04+00:00",
        "metvlc_last_seen_utc": "2026-10-05T21:29:04+00:00",
        "metvlc_fuente": "SIGIF/GVA Rayos 24h KMZ"
      },
      "geometry": {
        "type": "Point",
        "coordinates": [
          -1.528,
          39.3748
        ]
      }
    },
    {
      "type": "Feature",
      "properties": {
        "name": "05/10/2026 21:23:27",
        "COORD": "-1,5062,39,3641",
        "DATE": "2026-10-05",
        "TIME": "21:23",
        "MXI": "-10,21 kA.",
        "STR": "0",
        "SMA": "0,178 Km.",
        "SMI": "0,157 Km.",
        "CHI": "0,5",
        "metvlc_time_utc": "2026-10-05T19:23:00+00:00",
        "metvlc_time_source": "date+time",
        "metvlc_has_real_time": true,
        "metvlc_captura_utc": "2026-10-05T21:29:04+00:00",
        "metvlc_last_seen_utc": "2026-10-05T21:29:04+00:00",
        "metvlc_fuente": "SIGIF/GVA Rayos 24h KMZ"
      },
      "geometry": {
        "type": "Point",
        "coordinates": [
          -1.5062,
          39.3641
        ]
      }
    },
    {
      "type": "Feature",
      "properties": {
        "name": "05/10/2026 21:23:27",
        "COORD": "-1,5064,39,3642",
        "DATE": "2026-10-05",
        "TIME": "21:23",
        "MXI": "-24,89 kA.",
        "STR": "0",
        "SMA": "0,18 Km.",
        "SMI": "0,121999994 Km.",
        "CHI": "1",
        "metvlc_time_utc": "2026-10-05T19:23:00+00:00",
        "metvlc_time_source": "date+time",
        "metvlc_has_real_time": true,
        "metvlc_captura_utc": "2026-10-05T21:29:04+00:00",
        "metvlc_last_seen_utc": "2026-10-05T21:29:04+00:00",
        "metvlc_fuente": "SIGIF/GVA Rayos 24h KMZ"
      },
      "geometry": {
        "type": "Point",
        "coordinates": [
          -1.5064,
          39.3642
        ]
      }
    },
    {
      "type": "Feature",
      "properties": {
        "name": "05/10/2026 21:23:28",
        "COORD": "-1,5058,39,3648",
        "DATE": "2026-10-05",
        "TIME": "21:23",
        "MXI": "-6,37 kA.",
        "STR": "0",
        "SMA": "0,271 Km.",
        "SMI": "0,18800005 Km.",
        "CHI": "0,2",
        "metvlc_time_utc": "2026-10-05T19:23:00+00:00",
        "metvlc_time_source": "date+time",
        "metvlc_has_real_time": true,
        "metvlc_captura_utc": "2026-10-05T21:29:04+00:00",
        "metvlc_last_seen_utc": "2026-10-05T21:29:04+00:00",
        "metvlc_fuente": "SIGIF/GVA Rayos 24h KMZ"
      },
      "geometry": {
        "type": "Point",
        "coordinates": [
          -1.5058,
          39.3648
        ]
      }
    },
    {
      "type": "Feature",
      "properties": {
        "name": "05/10/2026 21:24:34",
        "COORD": "-1,4264,39,4518",
        "DATE": "2026-10-05",
        "TIME": "21:24",
        "MXI": "-4,01 kA.",
        "STR": "0",
        "SMA": "0,375 Km.",
        "SMI": "0,20600004 Km.",
        "CHI": "0,2",
        "metvlc_time_utc": "2026-10-05T19:24:00+00:00",
        "metvlc_time_source": "date+time",
        "metvlc_has_real_time": true,
        "metvlc_captura_utc": "2026-10-05T21:29:04+00:00",
        "metvlc_last_seen_utc": "2026-10-05T21:29:04+00:00",
        "metvlc_fuente": "SIGIF/GVA Rayos 24h KMZ"
      },
      "geometry": {
        "type": "Point",
        "coordinates": [
          -1.4264,
          39.4518
        ]
      }
    },
    {
      "type": "Feature",
      "properties": {
        "name": "05/10/2026 21:25:59",
        "COORD": "-1,5606,39,399",
        "DATE": "2026-10-05",
        "TIME": "21:25",
        "MXI": "-9,21 kA.",
        "STR": "0",
        "SMA": "0,172 Km.",
        "SMI": "0,13599999 Km.",
        "CHI": "0,5",
        "metvlc_time_utc": "2026-10-05T19:25:00+00:00",
        "metvlc_time_source": "date+time",
        "metvlc_has_real_time": true,
        "metvlc_captura_utc": "2026-10-05T21:29:04+00:00",
        "metvlc_last_seen_utc": "2026-10-05T21:29:04+00:00",
        "metvlc_fuente": "SIGIF/GVA Rayos 24h KMZ"
      },
      "geometry": {
        "type": "Point",
        "coordinates": [
          -1.5606,
          39.399
        ]
      }
    },
    {
      "type": "Feature",
      "properties": {
        "name": "05/10/2026 21:26:29",
        "COORD": "-1,5112,39,3452",
        "DATE": "2026-10-05",
        "TIME": "21:26",
        "MXI": "-14,71 kA.",
        "STR": "0",
        "SMA": "0,181 Km.",
        "SMI": "0,13200001 Km.",
        "CHI": "0,9",
        "metvlc_time_utc": "2026-10-05T19:26:00+00:00",
        "metvlc_time_source": "date+time",
        "metvlc_has_real_time": true,
        "metvlc_captura_utc": "2026-10-05T21:29:04+00:00",
        "metvlc_last_seen_utc": "2026-10-05T21:29:04+00:00",
        "metvlc_fuente": "SIGIF/GVA Rayos 24h KMZ"
      },
      "geometry": {
        "type": "Point",
        "coordinates": [
          -1.5112,
          39.3452
        ]
      }
    },
    {
      "type": "Feature",
      "properties": {
        "name": "05/10/2026 21:26:29",
        "COORD": "-1,5254,39,3851",
        "DATE": "2026-10-05",
        "TIME": "21:26",
        "MXI": "-6,48 kA.",
        "STR": "0",
        "SMA": "0,243 Km.",
        "SMI": "0,19000006 Km.",
        "CHI": "0,5",
        "metvlc_time_utc": "2026-10-05T19:26:00+00:00",
        "metvlc_time_source": "date+time",
        "metvlc_has_real_time": true,
        "metvlc_captura_utc": "2026-10-05T21:29:04+00:00",
        "metvlc_last_seen_utc": "2026-10-05T21:29:04+00:00",
        "metvlc_fuente": "SIGIF/GVA Rayos 24h KMZ"
      },
      "geometry": {
        "type": "Point",
        "coordinates": [
          -1.5254,
          39.3851
        ]
      }
    },
    {
      "type": "Feature",
      "properties": {
        "name": "05/10/2026 21:26:29",
        "COORD": "-1,5112,39,345",
        "DATE": "2026-10-05",
        "TIME": "21:26",
        "MXI": "-23,72 kA.",
        "STR": "0",
        "SMA": "0,176 Km.",
        "SMI": "0,13100004 Km.",
        "CHI": "0,9",
        "metvlc_time_utc": "2026-10-05T19:26:00+00:00",
        "metvlc_time_source": "date+time",
        "metvlc_has_real_time": true,
        "metvlc_captura_utc": "2026-10-05T21:29:04+00:00",
        "metvlc_last_seen_utc": "2026-10-05T21:29:04+00:00",
        "metvlc_fuente": "SIGIF/GVA Rayos 24h KMZ"
      },
      "geometry": {
        "type": "Point",
        "coordinates": [
          -1.5112,
          39.345
        ]
      }
    },
    {
      "type": "Feature",
      "properties": {
        "name": "05/10/2026 21:26:29",
        "COORD": "-1,5115,39,3457",
        "DATE": "2026-10-05",
        "TIME": "21:26",
        "MXI": "-45,15 kA.",
        "STR": "0",
        "SMA": "0,189 Km.",
        "SMI": "0,107999995 Km.",
        "CHI": "0,5",
        "metvlc_time_utc": "2026-10-05T19:26:00+00:00",
        "metvlc_time_source": "date+time",
        "metvlc_has_real_time": true,
        "metvlc_captura_utc": "2026-10-05T21:29:04+00:00",
        "metvlc_last_seen_utc": "2026-10-05T21:29:04+00:00",
        "metvlc_fuente": "SIGIF/GVA Rayos 24h KMZ"
      },
      "geometry": {
        "type": "Point",
        "coordinates": [
          -1.5115,
          39.3457
        ]
      }
    },
    {
      "type": "Feature",
      "properties": {
        "name": "05/10/2026 21:26:29",
        "COORD": "-1,5114,39,345",
        "DATE": "2026-10-05",
        "TIME": "21:26",
        "MXI": "-19,8 kA.",
        "STR": "0",
        "SMA": "0,183 Km.",
        "SMI": "0,12699999 Km.",
        "CHI": "0,8",
        "metvlc_time_utc": "2026-10-05T19:26:00+00:00",
        "metvlc_time_source": "date+time",
        "metvlc_has_real_time": true,
        "metvlc_captura_utc": "2026-10-05T21:29:04+00:00",
        "metvlc_last_seen_utc": "2026-10-05T21:29:04+00:00",
        "metvlc_fuente": "SIGIF/GVA Rayos 24h KMZ"
      },
      "geometry": {
        "type": "Point",
        "coordinates": [
          -1.5114,
          39.345
        ]
      }
    },
    {
      "type": "Feature",
      "properties": {
        "name": "05/10/2026 21:27:43",
        "COORD": "-1,5779,39,4217",
        "DATE": "2026-10-05",
        "TIME": "21:27",
        "MXI": "-15,18 kA.",
        "STR": "0",
        "SMA": "0,182 Km.",
        "SMI": "0,13 Km.",
        "CHI": "0,7",
        "metvlc_time_utc": "2026-10-05T19:27:00+00:00",
        "metvlc_time_source": "date+time",
        "metvlc_has_real_time": true,
        "metvlc_captura_utc": "2026-10-05T21:29:04+00:00",
        "metvlc_last_seen_utc": "2026-10-05T21:29:04+00:00",
        "metvlc_fuente": "SIGIF/GVA Rayos 24h KMZ"
      },
      "geometry": {
        "type": "Point",
        "coordinates": [
          -1.5779,
          39.4217
        ]
      }
    },
    {
      "type": "Feature",
      "properties": {
        "name": "05/10/2026 21:27:44",
        "COORD": "-1,5129,39,4575",
        "DATE": "2026-10-05",
        "TIME": "21:27",
        "MXI": "41,74 kA.",
        "STR": "0",
        "SMA": "0,202 Km.",
        "SMI": "0,18100002 Km.",
        "CHI": "1,5",
        "metvlc_time_utc": "2026-10-05T19:27:00+00:00",
        "metvlc_time_source": "date+time",
        "metvlc_has_real_time": true,
        "metvlc_captura_utc": "2026-10-05T21:29:04+00:00",
        "metvlc_last_seen_utc": "2026-10-05T21:29:04+00:00",
        "metvlc_fuente": "SIGIF/GVA Rayos 24h KMZ"
      },
      "geometry": {
        "type": "Point",
        "coordinates": [
          -1.5129,
          39.4575
        ]
      }
    },
    {
      "type": "Feature",
      "properties": {
        "name": "05/10/2026 21:27:44",
        "COORD": "-1,5503,39,4349",
        "DATE": "2026-10-05",
        "TIME": "21:27",
        "MXI": "-45,03 kA.",
        "STR": "0",
        "SMA": "0,165 Km.",
        "SMI": "0,12400002 Km.",
        "CHI": "1,2",
        "metvlc_time_utc": "2026-10-05T19:27:00+00:00",
        "metvlc_time_source": "date+time",
        "metvlc_has_real_time": true,
        "metvlc_captura_utc": "2026-10-05T21:29:04+00:00",
        "metvlc_last_seen_utc": "2026-10-05T21:29:04+00:00",
        "metvlc_fuente": "SIGIF/GVA Rayos 24h KMZ"
      },
      "geometry": {
        "type": "Point",
        "coordinates": [
          -1.5503,
          39.4349
        ]
      }
    },
    {
      "type": "Feature",
      "properties": {
        "name": "05/10/2026 21:27:44",
        "COORD": "-1,5505,39,4345",
        "DATE": "2026-10-05",
        "TIME": "21:27",
        "MXI": "-11,65 kA.",
        "STR": "0",
        "SMA": "0,183 Km.",
        "SMI": "0,147 Km.",
        "CHI": "0,4",
        "metvlc_time_utc": "2026-10-05T19:27:00+00:00",
        "metvlc_time_source": "date+time",
        "metvlc_has_real_time": true,
        "metvlc_captura_utc": "2026-10-05T21:29:04+00:00",
        "metvlc_last_seen_utc": "2026-10-05T21:29:04+00:00",
        "metvlc_fuente": "SIGIF/GVA Rayos 24h KMZ"
      },
      "geometry": {
        "type": "Point",
        "coordinates": [
          -1.5505,
          39.4345
        ]
      }
    },
    {
      "type": "Feature",
      "properties": {
        "name": "05/10/2026 21:27:44",
        "COORD": "-1,5505,39,4344",
        "DATE": "2026-10-05",
        "TIME": "21:27",
        "MXI": "-25,54 kA.",
        "STR": "0",
        "SMA": "0,182 Km.",
        "SMI": "0,124 Km.",
        "CHI": "0,5",
        "metvlc_time_utc": "2026-10-05T19:27:00+00:00",
        "metvlc_time_source": "date+time",
        "metvlc_has_real_time": true,
        "metvlc_captura_utc": "2026-10-05T21:29:04+00:00",
        "metvlc_last_seen_utc": "2026-10-05T21:29:04+00:00",
        "metvlc_fuente": "SIGIF/GVA Rayos 24h KMZ"
      },
      "geometry": {
        "type": "Point",
        "coordinates": [
          -1.5505,
          39.4344
        ]
      }
    },
    {
      "type": "Feature",
      "properties": {
        "name": "05/10/2026 21:27:44",
        "COORD": "-1,5511,39,4348",
        "DATE": "2026-10-05",
        "TIME": "21:27",
        "MXI": "-10,12 kA.",
        "STR": "0",
        "SMA": "0,228 Km.",
        "SMI": "0,16000001 Km.",
        "CHI": "0,8",
        "metvlc_time_utc": "2026-10-05T19:27:00+00:00",
        "metvlc_time_source": "date+time",
        "metvlc_has_real_time": true,
        "metvlc_captura_utc": "2026-10-05T21:29:04+00:00",
        "metvlc_last_seen_utc": "2026-10-05T21:29:04+00:00",
        "metvlc_fuente": "SIGIF/GVA Rayos 24h KMZ"
      },
      "geometry": {
        "type": "Point",
        "coordinates": [
          -1.5511,
          39.4348
        ]
      }
    },
    {
      "type": "Feature",
      "properties": {
        "name": "05/10/2026 21:27:45",
        "COORD": "-1,5505,39,4348",
        "DATE": "2026-10-05",
        "TIME": "21:27",
        "MXI": "-10,57 kA.",
        "STR": "0",
        "SMA": "0,218 Km.",
        "SMI": "0,16 Km.",
        "CHI": "1",
        "metvlc_time_utc": "2026-10-05T19:27:00+00:00",
        "metvlc_time_source": "date+time",
        "metvlc_has_real_time": true,
        "metvlc_captura_utc": "2026-10-05T21:29:04+00:00",
        "metvlc_last_seen_utc": "2026-10-05T21:29:04+00:00",
        "metvlc_fuente": "SIGIF/GVA Rayos 24h KMZ"
      },
      "geometry": {
        "type": "Point",
        "coordinates": [
          -1.5505,
          39.4348
        ]
      }
    },
    {
      "type": "Feature",
      "properties": {
        "name": "05/10/2026 21:29:01",
        "COORD": "-1,5319,39,3764",
        "DATE": "2026-10-05",
        "TIME": "21:29",
        "MXI": "-7,36 kA.",
        "STR": "0",
        "SMA": "0,237 Km.",
        "SMI": "0,174 Km.",
        "CHI": "0,3",
        "metvlc_time_utc": "2026-10-05T19:29:00+00:00",
        "metvlc_time_source": "date+time",
        "metvlc_has_real_time": true,
        "metvlc_captura_utc": "2026-10-05T21:29:04+00:00",
        "metvlc_last_seen_utc": "2026-10-05T21:29:04+00:00",
        "metvlc_fuente": "SIGIF/GVA Rayos 24h KMZ"
      },
      "geometry": {
        "type": "Point",
        "coordinates": [
          -1.5319,
          39.3764
        ]
      }
    },
    {
      "type": "Feature",
      "properties": {
        "name": "05/10/2026 21:29:43",
        "COORD": "-1,5224,39,3633",
        "DATE": "2026-10-05",
        "TIME": "21:29",
        "MXI": "-23,87 kA.",
        "STR": "0",
        "SMA": "0,174 Km.",
        "SMI": "0,12900001 Km.",
        "CHI": "1",
        "metvlc_time_utc": "2026-10-05T19:29:00+00:00",
        "metvlc_time_source": "date+time",
        "metvlc_has_real_time": true,
        "metvlc_captura_utc": "2026-10-05T21:29:04+00:00",
        "metvlc_last_seen_utc": "2026-10-05T21:29:04+00:00",
        "metvlc_fuente": "SIGIF/GVA Rayos 24h KMZ"
      },
      "geometry": {
        "type": "Point",
        "coordinates": [
          -1.5224,
          39.3633
        ]
      }
    },
    {
      "type": "Feature",
      "properties": {
        "name": "05/10/2026 21:30:25",
        "COORD": "-1,6068,39,3955",
        "DATE": "2026-10-05",
        "TIME": "21:30",
        "MXI": "-8,24 kA.",
        "STR": "0",
        "SMA": "0,231 Km.",
        "SMI": "0,17200005 Km.",
        "CHI": "0,8",
        "metvlc_time_utc": "2026-10-05T19:30:00+00:00",
        "metvlc_time_source": "date+time",
        "metvlc_has_real_time": true,
        "metvlc_captura_utc": "2026-10-05T21:29:04+00:00",
        "metvlc_last_seen_utc": "2026-10-05T21:29:04+00:00",
        "metvlc_fuente": "SIGIF/GVA Rayos 24h KMZ"
      },
      "geometry": {
        "type": "Point",
        "coordinates": [
          -1.6068,
          39.3955
        ]
      }
    },
    {
      "type": "Feature",
      "properties": {
        "name": "05/10/2026 21:31:49",
        "COORD": "-1,4097,39,3284",
        "DATE": "2026-10-05",
        "TIME": "21:31",
        "MXI": "-9,32 kA.",
        "STR": "0",
        "SMA": "0,193 Km.",
        "SMI": "0,14499995 Km.",
        "CHI": "0,5",
        "metvlc_time_utc": "2026-10-05T19:31:00+00:00",
        "metvlc_time_source": "date+time",
        "metvlc_has_real_time": true,
        "metvlc_captura_utc": "2026-10-05T21:29:04+00:00",
        "metvlc_last_seen_utc": "2026-10-05T21:29:04+00:00",
        "metvlc_fuente": "SIGIF/GVA Rayos 24h KMZ"
      },
      "geometry": {
        "type": "Point",
        "coordinates": [
          -1.4097,
          39.3284
        ]
      }
    },
    {
      "type": "Feature",
      "properties": {
        "name": "05/10/2026 21:31:49",
        "COORD": "-1,4093,39,329",
        "DATE": "2026-10-05",
        "TIME": "21:31",
        "MXI": "-15,32 kA.",
        "STR": "0",
        "SMA": "0,172 Km.",
        "SMI": "0,13 Km.",
        "CHI": "0,7",
        "metvlc_time_utc": "2026-10-05T19:31:00+00:00",
        "metvlc_time_source": "date+time",
        "metvlc_has_real_time": true,
        "metvlc_captura_utc": "2026-10-05T21:29:04+00:00",
        "metvlc_last_seen_utc": "2026-10-05T21:29:04+00:00",
        "metvlc_fuente": "SIGIF/GVA Rayos 24h KMZ"
      },
      "geometry": {
        "type": "Point",
        "coordinates": [
          -1.4093,
          39.329
        ]
      }
    },
    {
      "type": "Feature",
      "properties": {
        "name": "05/10/2026 21:31:49",
        "COORD": "-1,4091,39,3285",
        "DATE": "2026-10-05",
        "TIME": "21:31",
        "MXI": "-31,54 kA.",
        "STR": "0",
        "SMA": "0,187 Km.",
        "SMI": "0,12099997 Km.",
        "CHI": "1,2",
        "metvlc_time_utc": "2026-10-05T19:31:00+00:00",
        "metvlc_time_source": "date+time",
        "metvlc_has_real_time": true,
        "metvlc_captura_utc": "2026-10-05T21:29:04+00:00",
        "metvlc_last_seen_utc": "2026-10-05T21:29:04+00:00",
        "metvlc_fuente": "SIGIF/GVA Rayos 24h KMZ"
      },
      "geometry": {
        "type": "Point",
        "coordinates": [
          -1.4091,
          39.3285
        ]
      }
    },
    {
      "type": "Feature",
      "properties": {
        "name": "05/10/2026 21:31:50",
        "COORD": "-1,4094,39,3289",
        "DATE": "2026-10-05",
        "TIME": "21:31",
        "MXI": "-10,67 kA.",
        "STR": "0",
        "SMA": "0,185 Km.",
        "SMI": "0,15099995 Km.",
        "CHI": "0,2",
        "metvlc_time_utc": "2026-10-05T19:31:00+00:00",
        "metvlc_time_source": "date+time",
        "metvlc_has_real_time": true,
        "metvlc_captura_utc": "2026-10-05T21:29:04+00:00",
        "metvlc_last_seen_utc": "2026-10-05T21:29:04+00:00",
        "metvlc_fuente": "SIGIF/GVA Rayos 24h KMZ"
      },
      "geometry": {
        "type": "Point",
        "coordinates": [
          -1.4094,
          39.3289
        ]
      }
    },
    {
      "type": "Feature",
      "properties": {
        "name": "05/10/2026 21:31:50",
        "COORD": "-1,4088,39,329",
        "DATE": "2026-10-05",
        "TIME": "21:31",
        "MXI": "-14,32 kA.",
        "STR": "0",
        "SMA": "0,173 Km.",
        "SMI": "0,132 Km.",
        "CHI": "0,7",
        "metvlc_time_utc": "2026-10-05T19:31:00+00:00",
        "metvlc_time_source": "date+time",
        "metvlc_has_real_time": true,
        "metvlc_captura_utc": "2026-10-05T21:29:04+00:00",
        "metvlc_last_seen_utc": "2026-10-05T21:29:04+00:00",
        "metvlc_fuente": "SIGIF/GVA Rayos 24h KMZ"
      },
      "geometry": {
        "type": "Point",
        "coordinates": [
          -1.4088,
          39.329
        ]
      }
    },
    {
      "type": "Feature",
      "properties": {
        "name": "05/10/2026 21:31:50",
        "COORD": "-1,4091,39,3283",
        "DATE": "2026-10-05",
        "TIME": "21:31",
        "MXI": "-12,57 kA.",
        "STR": "0",
        "SMA": "0,168 Km.",
        "SMI": "0,12899996 Km.",
        "CHI": "0,5",
        "metvlc_time_utc": "2026-10-05T19:31:00+00:00",
        "metvlc_time_source": "date+time",
        "metvlc_has_real_time": true,
        "metvlc_captura_utc": "2026-10-05T21:29:04+00:00",
        "metvlc_last_seen_utc": "2026-10-05T21:29:04+00:00",
        "metvlc_fuente": "SIGIF/GVA Rayos 24h KMZ"
      },
      "geometry": {
        "type": "Point",
        "coordinates": [
          -1.4091,
          39.3283
        ]
      }
    },
    {
      "type": "Feature",
      "properties": {
        "name": "05/10/2026 21:31:50",
        "COORD": "-1,4091,39,3289",
        "DATE": "2026-10-05",
        "TIME": "21:31",
        "MXI": "-15,69 kA.",
        "STR": "0",
        "SMA": "0,171 Km.",
        "SMI": "0,13199995 Km.",
        "CHI": "0,9",
        "metvlc_time_utc": "2026-10-05T19:31:00+00:00",
        "metvlc_time_source": "date+time",
        "metvlc_has_real_time": true,
        "metvlc_captura_utc": "2026-10-05T21:29:04+00:00",
        "metvlc_last_seen_utc": "2026-10-05T21:29:04+00:00",
        "metvlc_fuente": "SIGIF/GVA Rayos 24h KMZ"
      },
      "geometry": {
        "type": "Point",
        "coordinates": [
          -1.4091,
          39.3289
        ]
      }
    },
    {
      "type": "Feature",
      "properties": {
        "name": "05/10/2026 21:31:50",
        "COORD": "-1,4099,39,3302",
        "DATE": "2026-10-05",
        "TIME": "21:31",
        "MXI": "-5,97 kA.",
        "STR": "0",
        "SMA": "0,425 Km.",
        "SMI": "0,20300001 Km.",
        "CHI": "0,5",
        "metvlc_time_utc": "2026-10-05T19:31:00+00:00",
        "metvlc_time_source": "date+time",
        "metvlc_has_real_time": true,
        "metvlc_captura_utc": "2026-10-05T21:29:04+00:00",
        "metvlc_last_seen_utc": "2026-10-05T21:29:04+00:00",
        "metvlc_fuente": "SIGIF/GVA Rayos 24h KMZ"
      },
      "geometry": {
        "type": "Point",
        "coordinates": [
          -1.4099,
          39.3302
        ]
      }
    },
    {
      "type": "Feature",
      "properties": {
        "name": "05/10/2026 21:31:50",
        "COORD": "-1,4088,39,3282",
        "DATE": "2026-10-05",
        "TIME": "21:31",
        "MXI": "-14,69 kA.",
        "STR": "0",
        "SMA": "0,168 Km.",
        "SMI": "0,13200003 Km.",
        "CHI": "0,5",
        "metvlc_time_utc": "2026-10-05T19:31:00+00:00",
        "metvlc_time_source": "date+time",
        "metvlc_has_real_time": true,
        "metvlc_captura_utc": "2026-10-05T21:29:04+00:00",
        "metvlc_last_seen_utc": "2026-10-05T21:29:04+00:00",
        "metvlc_fuente": "SIGIF/GVA Rayos 24h KMZ"
      },
      "geometry": {
        "type": "Point",
        "coordinates": [
          -1.4088,
          39.3282
        ]
      }
    },
    {
      "type": "Feature",
      "properties": {
        "name": "05/10/2026 21:32:31",
        "COORD": "-1,3572,39,4796",
        "DATE": "2026-10-05",
        "TIME": "21:32",
        "MXI": "-10,31 kA.",
        "STR": "0",
        "SMA": "0,196 Km.",
        "SMI": "0,14400001 Km.",
        "CHI": "0,7",
        "metvlc_time_utc": "2026-10-05T19:32:00+00:00",
        "metvlc_time_source": "date+time",
        "metvlc_has_real_time": true,
        "metvlc_captura_utc": "2026-10-05T21:29:04+00:00",
        "metvlc_last_seen_utc": "2026-10-05T21:29:04+00:00",
        "metvlc_fuente": "SIGIF/GVA Rayos 24h KMZ"
      },
      "geometry": {
        "type": "Point",
        "coordinates": [
          -1.3572,
          39.4796
        ]
      }
    },
    {
      "type": "Feature",
      "properties": {
        "name": "05/10/2026 21:32:33",
        "COORD": "-1,4385,39,2322",
        "DATE": "2026-10-05",
        "TIME": "21:32",
        "MXI": "30,36 kA.",
        "STR": "0",
        "SMA": "0,223 Km.",
        "SMI": "0,11400002 Km.",
        "CHI": "1,1",
        "metvlc_time_utc": "2026-10-05T19:32:00+00:00",
        "metvlc_time_source": "date+time",
        "metvlc_has_real_time": true,
        "metvlc_captura_utc": "2026-10-05T21:29:04+00:00",
        "metvlc_last_seen_utc": "2026-10-05T21:29:04+00:00",
        "metvlc_fuente": "SIGIF/GVA Rayos 24h KMZ"
      },
      "geometry": {
        "type": "Point",
        "coordinates": [
          -1.4385,
          39.2322
        ]
      }
    },
    {
      "type": "Feature",
      "properties": {
        "name": "05/10/2026 21:33:41",
        "COORD": "-1,5215,39,4355",
        "DATE": "2026-10-05",
        "TIME": "21:33",
        "MXI": "-22,42 kA.",
        "STR": "0",
        "SMA": "0,173 Km.",
        "SMI": "0,12900002 Km.",
        "CHI": "0,7",
        "metvlc_time_utc": "2026-10-05T19:33:00+00:00",
        "metvlc_time_source": "date+time",
        "metvlc_has_real_time": true,
        "metvlc_captura_utc": "2026-10-05T21:29:04+00:00",
        "metvlc_last_seen_utc": "2026-10-05T21:29:04+00:00",
        "metvlc_fuente": "SIGIF/GVA Rayos 24h KMZ"
      },
      "geometry": {
        "type": "Point",
        "coordinates": [
          -1.5215,
          39.4355
        ]
      }
    },
    {
      "type": "Feature",
      "properties": {
        "name": "05/10/2026 21:33:41",
        "COORD": "-1,5214,39,4349",
        "DATE": "2026-10-05",
        "TIME": "21:33",
        "MXI": "-27,68 kA.",
        "STR": "0",
        "SMA": "0,187 Km.",
        "SMI": "0,13500002 Km.",
        "CHI": "0,7",
        "metvlc_time_utc": "2026-10-05T19:33:00+00:00",
        "metvlc_time_source": "date+time",
        "metvlc_has_real_time": true,
        "metvlc_captura_utc": "2026-10-05T21:29:04+00:00",
        "metvlc_last_seen_utc": "2026-10-05T21:29:04+00:00",
        "metvlc_fuente": "SIGIF/GVA Rayos 24h KMZ"
      },
      "geometry": {
        "type": "Point",
        "coordinates": [
          -1.5214,
          39.4349
        ]
      }
    },
    {
      "type": "Feature",
      "properties": {
        "name": "05/10/2026 21:35:03",
        "COORD": "-1,478,39,4372",
        "DATE": "2026-10-05",
        "TIME": "21:35",
        "MXI": "-17,71 kA.",
        "STR": "0",
        "SMA": "0,175 Km.",
        "SMI": "0,12800004 Km.",
        "CHI": "0,6",
        "metvlc_time_utc": "2026-10-05T19:35:00+00:00",
        "metvlc_time_source": "date+time",
        "metvlc_has_real_time": true,
        "metvlc_captura_utc": "2026-10-05T21:29:04+00:00",
        "metvlc_last_seen_utc": "2026-10-05T21:29:04+00:00",
        "metvlc_fuente": "SIGIF/GVA Rayos 24h KMZ"
      },
      "geometry": {
        "type": "Point",
        "coordinates": [
          -1.478,
          39.4372
        ]
      }
    },
    {
      "type": "Feature",
      "properties": {
        "name": "05/10/2026 21:35:25",
        "COORD": "-1,3945,39,2279",
        "DATE": "2026-10-05",
        "TIME": "21:35",
        "MXI": "-10,82 kA.",
        "STR": "0",
        "SMA": "0,531 Km.",
        "SMI": "0,19099998 Km.",
        "CHI": "0,3",
        "metvlc_time_utc": "2026-10-05T19:35:00+00:00",
        "metvlc_time_source": "date+time",
        "metvlc_has_real_time": true,
        "metvlc_captura_utc": "2026-10-05T21:29:04+00:00",
        "metvlc_last_seen_utc": "2026-10-05T21:29:04+00:00",
        "metvlc_fuente": "SIGIF/GVA Rayos 24h KMZ"
      },
      "geometry": {
        "type": "Point",
        "coordinates": [
          -1.3945,
          39.2279
        ]
      }
    },
    {
      "type": "Feature",
      "properties": {
        "name": "05/10/2026 21:36:03",
        "COORD": "-1,3949,39,2238",
        "DATE": "2026-10-05",
        "TIME": "21:36",
        "MXI": "-3,92 kA.",
        "STR": "0",
        "SMA": "0,36 Km.",
        "SMI": "0,213 Km.",
        "CHI": "0,3",
        "metvlc_time_utc": "2026-10-05T19:36:00+00:00",
        "metvlc_time_source": "date+time",
        "metvlc_has_real_time": true,
        "metvlc_captura_utc": "2026-10-05T21:29:04+00:00",
        "metvlc_last_seen_utc": "2026-10-05T21:29:04+00:00",
        "metvlc_fuente": "SIGIF/GVA Rayos 24h KMZ"
      },
      "geometry": {
        "type": "Point",
        "coordinates": [
          -1.3949,
          39.2238
        ]
      }
    },
    {
      "type": "Feature",
      "properties": {
        "name": "05/10/2026 21:36:08",
        "COORD": "-1,2918,39,505",
        "DATE": "2026-10-05",
        "TIME": "21:36",
        "MXI": "-11,95 kA.",
        "STR": "0",
        "SMA": "0,174 Km.",
        "SMI": "0,13299996 Km.",
        "CHI": "0,5",
        "metvlc_time_utc": "2026-10-05T19:36:00+00:00",
        "metvlc_time_source": "date+time",
        "metvlc_has_real_time": true,
        "metvlc_captura_utc": "2026-10-05T21:29:04+00:00",
        "metvlc_last_seen_utc": "2026-10-05T21:29:04+00:00",
        "metvlc_fuente": "SIGIF/GVA Rayos 24h KMZ"
      },
      "geometry": {
        "type": "Point",
        "coordinates": [
          -1.2918,
          39.505
        ]
      }
    },
    {
      "type": "Feature",
      "properties": {
        "name": "05/10/2026 21:37:10",
        "COORD": "-1,3448,39,3337",
        "DATE": "2026-10-05",
        "TIME": "21:37",
        "MXI": "-9,66 kA.",
        "STR": "0",
        "SMA": "0,239 Km.",
        "SMI": "0,17599994 Km.",
        "CHI": "1,2",
        "metvlc_time_utc": "2026-10-05T19:37:00+00:00",
        "metvlc_time_source": "date+time",
        "metvlc_has_real_time": true,
        "metvlc_captura_utc": "2026-10-05T21:29:04+00:00",
        "metvlc_last_seen_utc": "2026-10-05T21:29:04+00:00",
        "metvlc_fuente": "SIGIF/GVA Rayos 24h KMZ"
      },
      "geometry": {
        "type": "Point",
        "coordinates": [
          -1.3448,
          39.3337
        ]
      }
    },
    {
      "type": "Feature",
      "properties": {
        "name": "05/10/2026 21:37:10",
        "COORD": "-1,3445,39,3343",
        "DATE": "2026-10-05",
        "TIME": "21:37",
        "MXI": "-12,82 kA.",
        "STR": "0",
        "SMA": "0,179 Km.",
        "SMI": "0,11899998 Km.",
        "CHI": "0,5",
        "metvlc_time_utc": "2026-10-05T19:37:00+00:00",
        "metvlc_time_source": "date+time",
        "metvlc_has_real_time": true,
        "metvlc_captura_utc": "2026-10-05T21:29:04+00:00",
        "metvlc_last_seen_utc": "2026-10-05T21:29:04+00:00",
        "metvlc_fuente": "SIGIF/GVA Rayos 24h KMZ"
      },
      "geometry": {
        "type": "Point",
        "coordinates": [
          -1.3445,
          39.3343
        ]
      }
    },
    {
      "type": "Feature",
      "properties": {
        "name": "05/10/2026 21:39:00",
        "COORD": "-1,3609,39,2384",
        "DATE": "2026-10-05",
        "TIME": "21:39",
        "MXI": "-8,41 kA.",
        "STR": "0",
        "SMA": "0,189 Km.",
        "SMI": "0,18299998 Km.",
        "CHI": "0,6",
        "metvlc_time_utc": "2026-10-05T19:39:00+00:00",
        "metvlc_time_source": "date+time",
        "metvlc_has_real_time": true,
        "metvlc_captura_utc": "2026-10-05T21:29:04+00:00",
        "metvlc_last_seen_utc": "2026-10-05T21:29:04+00:00",
        "metvlc_fuente": "SIGIF/GVA Rayos 24h KMZ"
      },
      "geometry": {
        "type": "Point",
        "coordinates": [
          -1.3609,
          39.2384
        ]
      }
    },
    {
      "type": "Feature",
      "properties": {
        "name": "05/10/2026 21:42:13",
        "COORD": "-1,2988,39,3583",
        "DATE": "2026-10-05",
        "TIME": "21:42",
        "MXI": "-7,05 kA.",
        "STR": "0",
        "SMA": "0,239 Km.",
        "SMI": "0,20399994 Km.",
        "CHI": "0,3",
        "metvlc_time_utc": "2026-10-05T19:42:00+00:00",
        "metvlc_time_source": "date+time",
        "metvlc_has_real_time": true,
        "metvlc_captura_utc": "2026-10-05T21:29:04+00:00",
        "metvlc_last_seen_utc": "2026-10-05T21:29:04+00:00",
        "metvlc_fuente": "SIGIF/GVA Rayos 24h KMZ"
      },
      "geometry": {
        "type": "Point",
        "coordinates": [
          -1.2988,
          39.3583
        ]
      }
    },
    {
      "type": "Feature",
      "properties": {
        "name": "05/10/2026 21:42:13",
        "COORD": "-1,337,39,3667",
        "DATE": "2026-10-05",
        "TIME": "21:42",
        "MXI": "-13,36 kA.",
        "STR": "0",
        "SMA": "0,182 Km.",
        "SMI": "0,15699996 Km.",
        "CHI": "0,4",
        "metvlc_time_utc": "2026-10-05T19:42:00+00:00",
        "metvlc_time_source": "date+time",
        "metvlc_has_real_time": true,
        "metvlc_captura_utc": "2026-10-05T21:29:04+00:00",
        "metvlc_last_seen_utc": "2026-10-05T21:29:04+00:00",
        "metvlc_fuente": "SIGIF/GVA Rayos 24h KMZ"
      },
      "geometry": {
        "type": "Point",
        "coordinates": [
          -1.337,
          39.3667
        ]
      }
    },
    {
      "type": "Feature",
      "properties": {
        "name": "05/10/2026 21:42:14",
        "COORD": "-1,3376,39,367",
        "DATE": "2026-10-05",
        "TIME": "21:42",
        "MXI": "-18,57 kA.",
        "STR": "0",
        "SMA": "0,173 Km.",
        "SMI": "0,122999996 Km.",
        "CHI": "0,8",
        "metvlc_time_utc": "2026-10-05T19:42:00+00:00",
        "metvlc_time_source": "date+time",
        "metvlc_has_real_time": true,
        "metvlc_captura_utc": "2026-10-05T21:29:04+00:00",
        "metvlc_last_seen_utc": "2026-10-05T21:29:04+00:00",
        "metvlc_fuente": "SIGIF/GVA Rayos 24h KMZ"
      },
      "geometry": {
        "type": "Point",
        "coordinates": [
          -1.3376,
          39.367
        ]
      }
    },
    {
      "type": "Feature",
      "properties": {
        "name": "05/10/2026 21:42:14",
        "COORD": "-1,3376,39,3676",
        "DATE": "2026-10-05",
        "TIME": "21:42",
        "MXI": "-14,37 kA.",
        "STR": "0",
        "SMA": "0,187 Km.",
        "SMI": "0,116000004 Km.",
        "CHI": "0,5",
        "metvlc_time_utc": "2026-10-05T19:42:00+00:00",
        "metvlc_time_source": "date+time",
        "metvlc_has_real_time": true,
        "metvlc_captura_utc": "2026-10-05T21:29:04+00:00",
        "metvlc_last_seen_utc": "2026-10-05T21:29:04+00:00",
        "metvlc_fuente": "SIGIF/GVA Rayos 24h KMZ"
      },
      "geometry": {
        "type": "Point",
        "coordinates": [
          -1.3376,
          39.3676
        ]
      }
    },
    {
      "type": "Feature",
      "properties": {
        "name": "05/10/2026 21:43:46",
        "COORD": "-1,3814,39,4144",
        "DATE": "2026-10-05",
        "TIME": "21:43",
        "MXI": "-40,32 kA.",
        "STR": "0",
        "SMA": "0,174 Km.",
        "SMI": "0,12900001 Km.",
        "CHI": "1,2",
        "metvlc_time_utc": "2026-10-05T19:43:00+00:00",
        "metvlc_time_source": "date+time",
        "metvlc_has_real_time": true,
        "metvlc_captura_utc": "2026-10-05T21:29:04+00:00",
        "metvlc_last_seen_utc": "2026-10-05T21:29:04+00:00",
        "metvlc_fuente": "SIGIF/GVA Rayos 24h KMZ"
      },
      "geometry": {
        "type": "Point",
        "coordinates": [
          -1.3814,
          39.4144
        ]
      }
    },
    {
      "type": "Feature",
      "properties": {
        "name": "05/10/2026 21:43:46",
        "COORD": "-1,3581,39,5072",
        "DATE": "2026-10-05",
        "TIME": "21:43",
        "MXI": "-39,09 kA.",
        "STR": "0",
        "SMA": "0,17 Km.",
        "SMI": "0,16600007 Km.",
        "CHI": "0,8",
        "metvlc_time_utc": "2026-10-05T19:43:00+00:00",
        "metvlc_time_source": "date+time",
        "metvlc_has_real_time": true,
        "metvlc_captura_utc": "2026-10-05T21:29:04+00:00",
        "metvlc_last_seen_utc": "2026-10-05T21:29:04+00:00",
        "metvlc_fuente": "SIGIF/GVA Rayos 24h KMZ"
      },
      "geometry": {
        "type": "Point",
        "coordinates": [
          -1.3581,
          39.5072
        ]
      }
    },
    {
      "type": "Feature",
      "properties": {
        "name": "05/10/2026 21:43:46",
        "COORD": "-1,4116,39,5229",
        "DATE": "2026-10-05",
        "TIME": "21:43",
        "MXI": "-7,88 kA.",
        "STR": "0",
        "SMA": "0,234 Km.",
        "SMI": "0,17799996 Km.",
        "CHI": "0,4",
        "metvlc_time_utc": "2026-10-05T19:43:00+00:00",
        "metvlc_time_source": "date+time",
        "metvlc_has_real_time": true,
        "metvlc_captura_utc": "2026-10-05T21:29:04+00:00",
        "metvlc_last_seen_utc": "2026-10-05T21:29:04+00:00",
        "metvlc_fuente": "SIGIF/GVA Rayos 24h KMZ"
      },
      "geometry": {
        "type": "Point",
        "coordinates": [
          -1.4116,
          39.5229
        ]
      }
    },
    {
      "type": "Feature",
      "properties": {
        "name": "05/10/2026 21:44:00",
        "COORD": "-1,3222,39,2525",
        "DATE": "2026-10-05",
        "TIME": "21:44",
        "MXI": "-6,33 kA.",
        "STR": "0",
        "SMA": "0,52 Km.",
        "SMI": "0,22900003 Km.",
        "CHI": "0,5",
        "metvlc_time_utc": "2026-10-05T19:44:00+00:00",
        "metvlc_time_source": "date+time",
        "metvlc_has_real_time": true,
        "metvlc_captura_utc": "2026-10-05T21:29:04+00:00",
        "metvlc_last_seen_utc": "2026-10-05T21:29:04+00:00",
        "metvlc_fuente": "SIGIF/GVA Rayos 24h KMZ"
      },
      "geometry": {
        "type": "Point",
        "coordinates": [
          -1.3222,
          39.2525
        ]
      }
    },
    {
      "type": "Feature",
      "properties": {
        "name": "05/10/2026 21:45:49",
        "COORD": "-1,3913,39,3969",
        "DATE": "2026-10-05",
        "TIME": "21:45",
        "MXI": "-6,33 kA.",
        "STR": "0",
        "SMA": "0,422 Km.",
        "SMI": "0,21799996 Km.",
        "CHI": "2",
        "metvlc_time_utc": "2026-10-05T19:45:00+00:00",
        "metvlc_time_source": "date+time",
        "metvlc_has_real_time": true,
        "metvlc_captura_utc": "2026-10-05T21:29:04+00:00",
        "metvlc_last_seen_utc": "2026-10-05T21:29:04+00:00",
        "metvlc_fuente": "SIGIF/GVA Rayos 24h KMZ"
      },
      "geometry": {
        "type": "Point",
        "coordinates": [
          -1.3913,
          39.3969
        ]
      }
    },
    {
      "type": "Feature",
      "properties": {
        "name": "05/10/2026 21:45:50",
        "COORD": "-1,3924,39,3964",
        "DATE": "2026-10-05",
        "TIME": "21:45",
        "MXI": "-6,54 kA.",
        "STR": "0",
        "SMA": "0,271 Km.",
        "SMI": "0,18800005 Km.",
        "CHI": "0,1",
        "metvlc_time_utc": "2026-10-05T19:45:00+00:00",
        "metvlc_time_source": "date+time",
        "metvlc_has_real_time": true,
        "metvlc_captura_utc": "2026-10-05T21:29:04+00:00",
        "metvlc_last_seen_utc": "2026-10-05T21:29:04+00:00",
        "metvlc_fuente": "SIGIF/GVA Rayos 24h KMZ"
      },
      "geometry": {
        "type": "Point",
        "coordinates": [
          -1.3924,
          39.3964
        ]
      }
    },
    {
      "type": "Feature",
      "properties": {
        "name": "05/10/2026 21:46:48",
        "COORD": "-1,2983,39,3875",
        "DATE": "2026-10-05",
        "TIME": "21:46",
        "MXI": "-7,23 kA.",
        "STR": "0",
        "SMA": "0,24 Km.",
        "SMI": "0,20700005 Km.",
        "CHI": "1,6",
        "metvlc_time_utc": "2026-10-05T19:46:00+00:00",
        "metvlc_time_source": "date+time",
        "metvlc_has_real_time": true,
        "metvlc_captura_utc": "2026-10-05T21:29:04+00:00",
        "metvlc_last_seen_utc": "2026-10-05T21:29:04+00:00",
        "metvlc_fuente": "SIGIF/GVA Rayos 24h KMZ"
      },
      "geometry": {
        "type": "Point",
        "coordinates": [
          -1.2983,
          39.3875
        ]
      }
    },
    {
      "type": "Feature",
      "properties": {
        "name": "05/10/2026 21:48:07",
        "COORD": "-1,3148,39,429",
        "DATE": "2026-10-05",
        "TIME": "21:48",
        "MXI": "-64,75 kA.",
        "STR": "0",
        "SMA": "0,174 Km.",
        "SMI": "0,13199998 Km.",
        "CHI": "1,4",
        "metvlc_time_utc": "2026-10-05T19:48:00+00:00",
        "metvlc_time_source": "date+time",
        "metvlc_has_real_time": true,
        "metvlc_captura_utc": "2026-10-05T21:29:04+00:00",
        "metvlc_last_seen_utc": "2026-10-05T21:29:04+00:00",
        "metvlc_fuente": "SIGIF/GVA Rayos 24h KMZ"
      },
      "geometry": {
        "type": "Point",
        "coordinates": [
          -1.3148,
          39.429
        ]
      }
    },
    {
      "type": "Feature",
      "properties": {
        "name": "05/10/2026 21:48:07",
        "COORD": "-1,3139,39,4285",
        "DATE": "2026-10-05",
        "TIME": "21:48",
        "MXI": "-10,68 kA.",
        "STR": "0",
        "SMA": "0,195 Km.",
        "SMI": "0,16199996 Km.",
        "CHI": "0,4",
        "metvlc_time_utc": "2026-10-05T19:48:00+00:00",
        "metvlc_time_source": "date+time",
        "metvlc_has_real_time": true,
        "metvlc_captura_utc": "2026-10-05T21:29:04+00:00",
        "metvlc_last_seen_utc": "2026-10-05T21:29:04+00:00",
        "metvlc_fuente": "SIGIF/GVA Rayos 24h KMZ"
      },
      "geometry": {
        "type": "Point",
        "coordinates": [
          -1.3139,
          39.4285
        ]
      }
    },
    {
      "type": "Feature",
      "properties": {
        "name": "05/10/2026 21:48:42",
        "COORD": "-1,3652,39,4133",
        "DATE": "2026-10-05",
        "TIME": "21:48",
        "MXI": "-8,86 kA.",
        "STR": "0",
        "SMA": "0,238 Km.",
        "SMI": "0,166 Km.",
        "CHI": "0,4",
        "metvlc_time_utc": "2026-10-05T19:48:00+00:00",
        "metvlc_time_source": "date+time",
        "metvlc_has_real_time": true,
        "metvlc_captura_utc": "2026-10-05T21:29:04+00:00",
        "metvlc_last_seen_utc": "2026-10-05T21:29:04+00:00",
        "metvlc_fuente": "SIGIF/GVA Rayos 24h KMZ"
      },
      "geometry": {
        "type": "Point",
        "coordinates": [
          -1.3652,
          39.4133
        ]
      }
    },
    {
      "type": "Feature",
      "properties": {
        "name": "05/10/2026 21:49:20",
        "COORD": "-1,2533,39,4206",
        "DATE": "2026-10-05",
        "TIME": "21:49",
        "MXI": "-10,06 kA.",
        "STR": "0",
        "SMA": "0,231 Km.",
        "SMI": "0,154 Km.",
        "CHI": "0,7",
        "metvlc_time_utc": "2026-10-05T19:49:00+00:00",
        "metvlc_time_source": "date+time",
        "metvlc_has_real_time": true,
        "metvlc_captura_utc": "2026-10-05T21:29:04+00:00",
        "metvlc_last_seen_utc": "2026-10-05T21:29:04+00:00",
        "metvlc_fuente": "SIGIF/GVA Rayos 24h KMZ"
      },
      "geometry": {
        "type": "Point",
        "coordinates": [
          -1.2533,
          39.4206
        ]
      }
    },
    {
      "type": "Feature",
      "properties": {
        "name": "05/10/2026 21:50:44",
        "COORD": "-1,3023,39,3997",
        "DATE": "2026-10-05",
        "TIME": "21:50",
        "MXI": "-18,44 kA.",
        "STR": "0",
        "SMA": "0,19 Km.",
        "SMI": "0,13999999 Km.",
        "CHI": "0,6",
        "metvlc_time_utc": "2026-10-05T19:50:00+00:00",
        "metvlc_time_source": "date+time",
        "metvlc_has_real_time": true,
        "metvlc_captura_utc": "2026-10-05T21:29:04+00:00",
        "metvlc_last_seen_utc": "2026-10-05T21:29:04+00:00",
        "metvlc_fuente": "SIGIF/GVA Rayos 24h KMZ"
      },
      "geometry": {
        "type": "Point",
        "coordinates": [
          -1.3023,
          39.3997
        ]
      }
    },
    {
      "type": "Feature",
      "properties": {
        "name": "05/10/2026 21:50:44",
        "COORD": "-1,3021,39,4001",
        "DATE": "2026-10-05",
        "TIME": "21:50",
        "MXI": "-7,85 kA.",
        "STR": "0",
        "SMA": "0,242 Km.",
        "SMI": "0,18200006 Km.",
        "CHI": "0,2",
        "metvlc_time_utc": "2026-10-05T19:50:00+00:00",
        "metvlc_time_source": "date+time",
        "metvlc_has_real_time": true,
        "metvlc_captura_utc": "2026-10-05T21:29:04+00:00",
        "metvlc_last_seen_utc": "2026-10-05T21:29:04+00:00",
        "metvlc_fuente": "SIGIF/GVA Rayos 24h KMZ"
      },
      "geometry": {
        "type": "Point",
        "coordinates": [
          -1.3021,
          39.4001
        ]
      }
    },
    {
      "type": "Feature",
      "properties": {
        "name": "05/10/2026 21:50:56",
        "COORD": "-1,2934,39,2683",
        "DATE": "2026-10-05",
        "TIME": "21:50",
        "MXI": "-8,64 kA.",
        "STR": "0",
        "SMA": "0,231 Km.",
        "SMI": "0,17300001 Km.",
        "CHI": "0,4",
        "metvlc_time_utc": "2026-10-05T19:50:00+00:00",
        "metvlc_time_source": "date+time",
        "metvlc_has_real_time": true,
        "metvlc_captura_utc": "2026-10-05T21:29:04+00:00",
        "metvlc_last_seen_utc": "2026-10-05T21:29:04+00:00",
        "metvlc_fuente": "SIGIF/GVA Rayos 24h KMZ"
      },
      "geometry": {
        "type": "Point",
        "coordinates": [
          -1.2934,
          39.2683
        ]
      }
    },
    {
      "type": "Feature",
      "properties": {
        "name": "05/10/2026 21:51:18",
        "COORD": "-1,2923,39,4045",
        "DATE": "2026-10-05",
        "TIME": "21:51",
        "MXI": "-13,85 kA.",
        "STR": "0",
        "SMA": "0,174 Km.",
        "SMI": "0,14900002 Km.",
        "CHI": "1,1",
        "metvlc_time_utc": "2026-10-05T19:51:00+00:00",
        "metvlc_time_source": "date+time",
        "metvlc_has_real_time": true,
        "metvlc_captura_utc": "2026-10-05T21:29:04+00:00",
        "metvlc_last_seen_utc": "2026-10-05T21:29:04+00:00",
        "metvlc_fuente": "SIGIF/GVA Rayos 24h KMZ"
      },
      "geometry": {
        "type": "Point",
        "coordinates": [
          -1.2923,
          39.4045
        ]
      }
    },
    {
      "type": "Feature",
      "properties": {
        "name": "05/10/2026 21:51:18",
        "COORD": "-1,2478,39,4316",
        "DATE": "2026-10-05",
        "TIME": "21:51",
        "MXI": "-14,15 kA.",
        "STR": "0",
        "SMA": "0,17 Km.",
        "SMI": "0,12699997 Km.",
        "CHI": "0,6",
        "metvlc_time_utc": "2026-10-05T19:51:00+00:00",
        "metvlc_time_source": "date+time",
        "metvlc_has_real_time": true,
        "metvlc_captura_utc": "2026-10-05T21:29:04+00:00",
        "metvlc_last_seen_utc": "2026-10-05T21:29:04+00:00",
        "metvlc_fuente": "SIGIF/GVA Rayos 24h KMZ"
      },
      "geometry": {
        "type": "Point",
        "coordinates": [
          -1.2478,
          39.4316
        ]
      }
    },
    {
      "type": "Feature",
      "properties": {
        "name": "05/10/2026 21:51:18",
        "COORD": "-1,2955,39,3793",
        "DATE": "2026-10-05",
        "TIME": "21:51",
        "MXI": "-12,99 kA.",
        "STR": "0",
        "SMA": "0,167 Km.",
        "SMI": "0,13700001 Km.",
        "CHI": "1",
        "metvlc_time_utc": "2026-10-05T19:51:00+00:00",
        "metvlc_time_source": "date+time",
        "metvlc_has_real_time": true,
        "metvlc_captura_utc": "2026-10-05T21:29:04+00:00",
        "metvlc_last_seen_utc": "2026-10-05T21:29:04+00:00",
        "metvlc_fuente": "SIGIF/GVA Rayos 24h KMZ"
      },
      "geometry": {
        "type": "Point",
        "coordinates": [
          -1.2955,
          39.3793
        ]
      }
    },
    {
      "type": "Feature",
      "properties": {
        "name": "05/10/2026 21:54:07",
        "COORD": "-1,3337,39,4038",
        "DATE": "2026-10-05",
        "TIME": "21:54",
        "MXI": "-16,59 kA.",
        "STR": "0",
        "SMA": "0,172 Km.",
        "SMI": "0,128 Km.",
        "CHI": "0,7",
        "metvlc_time_utc": "2026-10-05T19:54:00+00:00",
        "metvlc_time_source": "date+time",
        "metvlc_has_real_time": true,
        "metvlc_captura_utc": "2026-10-05T21:29:04+00:00",
        "metvlc_last_seen_utc": "2026-10-05T21:29:04+00:00",
        "metvlc_fuente": "SIGIF/GVA Rayos 24h KMZ"
      },
      "geometry": {
        "type": "Point",
        "coordinates": [
          -1.3337,
          39.4038
        ]
      }
    },
    {
      "type": "Feature",
      "properties": {
        "name": "05/10/2026 21:54:08",
        "COORD": "-1,3334,39,4034",
        "DATE": "2026-10-05",
        "TIME": "21:54",
        "MXI": "-32,69 kA.",
        "STR": "0",
        "SMA": "0,238 Km.",
        "SMI": "0,11600001 Km.",
        "CHI": "0,8",
        "metvlc_time_utc": "2026-10-05T19:54:00+00:00",
        "metvlc_time_source": "date+time",
        "metvlc_has_real_time": true,
        "metvlc_captura_utc": "2026-10-05T21:29:04+00:00",
        "metvlc_last_seen_utc": "2026-10-05T21:29:04+00:00",
        "metvlc_fuente": "SIGIF/GVA Rayos 24h KMZ"
      },
      "geometry": {
        "type": "Point",
        "coordinates": [
          -1.3334,
          39.4034
        ]
      }
    },
    {
      "type": "Feature",
      "properties": {
        "name": "05/10/2026 21:54:08",
        "COORD": "-1,2962,39,4318",
        "DATE": "2026-10-05",
        "TIME": "21:54",
        "MXI": "-16,84 kA.",
        "STR": "0",
        "SMA": "0,185 Km.",
        "SMI": "0,14099997 Km.",
        "CHI": "0,9",
        "metvlc_time_utc": "2026-10-05T19:54:00+00:00",
        "metvlc_time_source": "date+time",
        "metvlc_has_real_time": true,
        "metvlc_captura_utc": "2026-10-05T21:29:04+00:00",
        "metvlc_last_seen_utc": "2026-10-05T21:29:04+00:00",
        "metvlc_fuente": "SIGIF/GVA Rayos 24h KMZ"
      },
      "geometry": {
        "type": "Point",
        "coordinates": [
          -1.2962,
          39.4318
        ]
      }
    },
    {
      "type": "Feature",
      "properties": {
        "name": "05/10/2026 21:54:08",
        "COORD": "-1,3027,39,4331",
        "DATE": "2026-10-05",
        "TIME": "21:54",
        "MXI": "-20,53 kA.",
        "STR": "0",
        "SMA": "0,174 Km.",
        "SMI": "0,13100003 Km.",
        "CHI": "1,2",
        "metvlc_time_utc": "2026-10-05T19:54:00+00:00",
        "metvlc_time_source": "date+time",
        "metvlc_has_real_time": true,
        "metvlc_captura_utc": "2026-10-05T21:29:04+00:00",
        "metvlc_last_seen_utc": "2026-10-05T21:29:04+00:00",
        "metvlc_fuente": "SIGIF/GVA Rayos 24h KMZ"
      },
      "geometry": {
        "type": "Point",
        "coordinates": [
          -1.3027,
          39.4331
        ]
      }
    },
    {
      "type": "Feature",
      "properties": {
        "name": "05/10/2026 21:54:08",
        "COORD": "-1,3024,39,4345",
        "DATE": "2026-10-05",
        "TIME": "21:54",
        "MXI": "-14,24 kA.",
        "STR": "0",
        "SMA": "0,176 Km.",
        "SMI": "0,14199996 Km.",
        "CHI": "0,9",
        "metvlc_time_utc": "2026-10-05T19:54:00+00:00",
        "metvlc_time_source": "date+time",
        "metvlc_has_real_time": true,
        "metvlc_captura_utc": "2026-10-05T21:29:04+00:00",
        "metvlc_last_seen_utc": "2026-10-05T21:29:04+00:00",
        "metvlc_fuente": "SIGIF/GVA Rayos 24h KMZ"
      },
      "geometry": {
        "type": "Point",
        "coordinates": [
          -1.3024,
          39.4345
        ]
      }
    },
    {
      "type": "Feature",
      "properties": {
        "name": "05/10/2026 21:54:55",
        "COORD": "-1,238,39,2858",
        "DATE": "2026-10-05",
        "TIME": "21:54",
        "MXI": "-19,6 kA.",
        "STR": "0",
        "SMA": "0,278 Km.",
        "SMI": "0,128 Km.",
        "CHI": "0,7",
        "metvlc_time_utc": "2026-10-05T19:54:00+00:00",
        "metvlc_time_source": "date+time",
        "metvlc_has_real_time": true,
        "metvlc_captura_utc": "2026-10-05T21:29:04+00:00",
        "metvlc_last_seen_utc": "2026-10-05T21:29:04+00:00",
        "metvlc_fuente": "SIGIF/GVA Rayos 24h KMZ"
      },
      "geometry": {
        "type": "Point",
        "coordinates": [
          -1.238,
          39.2858
        ]
      }
    },
    {
      "type": "Feature",
      "properties": {
        "name": "05/10/2026 21:55:50",
        "COORD": "-1,1718,39,2578",
        "DATE": "2026-10-05",
        "TIME": "21:55",
        "MXI": "-10,35 kA.",
        "STR": "0",
        "SMA": "0,18 Km.",
        "SMI": "0,14099999 Km.",
        "CHI": "0,8",
        "metvlc_time_utc": "2026-10-05T19:55:00+00:00",
        "metvlc_time_source": "date+time",
        "metvlc_has_real_time": true,
        "metvlc_captura_utc": "2026-10-05T21:29:04+00:00",
        "metvlc_last_seen_utc": "2026-10-05T21:29:04+00:00",
        "metvlc_fuente": "SIGIF/GVA Rayos 24h KMZ"
      },
      "geometry": {
        "type": "Point",
        "coordinates": [
          -1.1718,
          39.2578
        ]
      }
    },
    {
      "type": "Feature",
      "properties": {
        "name": "05/10/2026 21:57:55",
        "COORD": "-1,3787,39,4587",
        "DATE": "2026-10-05",
        "TIME": "21:57",
        "MXI": "-14,2 kA.",
        "STR": "0",
        "SMA": "0,179 Km.",
        "SMI": "0,13000001 Km.",
        "CHI": "0,7",
        "metvlc_time_utc": "2026-10-05T19:57:00+00:00",
        "metvlc_time_source": "date+time",
        "metvlc_has_real_time": true,
        "metvlc_captura_utc": "2026-10-05T21:29:04+00:00",
        "metvlc_last_seen_utc": "2026-10-05T21:29:04+00:00",
        "metvlc_fuente": "SIGIF/GVA Rayos 24h KMZ"
      },
      "geometry": {
        "type": "Point",
        "coordinates": [
          -1.3787,
          39.4587
        ]
      }
    },
    {
      "type": "Feature",
      "properties": {
        "name": "05/10/2026 21:57:55",
        "COORD": "-1,379,39,4594",
        "DATE": "2026-10-05",
        "TIME": "21:57",
        "MXI": "-14,23 kA.",
        "STR": "0",
        "SMA": "0,175 Km.",
        "SMI": "0,12400002 Km.",
        "CHI": "0,6",
        "metvlc_time_utc": "2026-10-05T19:57:00+00:00",
        "metvlc_time_source": "date+time",
        "metvlc_has_real_time": true,
        "metvlc_captura_utc": "2026-10-05T21:29:04+00:00",
        "metvlc_last_seen_utc": "2026-10-05T21:29:04+00:00",
        "metvlc_fuente": "SIGIF/GVA Rayos 24h KMZ"
      },
      "geometry": {
        "type": "Point",
        "coordinates": [
          -1.379,
          39.4594
        ]
      }
    },
    {
      "type": "Feature",
      "properties": {
        "name": "05/10/2026 21:57:55",
        "COORD": "-1,379,39,4582",
        "DATE": "2026-10-05",
        "TIME": "21:57",
        "MXI": "-30,39 kA.",
        "STR": "0",
        "SMA": "0,203 Km.",
        "SMI": "0,12900004 Km.",
        "CHI": "0,8",
        "metvlc_time_utc": "2026-10-05T19:57:00+00:00",
        "metvlc_time_source": "date+time",
        "metvlc_has_real_time": true,
        "metvlc_captura_utc": "2026-10-05T21:29:04+00:00",
        "metvlc_last_seen_utc": "2026-10-05T21:29:04+00:00",
        "metvlc_fuente": "SIGIF/GVA Rayos 24h KMZ"
      },
      "geometry": {
        "type": "Point",
        "coordinates": [
          -1.379,
          39.4582
        ]
      }
    },
    {
      "type": "Feature",
      "properties": {
        "name": "05/10/2026 21:58:58",
        "COORD": "-1,1592,39,2697",
        "DATE": "2026-10-05",
        "TIME": "21:58",
        "MXI": "-16,35 kA.",
        "STR": "0",
        "SMA": "0,179 Km.",
        "SMI": "0,13000001 Km.",
        "CHI": "0,7",
        "metvlc_time_utc": "2026-10-05T19:58:00+00:00",
        "metvlc_time_source": "date+time",
        "metvlc_has_real_time": true,
        "metvlc_captura_utc": "2026-10-05T21:29:04+00:00",
        "metvlc_last_seen_utc": "2026-10-05T21:29:04+00:00",
        "metvlc_fuente": "SIGIF/GVA Rayos 24h KMZ"
      },
      "geometry": {
        "type": "Point",
        "coordinates": [
          -1.1592,
          39.2697
        ]
      }
    },
    {
      "type": "Feature",
      "properties": {
        "name": "05/10/2026 21:59:59",
        "COORD": "-1,1652,39,2703",
        "DATE": "2026-10-05",
        "TIME": "21:59",
        "MXI": "-20,2 kA.",
        "STR": "0",
        "SMA": "0,175 Km.",
        "SMI": "0,13099998 Km.",
        "CHI": "1",
        "metvlc_time_utc": "2026-10-05T19:59:00+00:00",
        "metvlc_time_source": "date+time",
        "metvlc_has_real_time": true,
        "metvlc_captura_utc": "2026-10-05T21:29:04+00:00",
        "metvlc_last_seen_utc": "2026-10-05T21:29:04+00:00",
        "metvlc_fuente": "SIGIF/GVA Rayos 24h KMZ"
      },
      "geometry": {
        "type": "Point",
        "coordinates": [
          -1.1652,
          39.2703
        ]
      }
    },
    {
      "type": "Feature",
      "properties": {
        "name": "05/10/2026 22:00:38",
        "COORD": "-1,3535,39,4826",
        "DATE": "2026-10-05",
        "TIME": "22:00",
        "MXI": "-13,34 kA.",
        "STR": "0",
        "SMA": "0,168 Km.",
        "SMI": "0,12999997 Km.",
        "CHI": "0,7",
        "metvlc_time_utc": "2026-10-05T20:00:00+00:00",
        "metvlc_time_source": "date+time",
        "metvlc_has_real_time": true,
        "metvlc_captura_utc": "2026-10-05T21:29:04+00:00",
        "metvlc_last_seen_utc": "2026-10-05T21:29:04+00:00",
        "metvlc_fuente": "SIGIF/GVA Rayos 24h KMZ"
      },
      "geometry": {
        "type": "Point",
        "coordinates": [
          -1.3535,
          39.4826
        ]
      }
    },
    {
      "type": "Feature",
      "properties": {
        "name": "05/10/2026 22:01:23",
        "COORD": "-1,1563,39,2788",
        "DATE": "2026-10-05",
        "TIME": "22:01",
        "MXI": "-41,42 kA.",
        "STR": "0",
        "SMA": "0,173 Km.",
        "SMI": "0,12900002 Km.",
        "CHI": "0,9",
        "metvlc_time_utc": "2026-10-05T20:01:00+00:00",
        "metvlc_time_source": "date+time",
        "metvlc_has_real_time": true,
        "metvlc_captura_utc": "2026-10-05T21:29:04+00:00",
        "metvlc_last_seen_utc": "2026-10-05T21:29:04+00:00",
        "metvlc_fuente": "SIGIF/GVA Rayos 24h KMZ"
      },
      "geometry": {
        "type": "Point",
        "coordinates": [
          -1.1563,
          39.2788
        ]
      }
    },
    {
      "type": "Feature",
      "properties": {
        "name": "05/10/2026 22:01:25",
        "COORD": "-1,1462,39,3803",
        "DATE": "2026-10-05",
        "TIME": "22:01",
        "MXI": "-8 kA.",
        "STR": "0",
        "SMA": "0,306 Km.",
        "SMI": "0,17600003 Km.",
        "CHI": "0,4",
        "metvlc_time_utc": "2026-10-05T20:01:00+00:00",
        "metvlc_time_source": "date+time",
        "metvlc_has_real_time": true,
        "metvlc_captura_utc": "2026-10-05T21:29:04+00:00",
        "metvlc_last_seen_utc": "2026-10-05T21:29:04+00:00",
        "metvlc_fuente": "SIGIF/GVA Rayos 24h KMZ"
      },
      "geometry": {
        "type": "Point",
        "coordinates": [
          -1.1462,
          39.3803
        ]
      }
    },
    {
      "type": "Feature",
      "properties": {
        "name": "05/10/2026 22:02:10",
        "COORD": "-1,1842,39,4386",
        "DATE": "2026-10-05",
        "TIME": "22:02",
        "MXI": "-17,96 kA.",
        "STR": "0",
        "SMA": "0,245 Km.",
        "SMI": "0,14099997 Km.",
        "CHI": "0,5",
        "metvlc_time_utc": "2026-10-05T20:02:00+00:00",
        "metvlc_time_source": "date+time",
        "metvlc_has_real_time": true,
        "metvlc_captura_utc": "2026-10-05T21:29:04+00:00",
        "metvlc_last_seen_utc": "2026-10-05T21:29:04+00:00",
        "metvlc_fuente": "SIGIF/GVA Rayos 24h KMZ"
      },
      "geometry": {
        "type": "Point",
        "coordinates": [
          -1.1842,
          39.4386
        ]
      }
    },
    {
      "type": "Feature",
      "properties": {
        "name": "05/10/2026 22:03:38",
        "COORD": "-1,1734,39,2716",
        "DATE": "2026-10-05",
        "TIME": "22:03",
        "MXI": "-11,83 kA.",
        "STR": "0",
        "SMA": "0,173 Km.",
        "SMI": "0,13299997 Km.",
        "CHI": "0,7",
        "metvlc_time_utc": "2026-10-05T20:03:00+00:00",
        "metvlc_time_source": "date+time",
        "metvlc_has_real_time": true,
        "metvlc_captura_utc": "2026-10-05T21:29:04+00:00",
        "metvlc_last_seen_utc": "2026-10-05T21:29:04+00:00",
        "metvlc_fuente": "SIGIF/GVA Rayos 24h KMZ"
      },
      "geometry": {
        "type": "Point",
        "coordinates": [
          -1.1734,
          39.2716
        ]
      }
    },
    {
      "type": "Feature",
      "properties": {
        "name": "05/10/2026 22:04:03",
        "COORD": "-1,146,39,2835",
        "DATE": "2026-10-05",
        "TIME": "22:04",
        "MXI": "-6,5 kA.",
        "STR": "0",
        "SMA": "1,061 Km.",
        "SMI": "0,263 Km.",
        "CHI": "0,5",
        "metvlc_time_utc": "2026-10-05T20:04:00+00:00",
        "metvlc_time_source": "date+time",
        "metvlc_has_real_time": true,
        "metvlc_captura_utc": "2026-10-05T21:29:04+00:00",
        "metvlc_last_seen_utc": "2026-10-05T21:29:04+00:00",
        "metvlc_fuente": "SIGIF/GVA Rayos 24h KMZ"
      },
      "geometry": {
        "type": "Point",
        "coordinates": [
          -1.146,
          39.2835
        ]
      }
    },
    {
      "type": "Feature",
      "properties": {
        "name": "05/10/2026 22:04:10",
        "COORD": "-1,1626,39,4496",
        "DATE": "2026-10-05",
        "TIME": "22:04",
        "MXI": "-9,05 kA.",
        "STR": "0",
        "SMA": "0,166 Km.",
        "SMI": "0,142 Km.",
        "CHI": "0,7",
        "metvlc_time_utc": "2026-10-05T20:04:00+00:00",
        "metvlc_time_source": "date+time",
        "metvlc_has_real_time": true,
        "metvlc_captura_utc": "2026-10-05T21:29:04+00:00",
        "metvlc_last_seen_utc": "2026-10-05T21:29:04+00:00",
        "metvlc_fuente": "SIGIF/GVA Rayos 24h KMZ"
      },
      "geometry": {
        "type": "Point",
        "coordinates": [
          -1.1626,
          39.4496
        ]
      }
    },
    {
      "type": "Feature",
      "properties": {
        "name": "05/10/2026 22:04:10",
        "COORD": "-1,1628,39,4489",
        "DATE": "2026-10-05",
        "TIME": "22:04",
        "MXI": "-20,74 kA.",
        "STR": "0",
        "SMA": "0,164 Km.",
        "SMI": "0,125 Km.",
        "CHI": "0,7",
        "metvlc_time_utc": "2026-10-05T20:04:00+00:00",
        "metvlc_time_source": "date+time",
        "metvlc_has_real_time": true,
        "metvlc_captura_utc": "2026-10-05T21:29:04+00:00",
        "metvlc_last_seen_utc": "2026-10-05T21:29:04+00:00",
        "metvlc_fuente": "SIGIF/GVA Rayos 24h KMZ"
      },
      "geometry": {
        "type": "Point",
        "coordinates": [
          -1.1628,
          39.4489
        ]
      }
    },
    {
      "type": "Feature",
      "properties": {
        "name": "05/10/2026 22:05:59",
        "COORD": "-1,1794,39,4639",
        "DATE": "2026-10-05",
        "TIME": "22:05",
        "MXI": "-33,5 kA.",
        "STR": "0",
        "SMA": "0,16 Km.",
        "SMI": "0,12399995 Km.",
        "CHI": "0,9",
        "metvlc_time_utc": "2026-10-05T20:05:00+00:00",
        "metvlc_time_source": "date+time",
        "metvlc_has_real_time": true,
        "metvlc_captura_utc": "2026-10-05T21:29:04+00:00",
        "metvlc_last_seen_utc": "2026-10-05T21:29:04+00:00",
        "metvlc_fuente": "SIGIF/GVA Rayos 24h KMZ"
      },
      "geometry": {
        "type": "Point",
        "coordinates": [
          -1.1794,
          39.4639
        ]
      }
    },
    {
      "type": "Feature",
      "properties": {
        "name": "05/10/2026 22:07:26",
        "COORD": "-1,1276,39,5625",
        "DATE": "2026-10-05",
        "TIME": "22:07",
        "MXI": "-8,83 kA.",
        "STR": "0",
        "SMA": "0,182 Km.",
        "SMI": "0,13700001 Km.",
        "CHI": "0,6",
        "metvlc_time_utc": "2026-10-05T20:07:00+00:00",
        "metvlc_time_source": "date+time",
        "metvlc_has_real_time": true,
        "metvlc_captura_utc": "2026-10-05T21:29:04+00:00",
        "metvlc_last_seen_utc": "2026-10-05T21:29:04+00:00",
        "metvlc_fuente": "SIGIF/GVA Rayos 24h KMZ"
      },
      "geometry": {
        "type": "Point",
        "coordinates": [
          -1.1276,
          39.5625
        ]
      }
    },
    {
      "type": "Feature",
      "properties": {
        "name": "05/10/2026 22:07:26",
        "COORD": "-1,1288,39,5623",
        "DATE": "2026-10-05",
        "TIME": "22:07",
        "MXI": "-12,18 kA.",
        "STR": "0",
        "SMA": "0,189 Km.",
        "SMI": "0,12900002 Km.",
        "CHI": "0,3",
        "metvlc_time_utc": "2026-10-05T20:07:00+00:00",
        "metvlc_time_source": "date+time",
        "metvlc_has_real_time": true,
        "metvlc_captura_utc": "2026-10-05T21:29:04+00:00",
        "metvlc_last_seen_utc": "2026-10-05T21:29:04+00:00",
        "metvlc_fuente": "SIGIF/GVA Rayos 24h KMZ"
      },
      "geometry": {
        "type": "Point",
        "coordinates": [
          -1.1288,
          39.5623
        ]
      }
    },
    {
      "type": "Feature",
      "properties": {
        "name": "05/10/2026 22:07:38",
        "COORD": "-1,1576,39,4681",
        "DATE": "2026-10-05",
        "TIME": "22:07",
        "MXI": "-10,26 kA.",
        "STR": "0",
        "SMA": "0,185 Km.",
        "SMI": "0,148 Km.",
        "CHI": "0,6",
        "metvlc_time_utc": "2026-10-05T20:07:00+00:00",
        "metvlc_time_source": "date+time",
        "metvlc_has_real_time": true,
        "metvlc_captura_utc": "2026-10-05T21:29:04+00:00",
        "metvlc_last_seen_utc": "2026-10-05T21:29:04+00:00",
        "metvlc_fuente": "SIGIF/GVA Rayos 24h KMZ"
      },
      "geometry": {
        "type": "Point",
        "coordinates": [
          -1.1576,
          39.4681
        ]
      }
    },
    {
      "type": "Feature",
      "properties": {
        "name": "05/10/2026 22:09:26",
        "COORD": "-1,1595,39,4895",
        "DATE": "2026-10-05",
        "TIME": "22:09",
        "MXI": "-26,23 kA.",
        "STR": "0",
        "SMA": "0,163 Km.",
        "SMI": "0,12400002 Km.",
        "CHI": "0,5",
        "metvlc_time_utc": "2026-10-05T20:09:00+00:00",
        "metvlc_time_source": "date+time",
        "metvlc_has_real_time": true,
        "metvlc_captura_utc": "2026-10-05T21:29:04+00:00",
        "metvlc_last_seen_utc": "2026-10-05T21:29:04+00:00",
        "metvlc_fuente": "SIGIF/GVA Rayos 24h KMZ"
      },
      "geometry": {
        "type": "Point",
        "coordinates": [
          -1.1595,
          39.4895
        ]
      }
    },
    {
      "type": "Feature",
      "properties": {
        "name": "05/10/2026 22:09:26",
        "COORD": "-1,1594,39,4898",
        "DATE": "2026-10-05",
        "TIME": "22:09",
        "MXI": "-20,54 kA.",
        "STR": "0",
        "SMA": "0,156 Km.",
        "SMI": "0,122999966 Km.",
        "CHI": "0,7",
        "metvlc_time_utc": "2026-10-05T20:09:00+00:00",
        "metvlc_time_source": "date+time",
        "metvlc_has_real_time": true,
        "metvlc_captura_utc": "2026-10-05T21:29:04+00:00",
        "metvlc_last_seen_utc": "2026-10-05T21:29:04+00:00",
        "metvlc_fuente": "SIGIF/GVA Rayos 24h KMZ"
      },
      "geometry": {
        "type": "Point",
        "coordinates": [
          -1.1594,
          39.4898
        ]
      }
    },
    {
      "type": "Feature",
      "properties": {
        "name": "05/10/2026 22:10:39",
        "COORD": "-1,1218,39,324",
        "DATE": "2026-10-05",
        "TIME": "22:10",
        "MXI": "-4,67 kA.",
        "STR": "0",
        "SMA": "0,375 Km.",
        "SMI": "0,216 Km.",
        "CHI": "0,4",
        "metvlc_time_utc": "2026-10-05T20:10:00+00:00",
        "metvlc_time_source": "date+time",
        "metvlc_has_real_time": true,
        "metvlc_captura_utc": "2026-10-05T21:29:04+00:00",
        "metvlc_last_seen_utc": "2026-10-05T21:29:04+00:00",
        "metvlc_fuente": "SIGIF/GVA Rayos 24h KMZ"
      },
      "geometry": {
        "type": "Point",
        "coordinates": [
          -1.1218,
          39.324
        ]
      }
    },
    {
      "type": "Feature",
      "properties": {
        "name": "05/10/2026 22:11:58",
        "COORD": "-1,0649,39,4277",
        "DATE": "2026-10-05",
        "TIME": "22:11",
        "MXI": "-7,59 kA.",
        "STR": "0",
        "SMA": "0,237 Km.",
        "SMI": "0,17799996 Km.",
        "CHI": "1,1",
        "metvlc_time_utc": "2026-10-05T20:11:00+00:00",
        "metvlc_time_source": "date+time",
        "metvlc_has_real_time": true,
        "metvlc_captura_utc": "2026-10-05T21:29:04+00:00",
        "metvlc_last_seen_utc": "2026-10-05T21:29:04+00:00",
        "metvlc_fuente": "SIGIF/GVA Rayos 24h KMZ"
      },
      "geometry": {
        "type": "Point",
        "coordinates": [
          -1.0649,
          39.4277
        ]
      }
    },
    {
      "type": "Feature",
      "properties": {
        "name": "05/10/2026 22:11:58",
        "COORD": "-1,0632,39,4256",
        "DATE": "2026-10-05",
        "TIME": "22:11",
        "MXI": "-11,58 kA.",
        "STR": "0",
        "SMA": "0,174 Km.",
        "SMI": "0,13299996 Km.",
        "CHI": "0,5",
        "metvlc_time_utc": "2026-10-05T20:11:00+00:00",
        "metvlc_time_source": "date+time",
        "metvlc_has_real_time": true,
        "metvlc_captura_utc": "2026-10-05T21:29:04+00:00",
        "metvlc_last_seen_utc": "2026-10-05T21:29:04+00:00",
        "metvlc_fuente": "SIGIF/GVA Rayos 24h KMZ"
      },
      "geometry": {
        "type": "Point",
        "coordinates": [
          -1.0632,
          39.4256
        ]
      }
    },
    {
      "type": "Feature",
      "properties": {
        "name": "05/10/2026 22:11:59",
        "COORD": "-1,0306,39,4176",
        "DATE": "2026-10-05",
        "TIME": "22:11",
        "MXI": "-8,35 kA.",
        "STR": "0",
        "SMA": "4,891 Km.",
        "SMI": "0,65500003 Km.",
        "CHI": "0",
        "metvlc_time_utc": "2026-10-05T20:11:00+00:00",
        "metvlc_time_source": "date+time",
        "metvlc_has_real_time": true,
        "metvlc_captura_utc": "2026-10-05T21:29:04+00:00",
        "metvlc_last_seen_utc": "2026-10-05T21:29:04+00:00",
        "metvlc_fuente": "SIGIF/GVA Rayos 24h KMZ"
      },
      "geometry": {
        "type": "Point",
        "coordinates": [
          -1.0306,
          39.4176
        ]
      }
    },
    {
      "type": "Feature",
      "properties": {
        "name": "05/10/2026 22:14:15",
        "COORD": "-1,0106,39,3265",
        "DATE": "2026-10-05",
        "TIME": "22:14",
        "MXI": "-9,3 kA.",
        "STR": "0",
        "SMA": "0,184 Km.",
        "SMI": "0,14900003 Km.",
        "CHI": "0,6",
        "metvlc_time_utc": "2026-10-05T20:14:00+00:00",
        "metvlc_time_source": "date+time",
        "metvlc_has_real_time": true,
        "metvlc_captura_utc": "2026-10-05T21:29:04+00:00",
        "metvlc_last_seen_utc": "2026-10-05T21:29:04+00:00",
        "metvlc_fuente": "SIGIF/GVA Rayos 24h KMZ"
      },
      "geometry": {
        "type": "Point",
        "coordinates": [
          -1.0106,
          39.3265
        ]
      }
    },
    {
      "type": "Feature",
      "properties": {
        "name": "05/10/2026 22:14:25",
        "COORD": "-1,1605,39,6198",
        "DATE": "2026-10-05",
        "TIME": "22:14",
        "MXI": "-21,83 kA.",
        "STR": "0",
        "SMA": "0,166 Km.",
        "SMI": "0,13000001 Km.",
        "CHI": "0,6",
        "metvlc_time_utc": "2026-10-05T20:14:00+00:00",
        "metvlc_time_source": "date+time",
        "metvlc_has_real_time": true,
        "metvlc_captura_utc": "2026-10-05T21:29:04+00:00",
        "metvlc_last_seen_utc": "2026-10-05T21:29:04+00:00",
        "metvlc_fuente": "SIGIF/GVA Rayos 24h KMZ"
      },
      "geometry": {
        "type": "Point",
        "coordinates": [
          -1.1605,
          39.6198
        ]
      }
    },
    {
      "type": "Feature",
      "properties": {
        "name": "05/10/2026 22:14:25",
        "COORD": "-1,1603,39,62",
        "DATE": "2026-10-05",
        "TIME": "22:14",
        "MXI": "-10,86 kA.",
        "STR": "0",
        "SMA": "0,172 Km.",
        "SMI": "0,13300002 Km.",
        "CHI": "0,5",
        "metvlc_time_utc": "2026-10-05T20:14:00+00:00",
        "metvlc_time_source": "date+time",
        "metvlc_has_real_time": true,
        "metvlc_captura_utc": "2026-10-05T21:29:04+00:00",
        "metvlc_last_seen_utc": "2026-10-05T21:29:04+00:00",
        "metvlc_fuente": "SIGIF/GVA Rayos 24h KMZ"
      },
      "geometry": {
        "type": "Point",
        "coordinates": [
          -1.1603,
          39.62
        ]
      }
    },
    {
      "type": "Feature",
      "properties": {
        "name": "05/10/2026 22:14:57",
        "COORD": "-1,0299,39,3262",
        "DATE": "2026-10-05",
        "TIME": "22:14",
        "MXI": "-13,09 kA.",
        "STR": "0",
        "SMA": "0,172 Km.",
        "SMI": "0,12600003 Km.",
        "CHI": "0,6",
        "metvlc_time_utc": "2026-10-05T20:14:00+00:00",
        "metvlc_time_source": "date+time",
        "metvlc_has_real_time": true,
        "metvlc_captura_utc": "2026-10-05T21:29:04+00:00",
        "metvlc_last_seen_utc": "2026-10-05T21:29:04+00:00",
        "metvlc_fuente": "SIGIF/GVA Rayos 24h KMZ"
      },
      "geometry": {
        "type": "Point",
        "coordinates": [
          -1.0299,
          39.3262
        ]
      }
    },
    {
      "type": "Feature",
      "properties": {
        "name": "05/10/2026 22:16:20",
        "COORD": "-1,1231,39,6029",
        "DATE": "2026-10-05",
        "TIME": "22:16",
        "MXI": "-10,57 kA.",
        "STR": "0",
        "SMA": "0,17 Km.",
        "SMI": "0,14099997 Km.",
        "CHI": "0,4",
        "metvlc_time_utc": "2026-10-05T20:16:00+00:00",
        "metvlc_time_source": "date+time",
        "metvlc_has_real_time": true,
        "metvlc_captura_utc": "2026-10-05T21:29:04+00:00",
        "metvlc_last_seen_utc": "2026-10-05T21:29:04+00:00",
        "metvlc_fuente": "SIGIF/GVA Rayos 24h KMZ"
      },
      "geometry": {
        "type": "Point",
        "coordinates": [
          -1.1231,
          39.6029
        ]
      }
    },
    {
      "type": "Feature",
      "properties": {
        "name": "05/10/2026 22:16:20",
        "COORD": "-1,1109,39,5925",
        "DATE": "2026-10-05",
        "TIME": "22:16",
        "MXI": "-6,65 kA.",
        "STR": "0",
        "SMA": "0,238 Km.",
        "SMI": "0,18499993 Km.",
        "CHI": "0,5",
        "metvlc_time_utc": "2026-10-05T20:16:00+00:00",
        "metvlc_time_source": "date+time",
        "metvlc_has_real_time": true,
        "metvlc_captura_utc": "2026-10-05T21:29:04+00:00",
        "metvlc_last_seen_utc": "2026-10-05T21:29:04+00:00",
        "metvlc_fuente": "SIGIF/GVA Rayos 24h KMZ"
      },
      "geometry": {
        "type": "Point",
        "coordinates": [
          -1.1109,
          39.5925
        ]
      }
    },
    {
      "type": "Feature",
      "properties": {
        "name": "05/10/2026 22:16:35",
        "COORD": "-1,0335,39,3254",
        "DATE": "2026-10-05",
        "TIME": "22:16",
        "MXI": "-19,41 kA.",
        "STR": "0",
        "SMA": "0,17 Km.",
        "SMI": "0,12600003 Km.",
        "CHI": "0,5",
        "metvlc_time_utc": "2026-10-05T20:16:00+00:00",
        "metvlc_time_source": "date+time",
        "metvlc_has_real_time": true,
        "metvlc_captura_utc": "2026-10-05T21:29:04+00:00",
        "metvlc_last_seen_utc": "2026-10-05T21:29:04+00:00",
        "metvlc_fuente": "SIGIF/GVA Rayos 24h KMZ"
      },
      "geometry": {
        "type": "Point",
        "coordinates": [
          -1.0335,
          39.3254
        ]
      }
    },
    {
      "type": "Feature",
      "properties": {
        "name": "05/10/2026 22:16:35",
        "COORD": "-1,0527,39,365",
        "DATE": "2026-10-05",
        "TIME": "22:16",
        "MXI": "-6,45 kA.",
        "STR": "0",
        "SMA": "0,244 Km.",
        "SMI": "0,17399998 Km.",
        "CHI": "0,6",
        "metvlc_time_utc": "2026-10-05T20:16:00+00:00",
        "metvlc_time_source": "date+time",
        "metvlc_has_real_time": true,
        "metvlc_captura_utc": "2026-10-05T21:29:04+00:00",
        "metvlc_last_seen_utc": "2026-10-05T21:29:04+00:00",
        "metvlc_fuente": "SIGIF/GVA Rayos 24h KMZ"
      },
      "geometry": {
        "type": "Point",
        "coordinates": [
          -1.0527,
          39.365
        ]
      }
    },
    {
      "type": "Feature",
      "properties": {
        "name": "05/10/2026 22:19:44",
        "COORD": "-1,0794,39,4898",
        "DATE": "2026-10-05",
        "TIME": "22:19",
        "MXI": "-10,94 kA.",
        "STR": "0",
        "SMA": "0,159 Km.",
        "SMI": "0,13299996 Km.",
        "CHI": "0,5",
        "metvlc_time_utc": "2026-10-05T20:19:00+00:00",
        "metvlc_time_source": "date+time",
        "metvlc_has_real_time": true,
        "metvlc_captura_utc": "2026-10-05T21:29:04+00:00",
        "metvlc_last_seen_utc": "2026-10-05T21:29:04+00:00",
        "metvlc_fuente": "SIGIF/GVA Rayos 24h KMZ"
      },
      "geometry": {
        "type": "Point",
        "coordinates": [
          -1.0794,
          39.4898
        ]
      }
    },
    {
      "type": "Feature",
      "properties": {
        "name": "05/10/2026 22:19:44",
        "COORD": "-1,1091,39,5088",
        "DATE": "2026-10-05",
        "TIME": "22:19",
        "MXI": "-6,21 kA.",
        "STR": "0",
        "SMA": "0,342 Km.",
        "SMI": "0,22399996 Km.",
        "CHI": "0,3",
        "metvlc_time_utc": "2026-10-05T20:19:00+00:00",
        "metvlc_time_source": "date+time",
        "metvlc_has_real_time": true,
        "metvlc_captura_utc": "2026-10-05T21:29:04+00:00",
        "metvlc_last_seen_utc": "2026-10-05T21:29:04+00:00",
        "metvlc_fuente": "SIGIF/GVA Rayos 24h KMZ"
      },
      "geometry": {
        "type": "Point",
        "coordinates": [
          -1.1091,
          39.5088
        ]
      }
    },
    {
      "type": "Feature",
      "properties": {
        "name": "05/10/2026 22:19:44",
        "COORD": "-1,0874,39,5031",
        "DATE": "2026-10-05",
        "TIME": "22:19",
        "MXI": "-12,51 kA.",
        "STR": "0",
        "SMA": "0,169 Km.",
        "SMI": "0,14500004 Km.",
        "CHI": "0,8",
        "metvlc_time_utc": "2026-10-05T20:19:00+00:00",
        "metvlc_time_source": "date+time",
        "metvlc_has_real_time": true,
        "metvlc_captura_utc": "2026-10-05T21:29:04+00:00",
        "metvlc_last_seen_utc": "2026-10-05T21:29:04+00:00",
        "metvlc_fuente": "SIGIF/GVA Rayos 24h KMZ"
      },
      "geometry": {
        "type": "Point",
        "coordinates": [
          -1.0874,
          39.5031
        ]
      }
    },
    {
      "type": "Feature",
      "properties": {
        "name": "05/10/2026 22:19:55",
        "COORD": "-1,2019,39,4701",
        "DATE": "2026-10-05",
        "TIME": "22:19",
        "MXI": "-53,46 kA.",
        "STR": "0",
        "SMA": "0,837 Km.",
        "SMI": "0,23000002 Km.",
        "CHI": "2,5",
        "metvlc_time_utc": "2026-10-05T20:19:00+00:00",
        "metvlc_time_source": "date+time",
        "metvlc_has_real_time": true,
        "metvlc_captura_utc": "2026-10-05T21:29:04+00:00",
        "metvlc_last_seen_utc": "2026-10-05T21:29:04+00:00",
        "metvlc_fuente": "SIGIF/GVA Rayos 24h KMZ"
      },
      "geometry": {
        "type": "Point",
        "coordinates": [
          -1.2019,
          39.4701
        ]
      }
    },
    {
      "type": "Feature",
      "properties": {
        "name": "05/10/2026 22:23:05",
        "COORD": "-0,9902,39,4375",
        "DATE": "2026-10-05",
        "TIME": "22:23",
        "MXI": "-16,63 kA.",
        "STR": "0",
        "SMA": "0,168 Km.",
        "SMI": "0,12999997 Km.",
        "CHI": "0,8",
        "metvlc_time_utc": "2026-10-05T20:23:00+00:00",
        "metvlc_time_source": "date+time",
        "metvlc_has_real_time": true,
        "metvlc_captura_utc": "2026-10-05T21:29:04+00:00",
        "metvlc_last_seen_utc": "2026-10-05T21:29:04+00:00",
        "metvlc_fuente": "SIGIF/GVA Rayos 24h KMZ"
      },
      "geometry": {
        "type": "Point",
        "coordinates": [
          -0.9902,
          39.4375
        ]
      }
    },
    {
      "type": "Feature",
      "properties": {
        "name": "05/10/2026 22:23:32",
        "COORD": "-1,1109,39,6313",
        "DATE": "2026-10-05",
        "TIME": "22:23",
        "MXI": "-19,4 kA.",
        "STR": "0",
        "SMA": "0,195 Km.",
        "SMI": "0,13300003 Km.",
        "CHI": "0,7",
        "metvlc_time_utc": "2026-10-05T20:23:00+00:00",
        "metvlc_time_source": "date+time",
        "metvlc_has_real_time": true,
        "metvlc_captura_utc": "2026-10-05T21:29:04+00:00",
        "metvlc_last_seen_utc": "2026-10-05T21:29:04+00:00",
        "metvlc_fuente": "SIGIF/GVA Rayos 24h KMZ"
      },
      "geometry": {
        "type": "Point",
        "coordinates": [
          -1.1109,
          39.6313
        ]
      }
    },
    {
      "type": "Feature",
      "properties": {
        "name": "05/10/2026 22:23:41",
        "COORD": "-0,9436,39,3134",
        "DATE": "2026-10-05",
        "TIME": "22:23",
        "MXI": "-10,25 kA.",
        "STR": "0",
        "SMA": "0,22 Km.",
        "SMI": "0,14699997 Km.",
        "CHI": "0,7",
        "metvlc_time_utc": "2026-10-05T20:23:00+00:00",
        "metvlc_time_source": "date+time",
        "metvlc_has_real_time": true,
        "metvlc_captura_utc": "2026-10-05T21:29:04+00:00",
        "metvlc_last_seen_utc": "2026-10-05T21:29:04+00:00",
        "metvlc_fuente": "SIGIF/GVA Rayos 24h KMZ"
      },
      "geometry": {
        "type": "Point",
        "coordinates": [
          -0.9436,
          39.3134
        ]
      }
    },
    {
      "type": "Feature",
      "properties": {
        "name": "05/10/2026 22:23:56",
        "COORD": "-1,0157,39,4475",
        "DATE": "2026-10-05",
        "TIME": "22:23",
        "MXI": "-16,92 kA.",
        "STR": "0",
        "SMA": "0,175 Km.",
        "SMI": "0,13400002 Km.",
        "CHI": "0,7",
        "metvlc_time_utc": "2026-10-05T20:23:00+00:00",
        "metvlc_time_source": "date+time",
        "metvlc_has_real_time": true,
        "metvlc_captura_utc": "2026-10-05T21:29:04+00:00",
        "metvlc_last_seen_utc": "2026-10-05T21:29:04+00:00",
        "metvlc_fuente": "SIGIF/GVA Rayos 24h KMZ"
      },
      "geometry": {
        "type": "Point",
        "coordinates": [
          -1.0157,
          39.4475
        ]
      }
    },
    {
      "type": "Feature",
      "properties": {
        "name": "05/10/2026 22:23:56",
        "COORD": "-1,0155,39,4452",
        "DATE": "2026-10-05",
        "TIME": "22:23",
        "MXI": "-15,81 kA.",
        "STR": "0",
        "SMA": "0,214 Km.",
        "SMI": "0,124000035 Km.",
        "CHI": "0,2",
        "metvlc_time_utc": "2026-10-05T20:23:00+00:00",
        "metvlc_time_source": "date+time",
        "metvlc_has_real_time": true,
        "metvlc_captura_utc": "2026-10-05T21:29:04+00:00",
        "metvlc_last_seen_utc": "2026-10-05T21:29:04+00:00",
        "metvlc_fuente": "SIGIF/GVA Rayos 24h KMZ"
      },
      "geometry": {
        "type": "Point",
        "coordinates": [
          -1.0155,
          39.4452
        ]
      }
    },
    {
      "type": "Feature",
      "properties": {
        "name": "05/10/2026 22:25:07",
        "COORD": "-1,0769,39,527",
        "DATE": "2026-10-05",
        "TIME": "22:25",
        "MXI": "-12,27 kA.",
        "STR": "0",
        "SMA": "0,168 Km.",
        "SMI": "0,12600003 Km.",
        "CHI": "0,2",
        "metvlc_time_utc": "2026-10-05T20:25:00+00:00",
        "metvlc_time_source": "date+time",
        "metvlc_has_real_time": true,
        "metvlc_captura_utc": "2026-10-05T21:29:04+00:00",
        "metvlc_last_seen_utc": "2026-10-05T21:29:04+00:00",
        "metvlc_fuente": "SIGIF/GVA Rayos 24h KMZ"
      },
      "geometry": {
        "type": "Point",
        "coordinates": [
          -1.0769,
          39.527
        ]
      }
    },
    {
      "type": "Feature",
      "properties": {
        "name": "05/10/2026 22:25:07",
        "COORD": "-1,0778,39,5272",
        "DATE": "2026-10-05",
        "TIME": "22:25",
        "MXI": "-24,45 kA.",
        "STR": "0",
        "SMA": "0,181 Km.",
        "SMI": "0,12299997 Km.",
        "CHI": "1",
        "metvlc_time_utc": "2026-10-05T20:25:00+00:00",
        "metvlc_time_source": "date+time",
        "metvlc_has_real_time": true,
        "metvlc_captura_utc": "2026-10-05T21:29:04+00:00",
        "metvlc_last_seen_utc": "2026-10-05T21:29:04+00:00",
        "metvlc_fuente": "SIGIF/GVA Rayos 24h KMZ"
      },
      "geometry": {
        "type": "Point",
        "coordinates": [
          -1.0778,
          39.5272
        ]
      }
    },
    {
      "type": "Feature",
      "properties": {
        "name": "05/10/2026 22:26:52",
        "COORD": "-1,0246,39,489",
        "DATE": "2026-10-05",
        "TIME": "22:26",
        "MXI": "-8,3 kA.",
        "STR": "0",
        "SMA": "0,258 Km.",
        "SMI": "0,14299998 Km.",
        "CHI": "0,3",
        "metvlc_time_utc": "2026-10-05T20:26:00+00:00",
        "metvlc_time_source": "date+time",
        "metvlc_has_real_time": true,
        "metvlc_captura_utc": "2026-10-05T21:29:04+00:00",
        "metvlc_last_seen_utc": "2026-10-05T21:29:04+00:00",
        "metvlc_fuente": "SIGIF/GVA Rayos 24h KMZ"
      },
      "geometry": {
        "type": "Point",
        "coordinates": [
          -1.0246,
          39.489
        ]
      }
    },
    {
      "type": "Feature",
      "properties": {
        "name": "05/10/2026 22:28:04",
        "COORD": "-1,0445,39,5154",
        "DATE": "2026-10-05",
        "TIME": "22:28",
        "MXI": "-11,68 kA.",
        "STR": "0",
        "SMA": "0,189 Km.",
        "SMI": "0,126 Km.",
        "CHI": "0,5",
        "metvlc_time_utc": "2026-10-05T20:28:00+00:00",
        "metvlc_time_source": "date+time",
        "metvlc_has_real_time": true,
        "metvlc_captura_utc": "2026-10-05T21:29:04+00:00",
        "metvlc_last_seen_utc": "2026-10-05T21:29:04+00:00",
        "metvlc_fuente": "SIGIF/GVA Rayos 24h KMZ"
      },
      "geometry": {
        "type": "Point",
        "coordinates": [
          -1.0445,
          39.5154
        ]
      }
    },
    {
      "type": "Feature",
      "properties": {
        "name": "05/10/2026 22:29:10",
        "COORD": "-1,0417,39,5356",
        "DATE": "2026-10-05",
        "TIME": "22:29",
        "MXI": "-19,11 kA.",
        "STR": "0",
        "SMA": "0,166 Km.",
        "SMI": "0,125 Km.",
        "CHI": "0,5",
        "metvlc_time_utc": "2026-10-05T20:29:00+00:00",
        "metvlc_time_source": "date+time",
        "metvlc_has_real_time": true,
        "metvlc_captura_utc": "2026-10-05T21:29:04+00:00",
        "metvlc_last_seen_utc": "2026-10-05T21:29:04+00:00",
        "metvlc_fuente": "SIGIF/GVA Rayos 24h KMZ"
      },
      "geometry": {
        "type": "Point",
        "coordinates": [
          -1.0417,
          39.5356
        ]
      }
    },
    {
      "type": "Feature",
      "properties": {
        "name": "05/10/2026 22:29:10",
        "COORD": "-1,0411,39,5356",
        "DATE": "2026-10-05",
        "TIME": "22:29",
        "MXI": "-12,78 kA.",
        "STR": "0",
        "SMA": "0,168 Km.",
        "SMI": "0,14899997 Km.",
        "CHI": "0,4",
        "metvlc_time_utc": "2026-10-05T20:29:00+00:00",
        "metvlc_time_source": "date+time",
        "metvlc_has_real_time": true,
        "metvlc_captura_utc": "2026-10-05T21:29:04+00:00",
        "metvlc_last_seen_utc": "2026-10-05T21:29:04+00:00",
        "metvlc_fuente": "SIGIF/GVA Rayos 24h KMZ"
      },
      "geometry": {
        "type": "Point",
        "coordinates": [
          -1.0411,
          39.5356
        ]
      }
    },
    {
      "type": "Feature",
      "properties": {
        "name": "05/10/2026 22:29:48",
        "COORD": "-1,036,39,5374",
        "DATE": "2026-10-05",
        "TIME": "22:29",
        "MXI": "-13,41 kA.",
        "STR": "0",
        "SMA": "0,161 Km.",
        "SMI": "0,12699994 Km.",
        "CHI": "0,7",
        "metvlc_time_utc": "2026-10-05T20:29:00+00:00",
        "metvlc_time_source": "date+time",
        "metvlc_has_real_time": true,
        "metvlc_captura_utc": "2026-10-05T21:29:04+00:00",
        "metvlc_last_seen_utc": "2026-10-05T21:29:04+00:00",
        "metvlc_fuente": "SIGIF/GVA Rayos 24h KMZ"
      },
      "geometry": {
        "type": "Point",
        "coordinates": [
          -1.036,
          39.5374
        ]
      }
    },
    {
      "type": "Feature",
      "properties": {
        "name": "05/10/2026 22:30:37",
        "COORD": "-1,0326,39,5547",
        "DATE": "2026-10-05",
        "TIME": "22:30",
        "MXI": "-22,37 kA.",
        "STR": "0",
        "SMA": "0,16 Km.",
        "SMI": "0,125 Km.",
        "CHI": "0,7",
        "metvlc_time_utc": "2026-10-05T20:30:00+00:00",
        "metvlc_time_source": "date+time",
        "metvlc_has_real_time": true,
        "metvlc_captura_utc": "2026-10-05T21:29:04+00:00",
        "metvlc_last_seen_utc": "2026-10-05T21:29:04+00:00",
        "metvlc_fuente": "SIGIF/GVA Rayos 24h KMZ"
      },
      "geometry": {
        "type": "Point",
        "coordinates": [
          -1.0326,
          39.5547
        ]
      }
    },
    {
      "type": "Feature",
      "properties": {
        "name": "05/10/2026 22:31:42",
        "COORD": "-0,9324,39,4125",
        "DATE": "2026-10-05",
        "TIME": "22:31",
        "MXI": "-7,53 kA.",
        "STR": "0",
        "SMA": "0,289 Km.",
        "SMI": "0,18800001 Km.",
        "CHI": "0,3",
        "metvlc_time_utc": "2026-10-05T20:31:00+00:00",
        "metvlc_time_source": "date+time",
        "metvlc_has_real_time": true,
        "metvlc_captura_utc": "2026-10-05T21:29:04+00:00",
        "metvlc_last_seen_utc": "2026-10-05T21:29:04+00:00",
        "metvlc_fuente": "SIGIF/GVA Rayos 24h KMZ"
      },
      "geometry": {
        "type": "Point",
        "coordinates": [
          -0.9324,
          39.4125
        ]
      }
    },
    {
      "type": "Feature",
      "properties": {
        "name": "05/10/2026 22:32:25",
        "COORD": "-1,0205,39,5593",
        "DATE": "2026-10-05",
        "TIME": "22:32",
        "MXI": "-17,61 kA.",
        "STR": "0",
        "SMA": "0,176 Km.",
        "SMI": "0,121999994 Km.",
        "CHI": "0,7",
        "metvlc_time_utc": "2026-10-05T20:32:00+00:00",
        "metvlc_time_source": "date+time",
        "metvlc_has_real_time": true,
        "metvlc_captura_utc": "2026-10-05T21:29:04+00:00",
        "metvlc_last_seen_utc": "2026-10-05T21:29:04+00:00",
        "metvlc_fuente": "SIGIF/GVA Rayos 24h KMZ"
      },
      "geometry": {
        "type": "Point",
        "coordinates": [
          -1.0205,
          39.5593
        ]
      }
    },
    {
      "type": "Feature",
      "properties": {
        "name": "05/10/2026 22:32:58",
        "COORD": "-0,9252,39,5046",
        "DATE": "2026-10-05",
        "TIME": "22:32",
        "MXI": "-13,57 kA.",
        "STR": "0",
        "SMA": "0,181 Km.",
        "SMI": "0,12599999 Km.",
        "CHI": "0,2",
        "metvlc_time_utc": "2026-10-05T20:32:00+00:00",
        "metvlc_time_source": "date+time",
        "metvlc_has_real_time": true,
        "metvlc_captura_utc": "2026-10-05T21:29:04+00:00",
        "metvlc_last_seen_utc": "2026-10-05T21:29:04+00:00",
        "metvlc_fuente": "SIGIF/GVA Rayos 24h KMZ"
      },
      "geometry": {
        "type": "Point",
        "coordinates": [
          -0.9252,
          39.5046
        ]
      }
    },
    {
      "type": "Feature",
      "properties": {
        "name": "05/10/2026 22:32:58",
        "COORD": "-0,9434,39,4858",
        "DATE": "2026-10-05",
        "TIME": "22:32",
        "MXI": "-10,65 kA.",
        "STR": "0",
        "SMA": "0,192 Km.",
        "SMI": "0,133 Km.",
        "CHI": "0,4",
        "metvlc_time_utc": "2026-10-05T20:32:00+00:00",
        "metvlc_time_source": "date+time",
        "metvlc_has_real_time": true,
        "metvlc_captura_utc": "2026-10-05T21:29:04+00:00",
        "metvlc_last_seen_utc": "2026-10-05T21:29:04+00:00",
        "metvlc_fuente": "SIGIF/GVA Rayos 24h KMZ"
      },
      "geometry": {
        "type": "Point",
        "coordinates": [
          -0.9434,
          39.4858
        ]
      }
    },
    {
      "type": "Feature",
      "properties": {
        "name": "05/10/2026 22:33:41",
        "COORD": "-0,9299,39,5034",
        "DATE": "2026-10-05",
        "TIME": "22:33",
        "MXI": "-15,15 kA.",
        "STR": "0",
        "SMA": "0,177 Km.",
        "SMI": "0,125 Km.",
        "CHI": "0,5",
        "metvlc_time_utc": "2026-10-05T20:33:00+00:00",
        "metvlc_time_source": "date+time",
        "metvlc_has_real_time": true,
        "metvlc_captura_utc": "2026-10-05T21:29:04+00:00",
        "metvlc_last_seen_utc": "2026-10-05T21:29:04+00:00",
        "metvlc_fuente": "SIGIF/GVA Rayos 24h KMZ"
      },
      "geometry": {
        "type": "Point",
        "coordinates": [
          -0.9299,
          39.5034
        ]
      }
    },
    {
      "type": "Feature",
      "properties": {
        "name": "05/10/2026 22:33:41",
        "COORD": "-0,9103,39,512",
        "DATE": "2026-10-05",
        "TIME": "22:33",
        "MXI": "-16,58 kA.",
        "STR": "0",
        "SMA": "0,172 Km.",
        "SMI": "0,13100001 Km.",
        "CHI": "0,5",
        "metvlc_time_utc": "2026-10-05T20:33:00+00:00",
        "metvlc_time_source": "date+time",
        "metvlc_has_real_time": true,
        "metvlc_captura_utc": "2026-10-05T21:29:04+00:00",
        "metvlc_last_seen_utc": "2026-10-05T21:29:04+00:00",
        "metvlc_fuente": "SIGIF/GVA Rayos 24h KMZ"
      },
      "geometry": {
        "type": "Point",
        "coordinates": [
          -0.9103,
          39.512
        ]
      }
    },
    {
      "type": "Feature",
      "properties": {
        "name": "05/10/2026 22:33:41",
        "COORD": "-0,9301,39,5026",
        "DATE": "2026-10-05",
        "TIME": "22:33",
        "MXI": "-16,49 kA.",
        "STR": "0",
        "SMA": "0,179 Km.",
        "SMI": "0,12699999 Km.",
        "CHI": "0,4",
        "metvlc_time_utc": "2026-10-05T20:33:00+00:00",
        "metvlc_time_source": "date+time",
        "metvlc_has_real_time": true,
        "metvlc_captura_utc": "2026-10-05T21:29:04+00:00",
        "metvlc_last_seen_utc": "2026-10-05T21:29:04+00:00",
        "metvlc_fuente": "SIGIF/GVA Rayos 24h KMZ"
      },
      "geometry": {
        "type": "Point",
        "coordinates": [
          -0.9301,
          39.5026
        ]
      }
    },
    {
      "type": "Feature",
      "properties": {
        "name": "05/10/2026 22:34:08",
        "COORD": "-0,9647,39,4979",
        "DATE": "2026-10-05",
        "TIME": "22:34",
        "MXI": "-8,37 kA.",
        "STR": "0",
        "SMA": "0,242 Km.",
        "SMI": "0,17500003 Km.",
        "CHI": "0,1",
        "metvlc_time_utc": "2026-10-05T20:34:00+00:00",
        "metvlc_time_source": "date+time",
        "metvlc_has_real_time": true,
        "metvlc_captura_utc": "2026-10-05T21:29:04+00:00",
        "metvlc_last_seen_utc": "2026-10-05T21:29:04+00:00",
        "metvlc_fuente": "SIGIF/GVA Rayos 24h KMZ"
      },
      "geometry": {
        "type": "Point",
        "coordinates": [
          -0.9647,
          39.4979
        ]
      }
    },
    {
      "type": "Feature",
      "properties": {
        "name": "05/10/2026 22:34:08",
        "COORD": "-0,9515,39,5044",
        "DATE": "2026-10-05",
        "TIME": "22:34",
        "MXI": "-13,44 kA.",
        "STR": "0",
        "SMA": "0,195 Km.",
        "SMI": "0,13099997 Km.",
        "CHI": "0,4",
        "metvlc_time_utc": "2026-10-05T20:34:00+00:00",
        "metvlc_time_source": "date+time",
        "metvlc_has_real_time": true,
        "metvlc_captura_utc": "2026-10-05T21:29:04+00:00",
        "metvlc_last_seen_utc": "2026-10-05T21:29:04+00:00",
        "metvlc_fuente": "SIGIF/GVA Rayos 24h KMZ"
      },
      "geometry": {
        "type": "Point",
        "coordinates": [
          -0.9515,
          39.5044
        ]
      }
    },
    {
      "type": "Feature",
      "properties": {
        "name": "05/10/2026 22:34:33",
        "COORD": "-0,9731,39,5392",
        "DATE": "2026-10-05",
        "TIME": "22:34",
        "MXI": "-6,3 kA.",
        "STR": "0",
        "SMA": "0,289 Km.",
        "SMI": "0,18600005 Km.",
        "CHI": "0,4",
        "metvlc_time_utc": "2026-10-05T20:34:00+00:00",
        "metvlc_time_source": "date+time",
        "metvlc_has_real_time": true,
        "metvlc_captura_utc": "2026-10-05T21:29:04+00:00",
        "metvlc_last_seen_utc": "2026-10-05T21:29:04+00:00",
        "metvlc_fuente": "SIGIF/GVA Rayos 24h KMZ"
      },
      "geometry": {
        "type": "Point",
        "coordinates": [
          -0.9731,
          39.5392
        ]
      }
    },
    {
      "type": "Feature",
      "properties": {
        "name": "05/10/2026 22:35:30",
        "COORD": "-0,9529,39,4921",
        "DATE": "2026-10-05",
        "TIME": "22:35",
        "MXI": "-16,23 kA.",
        "STR": "0",
        "SMA": "0,18 Km.",
        "SMI": "0,12100004 Km.",
        "CHI": "0,9",
        "metvlc_time_utc": "2026-10-05T20:35:00+00:00",
        "metvlc_time_source": "date+time",
        "metvlc_has_real_time": true,
        "metvlc_captura_utc": "2026-10-05T21:29:04+00:00",
        "metvlc_last_seen_utc": "2026-10-05T21:29:04+00:00",
        "metvlc_fuente": "SIGIF/GVA Rayos 24h KMZ"
      },
      "geometry": {
        "type": "Point",
        "coordinates": [
          -0.9529,
          39.4921
        ]
      }
    },
    {
      "type": "Feature",
      "properties": {
        "name": "05/10/2026 22:35:30",
        "COORD": "-0,9527,39,4927",
        "DATE": "2026-10-05",
        "TIME": "22:35",
        "MXI": "-15,55 kA.",
        "STR": "0",
        "SMA": "0,178 Km.",
        "SMI": "0,13199998 Km.",
        "CHI": "0,5",
        "metvlc_time_utc": "2026-10-05T20:35:00+00:00",
        "metvlc_time_source": "date+time",
        "metvlc_has_real_time": true,
        "metvlc_captura_utc": "2026-10-05T21:29:04+00:00",
        "metvlc_last_seen_utc": "2026-10-05T21:29:04+00:00",
        "metvlc_fuente": "SIGIF/GVA Rayos 24h KMZ"
      },
      "geometry": {
        "type": "Point",
        "coordinates": [
          -0.9527,
          39.4927
        ]
      }
    },
    {
      "type": "Feature",
      "properties": {
        "name": "05/10/2026 22:35:54",
        "COORD": "-0,9161,39,4953",
        "DATE": "2026-10-05",
        "TIME": "22:35",
        "MXI": "-18,38 kA.",
        "STR": "0",
        "SMA": "0,172 Km.",
        "SMI": "0,13599999 Km.",
        "CHI": "0,8",
        "metvlc_time_utc": "2026-10-05T20:35:00+00:00",
        "metvlc_time_source": "date+time",
        "metvlc_has_real_time": true,
        "metvlc_captura_utc": "2026-10-05T21:29:04+00:00",
        "metvlc_last_seen_utc": "2026-10-05T21:29:04+00:00",
        "metvlc_fuente": "SIGIF/GVA Rayos 24h KMZ"
      },
      "geometry": {
        "type": "Point",
        "coordinates": [
          -0.9161,
          39.4953
        ]
      }
    },
    {
      "type": "Feature",
      "properties": {
        "name": "05/10/2026 22:35:54",
        "COORD": "-0,9164,39,4968",
        "DATE": "2026-10-05",
        "TIME": "22:35",
        "MXI": "-6,75 kA.",
        "STR": "0",
        "SMA": "0,318 Km.",
        "SMI": "0,19700001 Km.",
        "CHI": "1,6",
        "metvlc_time_utc": "2026-10-05T20:35:00+00:00",
        "metvlc_time_source": "date+time",
        "metvlc_has_real_time": true,
        "metvlc_captura_utc": "2026-10-05T21:29:04+00:00",
        "metvlc_last_seen_utc": "2026-10-05T21:29:04+00:00",
        "metvlc_fuente": "SIGIF/GVA Rayos 24h KMZ"
      },
      "geometry": {
        "type": "Point",
        "coordinates": [
          -0.9164,
          39.4968
        ]
      }
    },
    {
      "type": "Feature",
      "properties": {
        "name": "05/10/2026 22:35:54",
        "COORD": "-0,9155,39,4946",
        "DATE": "2026-10-05",
        "TIME": "22:35",
        "MXI": "-16,85 kA.",
        "STR": "0",
        "SMA": "0,182 Km.",
        "SMI": "0,12899996 Km.",
        "CHI": "0,5",
        "metvlc_time_utc": "2026-10-05T20:35:00+00:00",
        "metvlc_time_source": "date+time",
        "metvlc_has_real_time": true,
        "metvlc_captura_utc": "2026-10-05T21:29:04+00:00",
        "metvlc_last_seen_utc": "2026-10-05T21:29:04+00:00",
        "metvlc_fuente": "SIGIF/GVA Rayos 24h KMZ"
      },
      "geometry": {
        "type": "Point",
        "coordinates": [
          -0.9155,
          39.4946
        ]
      }
    },
    {
      "type": "Feature",
      "properties": {
        "name": "05/10/2026 22:35:55",
        "COORD": "-0,916,39,4943",
        "DATE": "2026-10-05",
        "TIME": "22:35",
        "MXI": "-16,23 kA.",
        "STR": "0",
        "SMA": "0,17 Km.",
        "SMI": "0,131 Km.",
        "CHI": "0,8",
        "metvlc_time_utc": "2026-10-05T20:35:00+00:00",
        "metvlc_time_source": "date+time",
        "metvlc_has_real_time": true,
        "metvlc_captura_utc": "2026-10-05T21:29:04+00:00",
        "metvlc_last_seen_utc": "2026-10-05T21:29:04+00:00",
        "metvlc_fuente": "SIGIF/GVA Rayos 24h KMZ"
      },
      "geometry": {
        "type": "Point",
        "coordinates": [
          -0.916,
          39.4943
        ]
      }
    },
    {
      "type": "Feature",
      "properties": {
        "name": "05/10/2026 22:35:55",
        "COORD": "-0,9162,39,4961",
        "DATE": "2026-10-05",
        "TIME": "22:35",
        "MXI": "-9,12 kA.",
        "STR": "0",
        "SMA": "0,313 Km.",
        "SMI": "0,17799999 Km.",
        "CHI": "1,1",
        "metvlc_time_utc": "2026-10-05T20:35:00+00:00",
        "metvlc_time_source": "date+time",
        "metvlc_has_real_time": true,
        "metvlc_captura_utc": "2026-10-05T21:29:04+00:00",
        "metvlc_last_seen_utc": "2026-10-05T21:29:04+00:00",
        "metvlc_fuente": "SIGIF/GVA Rayos 24h KMZ"
      },
      "geometry": {
        "type": "Point",
        "coordinates": [
          -0.9162,
          39.4961
        ]
      }
    },
    {
      "type": "Feature",
      "properties": {
        "name": "05/10/2026 22:35:55",
        "COORD": "-0,9155,39,4953",
        "DATE": "2026-10-05",
        "TIME": "22:35",
        "MXI": "-6,74 kA.",
        "STR": "0",
        "SMA": "0,288 Km.",
        "SMI": "0,18699999 Km.",
        "CHI": "0,5",
        "metvlc_time_utc": "2026-10-05T20:35:00+00:00",
        "metvlc_time_source": "date+time",
        "metvlc_has_real_time": true,
        "metvlc_captura_utc": "2026-10-05T21:29:04+00:00",
        "metvlc_last_seen_utc": "2026-10-05T21:29:04+00:00",
        "metvlc_fuente": "SIGIF/GVA Rayos 24h KMZ"
      },
      "geometry": {
        "type": "Point",
        "coordinates": [
          -0.9155,
          39.4953
        ]
      }
    },
    {
      "type": "Feature",
      "properties": {
        "name": "05/10/2026 22:35:55",
        "COORD": "-0,9171,39,4947",
        "DATE": "2026-10-05",
        "TIME": "22:35",
        "MXI": "-9,44 kA.",
        "STR": "0",
        "SMA": "0,235 Km.",
        "SMI": "0,16299997 Km.",
        "CHI": "0,8",
        "metvlc_time_utc": "2026-10-05T20:35:00+00:00",
        "metvlc_time_source": "date+time",
        "metvlc_has_real_time": true,
        "metvlc_captura_utc": "2026-10-05T21:29:04+00:00",
        "metvlc_last_seen_utc": "2026-10-05T21:29:04+00:00",
        "metvlc_fuente": "SIGIF/GVA Rayos 24h KMZ"
      },
      "geometry": {
        "type": "Point",
        "coordinates": [
          -0.9171,
          39.4947
        ]
      }
    },
    {
      "type": "Feature",
      "properties": {
        "name": "05/10/2026 22:35:55",
        "COORD": "-0,9159,39,4974",
        "DATE": "2026-10-05",
        "TIME": "22:35",
        "MXI": "-7,02 kA.",
        "STR": "0",
        "SMA": "0,318 Km.",
        "SMI": "0,171 Km.",
        "CHI": "1,2",
        "metvlc_time_utc": "2026-10-05T20:35:00+00:00",
        "metvlc_time_source": "date+time",
        "metvlc_has_real_time": true,
        "metvlc_captura_utc": "2026-10-05T21:29:04+00:00",
        "metvlc_last_seen_utc": "2026-10-05T21:29:04+00:00",
        "metvlc_fuente": "SIGIF/GVA Rayos 24h KMZ"
      },
      "geometry": {
        "type": "Point",
        "coordinates": [
          -0.9159,
          39.4974
        ]
      }
    },
    {
      "type": "Feature",
      "properties": {
        "name": "05/10/2026 22:36:21",
        "COORD": "-0,9406,39,556",
        "DATE": "2026-10-05",
        "TIME": "22:36",
        "MXI": "-18,23 kA.",
        "STR": "0",
        "SMA": "0,172 Km.",
        "SMI": "0,13100001 Km.",
        "CHI": "0,3",
        "metvlc_time_utc": "2026-10-05T20:36:00+00:00",
        "metvlc_time_source": "date+time",
        "metvlc_has_real_time": true,
        "metvlc_captura_utc": "2026-10-05T21:29:04+00:00",
        "metvlc_last_seen_utc": "2026-10-05T21:29:04+00:00",
        "metvlc_fuente": "SIGIF/GVA Rayos 24h KMZ"
      },
      "geometry": {
        "type": "Point",
        "coordinates": [
          -0.9406,
          39.556
        ]
      }
    },
    {
      "type": "Feature",
      "properties": {
        "name": "05/10/2026 22:37:20",
        "COORD": "-0,9913,39,5499",
        "DATE": "2026-10-05",
        "TIME": "22:37",
        "MXI": "-8,86 kA.",
        "STR": "0",
        "SMA": "0,213 Km.",
        "SMI": "0,16800003 Km.",
        "CHI": "0,8",
        "metvlc_time_utc": "2026-10-05T20:37:00+00:00",
        "metvlc_time_source": "date+time",
        "metvlc_has_real_time": true,
        "metvlc_captura_utc": "2026-10-05T21:29:04+00:00",
        "metvlc_last_seen_utc": "2026-10-05T21:29:04+00:00",
        "metvlc_fuente": "SIGIF/GVA Rayos 24h KMZ"
      },
      "geometry": {
        "type": "Point",
        "coordinates": [
          -0.9913,
          39.5499
        ]
      }
    },
    {
      "type": "Feature",
      "properties": {
        "name": "05/10/2026 22:37:20",
        "COORD": "-0,9941,39,5404",
        "DATE": "2026-10-05",
        "TIME": "22:37",
        "MXI": "-17,8 kA.",
        "STR": "0",
        "SMA": "0,16 Km.",
        "SMI": "0,12399995 Km.",
        "CHI": "0,9",
        "metvlc_time_utc": "2026-10-05T20:37:00+00:00",
        "metvlc_time_source": "date+time",
        "metvlc_has_real_time": true,
        "metvlc_captura_utc": "2026-10-05T21:29:04+00:00",
        "metvlc_last_seen_utc": "2026-10-05T21:29:04+00:00",
        "metvlc_fuente": "SIGIF/GVA Rayos 24h KMZ"
      },
      "geometry": {
        "type": "Point",
        "coordinates": [
          -0.9941,
          39.5404
        ]
      }
    },
    {
      "type": "Feature",
      "properties": {
        "name": "05/10/2026 22:37:21",
        "COORD": "-0,9371,39,5542",
        "DATE": "2026-10-05",
        "TIME": "22:37",
        "MXI": "-25,86 kA.",
        "STR": "0",
        "SMA": "0,166 Km.",
        "SMI": "0,13099995 Km.",
        "CHI": "0,9",
        "metvlc_time_utc": "2026-10-05T20:37:00+00:00",
        "metvlc_time_source": "date+time",
        "metvlc_has_real_time": true,
        "metvlc_captura_utc": "2026-10-05T21:29:04+00:00",
        "metvlc_last_seen_utc": "2026-10-05T21:29:04+00:00",
        "metvlc_fuente": "SIGIF/GVA Rayos 24h KMZ"
      },
      "geometry": {
        "type": "Point",
        "coordinates": [
          -0.9371,
          39.5542
        ]
      }
    },
    {
      "type": "Feature",
      "properties": {
        "name": "05/10/2026 22:37:24",
        "COORD": "-0,9199,39,501",
        "DATE": "2026-10-05",
        "TIME": "22:37",
        "MXI": "-17,53 kA.",
        "STR": "0",
        "SMA": "0,182 Km.",
        "SMI": "0,13799995 Km.",
        "CHI": "0,8",
        "metvlc_time_utc": "2026-10-05T20:37:00+00:00",
        "metvlc_time_source": "date+time",
        "metvlc_has_real_time": true,
        "metvlc_captura_utc": "2026-10-05T21:29:04+00:00",
        "metvlc_last_seen_utc": "2026-10-05T21:29:04+00:00",
        "metvlc_fuente": "SIGIF/GVA Rayos 24h KMZ"
      },
      "geometry": {
        "type": "Point",
        "coordinates": [
          -0.9199,
          39.501
        ]
      }
    },
    {
      "type": "Feature",
      "properties": {
        "name": "05/10/2026 22:37:56",
        "COORD": "-0,9952,39,5689",
        "DATE": "2026-10-05",
        "TIME": "22:37",
        "MXI": "-21,91 kA.",
        "STR": "0",
        "SMA": "0,157 Km.",
        "SMI": "0,124000005 Km.",
        "CHI": "1",
        "metvlc_time_utc": "2026-10-05T20:37:00+00:00",
        "metvlc_time_source": "date+time",
        "metvlc_has_real_time": true,
        "metvlc_captura_utc": "2026-10-05T21:29:04+00:00",
        "metvlc_last_seen_utc": "2026-10-05T21:29:04+00:00",
        "metvlc_fuente": "SIGIF/GVA Rayos 24h KMZ"
      },
      "geometry": {
        "type": "Point",
        "coordinates": [
          -0.9952,
          39.5689
        ]
      }
    },
    {
      "type": "Feature",
      "properties": {
        "name": "05/10/2026 22:37:56",
        "COORD": "-0,9697,39,5496",
        "DATE": "2026-10-05",
        "TIME": "22:37",
        "MXI": "-8,01 kA.",
        "STR": "0",
        "SMA": "0,227 Km.",
        "SMI": "0,17799999 Km.",
        "CHI": "0,7",
        "metvlc_time_utc": "2026-10-05T20:37:00+00:00",
        "metvlc_time_source": "date+time",
        "metvlc_has_real_time": true,
        "metvlc_captura_utc": "2026-10-05T21:29:04+00:00",
        "metvlc_last_seen_utc": "2026-10-05T21:29:04+00:00",
        "metvlc_fuente": "SIGIF/GVA Rayos 24h KMZ"
      },
      "geometry": {
        "type": "Point",
        "coordinates": [
          -0.9697,
          39.5496
        ]
      }
    },
    {
      "type": "Feature",
      "properties": {
        "name": "05/10/2026 22:38:12",
        "COORD": "-0,8595,39,4876",
        "DATE": "2026-10-05",
        "TIME": "22:38",
        "MXI": "-14,14 kA.",
        "STR": "0",
        "SMA": "0,18 Km.",
        "SMI": "0,128 Km.",
        "CHI": "0,6",
        "metvlc_time_utc": "2026-10-05T20:38:00+00:00",
        "metvlc_time_source": "date+time",
        "metvlc_has_real_time": true,
        "metvlc_captura_utc": "2026-10-05T21:29:04+00:00",
        "metvlc_last_seen_utc": "2026-10-05T21:29:04+00:00",
        "metvlc_fuente": "SIGIF/GVA Rayos 24h KMZ"
      },
      "geometry": {
        "type": "Point",
        "coordinates": [
          -0.8595,
          39.4876
        ]
      }
    },
    {
      "type": "Feature",
      "properties": {
        "name": "05/10/2026 22:38:12",
        "COORD": "-0,8588,39,488",
        "DATE": "2026-10-05",
        "TIME": "22:38",
        "MXI": "-23,15 kA.",
        "STR": "0",
        "SMA": "0,221 Km.",
        "SMI": "0,12800004 Km.",
        "CHI": "0,4",
        "metvlc_time_utc": "2026-10-05T20:38:00+00:00",
        "metvlc_time_source": "date+time",
        "metvlc_has_real_time": true,
        "metvlc_captura_utc": "2026-10-05T21:29:04+00:00",
        "metvlc_last_seen_utc": "2026-10-05T21:29:04+00:00",
        "metvlc_fuente": "SIGIF/GVA Rayos 24h KMZ"
      },
      "geometry": {
        "type": "Point",
        "coordinates": [
          -0.8588,
          39.488
        ]
      }
    },
    {
      "type": "Feature",
      "properties": {
        "name": "05/10/2026 22:38:12",
        "COORD": "-0,8599,39,488",
        "DATE": "2026-10-05",
        "TIME": "22:38",
        "MXI": "-7,03 kA.",
        "STR": "0",
        "SMA": "0,303 Km.",
        "SMI": "0,18999998 Km.",
        "CHI": "0,4",
        "metvlc_time_utc": "2026-10-05T20:38:00+00:00",
        "metvlc_time_source": "date+time",
        "metvlc_has_real_time": true,
        "metvlc_captura_utc": "2026-10-05T21:29:04+00:00",
        "metvlc_last_seen_utc": "2026-10-05T21:29:04+00:00",
        "metvlc_fuente": "SIGIF/GVA Rayos 24h KMZ"
      },
      "geometry": {
        "type": "Point",
        "coordinates": [
          -0.8599,
          39.488
        ]
      }
    },
    {
      "type": "Feature",
      "properties": {
        "name": "05/10/2026 22:38:13",
        "COORD": "-0,86,39,488",
        "DATE": "2026-10-05",
        "TIME": "22:38",
        "MXI": "-7,12 kA.",
        "STR": "0",
        "SMA": "0,293 Km.",
        "SMI": "0,18400005 Km.",
        "CHI": "0,4",
        "metvlc_time_utc": "2026-10-05T20:38:00+00:00",
        "metvlc_time_source": "date+time",
        "metvlc_has_real_time": true,
        "metvlc_captura_utc": "2026-10-05T21:29:04+00:00",
        "metvlc_last_seen_utc": "2026-10-05T21:29:04+00:00",
        "metvlc_fuente": "SIGIF/GVA Rayos 24h KMZ"
      },
      "geometry": {
        "type": "Point",
        "coordinates": [
          -0.86,
          39.488
        ]
      }
    },
    {
      "type": "Feature",
      "properties": {
        "name": "05/10/2026 22:38:13",
        "COORD": "-0,8595,39,4901",
        "DATE": "2026-10-05",
        "TIME": "22:38",
        "MXI": "-6,02 kA.",
        "STR": "0",
        "SMA": "0,237 Km.",
        "SMI": "0,21499991 Km.",
        "CHI": "1,1",
        "metvlc_time_utc": "2026-10-05T20:38:00+00:00",
        "metvlc_time_source": "date+time",
        "metvlc_has_real_time": true,
        "metvlc_captura_utc": "2026-10-05T21:29:04+00:00",
        "metvlc_last_seen_utc": "2026-10-05T21:29:04+00:00",
        "metvlc_fuente": "SIGIF/GVA Rayos 24h KMZ"
      },
      "geometry": {
        "type": "Point",
        "coordinates": [
          -0.8595,
          39.4901
        ]
      }
    },
    {
      "type": "Feature",
      "properties": {
        "name": "05/10/2026 22:38:13",
        "COORD": "-0,8596,39,4882",
        "DATE": "2026-10-05",
        "TIME": "22:38",
        "MXI": "-9,87 kA.",
        "STR": "0",
        "SMA": "0,224 Km.",
        "SMI": "0,14599995 Km.",
        "CHI": "0,3",
        "metvlc_time_utc": "2026-10-05T20:38:00+00:00",
        "metvlc_time_source": "date+time",
        "metvlc_has_real_time": true,
        "metvlc_captura_utc": "2026-10-05T21:29:04+00:00",
        "metvlc_last_seen_utc": "2026-10-05T21:29:04+00:00",
        "metvlc_fuente": "SIGIF/GVA Rayos 24h KMZ"
      },
      "geometry": {
        "type": "Point",
        "coordinates": [
          -0.8596,
          39.4882
        ]
      }
    },
    {
      "type": "Feature",
      "properties": {
        "name": "05/10/2026 22:38:13",
        "COORD": "-0,859,39,4883",
        "DATE": "2026-10-05",
        "TIME": "22:38",
        "MXI": "-6,79 kA.",
        "STR": "0",
        "SMA": "0,244 Km.",
        "SMI": "0,17999995 Km.",
        "CHI": "0,3",
        "metvlc_time_utc": "2026-10-05T20:38:00+00:00",
        "metvlc_time_source": "date+time",
        "metvlc_has_real_time": true,
        "metvlc_captura_utc": "2026-10-05T21:29:04+00:00",
        "metvlc_last_seen_utc": "2026-10-05T21:29:04+00:00",
        "metvlc_fuente": "SIGIF/GVA Rayos 24h KMZ"
      },
      "geometry": {
        "type": "Point",
        "coordinates": [
          -0.859,
          39.4883
        ]
      }
    },
    {
      "type": "Feature",
      "properties": {
        "name": "05/10/2026 22:38:32",
        "COORD": "-0,8652,39,4963",
        "DATE": "2026-10-05",
        "TIME": "22:38",
        "MXI": "-23,84 kA.",
        "STR": "0",
        "SMA": "0,168 Km.",
        "SMI": "0,12999997 Km.",
        "CHI": "1",
        "metvlc_time_utc": "2026-10-05T20:38:00+00:00",
        "metvlc_time_source": "date+time",
        "metvlc_has_real_time": true,
        "metvlc_captura_utc": "2026-10-05T21:29:04+00:00",
        "metvlc_last_seen_utc": "2026-10-05T21:29:04+00:00",
        "metvlc_fuente": "SIGIF/GVA Rayos 24h KMZ"
      },
      "geometry": {
        "type": "Point",
        "coordinates": [
          -0.8652,
          39.4963
        ]
      }
    },
    {
      "type": "Feature",
      "properties": {
        "name": "05/10/2026 22:38:33",
        "COORD": "-0,9811,39,5595",
        "DATE": "2026-10-05",
        "TIME": "22:38",
        "MXI": "-17,24 kA.",
        "STR": "0",
        "SMA": "0,171 Km.",
        "SMI": "0,12699997 Km.",
        "CHI": "0,4",
        "metvlc_time_utc": "2026-10-05T20:38:00+00:00",
        "metvlc_time_source": "date+time",
        "metvlc_has_real_time": true,
        "metvlc_captura_utc": "2026-10-05T21:29:04+00:00",
        "metvlc_last_seen_utc": "2026-10-05T21:29:04+00:00",
        "metvlc_fuente": "SIGIF/GVA Rayos 24h KMZ"
      },
      "geometry": {
        "type": "Point",
        "coordinates": [
          -0.9811,
          39.5595
        ]
      }
    },
    {
      "type": "Feature",
      "properties": {
        "name": "05/10/2026 22:38:56",
        "COORD": "-0,8985,39,4822",
        "DATE": "2026-10-05",
        "TIME": "22:38",
        "MXI": "-13,46 kA.",
        "STR": "0",
        "SMA": "0,175 Km.",
        "SMI": "0,13300005 Km.",
        "CHI": "0,3",
        "metvlc_time_utc": "2026-10-05T20:38:00+00:00",
        "metvlc_time_source": "date+time",
        "metvlc_has_real_time": true,
        "metvlc_captura_utc": "2026-10-05T21:29:04+00:00",
        "metvlc_last_seen_utc": "2026-10-05T21:29:04+00:00",
        "metvlc_fuente": "SIGIF/GVA Rayos 24h KMZ"
      },
      "geometry": {
        "type": "Point",
        "coordinates": [
          -0.8985,
          39.4822
        ]
      }
    },
    {
      "type": "Feature",
      "properties": {
        "name": "05/10/2026 22:38:56",
        "COORD": "-0,8991,39,4831",
        "DATE": "2026-10-05",
        "TIME": "22:38",
        "MXI": "-6,41 kA.",
        "STR": "0",
        "SMA": "0,292 Km.",
        "SMI": "0,18399994 Km.",
        "CHI": "0,1",
        "metvlc_time_utc": "2026-10-05T20:38:00+00:00",
        "metvlc_time_source": "date+time",
        "metvlc_has_real_time": true,
        "metvlc_captura_utc": "2026-10-05T21:29:04+00:00",
        "metvlc_last_seen_utc": "2026-10-05T21:29:04+00:00",
        "metvlc_fuente": "SIGIF/GVA Rayos 24h KMZ"
      },
      "geometry": {
        "type": "Point",
        "coordinates": [
          -0.8991,
          39.4831
        ]
      }
    },
    {
      "type": "Feature",
      "properties": {
        "name": "05/10/2026 22:38:56",
        "COORD": "-0,8995,39,4822",
        "DATE": "2026-10-05",
        "TIME": "22:38",
        "MXI": "-9,48 kA.",
        "STR": "0",
        "SMA": "0,2 Km.",
        "SMI": "0,15400003 Km.",
        "CHI": "0,5",
        "metvlc_time_utc": "2026-10-05T20:38:00+00:00",
        "metvlc_time_source": "date+time",
        "metvlc_has_real_time": true,
        "metvlc_captura_utc": "2026-10-05T21:29:04+00:00",
        "metvlc_last_seen_utc": "2026-10-05T21:29:04+00:00",
        "metvlc_fuente": "SIGIF/GVA Rayos 24h KMZ"
      },
      "geometry": {
        "type": "Point",
        "coordinates": [
          -0.8995,
          39.4822
        ]
      }
    },
    {
      "type": "Feature",
      "properties": {
        "name": "05/10/2026 22:39:03",
        "COORD": "-0,9822,39,5778",
        "DATE": "2026-10-05",
        "TIME": "22:39",
        "MXI": "-23,23 kA.",
        "STR": "0",
        "SMA": "0,157 Km.",
        "SMI": "0,125 Km.",
        "CHI": "1",
        "metvlc_time_utc": "2026-10-05T20:39:00+00:00",
        "metvlc_time_source": "date+time",
        "metvlc_has_real_time": true,
        "metvlc_captura_utc": "2026-10-05T21:29:04+00:00",
        "metvlc_last_seen_utc": "2026-10-05T21:29:04+00:00",
        "metvlc_fuente": "SIGIF/GVA Rayos 24h KMZ"
      },
      "geometry": {
        "type": "Point",
        "coordinates": [
          -0.9822,
          39.5778
        ]
      }
    },
    {
      "type": "Feature",
      "properties": {
        "name": "05/10/2026 22:39:03",
        "COORD": "-0,9826,39,5781",
        "DATE": "2026-10-05",
        "TIME": "22:39",
        "MXI": "-6,16 kA.",
        "STR": "0",
        "SMA": "0,224 Km.",
        "SMI": "0,17899996 Km.",
        "CHI": "0,3",
        "metvlc_time_utc": "2026-10-05T20:39:00+00:00",
        "metvlc_time_source": "date+time",
        "metvlc_has_real_time": true,
        "metvlc_captura_utc": "2026-10-05T21:29:04+00:00",
        "metvlc_last_seen_utc": "2026-10-05T21:29:04+00:00",
        "metvlc_fuente": "SIGIF/GVA Rayos 24h KMZ"
      },
      "geometry": {
        "type": "Point",
        "coordinates": [
          -0.9826,
          39.5781
        ]
      }
    },
    {
      "type": "Feature",
      "properties": {
        "name": "05/10/2026 22:39:03",
        "COORD": "-0,9822,39,5784",
        "DATE": "2026-10-05",
        "TIME": "22:39",
        "MXI": "-36,69 kA.",
        "STR": "0",
        "SMA": "0,165 Km.",
        "SMI": "0,13600004 Km.",
        "CHI": "1,2",
        "metvlc_time_utc": "2026-10-05T20:39:00+00:00",
        "metvlc_time_source": "date+time",
        "metvlc_has_real_time": true,
        "metvlc_captura_utc": "2026-10-05T21:29:04+00:00",
        "metvlc_last_seen_utc": "2026-10-05T21:29:04+00:00",
        "metvlc_fuente": "SIGIF/GVA Rayos 24h KMZ"
      },
      "geometry": {
        "type": "Point",
        "coordinates": [
          -0.9822,
          39.5784
        ]
      }
    },
    {
      "type": "Feature",
      "properties": {
        "name": "05/10/2026 22:39:03",
        "COORD": "-0,9822,39,5773",
        "DATE": "2026-10-05",
        "TIME": "22:39",
        "MXI": "-7,18 kA.",
        "STR": "0",
        "SMA": "0,291 Km.",
        "SMI": "0,16999997 Km.",
        "CHI": "0,4",
        "metvlc_time_utc": "2026-10-05T20:39:00+00:00",
        "metvlc_time_source": "date+time",
        "metvlc_has_real_time": true,
        "metvlc_captura_utc": "2026-10-05T21:29:04+00:00",
        "metvlc_last_seen_utc": "2026-10-05T21:29:04+00:00",
        "metvlc_fuente": "SIGIF/GVA Rayos 24h KMZ"
      },
      "geometry": {
        "type": "Point",
        "coordinates": [
          -0.9822,
          39.5773
        ]
      }
    },
    {
      "type": "Feature",
      "properties": {
        "name": "05/10/2026 22:39:03",
        "COORD": "-0,9819,39,5777",
        "DATE": "2026-10-05",
        "TIME": "22:39",
        "MXI": "-10,67 kA.",
        "STR": "0",
        "SMA": "0,158 Km.",
        "SMI": "0,12900004 Km.",
        "CHI": "0,5",
        "metvlc_time_utc": "2026-10-05T20:39:00+00:00",
        "metvlc_time_source": "date+time",
        "metvlc_has_real_time": true,
        "metvlc_captura_utc": "2026-10-05T21:29:04+00:00",
        "metvlc_last_seen_utc": "2026-10-05T21:29:04+00:00",
        "metvlc_fuente": "SIGIF/GVA Rayos 24h KMZ"
      },
      "geometry": {
        "type": "Point",
        "coordinates": [
          -0.9819,
          39.5777
        ]
      }
    },
    {
      "type": "Feature",
      "properties": {
        "name": "05/10/2026 22:39:27",
        "COORD": "-0,9708,39,5561",
        "DATE": "2026-10-05",
        "TIME": "22:39",
        "MXI": "-9,14 kA.",
        "STR": "0",
        "SMA": "0,176 Km.",
        "SMI": "0,13499996 Km.",
        "CHI": "0,4",
        "metvlc_time_utc": "2026-10-05T20:39:00+00:00",
        "metvlc_time_source": "date+time",
        "metvlc_has_real_time": true,
        "metvlc_captura_utc": "2026-10-05T21:29:04+00:00",
        "metvlc_last_seen_utc": "2026-10-05T21:29:04+00:00",
        "metvlc_fuente": "SIGIF/GVA Rayos 24h KMZ"
      },
      "geometry": {
        "type": "Point",
        "coordinates": [
          -0.9708,
          39.5561
        ]
      }
    },
    {
      "type": "Feature",
      "properties": {
        "name": "05/10/2026 22:39:44",
        "COORD": "-0,8783,39,4963",
        "DATE": "2026-10-05",
        "TIME": "22:39",
        "MXI": "-13,85 kA.",
        "STR": "0",
        "SMA": "0,192 Km.",
        "SMI": "0,121999964 Km.",
        "CHI": "0,3",
        "metvlc_time_utc": "2026-10-05T20:39:00+00:00",
        "metvlc_time_source": "date+time",
        "metvlc_has_real_time": true,
        "metvlc_captura_utc": "2026-10-05T21:29:04+00:00",
        "metvlc_last_seen_utc": "2026-10-05T21:29:04+00:00",
        "metvlc_fuente": "SIGIF/GVA Rayos 24h KMZ"
      },
      "geometry": {
        "type": "Point",
        "coordinates": [
          -0.8783,
          39.4963
        ]
      }
    },
    {
      "type": "Feature",
      "properties": {
        "name": "05/10/2026 22:40:00",
        "COORD": "-0,9621,39,5637",
        "DATE": "2026-10-05",
        "TIME": "22:40",
        "MXI": "-5,96 kA.",
        "STR": "0",
        "SMA": "0,222 Km.",
        "SMI": "0,185 Km.",
        "CHI": "0,7",
        "metvlc_time_utc": "2026-10-05T20:40:00+00:00",
        "metvlc_time_source": "date+time",
        "metvlc_has_real_time": true,
        "metvlc_captura_utc": "2026-10-05T21:29:04+00:00",
        "metvlc_last_seen_utc": "2026-10-05T21:29:04+00:00",
        "metvlc_fuente": "SIGIF/GVA Rayos 24h KMZ"
      },
      "geometry": {
        "type": "Point",
        "coordinates": [
          -0.9621,
          39.5637
        ]
      }
    },
    {
      "type": "Feature",
      "properties": {
        "name": "05/10/2026 22:40:00",
        "COORD": "-0,9368,39,5483",
        "DATE": "2026-10-05",
        "TIME": "22:40",
        "MXI": "-21,27 kA.",
        "STR": "0",
        "SMA": "0,164 Km.",
        "SMI": "0,129 Km.",
        "CHI": "0,5",
        "metvlc_time_utc": "2026-10-05T20:40:00+00:00",
        "metvlc_time_source": "date+time",
        "metvlc_has_real_time": true,
        "metvlc_captura_utc": "2026-10-05T21:29:04+00:00",
        "metvlc_last_seen_utc": "2026-10-05T21:29:04+00:00",
        "metvlc_fuente": "SIGIF/GVA Rayos 24h KMZ"
      },
      "geometry": {
        "type": "Point",
        "coordinates": [
          -0.9368,
          39.5483
        ]
      }
    },
    {
      "type": "Feature",
      "properties": {
        "name": "05/10/2026 22:40:00",
        "COORD": "-0,9365,39,5483",
        "DATE": "2026-10-05",
        "TIME": "22:40",
        "MXI": "-18,15 kA.",
        "STR": "0",
        "SMA": "0,161 Km.",
        "SMI": "0,12200001 Km.",
        "CHI": "1",
        "metvlc_time_utc": "2026-10-05T20:40:00+00:00",
        "metvlc_time_source": "date+time",
        "metvlc_has_real_time": true,
        "metvlc_captura_utc": "2026-10-05T21:29:04+00:00",
        "metvlc_last_seen_utc": "2026-10-05T21:29:04+00:00",
        "metvlc_fuente": "SIGIF/GVA Rayos 24h KMZ"
      },
      "geometry": {
        "type": "Point",
        "coordinates": [
          -0.9365,
          39.5483
        ]
      }
    },
    {
      "type": "Feature",
      "properties": {
        "name": "05/10/2026 22:40:00",
        "COORD": "-0,9367,39,5488",
        "DATE": "2026-10-05",
        "TIME": "22:40",
        "MXI": "-11,18 kA.",
        "STR": "0",
        "SMA": "0,165 Km.",
        "SMI": "0,13500004 Km.",
        "CHI": "0,5",
        "metvlc_time_utc": "2026-10-05T20:40:00+00:00",
        "metvlc_time_source": "date+time",
        "metvlc_has_real_time": true,
        "metvlc_captura_utc": "2026-10-05T21:29:04+00:00",
        "metvlc_last_seen_utc": "2026-10-05T21:29:04+00:00",
        "metvlc_fuente": "SIGIF/GVA Rayos 24h KMZ"
      },
      "geometry": {
        "type": "Point",
        "coordinates": [
          -0.9367,
          39.5488
        ]
      }
    },
    {
      "type": "Feature",
      "properties": {
        "name": "05/10/2026 22:40:00",
        "COORD": "-0,9586,39,5791",
        "DATE": "2026-10-05",
        "TIME": "22:40",
        "MXI": "-4,18 kA.",
        "STR": "0",
        "SMA": "1,811 Km.",
        "SMI": "0,289 Km.",
        "CHI": "0",
        "metvlc_time_utc": "2026-10-05T20:40:00+00:00",
        "metvlc_time_source": "date+time",
        "metvlc_has_real_time": true,
        "metvlc_captura_utc": "2026-10-05T21:29:04+00:00",
        "metvlc_last_seen_utc": "2026-10-05T21:29:04+00:00",
        "metvlc_fuente": "SIGIF/GVA Rayos 24h KMZ"
      },
      "geometry": {
        "type": "Point",
        "coordinates": [
          -0.9586,
          39.5791
        ]
      }
    },
    {
      "type": "Feature",
      "properties": {
        "name": "05/10/2026 22:40:41",
        "COORD": "-0,8955,39,5045",
        "DATE": "2026-10-05",
        "TIME": "22:40",
        "MXI": "-10,51 kA.",
        "STR": "0",
        "SMA": "0,211 Km.",
        "SMI": "0,14900003 Km.",
        "CHI": "0,6",
        "metvlc_time_utc": "2026-10-05T20:40:00+00:00",
        "metvlc_time_source": "date+time",
        "metvlc_has_real_time": true,
        "metvlc_captura_utc": "2026-10-05T21:29:04+00:00",
        "metvlc_last_seen_utc": "2026-10-05T21:29:04+00:00",
        "metvlc_fuente": "SIGIF/GVA Rayos 24h KMZ"
      },
      "geometry": {
        "type": "Point",
        "coordinates": [
          -0.8955,
          39.5045
        ]
      }
    },
    {
      "type": "Feature",
      "properties": {
        "name": "05/10/2026 22:40:41",
        "COORD": "-0,8968,39,5053",
        "DATE": "2026-10-05",
        "TIME": "22:40",
        "MXI": "-22,18 kA.",
        "STR": "0",
        "SMA": "0,179 Km.",
        "SMI": "0,12699999 Km.",
        "CHI": "0,8",
        "metvlc_time_utc": "2026-10-05T20:40:00+00:00",
        "metvlc_time_source": "date+time",
        "metvlc_has_real_time": true,
        "metvlc_captura_utc": "2026-10-05T21:29:04+00:00",
        "metvlc_last_seen_utc": "2026-10-05T21:29:04+00:00",
        "metvlc_fuente": "SIGIF/GVA Rayos 24h KMZ"
      },
      "geometry": {
        "type": "Point",
        "coordinates": [
          -0.8968,
          39.5053
        ]
      }
    },
    {
      "type": "Feature",
      "properties": {
        "name": "05/10/2026 22:40:41",
        "COORD": "-0,8967,39,5073",
        "DATE": "2026-10-05",
        "TIME": "22:40",
        "MXI": "-7,65 kA.",
        "STR": "0",
        "SMA": "0,315 Km.",
        "SMI": "0,17599997 Km.",
        "CHI": "1",
        "metvlc_time_utc": "2026-10-05T20:40:00+00:00",
        "metvlc_time_source": "date+time",
        "metvlc_has_real_time": true,
        "metvlc_captura_utc": "2026-10-05T21:29:04+00:00",
        "metvlc_last_seen_utc": "2026-10-05T21:29:04+00:00",
        "metvlc_fuente": "SIGIF/GVA Rayos 24h KMZ"
      },
      "geometry": {
        "type": "Point",
        "coordinates": [
          -0.8967,
          39.5073
        ]
      }
    },
    {
      "type": "Feature",
      "properties": {
        "name": "05/10/2026 22:40:41",
        "COORD": "-0,896,39,5049",
        "DATE": "2026-10-05",
        "TIME": "22:40",
        "MXI": "-5,55 kA.",
        "STR": "0",
        "SMA": "0,342 Km.",
        "SMI": "0,21399999 Km.",
        "CHI": "0,2",
        "metvlc_time_utc": "2026-10-05T20:40:00+00:00",
        "metvlc_time_source": "date+time",
        "metvlc_has_real_time": true,
        "metvlc_captura_utc": "2026-10-05T21:29:04+00:00",
        "metvlc_last_seen_utc": "2026-10-05T21:29:04+00:00",
        "metvlc_fuente": "SIGIF/GVA Rayos 24h KMZ"
      },
      "geometry": {
        "type": "Point",
        "coordinates": [
          -0.896,
          39.5049
        ]
      }
    },
    {
      "type": "Feature",
      "properties": {
        "name": "05/10/2026 22:40:41",
        "COORD": "-0,8966,39,5061",
        "DATE": "2026-10-05",
        "TIME": "22:40",
        "MXI": "-13,53 kA.",
        "STR": "0",
        "SMA": "0,169 Km.",
        "SMI": "0,136 Km.",
        "CHI": "0,8",
        "metvlc_time_utc": "2026-10-05T20:40:00+00:00",
        "metvlc_time_source": "date+time",
        "metvlc_has_real_time": true,
        "metvlc_captura_utc": "2026-10-05T21:29:04+00:00",
        "metvlc_last_seen_utc": "2026-10-05T21:29:04+00:00",
        "metvlc_fuente": "SIGIF/GVA Rayos 24h KMZ"
      },
      "geometry": {
        "type": "Point",
        "coordinates": [
          -0.8966,
          39.5061
        ]
      }
    },
    {
      "type": "Feature",
      "properties": {
        "name": "05/10/2026 22:40:41",
        "COORD": "-0,9714,39,5658",
        "DATE": "2026-10-05",
        "TIME": "22:40",
        "MXI": "-6,26 kA.",
        "STR": "0",
        "SMA": "0,411 Km.",
        "SMI": "0,20900004 Km.",
        "CHI": "0,2",
        "metvlc_time_utc": "2026-10-05T20:40:00+00:00",
        "metvlc_time_source": "date+time",
        "metvlc_has_real_time": true,
        "metvlc_captura_utc": "2026-10-05T21:29:04+00:00",
        "metvlc_last_seen_utc": "2026-10-05T21:29:04+00:00",
        "metvlc_fuente": "SIGIF/GVA Rayos 24h KMZ"
      },
      "geometry": {
        "type": "Point",
        "coordinates": [
          -0.9714,
          39.5658
        ]
      }
    },
    {
      "type": "Feature",
      "properties": {
        "name": "05/10/2026 22:40:41",
        "COORD": "-0,8967,39,5064",
        "DATE": "2026-10-05",
        "TIME": "22:40",
        "MXI": "-9,43 kA.",
        "STR": "0",
        "SMA": "0,234 Km.",
        "SMI": "0,17399995 Km.",
        "CHI": "0,5",
        "metvlc_time_utc": "2026-10-05T20:40:00+00:00",
        "metvlc_time_source": "date+time",
        "metvlc_has_real_time": true,
        "metvlc_captura_utc": "2026-10-05T21:29:04+00:00",
        "metvlc_last_seen_utc": "2026-10-05T21:29:04+00:00",
        "metvlc_fuente": "SIGIF/GVA Rayos 24h KMZ"
      },
      "geometry": {
        "type": "Point",
        "coordinates": [
          -0.8967,
          39.5064
        ]
      }
    },
    {
      "type": "Feature",
      "properties": {
        "name": "05/10/2026 22:41:13",
        "COORD": "-0,9428,39,5642",
        "DATE": "2026-10-05",
        "TIME": "22:41",
        "MXI": "-19,7 kA.",
        "STR": "0",
        "SMA": "0,165 Km.",
        "SMI": "0,12899998 Km.",
        "CHI": "0,7",
        "metvlc_time_utc": "2026-10-05T20:41:00+00:00",
        "metvlc_time_source": "date+time",
        "metvlc_has_real_time": true,
        "metvlc_captura_utc": "2026-10-05T21:29:04+00:00",
        "metvlc_last_seen_utc": "2026-10-05T21:29:04+00:00",
        "metvlc_fuente": "SIGIF/GVA Rayos 24h KMZ"
      },
      "geometry": {
        "type": "Point",
        "coordinates": [
          -0.9428,
          39.5642
        ]
      }
    },
    {
      "type": "Feature",
      "properties": {
        "name": "05/10/2026 22:41:42",
        "COORD": "-0,8332,39,4888",
        "DATE": "2026-10-05",
        "TIME": "22:41",
        "MXI": "-12,16 kA.",
        "STR": "0",
        "SMA": "0,181 Km.",
        "SMI": "0,137 Km.",
        "CHI": "0,3",
        "metvlc_time_utc": "2026-10-05T20:41:00+00:00",
        "metvlc_time_source": "date+time",
        "metvlc_has_real_time": true,
        "metvlc_captura_utc": "2026-10-05T21:29:04+00:00",
        "metvlc_last_seen_utc": "2026-10-05T21:29:04+00:00",
        "metvlc_fuente": "SIGIF/GVA Rayos 24h KMZ"
      },
      "geometry": {
        "type": "Point",
        "coordinates": [
          -0.8332,
          39.4888
        ]
      }
    },
    {
      "type": "Feature",
      "properties": {
        "name": "05/10/2026 22:42:46",
        "COORD": "-0,9391,39,5667",
        "DATE": "2026-10-05",
        "TIME": "22:42",
        "MXI": "-12,72 kA.",
        "STR": "0",
        "SMA": "0,164 Km.",
        "SMI": "0,12999995 Km.",
        "CHI": "0,5",
        "metvlc_time_utc": "2026-10-05T20:42:00+00:00",
        "metvlc_time_source": "date+time",
        "metvlc_has_real_time": true,
        "metvlc_captura_utc": "2026-10-05T21:29:04+00:00",
        "metvlc_last_seen_utc": "2026-10-05T21:29:04+00:00",
        "metvlc_fuente": "SIGIF/GVA Rayos 24h KMZ"
      },
      "geometry": {
        "type": "Point",
        "coordinates": [
          -0.9391,
          39.5667
        ]
      }
    },
    {
      "type": "Feature",
      "properties": {
        "name": "05/10/2026 22:42:46",
        "COORD": "-0,9674,39,5748",
        "DATE": "2026-10-05",
        "TIME": "22:42",
        "MXI": "-9,91 kA.",
        "STR": "0",
        "SMA": "0,202 Km.",
        "SMI": "0,14899997 Km.",
        "CHI": "0,7",
        "metvlc_time_utc": "2026-10-05T20:42:00+00:00",
        "metvlc_time_source": "date+time",
        "metvlc_has_real_time": true,
        "metvlc_captura_utc": "2026-10-05T21:29:04+00:00",
        "metvlc_last_seen_utc": "2026-10-05T21:29:04+00:00",
        "metvlc_fuente": "SIGIF/GVA Rayos 24h KMZ"
      },
      "geometry": {
        "type": "Point",
        "coordinates": [
          -0.9674,
          39.5748
        ]
      }
    },
    {
      "type": "Feature",
      "properties": {
        "name": "05/10/2026 22:43:47",
        "COORD": "-0,9407,39,571",
        "DATE": "2026-10-05",
        "TIME": "22:43",
        "MXI": "-23,72 kA.",
        "STR": "0",
        "SMA": "0,163 Km.",
        "SMI": "0,129 Km.",
        "CHI": "1",
        "metvlc_time_utc": "2026-10-05T20:43:00+00:00",
        "metvlc_time_source": "date+time",
        "metvlc_has_real_time": true,
        "metvlc_captura_utc": "2026-10-05T21:29:04+00:00",
        "metvlc_last_seen_utc": "2026-10-05T21:29:04+00:00",
        "metvlc_fuente": "SIGIF/GVA Rayos 24h KMZ"
      },
      "geometry": {
        "type": "Point",
        "coordinates": [
          -0.9407,
          39.571
        ]
      }
    },
    {
      "type": "Feature",
      "properties": {
        "name": "05/10/2026 22:44:11",
        "COORD": "-0,8648,39,5181",
        "DATE": "2026-10-05",
        "TIME": "22:44",
        "MXI": "-17 kA.",
        "STR": "0",
        "SMA": "0,207 Km.",
        "SMI": "0,13599999 Km.",
        "CHI": "1",
        "metvlc_time_utc": "2026-10-05T20:44:00+00:00",
        "metvlc_time_source": "date+time",
        "metvlc_has_real_time": true,
        "metvlc_captura_utc": "2026-10-05T21:29:04+00:00",
        "metvlc_last_seen_utc": "2026-10-05T21:29:04+00:00",
        "metvlc_fuente": "SIGIF/GVA Rayos 24h KMZ"
      },
      "geometry": {
        "type": "Point",
        "coordinates": [
          -0.8648,
          39.5181
        ]
      }
    },
    {
      "type": "Feature",
      "properties": {
        "name": "05/10/2026 22:44:12",
        "COORD": "-0,8675,39,5151",
        "DATE": "2026-10-05",
        "TIME": "22:44",
        "MXI": "-19,92 kA.",
        "STR": "0",
        "SMA": "0,172 Km.",
        "SMI": "0,13200003 Km.",
        "CHI": "0,7",
        "metvlc_time_utc": "2026-10-05T20:44:00+00:00",
        "metvlc_time_source": "date+time",
        "metvlc_has_real_time": true,
        "metvlc_captura_utc": "2026-10-05T21:29:04+00:00",
        "metvlc_last_seen_utc": "2026-10-05T21:29:04+00:00",
        "metvlc_fuente": "SIGIF/GVA Rayos 24h KMZ"
      },
      "geometry": {
        "type": "Point",
        "coordinates": [
          -0.8675,
          39.5151
        ]
      }
    },
    {
      "type": "Feature",
      "properties": {
        "name": "05/10/2026 22:44:30",
        "COORD": "-0,9298,39,578",
        "DATE": "2026-10-05",
        "TIME": "22:44",
        "MXI": "-13,14 kA.",
        "STR": "0",
        "SMA": "0,169 Km.",
        "SMI": "0,12599999 Km.",
        "CHI": "0,7",
        "metvlc_time_utc": "2026-10-05T20:44:00+00:00",
        "metvlc_time_source": "date+time",
        "metvlc_has_real_time": true,
        "metvlc_captura_utc": "2026-10-05T21:29:04+00:00",
        "metvlc_last_seen_utc": "2026-10-05T21:29:04+00:00",
        "metvlc_fuente": "SIGIF/GVA Rayos 24h KMZ"
      },
      "geometry": {
        "type": "Point",
        "coordinates": [
          -0.9298,
          39.578
        ]
      }
    },
    {
      "type": "Feature",
      "properties": {
        "name": "05/10/2026 22:45:10",
        "COORD": "-0,8658,39,5409",
        "DATE": "2026-10-05",
        "TIME": "22:45",
        "MXI": "-10,18 kA.",
        "STR": "0",
        "SMA": "0,17 Km.",
        "SMI": "0,13899995 Km.",
        "CHI": "0,5",
        "metvlc_time_utc": "2026-10-05T20:45:00+00:00",
        "metvlc_time_source": "date+time",
        "metvlc_has_real_time": true,
        "metvlc_captura_utc": "2026-10-05T21:29:04+00:00",
        "metvlc_last_seen_utc": "2026-10-05T21:29:04+00:00",
        "metvlc_fuente": "SIGIF/GVA Rayos 24h KMZ"
      },
      "geometry": {
        "type": "Point",
        "coordinates": [
          -0.8658,
          39.5409
        ]
      }
    },
    {
      "type": "Feature",
      "properties": {
        "name": "05/10/2026 22:46:13",
        "COORD": "-0,8343,39,4153",
        "DATE": "2026-10-05",
        "TIME": "22:46",
        "MXI": "-14,95 kA.",
        "STR": "0",
        "SMA": "0,266 Km.",
        "SMI": "0,18100004 Km.",
        "CHI": "0,7",
        "metvlc_time_utc": "2026-10-05T20:46:00+00:00",
        "metvlc_time_source": "date+time",
        "metvlc_has_real_time": true,
        "metvlc_captura_utc": "2026-10-05T21:29:04+00:00",
        "metvlc_last_seen_utc": "2026-10-05T21:29:04+00:00",
        "metvlc_fuente": "SIGIF/GVA Rayos 24h KMZ"
      },
      "geometry": {
        "type": "Point",
        "coordinates": [
          -0.8343,
          39.4153
        ]
      }
    },
    {
      "type": "Feature",
      "properties": {
        "name": "05/10/2026 22:46:13",
        "COORD": "-0,8307,39,4147",
        "DATE": "2026-10-05",
        "TIME": "22:46",
        "MXI": "-24 kA.",
        "STR": "0",
        "SMA": "0,226 Km.",
        "SMI": "0,122 Km.",
        "CHI": "0,5",
        "metvlc_time_utc": "2026-10-05T20:46:00+00:00",
        "metvlc_time_source": "date+time",
        "metvlc_has_real_time": true,
        "metvlc_captura_utc": "2026-10-05T21:29:04+00:00",
        "metvlc_last_seen_utc": "2026-10-05T21:29:04+00:00",
        "metvlc_fuente": "SIGIF/GVA Rayos 24h KMZ"
      },
      "geometry": {
        "type": "Point",
        "coordinates": [
          -0.8307,
          39.4147
        ]
      }
    },
    {
      "type": "Feature",
      "properties": {
        "name": "05/10/2026 22:46:13",
        "COORD": "-0,8314,39,4166",
        "DATE": "2026-10-05",
        "TIME": "22:46",
        "MXI": "-21,19 kA.",
        "STR": "0",
        "SMA": "0,172 Km.",
        "SMI": "0,128 Km.",
        "CHI": "0,7",
        "metvlc_time_utc": "2026-10-05T20:46:00+00:00",
        "metvlc_time_source": "date+time",
        "metvlc_has_real_time": true,
        "metvlc_captura_utc": "2026-10-05T21:29:04+00:00",
        "metvlc_last_seen_utc": "2026-10-05T21:29:04+00:00",
        "metvlc_fuente": "SIGIF/GVA Rayos 24h KMZ"
      },
      "geometry": {
        "type": "Point",
        "coordinates": [
          -0.8314,
          39.4166
        ]
      }
    },
    {
      "type": "Feature",
      "properties": {
        "name": "05/10/2026 22:46:19",
        "COORD": "-0,9091,39,6545",
        "DATE": "2026-10-05",
        "TIME": "22:46",
        "MXI": "-10,62 kA.",
        "STR": "0",
        "SMA": "0,176 Km.",
        "SMI": "0,16299994 Km.",
        "CHI": "0,3",
        "metvlc_time_utc": "2026-10-05T20:46:00+00:00",
        "metvlc_time_source": "date+time",
        "metvlc_has_real_time": true,
        "metvlc_captura_utc": "2026-10-05T21:29:04+00:00",
        "metvlc_last_seen_utc": "2026-10-05T21:29:04+00:00",
        "metvlc_fuente": "SIGIF/GVA Rayos 24h KMZ"
      },
      "geometry": {
        "type": "Point",
        "coordinates": [
          -0.9091,
          39.6545
        ]
      }
    },
    {
      "type": "Feature",
      "properties": {
        "name": "05/10/2026 22:47:03",
        "COORD": "-0,8929,39,4884",
        "DATE": "2026-10-05",
        "TIME": "22:47",
        "MXI": "-9,25 kA.",
        "STR": "0",
        "SMA": "0,31 Km.",
        "SMI": "0,18599996 Km.",
        "CHI": "0,6",
        "metvlc_time_utc": "2026-10-05T20:47:00+00:00",
        "metvlc_time_source": "date+time",
        "metvlc_has_real_time": true,
        "metvlc_captura_utc": "2026-10-05T21:29:04+00:00",
        "metvlc_last_seen_utc": "2026-10-05T21:29:04+00:00",
        "metvlc_fuente": "SIGIF/GVA Rayos 24h KMZ"
      },
      "geometry": {
        "type": "Point",
        "coordinates": [
          -0.8929,
          39.4884
        ]
      }
    },
    {
      "type": "Feature",
      "properties": {
        "name": "05/10/2026 22:47:35",
        "COORD": "-0,8555,39,5573",
        "DATE": "2026-10-05",
        "TIME": "22:47",
        "MXI": "-15,12 kA.",
        "STR": "0",
        "SMA": "0,162 Km.",
        "SMI": "0,129 Km.",
        "CHI": "0,3",
        "metvlc_time_utc": "2026-10-05T20:47:00+00:00",
        "metvlc_time_source": "date+time",
        "metvlc_has_real_time": true,
        "metvlc_captura_utc": "2026-10-05T21:29:04+00:00",
        "metvlc_last_seen_utc": "2026-10-05T21:29:04+00:00",
        "metvlc_fuente": "SIGIF/GVA Rayos 24h KMZ"
      },
      "geometry": {
        "type": "Point",
        "coordinates": [
          -0.8555,
          39.5573
        ]
      }
    },
    {
      "type": "Feature",
      "properties": {
        "name": "05/10/2026 22:47:36",
        "COORD": "-0,906,39,6583",
        "DATE": "2026-10-05",
        "TIME": "22:47",
        "MXI": "-12,84 kA.",
        "STR": "0",
        "SMA": "0,152 Km.",
        "SMI": "0,12700005 Km.",
        "CHI": "0,5",
        "metvlc_time_utc": "2026-10-05T20:47:00+00:00",
        "metvlc_time_source": "date+time",
        "metvlc_has_real_time": true,
        "metvlc_captura_utc": "2026-10-05T21:29:04+00:00",
        "metvlc_last_seen_utc": "2026-10-05T21:29:04+00:00",
        "metvlc_fuente": "SIGIF/GVA Rayos 24h KMZ"
      },
      "geometry": {
        "type": "Point",
        "coordinates": [
          -0.906,
          39.6583
        ]
      }
    },
    {
      "type": "Feature",
      "properties": {
        "name": "05/10/2026 22:47:59",
        "COORD": "-0,8151,39,5083",
        "DATE": "2026-10-05",
        "TIME": "22:47",
        "MXI": "-11,68 kA.",
        "STR": "0",
        "SMA": "0,208 Km.",
        "SMI": "0,15300001 Km.",
        "CHI": "1,1",
        "metvlc_time_utc": "2026-10-05T20:47:00+00:00",
        "metvlc_time_source": "date+time",
        "metvlc_has_real_time": true,
        "metvlc_captura_utc": "2026-10-05T21:29:04+00:00",
        "metvlc_last_seen_utc": "2026-10-05T21:29:04+00:00",
        "metvlc_fuente": "SIGIF/GVA Rayos 24h KMZ"
      },
      "geometry": {
        "type": "Point",
        "coordinates": [
          -0.8151,
          39.5083
        ]
      }
    },
    {
      "type": "Feature",
      "properties": {
        "name": "05/10/2026 22:47:59",
        "COORD": "-0,8481,39,5461",
        "DATE": "2026-10-05",
        "TIME": "22:47",
        "MXI": "-6,37 kA.",
        "STR": "0",
        "SMA": "0,519 Km.",
        "SMI": "0,23900002 Km.",
        "CHI": "1",
        "metvlc_time_utc": "2026-10-05T20:47:00+00:00",
        "metvlc_time_source": "date+time",
        "metvlc_has_real_time": true,
        "metvlc_captura_utc": "2026-10-05T21:29:04+00:00",
        "metvlc_last_seen_utc": "2026-10-05T21:29:04+00:00",
        "metvlc_fuente": "SIGIF/GVA Rayos 24h KMZ"
      },
      "geometry": {
        "type": "Point",
        "coordinates": [
          -0.8481,
          39.5461
        ]
      }
    },
    {
      "type": "Feature",
      "properties": {
        "name": "05/10/2026 22:48:26",
        "COORD": "-0,8204,39,5376",
        "DATE": "2026-10-05",
        "TIME": "22:48",
        "MXI": "-8,29 kA.",
        "STR": "0",
        "SMA": "0,224 Km.",
        "SMI": "0,17299996 Km.",
        "CHI": "0,2",
        "metvlc_time_utc": "2026-10-05T20:48:00+00:00",
        "metvlc_time_source": "date+time",
        "metvlc_has_real_time": true,
        "metvlc_captura_utc": "2026-10-05T21:29:04+00:00",
        "metvlc_last_seen_utc": "2026-10-05T21:29:04+00:00",
        "metvlc_fuente": "SIGIF/GVA Rayos 24h KMZ"
      },
      "geometry": {
        "type": "Point",
        "coordinates": [
          -0.8204,
          39.5376
        ]
      }
    },
    {
      "type": "Feature",
      "properties": {
        "name": "05/10/2026 22:48:26",
        "COORD": "-0,8543,39,5524",
        "DATE": "2026-10-05",
        "TIME": "22:48",
        "MXI": "-18,75 kA.",
        "STR": "0",
        "SMA": "0,161 Km.",
        "SMI": "0,12699994 Km.",
        "CHI": "0,6",
        "metvlc_time_utc": "2026-10-05T20:48:00+00:00",
        "metvlc_time_source": "date+time",
        "metvlc_has_real_time": true,
        "metvlc_captura_utc": "2026-10-05T21:29:04+00:00",
        "metvlc_last_seen_utc": "2026-10-05T21:29:04+00:00",
        "metvlc_fuente": "SIGIF/GVA Rayos 24h KMZ"
      },
      "geometry": {
        "type": "Point",
        "coordinates": [
          -0.8543,
          39.5524
        ]
      }
    },
    {
      "type": "Feature",
      "properties": {
        "name": "05/10/2026 22:48:26",
        "COORD": "-0,8543,39,5527",
        "DATE": "2026-10-05",
        "TIME": "22:48",
        "MXI": "-16,11 kA.",
        "STR": "0",
        "SMA": "0,157 Km.",
        "SMI": "0,13399999 Km.",
        "CHI": "0,4",
        "metvlc_time_utc": "2026-10-05T20:48:00+00:00",
        "metvlc_time_source": "date+time",
        "metvlc_has_real_time": true,
        "metvlc_captura_utc": "2026-10-05T21:29:04+00:00",
        "metvlc_last_seen_utc": "2026-10-05T21:29:04+00:00",
        "metvlc_fuente": "SIGIF/GVA Rayos 24h KMZ"
      },
      "geometry": {
        "type": "Point",
        "coordinates": [
          -0.8543,
          39.5527
        ]
      }
    },
    {
      "type": "Feature",
      "properties": {
        "name": "05/10/2026 22:48:26",
        "COORD": "-0,8541,39,5523",
        "DATE": "2026-10-05",
        "TIME": "22:48",
        "MXI": "-12,66 kA.",
        "STR": "0",
        "SMA": "0,159 Km.",
        "SMI": "0,13299996 Km.",
        "CHI": "0,3",
        "metvlc_time_utc": "2026-10-05T20:48:00+00:00",
        "metvlc_time_source": "date+time",
        "metvlc_has_real_time": true,
        "metvlc_captura_utc": "2026-10-05T21:29:04+00:00",
        "metvlc_last_seen_utc": "2026-10-05T21:29:04+00:00",
        "metvlc_fuente": "SIGIF/GVA Rayos 24h KMZ"
      },
      "geometry": {
        "type": "Point",
        "coordinates": [
          -0.8541,
          39.5523
        ]
      }
    },
    {
      "type": "Feature",
      "properties": {
        "name": "05/10/2026 22:48:26",
        "COORD": "-0,8548,39,553",
        "DATE": "2026-10-05",
        "TIME": "22:48",
        "MXI": "-9,06 kA.",
        "STR": "0",
        "SMA": "0,219 Km.",
        "SMI": "0,15500003 Km.",
        "CHI": "0,3",
        "metvlc_time_utc": "2026-10-05T20:48:00+00:00",
        "metvlc_time_source": "date+time",
        "metvlc_has_real_time": true,
        "metvlc_captura_utc": "2026-10-05T21:29:04+00:00",
        "metvlc_last_seen_utc": "2026-10-05T21:29:04+00:00",
        "metvlc_fuente": "SIGIF/GVA Rayos 24h KMZ"
      },
      "geometry": {
        "type": "Point",
        "coordinates": [
          -0.8548,
          39.553
        ]
      }
    },
    {
      "type": "Feature",
      "properties": {
        "name": "05/10/2026 22:48:52",
        "COORD": "-0,8435,39,5313",
        "DATE": "2026-10-05",
        "TIME": "22:48",
        "MXI": "-11,06 kA.",
        "STR": "0",
        "SMA": "0,161 Km.",
        "SMI": "0,12599997 Km.",
        "CHI": "0,5",
        "metvlc_time_utc": "2026-10-05T20:48:00+00:00",
        "metvlc_time_source": "date+time",
        "metvlc_has_real_time": true,
        "metvlc_captura_utc": "2026-10-05T21:29:04+00:00",
        "metvlc_last_seen_utc": "2026-10-05T21:29:04+00:00",
        "metvlc_fuente": "SIGIF/GVA Rayos 24h KMZ"
      },
      "geometry": {
        "type": "Point",
        "coordinates": [
          -0.8435,
          39.5313
        ]
      }
    },
    {
      "type": "Feature",
      "properties": {
        "name": "05/10/2026 22:49:30",
        "COORD": "-0,8389,39,543",
        "DATE": "2026-10-05",
        "TIME": "22:49",
        "MXI": "-15,15 kA.",
        "STR": "0",
        "SMA": "0,165 Km.",
        "SMI": "0,13100001 Km.",
        "CHI": "0,4",
        "metvlc_time_utc": "2026-10-05T20:49:00+00:00",
        "metvlc_time_source": "date+time",
        "metvlc_has_real_time": true,
        "metvlc_captura_utc": "2026-10-05T21:29:04+00:00",
        "metvlc_last_seen_utc": "2026-10-05T21:29:04+00:00",
        "metvlc_fuente": "SIGIF/GVA Rayos 24h KMZ"
      },
      "geometry": {
        "type": "Point",
        "coordinates": [
          -0.8389,
          39.543
        ]
      }
    },
    {
      "type": "Feature",
      "properties": {
        "name": "05/10/2026 22:49:30",
        "COORD": "-0,838,39,5431",
        "DATE": "2026-10-05",
        "TIME": "22:49",
        "MXI": "-42,15 kA.",
        "STR": "0",
        "SMA": "0,164 Km.",
        "SMI": "0,12999995 Km.",
        "CHI": "0,9",
        "metvlc_time_utc": "2026-10-05T20:49:00+00:00",
        "metvlc_time_source": "date+time",
        "metvlc_has_real_time": true,
        "metvlc_captura_utc": "2026-10-05T21:29:04+00:00",
        "metvlc_last_seen_utc": "2026-10-05T21:29:04+00:00",
        "metvlc_fuente": "SIGIF/GVA Rayos 24h KMZ"
      },
      "geometry": {
        "type": "Point",
        "coordinates": [
          -0.838,
          39.5431
        ]
      }
    },
    {
      "type": "Feature",
      "properties": {
        "name": "05/10/2026 22:49:30",
        "COORD": "-0,8133,39,5046",
        "DATE": "2026-10-05",
        "TIME": "22:49",
        "MXI": "-18,89 kA.",
        "STR": "0",
        "SMA": "0,467 Km.",
        "SMI": "0,17300001 Km.",
        "CHI": "1,2",
        "metvlc_time_utc": "2026-10-05T20:49:00+00:00",
        "metvlc_time_source": "date+time",
        "metvlc_has_real_time": true,
        "metvlc_captura_utc": "2026-10-05T21:29:04+00:00",
        "metvlc_last_seen_utc": "2026-10-05T21:29:04+00:00",
        "metvlc_fuente": "SIGIF/GVA Rayos 24h KMZ"
      },
      "geometry": {
        "type": "Point",
        "coordinates": [
          -0.8133,
          39.5046
        ]
      }
    },
    {
      "type": "Feature",
      "properties": {
        "name": "05/10/2026 22:49:30",
        "COORD": "-0,8361,39,5413",
        "DATE": "2026-10-05",
        "TIME": "22:49",
        "MXI": "-13,26 kA.",
        "STR": "0",
        "SMA": "0,243 Km.",
        "SMI": "0,14100002 Km.",
        "CHI": "1",
        "metvlc_time_utc": "2026-10-05T20:49:00+00:00",
        "metvlc_time_source": "date+time",
        "metvlc_has_real_time": true,
        "metvlc_captura_utc": "2026-10-05T21:29:04+00:00",
        "metvlc_last_seen_utc": "2026-10-05T21:29:04+00:00",
        "metvlc_fuente": "SIGIF/GVA Rayos 24h KMZ"
      },
      "geometry": {
        "type": "Point",
        "coordinates": [
          -0.8361,
          39.5413
        ]
      }
    },
    {
      "type": "Feature",
      "properties": {
        "name": "05/10/2026 22:49:30",
        "COORD": "-0,8366,39,5426",
        "DATE": "2026-10-05",
        "TIME": "22:49",
        "MXI": "-49,71 kA.",
        "STR": "0",
        "SMA": "0,163 Km.",
        "SMI": "0,12699996 Km.",
        "CHI": "1,3",
        "metvlc_time_utc": "2026-10-05T20:49:00+00:00",
        "metvlc_time_source": "date+time",
        "metvlc_has_real_time": true,
        "metvlc_captura_utc": "2026-10-05T21:29:04+00:00",
        "metvlc_last_seen_utc": "2026-10-05T21:29:04+00:00",
        "metvlc_fuente": "SIGIF/GVA Rayos 24h KMZ"
      },
      "geometry": {
        "type": "Point",
        "coordinates": [
          -0.8366,
          39.5426
        ]
      }
    },
    {
      "type": "Feature",
      "properties": {
        "name": "05/10/2026 22:49:30",
        "COORD": "-0,8366,39,5435",
        "DATE": "2026-10-05",
        "TIME": "22:49",
        "MXI": "-6,56 kA.",
        "STR": "0",
        "SMA": "0,219 Km.",
        "SMI": "0,18199995 Km.",
        "CHI": "0,6",
        "metvlc_time_utc": "2026-10-05T20:49:00+00:00",
        "metvlc_time_source": "date+time",
        "metvlc_has_real_time": true,
        "metvlc_captura_utc": "2026-10-05T21:29:04+00:00",
        "metvlc_last_seen_utc": "2026-10-05T21:29:04+00:00",
        "metvlc_fuente": "SIGIF/GVA Rayos 24h KMZ"
      },
      "geometry": {
        "type": "Point",
        "coordinates": [
          -0.8366,
          39.5435
        ]
      }
    },
    {
      "type": "Feature",
      "properties": {
        "name": "05/10/2026 22:50:11",
        "COORD": "-0,826,39,5295",
        "DATE": "2026-10-05",
        "TIME": "22:50",
        "MXI": "-11,79 kA.",
        "STR": "0",
        "SMA": "0,17 Km.",
        "SMI": "0,119999975 Km.",
        "CHI": "0,6",
        "metvlc_time_utc": "2026-10-05T20:50:00+00:00",
        "metvlc_time_source": "date+time",
        "metvlc_has_real_time": true,
        "metvlc_captura_utc": "2026-10-05T21:29:04+00:00",
        "metvlc_last_seen_utc": "2026-10-05T21:29:04+00:00",
        "metvlc_fuente": "SIGIF/GVA Rayos 24h KMZ"
      },
      "geometry": {
        "type": "Point",
        "coordinates": [
          -0.826,
          39.5295
        ]
      }
    },
    {
      "type": "Feature",
      "properties": {
        "name": "05/10/2026 22:50:11",
        "COORD": "-0,8291,39,5534",
        "DATE": "2026-10-05",
        "TIME": "22:50",
        "MXI": "-18,84 kA.",
        "STR": "0",
        "SMA": "0,153 Km.",
        "SMI": "0,133 Km.",
        "CHI": "0,5",
        "metvlc_time_utc": "2026-10-05T20:50:00+00:00",
        "metvlc_time_source": "date+time",
        "metvlc_has_real_time": true,
        "metvlc_captura_utc": "2026-10-05T21:29:04+00:00",
        "metvlc_last_seen_utc": "2026-10-05T21:29:04+00:00",
        "metvlc_fuente": "SIGIF/GVA Rayos 24h KMZ"
      },
      "geometry": {
        "type": "Point",
        "coordinates": [
          -0.8291,
          39.5534
        ]
      }
    },
    {
      "type": "Feature",
      "properties": {
        "name": "05/10/2026 22:50:11",
        "COORD": "-0,8084,39,5337",
        "DATE": "2026-10-05",
        "TIME": "22:50",
        "MXI": "-22,44 kA.",
        "STR": "0",
        "SMA": "0,161 Km.",
        "SMI": "0,129 Km.",
        "CHI": "0,6",
        "metvlc_time_utc": "2026-10-05T20:50:00+00:00",
        "metvlc_time_source": "date+time",
        "metvlc_has_real_time": true,
        "metvlc_captura_utc": "2026-10-05T21:29:04+00:00",
        "metvlc_last_seen_utc": "2026-10-05T21:29:04+00:00",
        "metvlc_fuente": "SIGIF/GVA Rayos 24h KMZ"
      },
      "geometry": {
        "type": "Point",
        "coordinates": [
          -0.8084,
          39.5337
        ]
      }
    },
    {
      "type": "Feature",
      "properties": {
        "name": "05/10/2026 22:50:11",
        "COORD": "-0,8087,39,5342",
        "DATE": "2026-10-05",
        "TIME": "22:50",
        "MXI": "-9,08 kA.",
        "STR": "0",
        "SMA": "0,207 Km.",
        "SMI": "0,166 Km.",
        "CHI": "0,5",
        "metvlc_time_utc": "2026-10-05T20:50:00+00:00",
        "metvlc_time_source": "date+time",
        "metvlc_has_real_time": true,
        "metvlc_captura_utc": "2026-10-05T21:29:04+00:00",
        "metvlc_last_seen_utc": "2026-10-05T21:29:04+00:00",
        "metvlc_fuente": "SIGIF/GVA Rayos 24h KMZ"
      },
      "geometry": {
        "type": "Point",
        "coordinates": [
          -0.8087,
          39.5342
        ]
      }
    },
    {
      "type": "Feature",
      "properties": {
        "name": "05/10/2026 22:50:12",
        "COORD": "-0,8077,39,5336",
        "DATE": "2026-10-05",
        "TIME": "22:50",
        "MXI": "-23,28 kA.",
        "STR": "0",
        "SMA": "0,163 Km.",
        "SMI": "0,129 Km.",
        "CHI": "0,9",
        "metvlc_time_utc": "2026-10-05T20:50:00+00:00",
        "metvlc_time_source": "date+time",
        "metvlc_has_real_time": true,
        "metvlc_captura_utc": "2026-10-05T21:29:04+00:00",
        "metvlc_last_seen_utc": "2026-10-05T21:29:04+00:00",
        "metvlc_fuente": "SIGIF/GVA Rayos 24h KMZ"
      },
      "geometry": {
        "type": "Point",
        "coordinates": [
          -0.8077,
          39.5336
        ]
      }
    },
    {
      "type": "Feature",
      "properties": {
        "name": "05/10/2026 22:50:12",
        "COORD": "-0,8438,39,5271",
        "DATE": "2026-10-05",
        "TIME": "22:50",
        "MXI": "-18,93 kA.",
        "STR": "0",
        "SMA": "0,162 Km.",
        "SMI": "0,12699996 Km.",
        "CHI": "0,6",
        "metvlc_time_utc": "2026-10-05T20:50:00+00:00",
        "metvlc_time_source": "date+time",
        "metvlc_has_real_time": true,
        "metvlc_captura_utc": "2026-10-05T21:29:04+00:00",
        "metvlc_last_seen_utc": "2026-10-05T21:29:04+00:00",
        "metvlc_fuente": "SIGIF/GVA Rayos 24h KMZ"
      },
      "geometry": {
        "type": "Point",
        "coordinates": [
          -0.8438,
          39.5271
        ]
      }
    },
    {
      "type": "Feature",
      "properties": {
        "name": "05/10/2026 22:50:12",
        "COORD": "-0,8427,39,5262",
        "DATE": "2026-10-05",
        "TIME": "22:50",
        "MXI": "-28,74 kA.",
        "STR": "0",
        "SMA": "0,201 Km.",
        "SMI": "0,116999984 Km.",
        "CHI": "0,8",
        "metvlc_time_utc": "2026-10-05T20:50:00+00:00",
        "metvlc_time_source": "date+time",
        "metvlc_has_real_time": true,
        "metvlc_captura_utc": "2026-10-05T21:29:04+00:00",
        "metvlc_last_seen_utc": "2026-10-05T21:29:04+00:00",
        "metvlc_fuente": "SIGIF/GVA Rayos 24h KMZ"
      },
      "geometry": {
        "type": "Point",
        "coordinates": [
          -0.8427,
          39.5262
        ]
      }
    },
    {
      "type": "Feature",
      "properties": {
        "name": "05/10/2026 22:50:12",
        "COORD": "-0,8436,39,5279",
        "DATE": "2026-10-05",
        "TIME": "22:50",
        "MXI": "-43,24 kA.",
        "STR": "0",
        "SMA": "0,187 Km.",
        "SMI": "0,156 Km.",
        "CHI": "0,9",
        "metvlc_time_utc": "2026-10-05T20:50:00+00:00",
        "metvlc_time_source": "date+time",
        "metvlc_has_real_time": true,
        "metvlc_captura_utc": "2026-10-05T21:29:04+00:00",
        "metvlc_last_seen_utc": "2026-10-05T21:29:04+00:00",
        "metvlc_fuente": "SIGIF/GVA Rayos 24h KMZ"
      },
      "geometry": {
        "type": "Point",
        "coordinates": [
          -0.8436,
          39.5279
        ]
      }
    },
    {
      "type": "Feature",
      "properties": {
        "name": "05/10/2026 22:50:12",
        "COORD": "-0,8439,39,5273",
        "DATE": "2026-10-05",
        "TIME": "22:50",
        "MXI": "-14,25 kA.",
        "STR": "0",
        "SMA": "0,16 Km.",
        "SMI": "0,12799999 Km.",
        "CHI": "0,8",
        "metvlc_time_utc": "2026-10-05T20:50:00+00:00",
        "metvlc_time_source": "date+time",
        "metvlc_has_real_time": true,
        "metvlc_captura_utc": "2026-10-05T21:29:04+00:00",
        "metvlc_last_seen_utc": "2026-10-05T21:29:04+00:00",
        "metvlc_fuente": "SIGIF/GVA Rayos 24h KMZ"
      },
      "geometry": {
        "type": "Point",
        "coordinates": [
          -0.8439,
          39.5273
        ]
      }
    },
    {
      "type": "Feature",
      "properties": {
        "name": "05/10/2026 22:51:09",
        "COORD": "-0,8241,39,5487",
        "DATE": "2026-10-05",
        "TIME": "22:51",
        "MXI": "-11,09 kA.",
        "STR": "0",
        "SMA": "0,162 Km.",
        "SMI": "0,129 Km.",
        "CHI": "0,4",
        "metvlc_time_utc": "2026-10-05T20:51:00+00:00",
        "metvlc_time_source": "date+time",
        "metvlc_has_real_time": true,
        "metvlc_captura_utc": "2026-10-05T21:29:04+00:00",
        "metvlc_last_seen_utc": "2026-10-05T21:29:04+00:00",
        "metvlc_fuente": "SIGIF/GVA Rayos 24h KMZ"
      },
      "geometry": {
        "type": "Point",
        "coordinates": [
          -0.8241,
          39.5487
        ]
      }
    },
    {
      "type": "Feature",
      "properties": {
        "name": "05/10/2026 22:51:37",
        "COORD": "-0,8635,39,6716",
        "DATE": "2026-10-05",
        "TIME": "22:51",
        "MXI": "-11,44 kA.",
        "STR": "0",
        "SMA": "0,172 Km.",
        "SMI": "0,14399993 Km.",
        "CHI": "0,6",
        "metvlc_time_utc": "2026-10-05T20:51:00+00:00",
        "metvlc_time_source": "date+time",
        "metvlc_has_real_time": true,
        "metvlc_captura_utc": "2026-10-05T21:29:04+00:00",
        "metvlc_last_seen_utc": "2026-10-05T21:29:04+00:00",
        "metvlc_fuente": "SIGIF/GVA Rayos 24h KMZ"
      },
      "geometry": {
        "type": "Point",
        "coordinates": [
          -0.8635,
          39.6716
        ]
      }
    },
    {
      "type": "Feature",
      "properties": {
        "name": "05/10/2026 22:52:04",
        "COORD": "-0,8151,39,5432",
        "DATE": "2026-10-05",
        "TIME": "22:52",
        "MXI": "-47,01 kA.",
        "STR": "0",
        "SMA": "0,22 Km.",
        "SMI": "0,12599999 Km.",
        "CHI": "0,8",
        "metvlc_time_utc": "2026-10-05T20:52:00+00:00",
        "metvlc_time_source": "date+time",
        "metvlc_has_real_time": true,
        "metvlc_captura_utc": "2026-10-05T21:29:04+00:00",
        "metvlc_last_seen_utc": "2026-10-05T21:29:04+00:00",
        "metvlc_fuente": "SIGIF/GVA Rayos 24h KMZ"
      },
      "geometry": {
        "type": "Point",
        "coordinates": [
          -0.8151,
          39.5432
        ]
      }
    },
    {
      "type": "Feature",
      "properties": {
        "name": "05/10/2026 22:52:04",
        "COORD": "-0,7818,39,5147",
        "DATE": "2026-10-05",
        "TIME": "22:52",
        "MXI": "-6,8 kA.",
        "STR": "0",
        "SMA": "0,227 Km.",
        "SMI": "0,18 Km.",
        "CHI": "1",
        "metvlc_time_utc": "2026-10-05T20:52:00+00:00",
        "metvlc_time_source": "date+time",
        "metvlc_has_real_time": true,
        "metvlc_captura_utc": "2026-10-05T21:29:04+00:00",
        "metvlc_last_seen_utc": "2026-10-05T21:29:04+00:00",
        "metvlc_fuente": "SIGIF/GVA Rayos 24h KMZ"
      },
      "geometry": {
        "type": "Point",
        "coordinates": [
          -0.7818,
          39.5147
        ]
      }
    },
    {
      "type": "Feature",
      "properties": {
        "name": "05/10/2026 22:53:02",
        "COORD": "-0,8291,39,5399",
        "DATE": "2026-10-05",
        "TIME": "22:53",
        "MXI": "-27,17 kA.",
        "STR": "0",
        "SMA": "0,162 Km.",
        "SMI": "0,128 Km.",
        "CHI": "0,5",
        "metvlc_time_utc": "2026-10-05T20:53:00+00:00",
        "metvlc_time_source": "date+time",
        "metvlc_has_real_time": true,
        "metvlc_captura_utc": "2026-10-05T21:29:04+00:00",
        "metvlc_last_seen_utc": "2026-10-05T21:29:04+00:00",
        "metvlc_fuente": "SIGIF/GVA Rayos 24h KMZ"
      },
      "geometry": {
        "type": "Point",
        "coordinates": [
          -0.8291,
          39.5399
        ]
      }
    },
    {
      "type": "Feature",
      "properties": {
        "name": "05/10/2026 22:53:02",
        "COORD": "-0,8282,39,5323",
        "DATE": "2026-10-05",
        "TIME": "22:53",
        "MXI": "-28,48 kA.",
        "STR": "0",
        "SMA": "0,165 Km.",
        "SMI": "0,12999998 Km.",
        "CHI": "0,8",
        "metvlc_time_utc": "2026-10-05T20:53:00+00:00",
        "metvlc_time_source": "date+time",
        "metvlc_has_real_time": true,
        "metvlc_captura_utc": "2026-10-05T21:29:04+00:00",
        "metvlc_last_seen_utc": "2026-10-05T21:29:04+00:00",
        "metvlc_fuente": "SIGIF/GVA Rayos 24h KMZ"
      },
      "geometry": {
        "type": "Point",
        "coordinates": [
          -0.8282,
          39.5323
        ]
      }
    },
    {
      "type": "Feature",
      "properties": {
        "name": "05/10/2026 22:53:02",
        "COORD": "-0,8051,39,5336",
        "DATE": "2026-10-05",
        "TIME": "22:53",
        "MXI": "-20,43 kA.",
        "STR": "0",
        "SMA": "0,163 Km.",
        "SMI": "0,12799996 Km.",
        "CHI": "0,6",
        "metvlc_time_utc": "2026-10-05T20:53:00+00:00",
        "metvlc_time_source": "date+time",
        "metvlc_has_real_time": true,
        "metvlc_captura_utc": "2026-10-05T21:29:04+00:00",
        "metvlc_last_seen_utc": "2026-10-05T21:29:04+00:00",
        "metvlc_fuente": "SIGIF/GVA Rayos 24h KMZ"
      },
      "geometry": {
        "type": "Point",
        "coordinates": [
          -0.8051,
          39.5336
        ]
      }
    },
    {
      "type": "Feature",
      "properties": {
        "name": "05/10/2026 22:53:02",
        "COORD": "-0,8398,39,5444",
        "DATE": "2026-10-05",
        "TIME": "22:53",
        "MXI": "-16,4 kA.",
        "STR": "0",
        "SMA": "0,168 Km.",
        "SMI": "0,12899996 Km.",
        "CHI": "0,6",
        "metvlc_time_utc": "2026-10-05T20:53:00+00:00",
        "metvlc_time_source": "date+time",
        "metvlc_has_real_time": true,
        "metvlc_captura_utc": "2026-10-05T21:29:04+00:00",
        "metvlc_last_seen_utc": "2026-10-05T21:29:04+00:00",
        "metvlc_fuente": "SIGIF/GVA Rayos 24h KMZ"
      },
      "geometry": {
        "type": "Point",
        "coordinates": [
          -0.8398,
          39.5444
        ]
      }
    },
    {
      "type": "Feature",
      "properties": {
        "name": "05/10/2026 22:53:02",
        "COORD": "-0,8557,39,5182",
        "DATE": "2026-10-05",
        "TIME": "22:53",
        "MXI": "-12,43 kA.",
        "STR": "0",
        "SMA": "0,165 Km.",
        "SMI": "0,13100001 Km.",
        "CHI": "0,9",
        "metvlc_time_utc": "2026-10-05T20:53:00+00:00",
        "metvlc_time_source": "date+time",
        "metvlc_has_real_time": true,
        "metvlc_captura_utc": "2026-10-05T21:29:04+00:00",
        "metvlc_last_seen_utc": "2026-10-05T21:29:04+00:00",
        "metvlc_fuente": "SIGIF/GVA Rayos 24h KMZ"
      },
      "geometry": {
        "type": "Point",
        "coordinates": [
          -0.8557,
          39.5182
        ]
      }
    },
    {
      "type": "Feature",
      "properties": {
        "name": "05/10/2026 22:53:27",
        "COORD": "-0,7782,39,5157",
        "DATE": "2026-10-05",
        "TIME": "22:53",
        "MXI": "-16,38 kA.",
        "STR": "0",
        "SMA": "0,167 Km.",
        "SMI": "0,13100001 Km.",
        "CHI": "1",
        "metvlc_time_utc": "2026-10-05T20:53:00+00:00",
        "metvlc_time_source": "date+time",
        "metvlc_has_real_time": true,
        "metvlc_captura_utc": "2026-10-05T21:29:04+00:00",
        "metvlc_last_seen_utc": "2026-10-05T21:29:04+00:00",
        "metvlc_fuente": "SIGIF/GVA Rayos 24h KMZ"
      },
      "geometry": {
        "type": "Point",
        "coordinates": [
          -0.7782,
          39.5157
        ]
      }
    },
    {
      "type": "Feature",
      "properties": {
        "name": "05/10/2026 22:53:27",
        "COORD": "-0,8101,39,564",
        "DATE": "2026-10-05",
        "TIME": "22:53",
        "MXI": "-11,69 kA.",
        "STR": "0",
        "SMA": "0,16 Km.",
        "SMI": "0,12700005 Km.",
        "CHI": "0,3",
        "metvlc_time_utc": "2026-10-05T20:53:00+00:00",
        "metvlc_time_source": "date+time",
        "metvlc_has_real_time": true,
        "metvlc_captura_utc": "2026-10-05T21:29:04+00:00",
        "metvlc_last_seen_utc": "2026-10-05T21:29:04+00:00",
        "metvlc_fuente": "SIGIF/GVA Rayos 24h KMZ"
      },
      "geometry": {
        "type": "Point",
        "coordinates": [
          -0.8101,
          39.564
        ]
      }
    },
    {
      "type": "Feature",
      "properties": {
        "name": "05/10/2026 22:53:55",
        "COORD": "-0,7915,39,5245",
        "DATE": "2026-10-05",
        "TIME": "22:53",
        "MXI": "-34,64 kA.",
        "STR": "0",
        "SMA": "0,166 Km.",
        "SMI": "0,12700005 Km.",
        "CHI": "0,9",
        "metvlc_time_utc": "2026-10-05T20:53:00+00:00",
        "metvlc_time_source": "date+time",
        "metvlc_has_real_time": true,
        "metvlc_captura_utc": "2026-10-05T21:29:04+00:00",
        "metvlc_last_seen_utc": "2026-10-05T21:29:04+00:00",
        "metvlc_fuente": "SIGIF/GVA Rayos 24h KMZ"
      },
      "geometry": {
        "type": "Point",
        "coordinates": [
          -0.7915,
          39.5245
        ]
      }
    },
    {
      "type": "Feature",
      "properties": {
        "name": "05/10/2026 22:53:55",
        "COORD": "-0,7923,39,5245",
        "DATE": "2026-10-05",
        "TIME": "22:53",
        "MXI": "-6,91 kA.",
        "STR": "0",
        "SMA": "0,234 Km.",
        "SMI": "0,17399995 Km.",
        "CHI": "0,1",
        "metvlc_time_utc": "2026-10-05T20:53:00+00:00",
        "metvlc_time_source": "date+time",
        "metvlc_has_real_time": true,
        "metvlc_captura_utc": "2026-10-05T21:29:04+00:00",
        "metvlc_last_seen_utc": "2026-10-05T21:29:04+00:00",
        "metvlc_fuente": "SIGIF/GVA Rayos 24h KMZ"
      },
      "geometry": {
        "type": "Point",
        "coordinates": [
          -0.7923,
          39.5245
        ]
      }
    },
    {
      "type": "Feature",
      "properties": {
        "name": "05/10/2026 22:55:06",
        "COORD": "-0,7957,39,5615",
        "DATE": "2026-10-05",
        "TIME": "22:55",
        "MXI": "-10,15 kA.",
        "STR": "0",
        "SMA": "0,172 Km.",
        "SMI": "0,15799995 Km.",
        "CHI": "0,3",
        "metvlc_time_utc": "2026-10-05T20:55:00+00:00",
        "metvlc_time_source": "date+time",
        "metvlc_has_real_time": true,
        "metvlc_captura_utc": "2026-10-05T21:29:04+00:00",
        "metvlc_last_seen_utc": "2026-10-05T21:29:04+00:00",
        "metvlc_fuente": "SIGIF/GVA Rayos 24h KMZ"
      },
      "geometry": {
        "type": "Point",
        "coordinates": [
          -0.7957,
          39.5615
        ]
      }
    },
    {
      "type": "Feature",
      "properties": {
        "name": "05/10/2026 22:55:06",
        "COORD": "-0,7953,39,5621",
        "DATE": "2026-10-05",
        "TIME": "22:55",
        "MXI": "-11,16 kA.",
        "STR": "0",
        "SMA": "0,156 Km.",
        "SMI": "0,12600002 Km.",
        "CHI": "0,3",
        "metvlc_time_utc": "2026-10-05T20:55:00+00:00",
        "metvlc_time_source": "date+time",
        "metvlc_has_real_time": true,
        "metvlc_captura_utc": "2026-10-05T21:29:04+00:00",
        "metvlc_last_seen_utc": "2026-10-05T21:29:04+00:00",
        "metvlc_fuente": "SIGIF/GVA Rayos 24h KMZ"
      },
      "geometry": {
        "type": "Point",
        "coordinates": [
          -0.7953,
          39.5621
        ]
      }
    },
    {
      "type": "Feature",
      "properties": {
        "name": "05/10/2026 22:55:46",
        "COORD": "-0,7425,39,5408",
        "DATE": "2026-10-05",
        "TIME": "22:55",
        "MXI": "-43,98 kA.",
        "STR": "0",
        "SMA": "0,698 Km.",
        "SMI": "0,24199995 Km.",
        "CHI": "1,2",
        "metvlc_time_utc": "2026-10-05T20:55:00+00:00",
        "metvlc_time_source": "date+time",
        "metvlc_has_real_time": true,
        "metvlc_captura_utc": "2026-10-05T21:29:04+00:00",
        "metvlc_last_seen_utc": "2026-10-05T21:29:04+00:00",
        "metvlc_fuente": "SIGIF/GVA Rayos 24h KMZ"
      },
      "geometry": {
        "type": "Point",
        "coordinates": [
          -0.7425,
          39.5408
        ]
      }
    },
    {
      "type": "Feature",
      "properties": {
        "name": "05/10/2026 22:55:46",
        "COORD": "-0,765,39,5513",
        "DATE": "2026-10-05",
        "TIME": "22:55",
        "MXI": "-17,27 kA.",
        "STR": "0",
        "SMA": "0,161 Km.",
        "SMI": "0,12699994 Km.",
        "CHI": "0,6",
        "metvlc_time_utc": "2026-10-05T20:55:00+00:00",
        "metvlc_time_source": "date+time",
        "metvlc_has_real_time": true,
        "metvlc_captura_utc": "2026-10-05T21:29:04+00:00",
        "metvlc_last_seen_utc": "2026-10-05T21:29:04+00:00",
        "metvlc_fuente": "SIGIF/GVA Rayos 24h KMZ"
      },
      "geometry": {
        "type": "Point",
        "coordinates": [
          -0.765,
          39.5513
        ]
      }
    },
    {
      "type": "Feature",
      "properties": {
        "name": "05/10/2026 22:55:46",
        "COORD": "-0,7934,39,5329",
        "DATE": "2026-10-05",
        "TIME": "22:55",
        "MXI": "-18,33 kA.",
        "STR": "0",
        "SMA": "0,163 Km.",
        "SMI": "0,13000001 Km.",
        "CHI": "0,6",
        "metvlc_time_utc": "2026-10-05T20:55:00+00:00",
        "metvlc_time_source": "date+time",
        "metvlc_has_real_time": true,
        "metvlc_captura_utc": "2026-10-05T21:29:04+00:00",
        "metvlc_last_seen_utc": "2026-10-05T21:29:04+00:00",
        "metvlc_fuente": "SIGIF/GVA Rayos 24h KMZ"
      },
      "geometry": {
        "type": "Point",
        "coordinates": [
          -0.7934,
          39.5329
        ]
      }
    },
    {
      "type": "Feature",
      "properties": {
        "name": "05/10/2026 22:56:06",
        "COORD": "-0,7735,39,5673",
        "DATE": "2026-10-05",
        "TIME": "22:56",
        "MXI": "-13,2 kA.",
        "STR": "0",
        "SMA": "0,163 Km.",
        "SMI": "0,14200005 Km.",
        "CHI": "0,6",
        "metvlc_time_utc": "2026-10-05T20:56:00+00:00",
        "metvlc_time_source": "date+time",
        "metvlc_has_real_time": true,
        "metvlc_captura_utc": "2026-10-05T21:29:04+00:00",
        "metvlc_last_seen_utc": "2026-10-05T21:29:04+00:00",
        "metvlc_fuente": "SIGIF/GVA Rayos 24h KMZ"
      },
      "geometry": {
        "type": "Point",
        "coordinates": [
          -0.7735,
          39.5673
        ]
      }
    },
    {
      "type": "Feature",
      "properties": {
        "name": "05/10/2026 22:56:07",
        "COORD": "-0,7735,39,5672",
        "DATE": "2026-10-05",
        "TIME": "22:56",
        "MXI": "-9,99 kA.",
        "STR": "0",
        "SMA": "0,187 Km.",
        "SMI": "0,14200005 Km.",
        "CHI": "0,5",
        "metvlc_time_utc": "2026-10-05T20:56:00+00:00",
        "metvlc_time_source": "date+time",
        "metvlc_has_real_time": true,
        "metvlc_captura_utc": "2026-10-05T21:29:04+00:00",
        "metvlc_last_seen_utc": "2026-10-05T21:29:04+00:00",
        "metvlc_fuente": "SIGIF/GVA Rayos 24h KMZ"
      },
      "geometry": {
        "type": "Point",
        "coordinates": [
          -0.7735,
          39.5672
        ]
      }
    },
    {
      "type": "Feature",
      "properties": {
        "name": "05/10/2026 22:57:03",
        "COORD": "-0,7899,39,5567",
        "DATE": "2026-10-05",
        "TIME": "22:57",
        "MXI": "-35,77 kA.",
        "STR": "0",
        "SMA": "0,16 Km.",
        "SMI": "0,12900001 Km.",
        "CHI": "0,6",
        "metvlc_time_utc": "2026-10-05T20:57:00+00:00",
        "metvlc_time_source": "date+time",
        "metvlc_has_real_time": true,
        "metvlc_captura_utc": "2026-10-05T21:29:04+00:00",
        "metvlc_last_seen_utc": "2026-10-05T21:29:04+00:00",
        "metvlc_fuente": "SIGIF/GVA Rayos 24h KMZ"
      },
      "geometry": {
        "type": "Point",
        "coordinates": [
          -0.7899,
          39.5567
        ]
      }
    },
    {
      "type": "Feature",
      "properties": {
        "name": "05/10/2026 22:57:03",
        "COORD": "-0,7549,39,5664",
        "DATE": "2026-10-05",
        "TIME": "22:57",
        "MXI": "-36,1 kA.",
        "STR": "0",
        "SMA": "0,216 Km.",
        "SMI": "0,193 Km.",
        "CHI": "1,7",
        "metvlc_time_utc": "2026-10-05T20:57:00+00:00",
        "metvlc_time_source": "date+time",
        "metvlc_has_real_time": true,
        "metvlc_captura_utc": "2026-10-05T21:29:04+00:00",
        "metvlc_last_seen_utc": "2026-10-05T21:29:04+00:00",
        "metvlc_fuente": "SIGIF/GVA Rayos 24h KMZ"
      },
      "geometry": {
        "type": "Point",
        "coordinates": [
          -0.7549,
          39.5664
        ]
      }
    },
    {
      "type": "Feature",
      "properties": {
        "name": "05/10/2026 22:57:03",
        "COORD": "-0,7715,39,5493",
        "DATE": "2026-10-05",
        "TIME": "22:57",
        "MXI": "-33,03 kA.",
        "STR": "0",
        "SMA": "0,165 Km.",
        "SMI": "0,125 Km.",
        "CHI": "0,8",
        "metvlc_time_utc": "2026-10-05T20:57:00+00:00",
        "metvlc_time_source": "date+time",
        "metvlc_has_real_time": true,
        "metvlc_captura_utc": "2026-10-05T21:29:04+00:00",
        "metvlc_last_seen_utc": "2026-10-05T21:29:04+00:00",
        "metvlc_fuente": "SIGIF/GVA Rayos 24h KMZ"
      },
      "geometry": {
        "type": "Point",
        "coordinates": [
          -0.7715,
          39.5493
        ]
      }
    },
    {
      "type": "Feature",
      "properties": {
        "name": "05/10/2026 22:57:03",
        "COORD": "-0,766,39,559",
        "DATE": "2026-10-05",
        "TIME": "22:57",
        "MXI": "-13,27 kA.",
        "STR": "0",
        "SMA": "0,248 Km.",
        "SMI": "0,18799998 Km.",
        "CHI": "0,3",
        "metvlc_time_utc": "2026-10-05T20:57:00+00:00",
        "metvlc_time_source": "date+time",
        "metvlc_has_real_time": true,
        "metvlc_captura_utc": "2026-10-05T21:29:04+00:00",
        "metvlc_last_seen_utc": "2026-10-05T21:29:04+00:00",
        "metvlc_fuente": "SIGIF/GVA Rayos 24h KMZ"
      },
      "geometry": {
        "type": "Point",
        "coordinates": [
          -0.766,
          39.559
        ]
      }
    },
    {
      "type": "Feature",
      "properties": {
        "name": "05/10/2026 22:57:32",
        "COORD": "-0,7865,39,548",
        "DATE": "2026-10-05",
        "TIME": "22:57",
        "MXI": "-31,36 kA.",
        "STR": "0",
        "SMA": "0,159 Km.",
        "SMI": "0,12700005 Km.",
        "CHI": "1",
        "metvlc_time_utc": "2026-10-05T20:57:00+00:00",
        "metvlc_time_source": "date+time",
        "metvlc_has_real_time": true,
        "metvlc_captura_utc": "2026-10-05T21:29:04+00:00",
        "metvlc_last_seen_utc": "2026-10-05T21:29:04+00:00",
        "metvlc_fuente": "SIGIF/GVA Rayos 24h KMZ"
      },
      "geometry": {
        "type": "Point",
        "coordinates": [
          -0.7865,
          39.548
        ]
      }
    },
    {
      "type": "Feature",
      "properties": {
        "name": "05/10/2026 22:57:32",
        "COORD": "-0,7856,39,5476",
        "DATE": "2026-10-05",
        "TIME": "22:57",
        "MXI": "-19,35 kA.",
        "STR": "0",
        "SMA": "0,172 Km.",
        "SMI": "0,13599999 Km.",
        "CHI": "0,7",
        "metvlc_time_utc": "2026-10-05T20:57:00+00:00",
        "metvlc_time_source": "date+time",
        "metvlc_has_real_time": true,
        "metvlc_captura_utc": "2026-10-05T21:29:04+00:00",
        "metvlc_last_seen_utc": "2026-10-05T21:29:04+00:00",
        "metvlc_fuente": "SIGIF/GVA Rayos 24h KMZ"
      },
      "geometry": {
        "type": "Point",
        "coordinates": [
          -0.7856,
          39.5476
        ]
      }
    },
    {
      "type": "Feature",
      "properties": {
        "name": "05/10/2026 22:57:32",
        "COORD": "-0,7783,39,5814",
        "DATE": "2026-10-05",
        "TIME": "22:57",
        "MXI": "-19,79 kA.",
        "STR": "0",
        "SMA": "0,156 Km.",
        "SMI": "0,125 Km.",
        "CHI": "0,5",
        "metvlc_time_utc": "2026-10-05T20:57:00+00:00",
        "metvlc_time_source": "date+time",
        "metvlc_has_real_time": true,
        "metvlc_captura_utc": "2026-10-05T21:29:04+00:00",
        "metvlc_last_seen_utc": "2026-10-05T21:29:04+00:00",
        "metvlc_fuente": "SIGIF/GVA Rayos 24h KMZ"
      },
      "geometry": {
        "type": "Point",
        "coordinates": [
          -0.7783,
          39.5814
        ]
      }
    },
    {
      "type": "Feature",
      "properties": {
        "name": "05/10/2026 22:57:32",
        "COORD": "-0,7464,39,5833",
        "DATE": "2026-10-05",
        "TIME": "22:57",
        "MXI": "-9,74 kA.",
        "STR": "0",
        "SMA": "0,494 Km.",
        "SMI": "0,21899997 Km.",
        "CHI": "0,5",
        "metvlc_time_utc": "2026-10-05T20:57:00+00:00",
        "metvlc_time_source": "date+time",
        "metvlc_has_real_time": true,
        "metvlc_captura_utc": "2026-10-05T21:29:04+00:00",
        "metvlc_last_seen_utc": "2026-10-05T21:29:04+00:00",
        "metvlc_fuente": "SIGIF/GVA Rayos 24h KMZ"
      },
      "geometry": {
        "type": "Point",
        "coordinates": [
          -0.7464,
          39.5833
        ]
      }
    },
    {
      "type": "Feature",
      "properties": {
        "name": "05/10/2026 22:57:33",
        "COORD": "-0,7788,39,5817",
        "DATE": "2026-10-05",
        "TIME": "22:57",
        "MXI": "-25,78 kA.",
        "STR": "0",
        "SMA": "0,163 Km.",
        "SMI": "0,13099998 Km.",
        "CHI": "0,5",
        "metvlc_time_utc": "2026-10-05T20:57:00+00:00",
        "metvlc_time_source": "date+time",
        "metvlc_has_real_time": true,
        "metvlc_captura_utc": "2026-10-05T21:29:04+00:00",
        "metvlc_last_seen_utc": "2026-10-05T21:29:04+00:00",
        "metvlc_fuente": "SIGIF/GVA Rayos 24h KMZ"
      },
      "geometry": {
        "type": "Point",
        "coordinates": [
          -0.7788,
          39.5817
        ]
      }
    },
    {
      "type": "Feature",
      "properties": {
        "name": "05/10/2026 22:57:33",
        "COORD": "-0,779,39,5822",
        "DATE": "2026-10-05",
        "TIME": "22:57",
        "MXI": "-14,16 kA.",
        "STR": "0",
        "SMA": "0,175 Km.",
        "SMI": "0,12900002 Km.",
        "CHI": "0,4",
        "metvlc_time_utc": "2026-10-05T20:57:00+00:00",
        "metvlc_time_source": "date+time",
        "metvlc_has_real_time": true,
        "metvlc_captura_utc": "2026-10-05T21:29:04+00:00",
        "metvlc_last_seen_utc": "2026-10-05T21:29:04+00:00",
        "metvlc_fuente": "SIGIF/GVA Rayos 24h KMZ"
      },
      "geometry": {
        "type": "Point",
        "coordinates": [
          -0.779,
          39.5822
        ]
      }
    },
    {
      "type": "Feature",
      "properties": {
        "name": "05/10/2026 22:57:33",
        "COORD": "-0,7788,39,582",
        "DATE": "2026-10-05",
        "TIME": "22:57",
        "MXI": "-11,49 kA.",
        "STR": "0",
        "SMA": "0,161 Km.",
        "SMI": "0,125 Km.",
        "CHI": "0,3",
        "metvlc_time_utc": "2026-10-05T20:57:00+00:00",
        "metvlc_time_source": "date+time",
        "metvlc_has_real_time": true,
        "metvlc_captura_utc": "2026-10-05T21:29:04+00:00",
        "metvlc_last_seen_utc": "2026-10-05T21:29:04+00:00",
        "metvlc_fuente": "SIGIF/GVA Rayos 24h KMZ"
      },
      "geometry": {
        "type": "Point",
        "coordinates": [
          -0.7788,
          39.582
        ]
      }
    },
    {
      "type": "Feature",
      "properties": {
        "name": "05/10/2026 22:58:12",
        "COORD": "-0,7484,39,5728",
        "DATE": "2026-10-05",
        "TIME": "22:58",
        "MXI": "-28,62 kA.",
        "STR": "0",
        "SMA": "0,157 Km.",
        "SMI": "0,12700005 Km.",
        "CHI": "0,5",
        "metvlc_time_utc": "2026-10-05T20:58:00+00:00",
        "metvlc_time_source": "date+time",
        "metvlc_has_real_time": true,
        "metvlc_captura_utc": "2026-10-05T21:29:04+00:00",
        "metvlc_last_seen_utc": "2026-10-05T21:29:04+00:00",
        "metvlc_fuente": "SIGIF/GVA Rayos 24h KMZ"
      },
      "geometry": {
        "type": "Point",
        "coordinates": [
          -0.7484,
          39.5728
        ]
      }
    },
    {
      "type": "Feature",
      "properties": {
        "name": "05/10/2026 22:58:12",
        "COORD": "-0,7679,39,5551",
        "DATE": "2026-10-05",
        "TIME": "22:58",
        "MXI": "-20,08 kA.",
        "STR": "0",
        "SMA": "0,149 Km.",
        "SMI": "0,12700003 Km.",
        "CHI": "0,7",
        "metvlc_time_utc": "2026-10-05T20:58:00+00:00",
        "metvlc_time_source": "date+time",
        "metvlc_has_real_time": true,
        "metvlc_captura_utc": "2026-10-05T21:29:04+00:00",
        "metvlc_last_seen_utc": "2026-10-05T21:29:04+00:00",
        "metvlc_fuente": "SIGIF/GVA Rayos 24h KMZ"
      },
      "geometry": {
        "type": "Point",
        "coordinates": [
          -0.7679,
          39.5551
        ]
      }
    },
    {
      "type": "Feature",
      "properties": {
        "name": "05/10/2026 22:58:12",
        "COORD": "-0,7786,39,5404",
        "DATE": "2026-10-05",
        "TIME": "22:58",
        "MXI": "-21,69 kA.",
        "STR": "0",
        "SMA": "0,157 Km.",
        "SMI": "0,12299998 Km.",
        "CHI": "0,7",
        "metvlc_time_utc": "2026-10-05T20:58:00+00:00",
        "metvlc_time_source": "date+time",
        "metvlc_has_real_time": true,
        "metvlc_captura_utc": "2026-10-05T21:29:04+00:00",
        "metvlc_last_seen_utc": "2026-10-05T21:29:04+00:00",
        "metvlc_fuente": "SIGIF/GVA Rayos 24h KMZ"
      },
      "geometry": {
        "type": "Point",
        "coordinates": [
          -0.7786,
          39.5404
        ]
      }
    },
    {
      "type": "Feature",
      "properties": {
        "name": "05/10/2026 22:58:12",
        "COORD": "-0,7638,39,571",
        "DATE": "2026-10-05",
        "TIME": "22:58",
        "MXI": "-14,3 kA.",
        "STR": "0",
        "SMA": "0,156 Km.",
        "SMI": "0,12600002 Km.",
        "CHI": "0,5",
        "metvlc_time_utc": "2026-10-05T20:58:00+00:00",
        "metvlc_time_source": "date+time",
        "metvlc_has_real_time": true,
        "metvlc_captura_utc": "2026-10-05T21:29:04+00:00",
        "metvlc_last_seen_utc": "2026-10-05T21:29:04+00:00",
        "metvlc_fuente": "SIGIF/GVA Rayos 24h KMZ"
      },
      "geometry": {
        "type": "Point",
        "coordinates": [
          -0.7638,
          39.571
        ]
      }
    },
    {
      "type": "Feature",
      "properties": {
        "name": "05/10/2026 22:58:12",
        "COORD": "-0,7636,39,5701",
        "DATE": "2026-10-05",
        "TIME": "22:58",
        "MXI": "-15,88 kA.",
        "STR": "0",
        "SMA": "0,156 Km.",
        "SMI": "0,12600002 Km.",
        "CHI": "0,4",
        "metvlc_time_utc": "2026-10-05T20:58:00+00:00",
        "metvlc_time_source": "date+time",
        "metvlc_has_real_time": true,
        "metvlc_captura_utc": "2026-10-05T21:29:04+00:00",
        "metvlc_last_seen_utc": "2026-10-05T21:29:04+00:00",
        "metvlc_fuente": "SIGIF/GVA Rayos 24h KMZ"
      },
      "geometry": {
        "type": "Point",
        "coordinates": [
          -0.7636,
          39.5701
        ]
      }
    },
    {
      "type": "Feature",
      "properties": {
        "name": "05/10/2026 22:58:45",
        "COORD": "-0,7864,39,568",
        "DATE": "2026-10-05",
        "TIME": "22:58",
        "MXI": "-11,56 kA.",
        "STR": "0",
        "SMA": "0,163 Km.",
        "SMI": "0,13000001 Km.",
        "CHI": "0,5",
        "metvlc_time_utc": "2026-10-05T20:58:00+00:00",
        "metvlc_time_source": "date+time",
        "metvlc_has_real_time": true,
        "metvlc_captura_utc": "2026-10-05T21:29:04+00:00",
        "metvlc_last_seen_utc": "2026-10-05T21:29:04+00:00",
        "metvlc_fuente": "SIGIF/GVA Rayos 24h KMZ"
      },
      "geometry": {
        "type": "Point",
        "coordinates": [
          -0.7864,
          39.568
        ]
      }
    },
    {
      "type": "Feature",
      "properties": {
        "name": "05/10/2026 22:58:45",
        "COORD": "-0,8145,39,589",
        "DATE": "2026-10-05",
        "TIME": "22:58",
        "MXI": "-14,78 kA.",
        "STR": "0",
        "SMA": "0,157 Km.",
        "SMI": "0,12700005 Km.",
        "CHI": "0,2",
        "metvlc_time_utc": "2026-10-05T20:58:00+00:00",
        "metvlc_time_source": "date+time",
        "metvlc_has_real_time": true,
        "metvlc_captura_utc": "2026-10-05T21:29:04+00:00",
        "metvlc_last_seen_utc": "2026-10-05T21:29:04+00:00",
        "metvlc_fuente": "SIGIF/GVA Rayos 24h KMZ"
      },
      "geometry": {
        "type": "Point",
        "coordinates": [
          -0.8145,
          39.589
        ]
      }
    },
    {
      "type": "Feature",
      "properties": {
        "name": "05/10/2026 22:58:58",
        "COORD": "-0,824,39,705",
        "DATE": "2026-10-05",
        "TIME": "22:58",
        "MXI": "-7,53 kA.",
        "STR": "0",
        "SMA": "0,202 Km.",
        "SMI": "0,17099993 Km.",
        "CHI": "0,5",
        "metvlc_time_utc": "2026-10-05T20:58:00+00:00",
        "metvlc_time_source": "date+time",
        "metvlc_has_real_time": true,
        "metvlc_captura_utc": "2026-10-05T21:29:04+00:00",
        "metvlc_last_seen_utc": "2026-10-05T21:29:04+00:00",
        "metvlc_fuente": "SIGIF/GVA Rayos 24h KMZ"
      },
      "geometry": {
        "type": "Point",
        "coordinates": [
          -0.824,
          39.705
        ]
      }
    },
    {
      "type": "Feature",
      "properties": {
        "name": "05/10/2026 22:59:41",
        "COORD": "-0,7588,39,5391",
        "DATE": "2026-10-05",
        "TIME": "22:59",
        "MXI": "-100,17 kA.",
        "STR": "0",
        "SMA": "0,171 Km.",
        "SMI": "0,13099995 Km.",
        "CHI": "1",
        "metvlc_time_utc": "2026-10-05T20:59:00+00:00",
        "metvlc_time_source": "date+time",
        "metvlc_has_real_time": true,
        "metvlc_captura_utc": "2026-10-05T21:29:04+00:00",
        "metvlc_last_seen_utc": "2026-10-05T21:29:04+00:00",
        "metvlc_fuente": "SIGIF/GVA Rayos 24h KMZ"
      },
      "geometry": {
        "type": "Point",
        "coordinates": [
          -0.7588,
          39.5391
        ]
      }
    },
    {
      "type": "Feature",
      "properties": {
        "name": "05/10/2026 22:59:41",
        "COORD": "-0,7679,39,5537",
        "DATE": "2026-10-05",
        "TIME": "22:59",
        "MXI": "-12,22 kA.",
        "STR": "0",
        "SMA": "0,158 Km.",
        "SMI": "0,12900004 Km.",
        "CHI": "0,7",
        "metvlc_time_utc": "2026-10-05T20:59:00+00:00",
        "metvlc_time_source": "date+time",
        "metvlc_has_real_time": true,
        "metvlc_captura_utc": "2026-10-05T21:29:04+00:00",
        "metvlc_last_seen_utc": "2026-10-05T21:29:04+00:00",
        "metvlc_fuente": "SIGIF/GVA Rayos 24h KMZ"
      },
      "geometry": {
        "type": "Point",
        "coordinates": [
          -0.7679,
          39.5537
        ]
      }
    },
    {
      "type": "Feature",
      "properties": {
        "name": "05/10/2026 23:01:02",
        "COORD": "-0,7947,39,6565",
        "DATE": "2026-10-05",
        "TIME": "23:01",
        "MXI": "-6,85 kA.",
        "STR": "0",
        "SMA": "0,639 Km.",
        "SMI": "0,25700003 Km.",
        "CHI": "0,5",
        "metvlc_time_utc": "2026-10-05T21:01:00+00:00",
        "metvlc_time_source": "date+time",
        "metvlc_has_real_time": true,
        "metvlc_captura_utc": "2026-10-05T21:29:04+00:00",
        "metvlc_last_seen_utc": "2026-10-05T21:29:04+00:00",
        "metvlc_fuente": "SIGIF/GVA Rayos 24h KMZ"
      },
      "geometry": {
        "type": "Point",
        "coordinates": [
          -0.7947,
          39.6565
        ]
      }
    },
    {
      "type": "Feature",
      "properties": {
        "name": "05/10/2026 23:01:23",
        "COORD": "-0,7709,39,5541",
        "DATE": "2026-10-05",
        "TIME": "23:01",
        "MXI": "-37,74 kA.",
        "STR": "0",
        "SMA": "0,16 Km.",
        "SMI": "0,12700005 Km.",
        "CHI": "0,9",
        "metvlc_time_utc": "2026-10-05T21:01:00+00:00",
        "metvlc_time_source": "date+time",
        "metvlc_has_real_time": true,
        "metvlc_captura_utc": "2026-10-05T21:29:04+00:00",
        "metvlc_last_seen_utc": "2026-10-05T21:29:04+00:00",
        "metvlc_fuente": "SIGIF/GVA Rayos 24h KMZ"
      },
      "geometry": {
        "type": "Point",
        "coordinates": [
          -0.7709,
          39.5541
        ]
      }
    },
    {
      "type": "Feature",
      "properties": {
        "name": "05/10/2026 23:01:23",
        "COORD": "-0,7604,39,5659",
        "DATE": "2026-10-05",
        "TIME": "23:01",
        "MXI": "-13,87 kA.",
        "STR": "0",
        "SMA": "0,158 Km.",
        "SMI": "0,125 Km.",
        "CHI": "0,3",
        "metvlc_time_utc": "2026-10-05T21:01:00+00:00",
        "metvlc_time_source": "date+time",
        "metvlc_has_real_time": true,
        "metvlc_captura_utc": "2026-10-05T21:29:04+00:00",
        "metvlc_last_seen_utc": "2026-10-05T21:29:04+00:00",
        "metvlc_fuente": "SIGIF/GVA Rayos 24h KMZ"
      },
      "geometry": {
        "type": "Point",
        "coordinates": [
          -0.7604,
          39.5659
        ]
      }
    },
    {
      "type": "Feature",
      "properties": {
        "name": "05/10/2026 23:01:24",
        "COORD": "-0,7597,39,5663",
        "DATE": "2026-10-05",
        "TIME": "23:01",
        "MXI": "-15,31 kA.",
        "STR": "0",
        "SMA": "0,167 Km.",
        "SMI": "0,12800005 Km.",
        "CHI": "0,6",
        "metvlc_time_utc": "2026-10-05T21:01:00+00:00",
        "metvlc_time_source": "date+time",
        "metvlc_has_real_time": true,
        "metvlc_captura_utc": "2026-10-05T21:29:04+00:00",
        "metvlc_last_seen_utc": "2026-10-05T21:29:04+00:00",
        "metvlc_fuente": "SIGIF/GVA Rayos 24h KMZ"
      },
      "geometry": {
        "type": "Point",
        "coordinates": [
          -0.7597,
          39.5663
        ]
      }
    },
    {
      "type": "Feature",
      "properties": {
        "name": "05/10/2026 23:01:24",
        "COORD": "-0,7597,39,5656",
        "DATE": "2026-10-05",
        "TIME": "23:01",
        "MXI": "-13,53 kA.",
        "STR": "0",
        "SMA": "0,183 Km.",
        "SMI": "0,138 Km.",
        "CHI": "0,6",
        "metvlc_time_utc": "2026-10-05T21:01:00+00:00",
        "metvlc_time_source": "date+time",
        "metvlc_has_real_time": true,
        "metvlc_captura_utc": "2026-10-05T21:29:04+00:00",
        "metvlc_last_seen_utc": "2026-10-05T21:29:04+00:00",
        "metvlc_fuente": "SIGIF/GVA Rayos 24h KMZ"
      },
      "geometry": {
        "type": "Point",
        "coordinates": [
          -0.7597,
          39.5656
        ]
      }
    },
    {
      "type": "Feature",
      "properties": {
        "name": "05/10/2026 23:02:12",
        "COORD": "-0,787,39,6755",
        "DATE": "2026-10-05",
        "TIME": "23:02",
        "MXI": "-11,89 kA.",
        "STR": "0",
        "SMA": "0,183 Km.",
        "SMI": "0,12800004 Km.",
        "CHI": "0,3",
        "metvlc_time_utc": "2026-10-05T21:02:00+00:00",
        "metvlc_time_source": "date+time",
        "metvlc_has_real_time": true,
        "metvlc_captura_utc": "2026-10-05T21:29:04+00:00",
        "metvlc_last_seen_utc": "2026-10-05T21:29:04+00:00",
        "metvlc_fuente": "SIGIF/GVA Rayos 24h KMZ"
      },
      "geometry": {
        "type": "Point",
        "coordinates": [
          -0.787,
          39.6755
        ]
      }
    },
    {
      "type": "Feature",
      "properties": {
        "name": "05/10/2026 23:02:53",
        "COORD": "-0,7549,39,544",
        "DATE": "2026-10-05",
        "TIME": "23:02",
        "MXI": "-29,42 kA.",
        "STR": "0",
        "SMA": "0,255 Km.",
        "SMI": "0,15099996 Km.",
        "CHI": "1,2",
        "metvlc_time_utc": "2026-10-05T21:02:00+00:00",
        "metvlc_time_source": "date+time",
        "metvlc_has_real_time": true,
        "metvlc_captura_utc": "2026-10-05T21:29:04+00:00",
        "metvlc_last_seen_utc": "2026-10-05T21:29:04+00:00",
        "metvlc_fuente": "SIGIF/GVA Rayos 24h KMZ"
      },
      "geometry": {
        "type": "Point",
        "coordinates": [
          -0.7549,
          39.544
        ]
      }
    },
    {
      "type": "Feature",
      "properties": {
        "name": "05/10/2026 23:02:53",
        "COORD": "-0,7541,39,5516",
        "DATE": "2026-10-05",
        "TIME": "23:02",
        "MXI": "-112,72 kA.",
        "STR": "0",
        "SMA": "0,168 Km.",
        "SMI": "0,12600003 Km.",
        "CHI": "1,3",
        "metvlc_time_utc": "2026-10-05T21:02:00+00:00",
        "metvlc_time_source": "date+time",
        "metvlc_has_real_time": true,
        "metvlc_captura_utc": "2026-10-05T21:29:04+00:00",
        "metvlc_last_seen_utc": "2026-10-05T21:29:04+00:00",
        "metvlc_fuente": "SIGIF/GVA Rayos 24h KMZ"
      },
      "geometry": {
        "type": "Point",
        "coordinates": [
          -0.7541,
          39.5516
        ]
      }
    },
    {
      "type": "Feature",
      "properties": {
        "name": "05/10/2026 23:02:53",
        "COORD": "-0,7217,39,5758",
        "DATE": "2026-10-05",
        "TIME": "23:02",
        "MXI": "-11,95 kA.",
        "STR": "0",
        "SMA": "0,203 Km.",
        "SMI": "0,13800004 Km.",
        "CHI": "0,3",
        "metvlc_time_utc": "2026-10-05T21:02:00+00:00",
        "metvlc_time_source": "date+time",
        "metvlc_has_real_time": true,
        "metvlc_captura_utc": "2026-10-05T21:29:04+00:00",
        "metvlc_last_seen_utc": "2026-10-05T21:29:04+00:00",
        "metvlc_fuente": "SIGIF/GVA Rayos 24h KMZ"
      },
      "geometry": {
        "type": "Point",
        "coordinates": [
          -0.7217,
          39.5758
        ]
      }
    },
    {
      "type": "Feature",
      "properties": {
        "name": "05/10/2026 23:05:11",
        "COORD": "-0,7532,39,5557",
        "DATE": "2026-10-05",
        "TIME": "23:05",
        "MXI": "-79,94 kA.",
        "STR": "0",
        "SMA": "0,178 Km.",
        "SMI": "0,12000003 Km.",
        "CHI": "1,2",
        "metvlc_time_utc": "2026-10-05T21:05:00+00:00",
        "metvlc_time_source": "date+time",
        "metvlc_has_real_time": true,
        "metvlc_captura_utc": "2026-10-05T21:29:04+00:00",
        "metvlc_last_seen_utc": "2026-10-05T21:29:04+00:00",
        "metvlc_fuente": "SIGIF/GVA Rayos 24h KMZ"
      },
      "geometry": {
        "type": "Point",
        "coordinates": [
          -0.7532,
          39.5557
        ]
      }
    },
    {
      "type": "Feature",
      "properties": {
        "name": "05/10/2026 23:05:11",
        "COORD": "-0,7256,39,5814",
        "DATE": "2026-10-05",
        "TIME": "23:05",
        "MXI": "-16,7 kA.",
        "STR": "0",
        "SMA": "0,157 Km.",
        "SMI": "0,125 Km.",
        "CHI": "0,3",
        "metvlc_time_utc": "2026-10-05T21:05:00+00:00",
        "metvlc_time_source": "date+time",
        "metvlc_has_real_time": true,
        "metvlc_captura_utc": "2026-10-05T21:29:04+00:00",
        "metvlc_last_seen_utc": "2026-10-05T21:29:04+00:00",
        "metvlc_fuente": "SIGIF/GVA Rayos 24h KMZ"
      },
      "geometry": {
        "type": "Point",
        "coordinates": [
          -0.7256,
          39.5814
        ]
      }
    },
    {
      "type": "Feature",
      "properties": {
        "name": "05/10/2026 23:06:51",
        "COORD": "-0,7519,39,5642",
        "DATE": "2026-10-05",
        "TIME": "23:06",
        "MXI": "-62,18 kA.",
        "STR": "0",
        "SMA": "0,169 Km.",
        "SMI": "0,125 Km.",
        "CHI": "1",
        "metvlc_time_utc": "2026-10-05T21:06:00+00:00",
        "metvlc_time_source": "date+time",
        "metvlc_has_real_time": true,
        "metvlc_captura_utc": "2026-10-05T21:29:04+00:00",
        "metvlc_last_seen_utc": "2026-10-05T21:29:04+00:00",
        "metvlc_fuente": "SIGIF/GVA Rayos 24h KMZ"
      },
      "geometry": {
        "type": "Point",
        "coordinates": [
          -0.7519,
          39.5642
        ]
      }
    },
    {
      "type": "Feature",
      "properties": {
        "name": "05/10/2026 23:06:51",
        "COORD": "-0,7311,39,5465",
        "DATE": "2026-10-05",
        "TIME": "23:06",
        "MXI": "-33,16 kA.",
        "STR": "0",
        "SMA": "0,165 Km.",
        "SMI": "0,12599999 Km.",
        "CHI": "0,9",
        "metvlc_time_utc": "2026-10-05T21:06:00+00:00",
        "metvlc_time_source": "date+time",
        "metvlc_has_real_time": true,
        "metvlc_captura_utc": "2026-10-05T21:29:04+00:00",
        "metvlc_last_seen_utc": "2026-10-05T21:29:04+00:00",
        "metvlc_fuente": "SIGIF/GVA Rayos 24h KMZ"
      },
      "geometry": {
        "type": "Point",
        "coordinates": [
          -0.7311,
          39.5465
        ]
      }
    },
    {
      "type": "Feature",
      "properties": {
        "name": "05/10/2026 23:06:51",
        "COORD": "-0,7499,39,5803",
        "DATE": "2026-10-05",
        "TIME": "23:06",
        "MXI": "-15,21 kA.",
        "STR": "0",
        "SMA": "0,154 Km.",
        "SMI": "0,128 Km.",
        "CHI": "0,3",
        "metvlc_time_utc": "2026-10-05T21:06:00+00:00",
        "metvlc_time_source": "date+time",
        "metvlc_has_real_time": true,
        "metvlc_captura_utc": "2026-10-05T21:29:04+00:00",
        "metvlc_last_seen_utc": "2026-10-05T21:29:04+00:00",
        "metvlc_fuente": "SIGIF/GVA Rayos 24h KMZ"
      },
      "geometry": {
        "type": "Point",
        "coordinates": [
          -0.7499,
          39.5803
        ]
      }
    },
    {
      "type": "Feature",
      "properties": {
        "name": "05/10/2026 23:06:57",
        "COORD": "-0,9801,40,0722",
        "DATE": "2026-10-05",
        "TIME": "23:06",
        "MXI": "-8,59 kA.",
        "STR": "0",
        "SMA": "0,28 Km.",
        "SMI": "0,20899999 Km.",
        "CHI": "0,3",
        "metvlc_time_utc": "2026-10-05T21:06:00+00:00",
        "metvlc_time_source": "date+time",
        "metvlc_has_real_time": true,
        "metvlc_captura_utc": "2026-10-05T21:29:04+00:00",
        "metvlc_last_seen_utc": "2026-10-05T21:29:04+00:00",
        "metvlc_fuente": "SIGIF/GVA Rayos 24h KMZ"
      },
      "geometry": {
        "type": "Point",
        "coordinates": [
          -0.9801,
          40.0722
        ]
      }
    },
    {
      "type": "Feature",
      "properties": {
        "name": "05/10/2026 23:07:59",
        "COORD": "-0,635,39,6113",
        "DATE": "2026-10-05",
        "TIME": "23:07",
        "MXI": "-7,74 kA.",
        "STR": "0",
        "SMA": "0,267 Km.",
        "SMI": "0,17200005 Km.",
        "CHI": "0,9",
        "metvlc_time_utc": "2026-10-05T21:07:00+00:00",
        "metvlc_time_source": "date+time",
        "metvlc_has_real_time": true,
        "metvlc_captura_utc": "2026-10-05T21:29:04+00:00",
        "metvlc_last_seen_utc": "2026-10-05T21:29:04+00:00",
        "metvlc_fuente": "SIGIF/GVA Rayos 24h KMZ"
      },
      "geometry": {
        "type": "Point",
        "coordinates": [
          -0.635,
          39.6113
        ]
      }
    },
    {
      "type": "Feature",
      "properties": {
        "name": "05/10/2026 23:07:59",
        "COORD": "-0,6343,39,6149",
        "DATE": "2026-10-05",
        "TIME": "23:07",
        "MXI": "-12,59 kA.",
        "STR": "0",
        "SMA": "0,171 Km.",
        "SMI": "0,12400003 Km.",
        "CHI": "0,4",
        "metvlc_time_utc": "2026-10-05T21:07:00+00:00",
        "metvlc_time_source": "date+time",
        "metvlc_has_real_time": true,
        "metvlc_captura_utc": "2026-10-05T21:29:04+00:00",
        "metvlc_last_seen_utc": "2026-10-05T21:29:04+00:00",
        "metvlc_fuente": "SIGIF/GVA Rayos 24h KMZ"
      },
      "geometry": {
        "type": "Point",
        "coordinates": [
          -0.6343,
          39.6149
        ]
      }
    },
    {
      "type": "Feature",
      "properties": {
        "name": "05/10/2026 23:07:59",
        "COORD": "-0,62,39,6175",
        "DATE": "2026-10-05",
        "TIME": "23:07",
        "MXI": "-26,17 kA.",
        "STR": "0",
        "SMA": "0,151 Km.",
        "SMI": "0,12800005 Km.",
        "CHI": "0,5",
        "metvlc_time_utc": "2026-10-05T21:07:00+00:00",
        "metvlc_time_source": "date+time",
        "metvlc_has_real_time": true,
        "metvlc_captura_utc": "2026-10-05T21:29:04+00:00",
        "metvlc_last_seen_utc": "2026-10-05T21:29:04+00:00",
        "metvlc_fuente": "SIGIF/GVA Rayos 24h KMZ"
      },
      "geometry": {
        "type": "Point",
        "coordinates": [
          -0.62,
          39.6175
        ]
      }
    },
    {
      "type": "Feature",
      "properties": {
        "name": "05/10/2026 23:07:59",
        "COORD": "-0,6358,39,6152",
        "DATE": "2026-10-05",
        "TIME": "23:07",
        "MXI": "-6,79 kA.",
        "STR": "0",
        "SMA": "0,229 Km.",
        "SMI": "0,174 Km.",
        "CHI": "0,3",
        "metvlc_time_utc": "2026-10-05T21:07:00+00:00",
        "metvlc_time_source": "date+time",
        "metvlc_has_real_time": true,
        "metvlc_captura_utc": "2026-10-05T21:29:04+00:00",
        "metvlc_last_seen_utc": "2026-10-05T21:29:04+00:00",
        "metvlc_fuente": "SIGIF/GVA Rayos 24h KMZ"
      },
      "geometry": {
        "type": "Point",
        "coordinates": [
          -0.6358,
          39.6152
        ]
      }
    },
    {
      "type": "Feature",
      "properties": {
        "name": "05/10/2026 23:08:00",
        "COORD": "-0,6344,39,6146",
        "DATE": "2026-10-05",
        "TIME": "23:08",
        "MXI": "-23,78 kA.",
        "STR": "0",
        "SMA": "0,172 Km.",
        "SMI": "0,125 Km.",
        "CHI": "0,6",
        "metvlc_time_utc": "2026-10-05T21:08:00+00:00",
        "metvlc_time_source": "date+time",
        "metvlc_has_real_time": true,
        "metvlc_captura_utc": "2026-10-05T21:29:04+00:00",
        "metvlc_last_seen_utc": "2026-10-05T21:29:04+00:00",
        "metvlc_fuente": "SIGIF/GVA Rayos 24h KMZ"
      },
      "geometry": {
        "type": "Point",
        "coordinates": [
          -0.6344,
          39.6146
        ]
      }
    },
    {
      "type": "Feature",
      "properties": {
        "name": "05/10/2026 23:08:00",
        "COORD": "-0,6134,39,6119",
        "DATE": "2026-10-05",
        "TIME": "23:08",
        "MXI": "-20,27 kA.",
        "STR": "0",
        "SMA": "0,146 Km.",
        "SMI": "0,129 Km.",
        "CHI": "0,3",
        "metvlc_time_utc": "2026-10-05T21:08:00+00:00",
        "metvlc_time_source": "date+time",
        "metvlc_has_real_time": true,
        "metvlc_captura_utc": "2026-10-05T21:29:04+00:00",
        "metvlc_last_seen_utc": "2026-10-05T21:29:04+00:00",
        "metvlc_fuente": "SIGIF/GVA Rayos 24h KMZ"
      },
      "geometry": {
        "type": "Point",
        "coordinates": [
          -0.6134,
          39.6119
        ]
      }
    },
    {
      "type": "Feature",
      "properties": {
        "name": "05/10/2026 23:13:12",
        "COORD": "-0,7649,39,7079",
        "DATE": "2026-10-05",
        "TIME": "23:13",
        "MXI": "-10,47 kA.",
        "STR": "0",
        "SMA": "0,165 Km.",
        "SMI": "0,15 Km.",
        "CHI": "0,3",
        "metvlc_time_utc": "2026-10-05T21:13:00+00:00",
        "metvlc_time_source": "date+time",
        "metvlc_has_real_time": true,
        "metvlc_captura_utc": "2026-10-05T21:29:04+00:00",
        "metvlc_last_seen_utc": "2026-10-05T21:29:04+00:00",
        "metvlc_fuente": "SIGIF/GVA Rayos 24h KMZ"
      },
      "geometry": {
        "type": "Point",
        "coordinates": [
          -0.7649,
          39.7079
        ]
      }
    },
    {
      "type": "Feature",
      "properties": {
        "name": "05/10/2026 23:14:07",
        "COORD": "-0,9591,40,0587",
        "DATE": "2026-10-05",
        "TIME": "23:14",
        "MXI": "50,42 kA.",
        "STR": "0",
        "SMA": "0,141 Km.",
        "SMI": "0,13399999 Km.",
        "CHI": "0,8",
        "metvlc_time_utc": "2026-10-05T21:14:00+00:00",
        "metvlc_time_source": "date+time",
        "metvlc_has_real_time": true,
        "metvlc_captura_utc": "2026-10-05T21:29:04+00:00",
        "metvlc_last_seen_utc": "2026-10-05T21:29:04+00:00",
        "metvlc_fuente": "SIGIF/GVA Rayos 24h KMZ"
      },
      "geometry": {
        "type": "Point",
        "coordinates": [
          -0.9591,
          40.0587
        ]
      }
    },
    {
      "type": "Feature",
      "properties": {
        "name": "05/10/2026 23:14:07",
        "COORD": "-0,9693,40,0321",
        "DATE": "2026-10-05",
        "TIME": "23:14",
        "MXI": "-13,01 kA.",
        "STR": "0",
        "SMA": "0,151 Km.",
        "SMI": "0,13200004 Km.",
        "CHI": "0,3",
        "metvlc_time_utc": "2026-10-05T21:14:00+00:00",
        "metvlc_time_source": "date+time",
        "metvlc_has_real_time": true,
        "metvlc_captura_utc": "2026-10-05T21:29:04+00:00",
        "metvlc_last_seen_utc": "2026-10-05T21:29:04+00:00",
        "metvlc_fuente": "SIGIF/GVA Rayos 24h KMZ"
      },
      "geometry": {
        "type": "Point",
        "coordinates": [
          -0.9693,
          40.0321
        ]
      }
    },
    {
      "type": "Feature",
      "properties": {
        "name": "05/10/2026 23:15:18",
        "COORD": "-0,6374,39,6267",
        "DATE": "2026-10-05",
        "TIME": "23:15",
        "MXI": "-7,29 kA.",
        "STR": "0",
        "SMA": "0,238 Km.",
        "SMI": "0,17299995 Km.",
        "CHI": "0,2",
        "metvlc_time_utc": "2026-10-05T21:15:00+00:00",
        "metvlc_time_source": "date+time",
        "metvlc_has_real_time": true,
        "metvlc_captura_utc": "2026-10-05T21:29:04+00:00",
        "metvlc_last_seen_utc": "2026-10-05T21:29:04+00:00",
        "metvlc_fuente": "SIGIF/GVA Rayos 24h KMZ"
      },
      "geometry": {
        "type": "Point",
        "coordinates": [
          -0.6374,
          39.6267
        ]
      }
    },
    {
      "type": "Feature",
      "properties": {
        "name": "05/10/2026 23:20:41",
        "COORD": "-0,6607,39,6534",
        "DATE": "2026-10-05",
        "TIME": "23:20",
        "MXI": "-37,87 kA.",
        "STR": "0",
        "SMA": "0,191 Km.",
        "SMI": "0,12300004 Km.",
        "CHI": "1,3",
        "metvlc_time_utc": "2026-10-05T21:20:00+00:00",
        "metvlc_time_source": "date+time",
        "metvlc_has_real_time": true,
        "metvlc_captura_utc": "2026-10-05T21:29:04+00:00",
        "metvlc_last_seen_utc": "2026-10-05T21:29:04+00:00",
        "metvlc_fuente": "SIGIF/GVA Rayos 24h KMZ"
      },
      "geometry": {
        "type": "Point",
        "coordinates": [
          -0.6607,
          39.6534
        ]
      }
    },
    {
      "type": "Feature",
      "properties": {
        "name": "05/10/2026 23:21:15",
        "COORD": "-0,687,39,662",
        "DATE": "2026-10-05",
        "TIME": "23:21",
        "MXI": "-12,78 kA.",
        "STR": "0",
        "SMA": "0,152 Km.",
        "SMI": "0,12700005 Km.",
        "CHI": "0,4",
        "metvlc_time_utc": "2026-10-05T21:21:00+00:00",
        "metvlc_time_source": "date+time",
        "metvlc_has_real_time": true,
        "metvlc_captura_utc": "2026-10-05T21:29:04+00:00",
        "metvlc_last_seen_utc": "2026-10-05T21:29:04+00:00",
        "metvlc_fuente": "SIGIF/GVA Rayos 24h KMZ"
      },
      "geometry": {
        "type": "Point",
        "coordinates": [
          -0.687,
          39.662
        ]
      }
    },
    {
      "type": "Feature",
      "properties": {
        "name": "05/10/2026 23:21:15",
        "COORD": "-0,6809,39,7203",
        "DATE": "2026-10-05",
        "TIME": "23:21",
        "MXI": "-6,98 kA.",
        "STR": "0",
        "SMA": "0,722 Km.",
        "SMI": "0,26000002 Km.",
        "CHI": "0,1",
        "metvlc_time_utc": "2026-10-05T21:21:00+00:00",
        "metvlc_time_source": "date+time",
        "metvlc_has_real_time": true,
        "metvlc_captura_utc": "2026-10-05T21:29:04+00:00",
        "metvlc_last_seen_utc": "2026-10-05T21:29:04+00:00",
        "metvlc_fuente": "SIGIF/GVA Rayos 24h KMZ"
      },
      "geometry": {
        "type": "Point",
        "coordinates": [
          -0.6809,
          39.7203
        ]
      }
    },
    {
      "type": "Feature",
      "properties": {
        "name": "05/10/2026 23:21:15",
        "COORD": "-0,6237,39,6332",
        "DATE": "2026-10-05",
        "TIME": "23:21",
        "MXI": "-14,93 kA.",
        "STR": "0",
        "SMA": "0,167 Km.",
        "SMI": "0,12699996 Km.",
        "CHI": "0,4",
        "metvlc_time_utc": "2026-10-05T21:21:00+00:00",
        "metvlc_time_source": "date+time",
        "metvlc_has_real_time": true,
        "metvlc_captura_utc": "2026-10-05T21:29:04+00:00",
        "metvlc_last_seen_utc": "2026-10-05T21:29:04+00:00",
        "metvlc_fuente": "SIGIF/GVA Rayos 24h KMZ"
      },
      "geometry": {
        "type": "Point",
        "coordinates": [
          -0.6237,
          39.6332
        ]
      }
    },
    {
      "type": "Feature",
      "properties": {
        "name": "05/10/2026 23:22:22",
        "COORD": "-0,6163,39,6447",
        "DATE": "2026-10-05",
        "TIME": "23:22",
        "MXI": "16,72 kA.",
        "STR": "0",
        "SMA": "0,179 Km.",
        "SMI": "0,13100003 Km.",
        "CHI": "1,2",
        "metvlc_time_utc": "2026-10-05T21:22:00+00:00",
        "metvlc_time_source": "date+time",
        "metvlc_has_real_time": true,
        "metvlc_captura_utc": "2026-10-05T21:29:04+00:00",
        "metvlc_last_seen_utc": "2026-10-05T21:29:04+00:00",
        "metvlc_fuente": "SIGIF/GVA Rayos 24h KMZ"
      },
      "geometry": {
        "type": "Point",
        "coordinates": [
          -0.6163,
          39.6447
        ]
      }
    }
  ]
}